  0
SECTION
  2
HEADER
  9
$ACADVER
  1
AC1012
  9
$DWGCODEPAGE
  3
ansi_1252
  9
$INSBASE
 10
0.0
 20
0.0
 30
0.0
  9
$EXTMIN
 10
-0.3196976064123191
 20
0.6483675811289232
 30
0.0
  9
$EXTMAX
 10
785.3571433867732
 20
377.7831809334692
 30
0.0
  9
$LIMMIN
 10
0.0
 20
0.0
  9
$LIMMAX
 10
783.3384479865364
 20
380.4562697684022
  9
$ORTHOMODE
 70
     1
  9
$REGENMODE
 70
     1
  9
$FILLMODE
 70
     1
  9
$QTEXTMODE
 70
     0
  9
$MIRRTEXT
 70
     1
  9
$DRAGMODE
 70
     2
  9
$LTSCALE
 40
20.0
  9
$OSMODE
 70
     0
  9
$ATTMODE
 70
     1
  9
$TEXTSIZE
 40
3.5
  9
$TRACEWID
 40
1.0
  9
$TEXTSTYLE
  7
SIMPLEX
  9
$CLAYER
  8
L1
  9
$CELTYPE
  6
BYLAYER
  9
$CECOLOR
 62
   256
  9
$CELTSCALE
 40
1.0
  9
$DELOBJ
 70
     1
  9
$DISPSILH
 70
     0
  9
$DIMSCALE
 40
1.0
  9
$DIMASZ
 40
3.5
  9
$DIMEXO
 40
0.1
  9
$DIMDLI
 40
0.38
  9
$DIMRND
 40
0.0
  9
$DIMDLE
 40
0.0
  9
$DIMEXE
 40
0.18
  9
$DIMTP
 40
0.0
  9
$DIMTM
 40
0.0
  9
$DIMTXT
 40
3.5
  9
$DIMCEN
 40
1.0
  9
$DIMTSZ
 40
0.0
  9
$DIMTOL
 70
     0
  9
$DIMLIM
 70
     0
  9
$DIMTIH
 70
     0
  9
$DIMTOH
 70
     0
  9
$DIMSE1
 70
     0
  9
$DIMSE2
 70
     0
  9
$DIMTAD
 70
     1
  9
$DIMZIN
 70
     8
  9
$DIMBLK
  1

  9
$DIMASO
 70
     1
  9
$DIMSHO
 70
     1
  9
$DIMPOST
  1

  9
$DIMAPOST
  1

  9
$DIMALT
 70
     0
  9
$DIMALTD
 70
     2
  9
$DIMALTF
 40
25.4
  9
$DIMLFAC
 40
1.0
  9
$DIMTOFL
 70
     1
  9
$DIMTVP
 40
0.0
  9
$DIMTIX
 70
     0
  9
$DIMSOXD
 70
     0
  9
$DIMSAH
 70
     0
  9
$DIMBLK1
  1

  9
$DIMBLK2
  1

  9
$DIMSTYLE
  2
FIBOX
  9
$DIMCLRD
 70
     1
  9
$DIMCLRE
 70
     1
  9
$DIMCLRT
 70
     3
  9
$DIMTFAC
 40
1.0
  9
$DIMGAP
 40
1.0
  9
$DIMJUST
 70
     0
  9
$DIMSD1
 70
     0
  9
$DIMSD2
 70
     0
  9
$DIMTOLJ
 70
     1
  9
$DIMTZIN
 70
     8
  9
$DIMALTZ
 70
     0
  9
$DIMALTTZ
 70
     0
  9
$DIMFIT
 70
     3
  9
$DIMUPT
 70
     0
  9
$DIMUNIT
 70
     2
  9
$DIMDEC
 70
     1
  9
$DIMTDEC
 70
     2
  9
$DIMALTU
 70
     2
  9
$DIMALTTD
 70
     2
  9
$DIMTXSTY
  7
SIMPLEX
  9
$DIMAUNIT
 70
     0
  9
$LUNITS
 70
     2
  9
$LUPREC
 70
     4
  9
$SKETCHINC
 40
1.0
  9
$FILLETRAD
 40
0.0
  9
$AUNITS
 70
     0
  9
$AUPREC
 70
     0
  9
$MENU
  1
.
  9
$ELEVATION
 40
0.0
  9
$PELEVATION
 40
0.0
  9
$THICKNESS
 40
0.0
  9
$LIMCHECK
 70
     0
  9
$BLIPMODE
 70
     0
  9
$CHAMFERA
 40
10.0
  9
$CHAMFERB
 40
10.0
  9
$CHAMFERC
 40
0.0
  9
$CHAMFERD
 40
0.0
  9
$SKPOLY
 70
     0
  9
$TDCREATE
 40
2450511.539299583
  9
$TDUPDATE
 40
2450780.384171042
  9
$TDINDWG
 40
0.9016955324
  9
$TDUSRTIMER
 40
0.9016955324
  9
$USRTIMER
 70
     1
  9
$ANGBASE
 50
0.0
  9
$ANGDIR
 70
     0
  9
$PDMODE
 70
     0
  9
$PDSIZE
 40
0.0
  9
$PLINEWID
 40
0.0
  9
$COORDS
 70
     2
  9
$SPLFRAME
 70
     0
  9
$SPLINETYPE
 70
     6
  9
$SPLINESEGS
 70
     8
  9
$ATTDIA
 70
     0
  9
$ATTREQ
 70
     1
  9
$HANDLING
 70
     1
  9
$HANDSEED
  5
9DD
  9
$SURFTAB1
 70
     6
  9
$SURFTAB2
 70
     6
  9
$SURFTYPE
 70
     6
  9
$SURFU
 70
     6
  9
$SURFV
 70
     6
  9
$UCSNAME
  2

  9
$UCSORG
 10
0.0
 20
0.0
 30
0.0
  9
$UCSXDIR
 10
1.0
 20
0.0
 30
0.0
  9
$UCSYDIR
 10
0.0
 20
1.0
 30
0.0
  9
$PUCSNAME
  2

  9
$PUCSORG
 10
0.0
 20
0.0
 30
0.0
  9
$PUCSXDIR
 10
1.0
 20
0.0
 30
0.0
  9
$PUCSYDIR
 10
0.0
 20
1.0
 30
0.0
  9
$USERI1
 70
     0
  9
$USERI2
 70
     0
  9
$USERI3
 70
     0
  9
$USERI4
 70
     0
  9
$USERI5
 70
     0
  9
$USERR1
 40
0.0
  9
$USERR2
 40
0.0
  9
$USERR3
 40
0.0
  9
$USERR4
 40
0.0
  9
$USERR5
 40
0.0
  9
$WORLDVIEW
 70
     1
  9
$SHADEDGE
 70
     3
  9
$SHADEDIF
 70
    70
  9
$TILEMODE
 70
     1
  9
$MAXACTVP
 70
    16
  9
$PINSBASE
 10
0.0
 20
0.0
 30
0.0
  9
$PLIMCHECK
 70
     0
  9
$PEXTMIN
 10
-757.7822959300248
 20
11.03645345370921
 30
0.0
  9
$PEXTMAX
 10
82.21770406997519
 20
605.0364534537091
 30
0.0
  9
$PLIMMIN
 10
0.0
 20
0.0
  9
$PLIMMAX
 10
420.0
 20
297.0
  9
$UNITMODE
 70
     0
  9
$VISRETAIN
 70
     0
  9
$PLINEGEN
 70
     0
  9
$PSLTSCALE
 70
     1
  9
$TREEDEPTH
 70
  3020
  9
$PICKSTYLE
 70
     1
  9
$CMLSTYLE
  2
STANDARD
  9
$CMLJUST
 70
     0
  9
$CMLSCALE
 40
1.0
  9
$SAVEIMAGES
 70
     1
  0
ENDSEC
  0
SECTION
  2
CLASSES
  0
CLASS
  1
ACMESCOPE
  2
AcMeScope
  3
ACME_MODULE_NAME
 90
    32768
280
     1
281
     0
  0
CLASS
  1
ACMECOMMANDHISTORY
  2
AcMeCommandHistory
  3
ACME_MODULE_NAME
 90
    32768
280
     1
281
     0
  0
CLASS
  1
AcRfInsAdjusterMgr
  2
AcRfInsAdjusterMgr
  3
ACME_MODULE_NAME
 90
    32768
280
     1
281
     0
  0
CLASS
  1
ACGREFMASTER
  2
AcGrefMaster
  3
"AcadRfServer"
 90
    32768
280
     1
281
     0
  0
CLASS
  1
AmiMaster
  2
AmiMaster
  3
"AmiServices"
 90
    32768
280
     1
281
     0
  0
CLASS
  1
ACASGREFMASTER
  2
AcAsGrefMaster
  3
"AutoSurfResolver"
 90
    32768
280
     1
281
     0
  0
CLASS
  1
ADAPPL
  2
AcAdAppl
  3
"DesignerServices"
 90
    32768
280
     1
281
     0
  0
CLASS
  1
DEPMGR
  2
AcAdDepMgr
  3
"DesignerServices"
 90
    32768
280
     1
281
     0
  0
CLASS
  1
PARAMMGR
  2
AcAdParamMgr
  3
"DesignerServices"
 90
    32768
280
     1
281
     0
  0
CLASS
  1
PARAMSCOPE
  2
AcAdParamScope
  3
"DesignerServices"
 90
    32768
280
     1
281
     0
  0
CLASS
  1
"IM_SYSVAR_MAN"
  2
AcImSysVarManager
  3
"ADAM"
 90
    32768
280
     1
281
     0
  0
CLASS
  1
SYSTEM_VAR_INT
  2
AcImIntSysVar
  3
"ADAM"
 90
    32768
280
     1
281
     0
  0
CLASS
  1
SYSTEM_VAR_REAL
  2
AcImRealSysVar
  3
"ADAM"
 90
    32768
280
     1
281
     0
  0
CLASS
  1
SYSTEM_VAR_STR
  2
AcImStrSysVar
  3
"ADAM"
 90
    32768
280
     1
281
     0
  0
CLASS
  1
NAMEDAPPL
  2
AcAdNamedAppl
  3
"DesignerServices"
 90
    32768
280
     1
281
     0
  0
CLASS
  1
ADPART
  2
AcAdPart
  3
"DesignerServices"
 90
    32768
280
     1
281
     1
  0
CLASS
  1
ADBASE
  2
AcAdBase
  3
"DesignerServices"
 90
    32768
280
     1
281
     0
  0
CLASS
  1
BODYID
  2
AcAdBodyId
  3
"DesignerServices"
 90
    32768
280
     1
281
     0
  0
CLASS
  1
WORKPLANEDISPLAYMGR
  2
AcAdDisplayMgr
  3
"DesignerServices"
 90
    32768
280
     1
281
     0
  0
CLASS
  1
ADHNTMPLT
  2
AdHoleNoteTemplateMgr
  3
"DesignerServices"
 90
    32768
280
     1
281
     0
  0
CLASS
  1
AM_HNTEMPLATE_MGR_NAME
  2
AdHoleNoteTemplateMgrName
  3
"DesignerServices"
 90
    32768
280
     1
281
     0
  0
CLASS
  1
AcAdGrefModule
  2
AcAdGrefModule
  3
AD_GREF_SERVICES_NSTR
 90
    32768
280
     1
281
     0
  0
CLASS
  1
AM_DRAWING_MGR
  2
AcDmDwgMgr
  3
"Designer_Drawing_Mgmt"
 90
    32768
280
     1
281
     0
  0
CLASS
  1
AM_DWG_DOCUMENT
  2
AcDmDwgDocument
  3
"Designer_Drawing_Mgmt"
 90
    32768
280
     1
281
     0
  0
CLASS
  1
AM_DWG_SHEET
  2
AcDmSheet
  3
"Designer_Drawing_Mgmt"
 90
    32768
280
     1
281
     0
  0
CLASS
  1
AM_VIEWDIMPARMAP
  2
AcDmViewDimParMap
  3
"Designer_Drawing_Mgmt"
 90
    32768
280
     1
281
     0
  0
CLASS
  1
AM_DWGMGR_NAME
  2
AcDmDwgMgrName
  3
"Designer_Drawing_Mgmt"
 90
    32768
280
     1
281
     0
  0
CLASS
  1
ACAMPROJECT
  2
AcAmProject
  3
"DesignerAssemblies"
 90
    32768
280
     1
281
     0
  0
CLASS
  1
ACAMGRCOMPDEF
  2
AcAmGrCompDef
  3
"DesignerAssemblies"
 90
    32768
280
     1
281
     0
  0
CLASS
  1
ACAMCOMPDEF
  2
AcAmCompDef
  3
"DesignerAssemblies"
 90
    32768
280
     1
281
     0
  0
CLASS
  1
ACAMCOMPDEFMGR
  2
AcAmCompDefMgr
  3
"DesignerAssemblies"
 90
    32768
280
     1
281
     0
  0
CLASS
  1
AMCONTEXTMGR
  2
AcAmContextMgr
  3
"DesignerAssemblies"
 90
    32768
280
     1
281
     0
  0
CLASS
  1
AcAmContextModeler
  2
AcAmContextModeler
  3
"DesignerAssemblies"
 90
    32768
280
     1
281
     0
  0
CLASS
  1
ACAMDRAWINGMAN
  2
AcAmDrawingMan
  3
"DesignerAssemblies"
 90
    32768
280
     1
281
     0
  0
CLASS
  1
ASSYSVARS
  2
AcAsSysVars
  3
"AutoSurf"
 90
    32768
280
     1
281
     0
  0
CLASS
  1
ASSTATICVARS
  2
AcAsStaticVars
  3
"AutoSurf"
 90
    32768
280
     1
281
     0
  0
CLASS
  1
ASAPP
  2
AcAsAppObject
  3
"AutoSurf"
 90
    32768
280
     1
281
     0
  0
CLASS
  1
AGDICTIONARY
  2
AgDictionary
  3
"AccelView"
 90
    32768
280
     1
281
     0
  0
CLASS
  1
ADDATUMPLANEABS
  2
AcAdDatumPlaneAbs
  3
"DesignerServices"
 90
    32768
280
     1
281
     0
  0
CLASS
  1
ADDATUMAXISABS
  2
AcAdDatumAxisAbs
  3
"DesignerServices"
 90
    32768
280
     1
281
     0
  0
CLASS
  1
ADDATUMORIENTEDPLANE
  2
AcAdDatumOrientedPlane
  3
"DesignerServices"
 90
    32768
280
     1
281
     0
  0
CLASS
  1
ACADPLLINEACAD
  2
AcAdVirtualLinePlineAcad
  3
"DesignerServices"
 90
    32768
280
     1
281
     0
  0
CLASS
  1
ACADREFLINEACAD
  2
AcAdVirtualReferenceLine
  3
"DesignerServices"
 90
    32768
280
     1
281
     0
  0
CLASS
  1
ACADCONSLINE
  2
AcAdConstrainedLine
  3
"DesignerServices"
 90
    32768
280
     1
281
     0
  0
CLASS
  1
ACADCONSGROUP
  2
AcAdConstraintGroup
  3
"DesignerServices"
 90
    32768
280
     1
281
     0
  0
CLASS
  1
ACADIMPPTACAD
  2
AcAdVirtualImplicitPoint
  3
"DesignerServices"
 90
    32768
280
     1
281
     0
  0
CLASS
  1
ACADCONSPOINT
  2
AcAdConstrainedPoint
  3
"DesignerServices"
 90
    32768
280
     1
281
     0
  0
CLASS
  1
ADPCURCNS
  2
AcAdPointCurveConstr
  3
"DesignerServices"
 90
    32768
280
     1
281
     0
  0
CLASS
  1
ADVERCNS
  2
AcAdVerticalConstr
  3
"DesignerServices"
 90
    32768
280
     1
281
     0
  0
CLASS
  1
ADHORCNS
  2
AcAdHorizontalConstr
  3
"DesignerServices"
 90
    32768
280
     1
281
     0
  0
CLASS
  1
ADCLPROF2D
  2
AcAdClosedProfile2d
  3
"DesignerServices"
 90
    32768
280
     1
281
     0
  0
CLASS
  1
ADCONSDISP
  2
AcAdConstraintDisplay
  3
"DesignerServices"
 90
    32768
280
     1
281
     1
  0
CLASS
  1
ADCONSTDSP
  2
AcAdConstraintDisplayTag
  3
"DesignerServices"
 90
    32768
280
     1
281
     1
  0
CLASS
  1
ADPARCNS
  2
AcAdParallelConstr
  3
"DesignerServices"
 90
    32768
280
     1
281
     0
  0
CLASS
  1
PARAM
  2
AcAdParam
  3
"DesignerServices"
 90
    32768
280
     1
281
     0
  0
CLASS
  1
ADVDISTCNS
  2
AcAdLinearDistanceConstr
  3
"DesignerServices"
 90
    32768
280
     1
281
     0
  0
CLASS
  1
ACMELINEARARROW
  2
AcImLinearArrowDisplay
  3
ACME_MODULE_NAME
 90
    32768
280
     1
281
     1
  0
CLASS
  1
ADEXTRUSIONBLIND
  2
AcAdExtrusionBlind
  3
"DesignerServices"
 90
    32768
280
     1
281
     0
  0
CLASS
  1
ACADCIRCLEACAD
  2
AcAdVirtualCircleAcad
  3
"DesignerServices"
 90
    32768
280
     1
281
     0
  0
CLASS
  1
ACADCONSCIRCLE
  2
AcAdConstrainedCircle
  3
"DesignerServices"
 90
    32768
280
     1
281
     0
  0
CLASS
  1
ADCTRPTCNS
  2
AcAdCenterPointConstr
  3
"DesignerServices"
 90
    32768
280
     1
281
     0
  0
CLASS
  1
ADDIACNS
  2
AcAdAcadDiameterConstr
  3
"DesignerServices"
 90
    32768
280
     1
281
     0
  0
CLASS
  1
HVREFID
  2
AcAdHVRefId
  3
"DesignerServices"
 90
    32768
280
     1
281
     0
  0
CLASS
  1
ACADLINEDEPID
  2
AcAdVirtualPointDepId
  3
"DesignerServices"
 90
    32768
280
     1
281
     0
  0
CLASS
  1
ADVDISTCNS
  2
AcAdVerticalDistanceConstr
  3
"DesignerServices"
 90
    32768
280
     1
281
     0
  0
CLASS
  1
ADHDISTCNS
  2
AcAdHorizontalDistanceConstr
  3
"DesignerServices"
 90
    32768
280
     1
281
     0
  0
CLASS
  1
ADFEATRECTARRAY
  2
AcAdRectangularFeatArray
  3
"DesignerServices"
 90
    32768
280
     1
281
     0
  0
CLASS
  1
ADPLANEID
  2
AcAdPlaneId
  3
"DesignerServices"
 90
    32768
280
     1
281
     0
  0
CLASS
  1
ADDATUMPLANEFACE
  2
AcAdDatumPlaneFace
  3
"DesignerServices"
 90
    32768
280
     1
281
     0
  0
CLASS
  1
ADSTRAIGHTID
  2
AcAdStraightId
  3
"DesignerServices"
 90
    32768
280
     1
281
     0
  0
CLASS
  1
ADDATUMAXISEDGE
  2
AcAdDatumAxisEdge
  3
"DesignerServices"
 90
    32768
280
     1
281
     0
  0
CLASS
  1
ACADPLARCACAD
  2
AcAdVirtualArcPlineAcad
  3
"DesignerServices"
 90
    32768
280
     1
281
     0
  0
CLASS
  1
ADCOLNCNS
  2
AcAdColinearConstr
  3
"DesignerServices"
 90
    32768
280
     1
281
     0
  0
CLASS
  1
ADTANCNS
  2
AcAdTangentConstr
  3
"DesignerServices"
 90
    32768
280
     1
281
     0
  0
CLASS
  1
ADEQRADCNS
  2
AcAdEqualRadiusConstr
  3
"DesignerServices"
 90
    32768
280
     1
281
     0
  0
CLASS
  1
STREFID
  2
AcAdStraightRefId
  3
"DesignerServices"
 90
    32768
280
     1
281
     0
  0
CLASS
  1
ACADLINEDEPID
  2
AcAdVirtualLineDepId
  3
"DesignerServices"
 90
    32768
280
     1
281
     0
  0
CLASS
  1
RAYREFID
  2
AcAdRayRefId
  3
"DesignerServices"
 90
    32768
280
     1
281
     0
  0
CLASS
  1
ADPDISTCNS
  2
AcAdParallelDistanceConstr
  3
"DesignerServices"
 90
    32768
280
     1
281
     0
  0
CLASS
  1
ADRADCNS
  2
AcAdAcadRadiusConstr
  3
"DesignerServices"
 90
    32768
280
     1
281
     0
  0
CLASS
  1
ADPERPCNS
  2
AcAdPerpendicularConstr
  3
"DesignerServices"
 90
    32768
280
     1
281
     0
  0
CLASS
  1
CIRREFID
  2
AcAdCircleRefId
  3
"DesignerServices"
 90
    32768
280
     1
281
     0
  0
CLASS
  1
ACADCIRCDEPID
  2
AcAdVirtualCircleDepId
  3
"DesignerServices"
 90
    32768
280
     1
281
     0
  0
CLASS
  1
ADPLANEID
  2
AcAdSurfGeomId
  3
"DesignerServices"
 90
    32768
280
     1
281
     0
  0
CLASS
  1
ADDATUMAXISCENTER
  2
AcAdDatumAxisCenter
  3
"DesignerServices"
 90
    32768
280
     1
281
     0
  0
CLASS
  1
ADDATUMPOINTAXISPLANE
  2
AcAdDatumPointAxisPlane
  3
"DesignerServices"
 90
    32768
280
     1
281
     0
  0
CLASS
  1
ADHOLEFEAT
  2
AcAdHoleFeat
  3
"DesignerServices"
 90
    32768
280
     1
281
     0
  0
CLASS
  1
ADCONCCNS
  2
AcAdConcentricConstr
  3
"DesignerServices"
 90
    32768
280
     1
281
     0
  0
CLASS
  1
ADEXTRUSIONTOPLANE
  2
AcAdExtrusionToPlane
  3
"DesignerServices"
 90
    32768
280
     1
281
     0
  0
CLASS
  1
ADBDISTCNS
  2
AcAdAcadAngleConstr
  3
"DesignerServices"
 90
    32768
280
     1
281
     0
  0
CLASS
  1
ADPATH2D
  2
AcAdPath2d
  3
"DesignerServices"
 90
    32768
280
     1
281
     0
  0
CLASS
  1
DATUMPLANEDISPLAY
  2
AcAdDatumPlaneDisplay
  3
"DesignerServices"
 90
    32768
280
     1
281
     1
  0
CLASS
  1
ADDATUMPLANEXSECT
  2
AcAdDatumPlaneXSect
  3
"DesignerServices"
 90
    32768
280
     1
281
     0
  0
CLASS
  1
DATUMPOINTDISPLAY
  2
AcAdDatumPointDisplay
  3
"DesignerServices"
 90
    32768
280
     1
281
     1
  0
CLASS
  1
ADDATUMPOINTPATHSTART
  2
AcAdDatumPointPathStart
  3
"DesignerServices"
 90
    32768
280
     1
281
     0
  0
CLASS
  1
ACADVIRTUALPOINTDATUMID
  2
AcAdVirtualPointDatumId
  3
"DesignerServices"
 90
    32768
280
     1
281
     0
  0
CLASS
  1
ADSWEEP
  2
AcAdSweep
  3
"DesignerServices"
 90
    32768
280
     1
281
     0
  0
CLASS
  1
ADEXTRUSIONTHRU
  2
AcAdExtrusionThru
  3
"DesignerServices"
 90
    32768
280
     1
281
     0
  0
CLASS
  1
EDGEID
  2
AcAdEdgeId
  3
"DesignerServices"
 90
    32768
280
     1
281
     0
  0
CLASS
  1
ADFILLET
  2
AcAdFillet
  3
"DesignerServices"
 90
    32768
280
     1
281
     0
  0
CLASS
  1
CURVEID
  2
AcAdCurveId
  3
"DesignerServices"
 90
    32768
280
     1
281
     0
  0
CLASS
  1
ACADSPLDEPID
  2
AcAdVirtualSplineDepId
  3
"DesignerServices"
 90
    32768
280
     1
281
     0
  0
CLASS
  1
ACADCONSELL
  2
AcAdConstrainedSpline
  3
"DesignerServices"
 90
    32768
280
     1
281
     0
  0
CLASS
  1
AM_VIEW_SELECT_FILTER
  2
AcDmActivePartViewEntFilter
  3
"Designer_Drawing_Mgmt"
 90
    32768
280
     1
281
     0
  0
CLASS
  1
AM_ABS_PLANE
  2
AcDmAbsPlnDef
  3
DM_MODULE_NAME
 90
    32768
280
     1
281
     0
  0
CLASS
  1
AM_ABS_AXIS
  2
AcDmAbsAxisDef
  3
DM_MODULE_NAME
 90
    32768
280
     1
281
     0
  0
CLASS
  1
AM_BASE_VIEW_ORIENT
  2
AcDmBaseViewOr
  3
"Designer_Drawing_Mgmt"
 90
    32768
280
     1
281
     0
  0
CLASS
  1
AM_DWG_VIEWPORT
  2
AcDmViewport
  3
"Designer_Drawing_Mgmt"
 90
    32768
280
     1
281
     0
  0
CLASS
  1
AM_VIEW_DISPLAY
  2
AcDmDwgViewDisplay
  3
"Designer_Drawing_Mgmt"
 90
    32768
280
     1
281
     0
  0
CLASS
  1
AM_BASE_VIEW
  2
AcDmBaseView
  3
"Designer_Drawing_Mgmt"
 90
    32768
280
     1
281
     0
  0
CLASS
  1
ACDMVWEDSPLINE
  2
AcDmViewEdgeSpline
  3
"Designer_Drawing_Mgmt"
 90
    32768
280
     1
281
     1
  0
CLASS
  1
ACDMVWEDLINE
  2
AcDmViewEdgeLine
  3
"Designer_Drawing_Mgmt"
 90
    32768
280
     1
281
     1
  0
CLASS
  1
ACDMVWEDARC
  2
AcDmViewEdgeArc
  3
"Designer_Drawing_Mgmt"
 90
    32768
280
     1
281
     1
  0
CLASS
  1
ACDMVWEDCIRC
  2
AcDmViewEdgeCircle
  3
"Designer_Drawing_Mgmt"
 90
    32768
280
     1
281
     1
  0
CLASS
  1
ACADSKETCHPOINTRES
  2
AcAdSketchPointRes
  3
"DesignerServices"
 90
    32768
280
     1
281
     0
  0
CLASS
  1
ACADSKETCHCIRCARCRES
  2
AcAdSketchCircArcRes
  3
"DesignerServices"
 90
    32768
280
     1
281
     0
  0
CLASS
  1
ACADSKETCHLINERES
  2
AcAdSketchLineRes
  3
"DesignerServices"
 90
    32768
280
     1
281
     0
  0
CLASS
  1
AM_VIEWDIMLINEAR
  2
AcDmViewDimLinear
  3
"Designer_Drawing_Mgmt"
 90
    32768
280
     1
281
     0
  0
CLASS
  1
AM_VIEWDIMDIAMETER
  2
AcDmViewDimDiameter
  3
"Designer_Drawing_Mgmt"
 90
    32768
280
     1
281
     0
  0
CLASS
  1
AM_VIEWDIMRADIUS
  2
AcDmViewDimRadius
  3
"Designer_Drawing_Mgmt"
 90
    32768
280
     1
281
     0
  0
CLASS
  1
AM_VIEWDIMPARALLEL
  2
AcDmViewDimParallel
  3
"Designer_Drawing_Mgmt"
 90
    32768
280
     1
281
     0
  0
CLASS
  1
AM_VIEWDIMANGULAR
  2
AcDmViewDimAngular
  3
"Designer_Drawing_Mgmt"
 90
    32768
280
     1
281
     0
  0
CLASS
  1
AM_ORTHO_VIEW_ORIENT
  2
AcDmOrthoViewOr
  3
"Designer_Drawing_Mgmt"
 90
    32768
280
     1
281
     0
  0
CLASS
  1
AM_ORTHO_VIEW
  2
AcDmOrthoView
  3
"Designer_Drawing_Mgmt"
 90
    32768
280
     1
281
     0
  0
CLASS
  1
AM_ISO_VIEW_ORIENT
  2
AcDmIsoViewOr
  3
"Designer_Drawing_Mgmt"
 90
    32768
280
     1
281
     0
  0
CLASS
  1
AM_ISO_VIEW
  2
AcDmIsoView
  3
"Designer_Drawing_Mgmt"
 90
    32768
280
     1
281
     0
  0
CLASS
  1
ACADPARTLINEDGRES
  2
AcAdPartLinEdgRes
  3
AD_GREF_SERVICES_NSTR
 90
    32768
280
     1
281
     0
  0
CLASS
  1
CNRREFID
  2
AcAdCornerId
  3
"DesignerServices"
 90
    32768
280
     1
281
     0
  0
CLASS
  1
ACADPARTPOINTRES
  2
AcAdPartPointRes
  3
AD_GREF_SERVICES_NSTR
 90
    32768
280
     1
281
     0
  0
CLASS
  1
AcAdPartCircEdgRES
  2
AcAdPartCircEdgRes
  3
AD_GREF_SERVICES_NSTR
 90
    32768
280
     1
281
     0
  0
CLASS
  1
ACDMVISEDIT
  2
AcDmViewEntityVisEdit
  3
"Designer_Drawing_Mgmt"
 90
    32768
280
     1
281
     0
  0
CLASS
  1
SILEDGEID
  2
AcAdSilhouetteEdgeId
  3
"DesignerServices"
 90
    32768
280
     1
281
     0
  0
CLASS
  1
ACADPARTELLIPSEEDGERES
  2
AcAdPartEllipseEdgeRes
  3
AD_GREF_SERVICES_NSTR
 90
    32768
280
     1
281
     0
  0
CLASS
  1
ELLREFID
  2
AcAdEllipseRefId
  3
"DesignerServices"
 90
    32768
280
     1
281
     0
  0
CLASS
  1
ACAMGRCOMPSET
  2
AcAmGrCompSet
  3
DesignerAssemblies
 90
    32768
280
     1
281
     0
  0
CLASS
  1
ACAMGRCOMPDEFSET
  2
AcAmGrCompDefSet
  3
DesignerAssemblies
 90
    32768
280
     1
281
     0
  0
CLASS
  1
ACDMVIEWGEOM
  2
AcDmViewGeometry
  3
AcMechDwgViewMgmt
 90
    32768
280
     1
281
     1
  0
CLASS
  1
ACADCIRCLEACAD
  2
AcAdVirtualVertex
  3
DesignerServices
 90
    32768
280
     1
281
     0
  0
CLASS
  1
ACADCIRCLEACAD
  2
AcAdVirtualContainer
  3
DesignerServices
 90
    32768
280
     1
281
     0
  0
CLASS
  1
ADPROJCNS
  2
AcAdProjectionConstr
  3
DesignerServices
 90
    32768
280
     1
281
     0
  0
CLASS
  1
ACADELLDEPID
  2
AcAdVirtualEllipseDepId
  3
DesignerServices
 90
    32768
280
     1
281
     0
  0
CLASS
  1
ACADCONSELL
  2
AcAdConstrainedEllipse
  3
DesignerServices
 90
    32768
280
     1
281
     0
  0
CLASS
  1
LWPOLYLINE
  2
AcDbPolyline
  3
"AutoCAD"
 90
    32768
280
     1
281
     1
  0
CLASS
  1
DxfZombieEntity
  2
AcDbDxfZombieEntity
  3
AutoCAD
 90
        0
280
     1
281
     1
  0
CLASS
  1
DxfZombieObject
  2
AcDbDxfZombieObject
  3
AutoCAD
 90
        0
280
     1
281
     0
  0
ENDSEC
  0
SECTION
  2
TABLES
  0
TABLE
  2
VPORT
  5
12
100
AcDbSymbolTable
 70
     3
  0
VPORT
  5
9DC
100
AcDbSymbolTableRecord
100
AcDbViewportTableRecord
  2
*ACTIVE
 70
     0
 10
0.0
 20
0.0
 11
1.0
 21
1.0
 12
816.7517794821922
 22
-132.0792086574333
 13
0.0
 23
0.0
 14
10.0
 24
10.0
 15
10.0
 25
10.0
 16
0.0
 26
0.0
 36
1.0
 17
-424.2330565920116
 27
333.0048159222641
 37
36.13602652981266
 40
500.0
 41
1.672965116279069
 42
50.0
 43
0.0
 44
0.0
 50
0.0
 51
0.0
 71
     0
 72
  1000
 73
     1
 74
     0
 75
     0
 76
     0
 77
     0
 78
     0
  0
ENDTAB
  0
TABLE
  2
LTYPE
  5
E
100
AcDbSymbolTable
 70
     3
  0
LTYPE
  5
F
100
AcDbSymbolTableRecord
100
AcDbLinetypeTableRecord
  2
BYBLOCK
 70
    64
  3

 72
    65
 73
     0
 40
0.0
  0
LTYPE
  5
6
100
AcDbSymbolTableRecord
100
AcDbLinetypeTableRecord
  2
BYLAYER
 70
    64
  3

 72
    65
 73
     0
 40
0.0
  0
LTYPE
  5
5
100
AcDbSymbolTableRecord
100
AcDbLinetypeTableRecord
  2
CONTINUOUS
 70
    64
  3
Solid line
 72
    65
 73
     0
 40
0.0
  0
LTYPE
  5
21
100
AcDbSymbolTableRecord
100
AcDbLinetypeTableRecord
  2
HIDDEN
 70
    64
  3
__ __ __ __ __ __ __ __ __ __ __ __ __ __ __ __
 72
    65
 73
     2
 40
0.375
 49
0.25
 74
     0
 49
-0.125
 74
     0
  0
LTYPE
  5
29
100
AcDbSymbolTableRecord
100
AcDbLinetypeTableRecord
  2
CENTER
 70
    64
  3
____ _ ____ _ ____ _ ____ _ ____ _ ____ _ ____ 
 72
    65
 73
     4
 40
2.0
 49
1.25
 74
     0
 49
-0.25
 74
     0
 49
0.25
 74
     0
 49
-0.25
 74
     0
  0
ENDTAB
  0
TABLE
  2
LAYER
  5
B
100
AcDbSymbolTable
 70
     4
  0
LAYER
  5
4
100
AcDbSymbolTableRecord
100
AcDbLayerTableRecord
  2
0
 70
    64
 62
     7
  6
CONTINUOUS
  0
LAYER
  5
20
100
AcDbSymbolTableRecord
100
AcDbLayerTableRecord
  2
L2
 70
    64
 62
     1
  6
HIDDEN
  0
LAYER
  5
1B
100
AcDbSymbolTableRecord
100
AcDbLayerTableRecord
  2
L1
 70
    64
 62
     7
  6
CONTINUOUS
  0
LAYER
  5
28
100
AcDbSymbolTableRecord
100
AcDbLayerTableRecord
  2
L6
 70
    64
 62
     1
  6
CENTER
  0
ENDTAB
  0
TABLE
  2
STYLE
  5
C
100
AcDbSymbolTable
 70
     2
  0
STYLE
  5
D
100
AcDbSymbolTableRecord
100
AcDbTextStyleTableRecord
  2
STANDARD
 70
    64
 40
0.0
 41
1.0
 50
0.0
 71
     0
 42
2.5
  3
ISOCP
  4

  0
STYLE
  5
1C
100
AcDbSymbolTableRecord
100
AcDbTextStyleTableRecord
  2
SIMPLEX
 70
    64
 40
0.0
 41
0.8
 50
0.0
 71
     0
 42
3.5
  3
SIMPLEX.SHX
  4

  0
ENDTAB
  0
TABLE
  2
VIEW
  5
10
100
AcDbSymbolTable
 70
     0
  0
ENDTAB
  0
TABLE
  2
UCS
  5
11
100
AcDbSymbolTable
 70
     0
  0
ENDTAB
  0
TABLE
  2
APPID
  5
14
100
AcDbSymbolTable
 70
     1
  0
APPID
  5
15
100
AcDbSymbolTableRecord
100
AcDbRegAppTableRecord
  2
ACAD
 70
    64
  0
ENDTAB
  0
TABLE
  2
DIMSTYLE
  5
16
100
AcDbSymbolTable
 70
     1
  0
DIMSTYLE
105
1E
100
AcDbSymbolTableRecord
100
AcDbDimStyleTableRecord
  2
FIBOX
 70
    64
  3

  4

  5

  6

  7

 40
1.0
 41
3.5
 42
0.1
 43
0.38
 44
0.18
 45
0.0
 46
0.0
 47
0.0
 48
0.0
140
3.5
141
1.0
142
0.0
143
25.4
144
1.0
145
0.0
146
1.0
147
1.0
 71
     0
 72
     0
 73
     0
 74
     0
 75
     0
 76
     0
 77
     1
 78
     8
170
     0
171
     2
172
     1
173
     0
174
     0
175
     0
176
     1
177
     1
178
     3
270
     2
271
     1
272
     2
273
     2
274
     2
340
1C
275
     0
280
     0
281
     0
282
     0
283
     1
284
     8
285
     0
286
     0
287
     3
288
     0
  0
ENDTAB
  0
TABLE
  2
BLOCK_RECORD
  5
1
100
AcDbSymbolTable
 70
     0
  0
BLOCK_RECORD
  5
2
100
AcDbSymbolTableRecord
100
AcDbBlockTableRecord
  2
*MODEL_SPACE
  0
BLOCK_RECORD
  5
8
100
AcDbSymbolTableRecord
100
AcDbBlockTableRecord
  2
*PAPER_SPACE
  0
ENDTAB
  0
ENDSEC
  0
SECTION
  2
BLOCKS
  0
BLOCK
  5
3
100
AcDbEntity
  8
0
100
AcDbBlockBegin
  2
*MODEL_SPACE
 70
    64
 10
0.0
 20
0.0
 30
0.0
  3
*MODEL_SPACE
  1

  0
ENDBLK
  5
7
100
AcDbEntity
  8
0
100
AcDbBlockEnd
  0
BLOCK
  5
9
100
AcDbEntity
 67
     1
  8
0
100
AcDbBlockBegin
  2
*PAPER_SPACE
 70
    64
 10
0.0
 20
0.0
 30
0.0
  3
*PAPER_SPACE
  1

  0
ENDBLK
  5
A
100
AcDbEntity
 67
     1
  8
0
100
AcDbBlockEnd
  0
ENDSEC
  0
SECTION
  2
ENTITIES
  0
LINE
  5
1F
100
AcDbEntity
  8
L2
 48
0.3
100
AcDbLine
 10
359.1618984384076
 20
192.1878196226508
 30
0.0
 11
359.1618984384076
 21
186.2437288919473
 31
0.0
  0
LINE
  5
22
100
AcDbEntity
  8
L2
100
AcDbLine
 10
366.6618984384074
 20
116.6672101756916
 30
0.0
 11
366.6618984384074
 21
261.7643383389065
 31
0.0
  0
LINE
  5
23
100
AcDbEntity
  8
L1
100
AcDbLine
 10
369.6618984384075
 20
114.0939428736108
 30
0.0
 11
369.6618984384075
 21
264.3376056409873
 31
0.0
  0
LINE
  5
24
100
AcDbEntity
  8
L1
100
AcDbLine
 10
320.6618984384074
 20
99.76577425731619
 30
0.0
 11
320.6618984384074
 21
278.6657742572819
 31
0.0
  0
LINE
  5
25
100
AcDbEntity
  8
L1
100
AcDbLine
 10
321.2567076173423
 20
279.2605834362166
 30
0.0
 11
321.2567076173423
 21
99.17096507838147
 31
0.0
  0
LINE
  5
26
100
AcDbEntity
  8
L1
100
AcDbLine
 10
262.2236902809455
 20
102.6708318090889
 30
0.0
 11
262.2236902809455
 21
275.7607167055091
 31
0.0
  0
LINE
  5
27
100
AcDbEntity
  8
L6
100
AcDbLine
 10
134.6788811020108
 20
89.21719554887596
 30
0.0
 11
134.6788811020108
 21
289.2143529657221
 31
0.0
  0
LINE
  5
2A
100
AcDbEntity
  8
L1
100
AcDbLine
 10
7.134071923075907
 20
275.7607167055092
 30
0.0
 11
7.134071923075907
 21
102.670831809089
 31
0.0
  0
LINE
  5
2B
100
AcDbEntity
  8
L6
100
AcDbLine
 10
-0.3196976064123191
 20
189.215774257299
 30
0.0
 11
265.1066877892611
 21
189.215774257299
 31
0.0
  0
LINE
  5
2C
100
AcDbEntity
  8
L1
100
AcDbLine
 10
10.63393865380066
 20
99.17096507836436
 30
0.0
 11
258.7238235502209
 21
99.17096507836436
 31
0.0
  0
LINE
  5
2D
100
AcDbEntity
  8
L1
100
AcDbLine
 10
22.2739780142092
 20
102.010882592578
 30
0.0
 11
22.2739780142092
 21
100.593406010835
 31
0.0
  0
POLYLINE
  5
2E
100
AcDbEntity
  8
L1
100
AcDb2dPolyline
 66
     1
 10
0.0
 20
0.0
 30
0.0
  0
VERTEX
  5
2F
100
AcDbEntity
  8
L1
100
AcDbVertex
100
AcDb2dVertex
 10
7.134075545400719
 20
102.6657742572991
 30
0.0
  0
VERTEX
  5
30
100
AcDbEntity
  8
L1
100
AcDbVertex
100
AcDb2dVertex
 10
7.200100288681142
 20
101.9941399835367
 30
0.0
  0
VERTEX
  5
31
100
AcDbEntity
  8
L1
100
AcDbVertex
100
AcDb2dVertex
 10
7.401427027648423
 20
101.3291369582469
 30
0.0
  0
VERTEX
  5
32
100
AcDbEntity
  8
L1
100
AcDbVertex
100
AcDb2dVertex
 10
7.730155278029315
 20
100.7170118964926
 30
0.0
  0
VERTEX
  5
33
100
AcDbEntity
  8
L1
100
AcDbVertex
100
AcDb2dVertex
 10
8.159125126467188
 20
100.1960182817554
 30
0.0
  0
VERTEX
  5
34
100
AcDbEntity
  8
L1
100
AcDbVertex
100
AcDb2dVertex
 10
8.680118741204296
 20
99.76704843331759
 30
0.0
  0
VERTEX
  5
35
100
AcDbEntity
  8
L1
100
AcDbVertex
100
AcDb2dVertex
 10
9.292243802958637
 20
99.4383201829366
 30
0.0
  0
VERTEX
  5
36
100
AcDbEntity
  8
L1
100
AcDbVertex
100
AcDb2dVertex
 10
9.957246828248344
 20
99.23699344396931
 30
0.0
  0
VERTEX
  5
37
100
AcDbEntity
  8
L1
100
AcDbVertex
100
AcDb2dVertex
 10
10.62888110201083
 20
99.17096870068888
 30
0.0
  0
SEQEND
  5
38
100
AcDbEntity
  8
L1
  0
POLYLINE
  5
39
100
AcDbEntity
  8
L1
100
AcDb2dPolyline
 66
     1
 10
0.0
 20
0.0
 30
0.0
  0
VERTEX
  5
3A
100
AcDbEntity
  8
L1
100
AcDbVertex
100
AcDb2dVertex
 10
10.62888110201083
 20
99.17096870068888
 30
0.0
  0
VERTEX
  5
3B
100
AcDbEntity
  8
L1
100
AcDbVertex
100
AcDb2dVertex
 10
10.63140988507916
 20
99.17096598394557
 30
0.0
  0
VERTEX
  5
3C
100
AcDbEntity
  8
L1
100
AcDbVertex
100
AcDb2dVertex
 10
10.63393865380066
 20
99.17096507836431
 30
0.0
  0
SEQEND
  5
3D
100
AcDbEntity
  8
L1
  0
LINE
  5
3E
100
AcDbEntity
  8
L1
100
AcDbLine
 10
22.05272436202085
 20
99.58906542281164
 30
0.0
 11
21.68164011040244
 21
99.21798117124462
 31
0.0
  0
POLYLINE
  5
3F
100
AcDbEntity
  8
L1
100
AcDb2dPolyline
 66
     1
 10
0.0
 20
0.0
 30
0.0
  0
VERTEX
  5
40
100
AcDbEntity
  8
L1
100
AcDbVertex
100
AcDb2dVertex
 10
22.05349034621258
 20
99.99594776468843
 30
0.0
  0
VERTEX
  5
41
100
AcDbEntity
  8
L1
100
AcDbVertex
100
AcDb2dVertex
 10
22.0545019986539
 20
99.70537722017372
 30
0.0
  0
VERTEX
  5
42
100
AcDbEntity
  8
L1
100
AcDbVertex
100
AcDb2dVertex
 10
22.05272436202085
 20
99.58906542281164
 30
0.0
  0
SEQEND
  5
43
100
AcDbEntity
  8
L1
  0
POLYLINE
  5
44
100
AcDbEntity
  8
L1
100
AcDb2dPolyline
 66
     1
 10
0.0
 20
0.0
 30
0.0
  0
VERTEX
  5
45
100
AcDbEntity
  8
L1
100
AcDbVertex
100
AcDb2dVertex
 10
22.03793226535162
 20
100.0890463843437
 30
0.0
  0
VERTEX
  5
46
100
AcDbEntity
  8
L1
100
AcDbVertex
100
AcDb2dVertex
 10
22.05349034621258
 20
99.99594776468843
 30
0.0
  0
SEQEND
  5
47
100
AcDbEntity
  8
L1
  0
POLYLINE
  5
48
100
AcDbEntity
  8
L1
100
AcDb2dPolyline
 66
     1
 10
0.0
 20
0.0
 30
0.0
  0
VERTEX
  5
49
100
AcDbEntity
  8
L1
100
AcDbVertex
100
AcDb2dVertex
 10
21.75358930035645
 20
100.2934174339157
 30
0.0
  0
VERTEX
  5
4A
100
AcDbEntity
  8
L1
100
AcDbVertex
100
AcDb2dVertex
 10
21.92867590965738
 20
100.2370246252186
 30
0.0
  0
VERTEX
  5
4B
100
AcDbEntity
  8
L1
100
AcDbVertex
100
AcDb2dVertex
 10
22.03793226535162
 20
100.0890463843437
 30
0.0
  0
SEQEND
  5
4C
100
AcDbEntity
  8
L1
  0
LINE
  5
4D
100
AcDbEntity
  8
L1
100
AcDbLine
 10
21.75358930035645
 20
100.2934174339157
 30
0.0
 11
21.9739894372899
 21
100.2934174339157
 31
0.0
  0
POLYLINE
  5
4E
100
AcDbEntity
  8
L1
100
AcDb2dPolyline
 66
     1
 10
0.0
 20
0.0
 30
0.0
  0
VERTEX
  5
4F
100
AcDbEntity
  8
L1
100
AcDbVertex
100
AcDb2dVertex
 10
22.2739780142092
 20
100.593406010835
 30
0.0
  0
VERTEX
  5
50
100
AcDbEntity
  8
L1
100
AcDbVertex
100
AcDb2dVertex
 10
22.18611478003276
 20
100.3812806680923
 30
0.0
  0
VERTEX
  5
51
100
AcDbEntity
  8
L1
100
AcDbVertex
100
AcDb2dVertex
 10
21.9739894372899
 20
100.2934174339157
 30
0.0
  0
SEQEND
  5
52
100
AcDbEntity
  8
L1
  0
LINE
  5
53
100
AcDbEntity
  8
L1
100
AcDbLine
 10
8.556512855546998
 20
114.3108711694972
 30
0.0
 11
9.973989437289901
 21
114.3108711694972
 31
0.0
  0
LINE
  5
54
100
AcDbEntity
  8
L6
 48
0.2
100
AcDbLine
 10
22.45781142972759
 20
107.465774257299
 30
0.0
 11
8.4564499852288
 21
107.465774257299
 31
0.0
  0
POLYLINE
  5
55
100
AcDbEntity
  8
L1
100
AcDb2dPolyline
 66
     1
 10
0.0
 20
0.0
 30
0.0
  0
VERTEX
  5
56
100
AcDbEntity
  8
L1
100
AcDbVertex
100
AcDb2dVertex
 10
7.134071923076135
 20
102.6708318090889
 30
0.0
  0
VERTEX
  5
57
100
AcDbEntity
  8
L1
100
AcDbVertex
100
AcDb2dVertex
 10
7.134072828657281
 20
102.6683030403673
 30
0.0
  0
VERTEX
  5
58
100
AcDbEntity
  8
L1
100
AcDbVertex
100
AcDb2dVertex
 10
7.134075545400719
 20
102.6657742572991
 30
0.0
  0
SEQEND
  5
59
100
AcDbEntity
  8
L1
  0
LINE
  5
5A
100
AcDbEntity
  8
L1
100
AcDbLine
 10
7.18108801595622
 20
113.718533265792
 30
0.0
 11
7.552172267523474
 21
114.089617517359
 31
0.0
  0
POLYLINE
  5
5B
100
AcDbEntity
  8
L1
100
AcDb2dPolyline
 66
     1
 10
0.0
 20
0.0
 30
0.0
  0
VERTEX
  5
5C
100
AcDbEntity
  8
L1
100
AcDbVertex
100
AcDb2dVertex
 10
7.959054609400254
 20
114.0903835015504
 30
0.0
  0
VERTEX
  5
5D
100
AcDbEntity
  8
L1
100
AcDbVertex
100
AcDb2dVertex
 10
8.05215322905542
 20
114.0748254206893
 30
0.0
  0
SEQEND
  5
5E
100
AcDbEntity
  8
L1
  0
POLYLINE
  5
5F
100
AcDbEntity
  8
L1
100
AcDb2dPolyline
 66
     1
 10
0.0
 20
0.0
 30
0.0
  0
VERTEX
  5
60
100
AcDbEntity
  8
L1
100
AcDbVertex
100
AcDb2dVertex
 10
7.552172267523474
 20
114.089617517359
 30
0.0
  0
VERTEX
  5
61
100
AcDbEntity
  8
L1
100
AcDbVertex
100
AcDb2dVertex
 10
7.66848406488566
 20
114.0913951539918
 30
0.0
  0
VERTEX
  5
62
100
AcDbEntity
  8
L1
100
AcDbVertex
100
AcDb2dVertex
 10
7.959054609400254
 20
114.0903835015504
 30
0.0
  0
SEQEND
  5
63
100
AcDbEntity
  8
L1
  0
POLYLINE
  5
64
100
AcDbEntity
  8
L1
100
AcDb2dPolyline
 66
     1
 10
0.0
 20
0.0
 30
0.0
  0
VERTEX
  5
65
100
AcDbEntity
  8
L1
100
AcDbVertex
100
AcDb2dVertex
 10
8.256524278627694
 20
114.010882592578
 30
0.0
  0
VERTEX
  5
66
100
AcDbEntity
  8
L1
100
AcDbVertex
100
AcDb2dVertex
 10
8.344387512804132
 20
114.2230079353208
 30
0.0
  0
VERTEX
  5
67
100
AcDbEntity
  8
L1
100
AcDbVertex
100
AcDb2dVertex
 10
8.556512855546998
 20
114.3108711694973
 30
0.0
  0
SEQEND
  5
68
100
AcDbEntity
  8
L1
  0
LINE
  5
69
100
AcDbEntity
  8
L1
100
AcDbLine
 10
8.256524278627694
 20
114.010882592578
 30
0.0
 11
8.256524278627694
 21
113.790482455694
 31
0.0
  0
POLYLINE
  5
6A
100
AcDbEntity
  8
L1
100
AcDb2dPolyline
 66
     1
 10
0.0
 20
0.0
 30
0.0
  0
VERTEX
  5
6B
100
AcDbEntity
  8
L1
100
AcDbVertex
100
AcDb2dVertex
 10
8.05215322905542
 20
114.0748254206893
 30
0.0
  0
VERTEX
  5
6C
100
AcDbEntity
  8
L1
100
AcDbVertex
100
AcDb2dVertex
 10
8.200131469930511
 20
113.9655690649951
 30
0.0
  0
VERTEX
  5
6D
100
AcDbEntity
  8
L1
100
AcDbVertex
100
AcDb2dVertex
 10
8.256524278627694
 20
113.790482455694
 30
0.0
  0
SEQEND
  5
6E
100
AcDbEntity
  8
L1
  0
ARC
  5
6F
100
AcDbEntity
  8
L1
100
AcDbCircle
 10
15.17397801420907
 20
107.2108711694972
 30
0.0
 40
6.999999999999979
100
AcDbArc
 50
0.0
 51
90.0
  0
LINE
  5
70
100
AcDbEntity
  8
L6
 48
0.2
100
AcDbLine
 10
15.42888110201079
 20
101.1848915991552
 30
0.0
 11
15.42888110201079
 21
113.7644691462374
 31
0.0
  0
LINE
  5
71
100
AcDbEntity
  8
L1
100
AcDbLine
 10
10.50960344455961
 20
113.9752457391467
 30
0.0
 11
10.50960344455961
 21
108.1403116131143
 31
0.0
  0
LINE
  5
72
100
AcDbEntity
  8
L1
100
AcDbLine
 10
11.55964603007464
 20
110.1450072060609
 30
0.0
 11
10.96519971403813
 21
107.9265033522408
 31
0.0
  0
CIRCLE
  5
73
100
AcDbEntity
  8
L1
100
AcDbCircle
 10
15.42888110201079
 20
107.465774257299
 30
0.0
 40
2.271817169476896
  0
CIRCLE
  5
74
100
AcDbEntity
  8
L1
100
AcDbCircle
 10
15.42888110201079
 20
107.465774257299
 30
0.0
 40
3.9
  0
ARC
  5
75
100
AcDbEntity
  8
L1
100
AcDbCircle
 10
15.42888110201079
 20
107.465774257299
 30
0.0
 40
4.70630101413334
100
AcDbArc
 50
304.7004760816928
 51
145.2995239183023
  0
ARC
  5
76
100
AcDbEntity
  8
L1
100
AcDbCircle
 10
15.42888110201079
 20
107.465774257299
 30
0.0
 40
5.099999999999999
100
AcDbArc
 50
313.7781314990931
 51
136.2218685009029
  0
LINE
  5
77
100
AcDbEntity
  8
L1
100
AcDbLine
 10
15.88961019695239
 20
103.0020928693263
 30
0.0
 11
18.10811405077243
 21
103.5965391853627
 31
0.0
  0
LINE
  5
78
100
AcDbEntity
  8
L1
100
AcDbLine
 10
16.10341845782613
 20
102.5464965998477
 30
0.0
 11
21.93835258385866
 21
102.5464965998477
 31
0.0
  0
ARC
  5
79
100
AcDbEntity
  8
L1
100
AcDbCircle
 10
14.60835144549401
 20
102.7070619534721
 30
0.0
 40
0.3594245696617881
100
AcDbArc
 50
276.7680463598499
 51
71.85979354457261
  0
LINE
  5
7A
100
AcDbEntity
  8
L1
100
AcDbLine
 10
15.9070639325339
 20
102.3501420745556
 30
0.0
 11
15.9070639325339
 21
102.6079744029702
 31
0.0
  0
LINE
  5
7B
100
AcDbEntity
  8
L1
100
AcDbLine
 10
15.89071531528952
 20
102.7710555502591
 30
0.0
 11
15.88961019695239
 21
102.7820793551244
 31
0.0
  0
LINE
  5
7C
100
AcDbEntity
  8
L1
100
AcDbLine
 10
15.88961019695239
 20
102.782079355119
 30
0.0
 11
15.88961019695239
 21
103.0020928693263
 31
0.0
  0
LINE
  5
7D
100
AcDbEntity
  8
L1
100
AcDbLine
 10
15.9070639325339
 20
102.6079744029754
 30
0.0
 11
15.90322289638334
 21
102.646289605589
 31
0.0
  0
LINE
  5
7E
100
AcDbEntity
  8
L1
100
AcDbLine
 10
15.90322289639084
 20
102.6462896153319
 30
0.0
 11
15.8907153152902
 21
102.771055551045
 31
0.0
  0
LINE
  5
7F
100
AcDbEntity
  8
L1
100
AcDbLine
 10
15.90706393253549
 20
102.3501420745556
 30
0.0
 11
16.10341845782613
 21
102.5464965998477
 31
0.0
  0
LINE
  5
80
100
AcDbEntity
  8
L1
100
AcDbLine
 10
15.90706393253481
 20
102.3501420745556
 30
0.0
 11
14.65070969456837
 21
102.3501420745556
 31
0.0
  0
ARC
  5
81
100
AcDbEntity
  8
L1
100
AcDbCircle
 10
10.67118850226438
 20
106.6350033085623
 30
0.0
 40
0.3617837154761994
100
AcDbArc
 50
19.73199306075963
 51
171.6401670390667
  0
LINE
  5
82
100
AcDbEntity
  8
L1
100
AcDbLine
 10
10.3132489192676
 20
106.6876028498567
 30
0.0
 11
10.3132489192676
 21
107.9439570878221
 31
0.0
  0
LINE
  5
83
100
AcDbEntity
  8
L1
100
AcDbLine
 10
10.96519971403904
 20
107.9265033522406
 30
0.0
 11
10.74518619983086
 21
107.9265033522406
 31
0.0
  0
LINE
  5
84
100
AcDbEntity
  8
L1
100
AcDbLine
 10
10.50960344455961
 20
108.1403116131141
 30
0.0
 11
10.31324891926738
 21
107.943957087822
 31
0.0
  0
LINE
  5
85
100
AcDbEntity
  8
L1
100
AcDbLine
 10
10.57108124768205
 20
107.9439570878221
 30
0.0
 11
10.3132489192676
 21
107.9439570878221
 31
0.0
  0
LINE
  5
86
100
AcDbEntity
  8
L1
100
AcDbLine
 10
10.73416239575703
 20
107.9276084705784
 30
0.0
 11
10.60939646004385
 21
107.9401160516791
 31
0.0
  0
LINE
  5
87
100
AcDbEntity
  8
L1
100
AcDbLine
 10
10.74518619983632
 20
107.9265033522406
 30
0.0
 11
10.73416239497123
 21
107.9276084705779
 31
0.0
  0
LINE
  5
88
100
AcDbEntity
  8
L1
100
AcDbLine
 10
10.60939645030112
 20
107.9401160516717
 30
0.0
 11
10.57108124768728
 21
107.9439570878221
 31
0.0
  0
POLYLINE
  5
89
100
AcDbEntity
  8
L1
100
AcDb2dPolyline
 66
     1
 10
0.0
 20
0.0
 30
0.0
  0
VERTEX
  5
8A
100
AcDbEntity
  8
L1
100
AcDbVertex
100
AcDb2dVertex
 10
12.6660699684287
 20
103.3886768867169
 30
0.0
  0
VERTEX
  5
8B
100
AcDbEntity
  8
L1
100
AcDbVertex
100
AcDb2dVertex
 10
12.94200375698596
 20
103.3519691142108
 30
0.0
  0
VERTEX
  5
8C
100
AcDbEntity
  8
L1
100
AcDbVertex
100
AcDb2dVertex
 10
13.21126022331168
 20
103.3146988696445
 30
0.0
  0
SEQEND
  5
8D
100
AcDbEntity
  8
L1
  0
ARC
  5
8E
100
AcDbEntity
  8
L1
100
AcDbCircle
 10
15.42888110201079
 20
107.465774257299
 30
0.0
 40
4.925022672948151
100
AcDbArc
 50
214.1232037095365
 51
235.8767962904648
  0
ARC
  5
8F
100
AcDbEntity
  8
L1
100
AcDbCircle
 10
15.42888110201079
 20
107.465774257299
 30
0.0
 40
4.70630101413334
100
AcDbArc
 50
208.1123827949397
 51
241.8876172050616
  0
POLYLINE
  5
90
100
AcDbEntity
  8
L1
100
AcDb2dPolyline
 66
     1
 10
0.0
 20
0.0
 30
0.0
  0
VERTEX
  5
91
100
AcDbEntity
  8
L1
100
AcDbVertex
100
AcDb2dVertex
 10
11.27780571435641
 20
105.2481533785998
 30
0.0
  0
VERTEX
  5
92
100
AcDbEntity
  8
L1
100
AcDbVertex
100
AcDb2dVertex
 10
11.31507595892253
 20
104.9788969122743
 30
0.0
  0
VERTEX
  5
93
100
AcDbEntity
  8
L1
100
AcDbVertex
100
AcDb2dVertex
 10
11.35178373142866
 20
104.7029631237167
 30
0.0
  0
SEQEND
  5
94
100
AcDbEntity
  8
L1
  0
ARC
  5
95
100
AcDbEntity
  8
L1
100
AcDbCircle
 10
11.36525114641836
 20
103.4021443017065
 30
0.0
 40
1.047638793255447
100
AcDbArc
 50
179.9999999999976
 51
269.9999999999968
  0
LINE
  5
96
100
AcDbEntity
  8
L1
100
AcDbLine
 10
10.31761235316298
 20
103.4021443017065
 30
0.0
 11
10.31761235316298
 21
106.6832394159612
 31
0.0
  0
LINE
  5
97
100
AcDbEntity
  8
L1
100
AcDbLine
 10
11.01172906280976
 20
106.7571490551411
 30
0.0
 11
11.27780571435641
 21
105.2481533785999
 31
0.0
  0
LINE
  5
98
100
AcDbEntity
  8
L1
100
AcDbLine
 10
13.21126022331168
 20
103.3146988696445
 30
0.0
 11
14.72025589985287
 21
103.0486222180979
 31
0.0
  0
LINE
  5
99
100
AcDbEntity
  8
L1
100
AcDbLine
 10
14.64634626067299
 20
102.354505508451
 30
0.0
 11
11.36525114641836
 21
102.354505508451
 31
0.0
  0
LINE
  5
9A
100
AcDbEntity
  8
L1
100
AcDbLine
 10
22.18611478003276
 20
102.2230079353208
 30
0.0
 11
22.27397801420897
 21
102.010882592578
 31
0.0
  0
LINE
  5
9B
100
AcDbEntity
  8
L1
100
AcDbLine
 10
21.9739894372899
 20
102.3108711694972
 30
0.0
 11
22.18611478003276
 21
102.2230079353208
 31
0.0
  0
LINE
  5
9C
100
AcDbEntity
  8
L1
100
AcDbLine
 10
22.17397801420929
 20
102.3108711694972
 30
0.0
 11
21.9739894372899
 21
102.3108711694972
 31
0.0
  0
LINE
  5
9D
100
AcDbEntity
  8
L1
100
AcDbLine
 10
21.93835258385866
 20
102.5464965998477
 30
0.0
 11
22.17397801420929
 21
102.3108711694972
 31
0.0
  0
POLYLINE
  5
9E
100
AcDbEntity
  8
L1
100
AcDb2dPolyline
 66
     1
 10
0.0
 20
0.0
 30
0.0
  0
VERTEX
  5
9F
100
AcDbEntity
  8
L1
100
AcDbVertex
100
AcDb2dVertex
 10
18.10811405077243
 20
103.5965391853627
 30
0.0
  0
VERTEX
  5
A0
100
AcDbEntity
  8
L1
100
AcDbVertex
100
AcDb2dVertex
 10
18.31350549036483
 20
103.6430349252355
 30
0.0
  0
VERTEX
  5
A1
100
AcDbEntity
  8
L1
100
AcDbVertex
100
AcDb2dVertex
 10
18.52302243473559
 20
103.689575243566
 30
0.0
  0
VERTEX
  5
A2
100
AcDbEntity
  8
L1
100
AcDbVertex
100
AcDb2dVertex
 10
18.7373995745927
 20
103.7363248820902
 30
0.0
  0
VERTEX
  5
A3
100
AcDbEntity
  8
L1
100
AcDbVertex
100
AcDb2dVertex
 10
18.95740608608366
 20
103.7834500677724
 30
0.0
  0
SEQEND
  5
A4
100
AcDbEntity
  8
L1
  0
LINE
  5
A5
100
AcDbEntity
  8
L1
100
AcDbLine
 10
22.17397801420907
 20
107.2108711694972
 30
0.0
 11
22.17397801420907
 21
102.3108711694973
 31
0.0
  0
POLYLINE
  5
A6
100
AcDbEntity
  8
L1
100
AcDb2dPolyline
 66
     1
 10
0.0
 20
0.0
 30
0.0
  0
VERTEX
  5
A7
100
AcDbEntity
  8
L1
100
AcDbVertex
100
AcDb2dVertex
 10
11.74655691248426
 20
110.9942992413721
 30
0.0
  0
VERTEX
  5
A8
100
AcDbEntity
  8
L1
100
AcDbVertex
100
AcDb2dVertex
 10
11.69943172680223
 20
110.774292729882
 30
0.0
  0
VERTEX
  5
A9
100
AcDbEntity
  8
L1
100
AcDbVertex
100
AcDb2dVertex
 10
11.65268208827797
 20
110.5599155900242
 30
0.0
  0
VERTEX
  5
AA
100
AcDbEntity
  8
L1
100
AcDbVertex
100
AcDb2dVertex
 10
11.60614176994727
 20
110.3503986456526
 30
0.0
  0
VERTEX
  5
AB
100
AcDbEntity
  8
L1
100
AcDbVertex
100
AcDb2dVertex
 10
11.55964603007464
 20
110.145007206061
 30
0.0
  0
SEQEND
  5
AC
100
AcDbEntity
  8
L1
  0
POLYLINE
  5
AD
100
AcDbEntity
  8
L1
100
AcDb2dPolyline
 66
     1
 10
0.0
 20
0.0
 30
0.0
  0
VERTEX
  5
AE
100
AcDbEntity
  8
L1
100
AcDbVertex
100
AcDb2dVertex
 10
9.973989437289901
 20
114.3108711694973
 30
0.0
  0
VERTEX
  5
AF
100
AcDbEntity
  8
L1
100
AcDbVertex
100
AcDb2dVertex
 10
10.18611478003276
 20
114.2230079353208
 30
0.0
  0
VERTEX
  5
B0
100
AcDbEntity
  8
L1
100
AcDbVertex
100
AcDb2dVertex
 10
10.2739780142092
 20
114.010882592578
 30
0.0
  0
SEQEND
  5
B1
100
AcDbEntity
  8
L1
  0
LINE
  5
B2
100
AcDbEntity
  8
L1
100
AcDbLine
 10
10.2739780142092
 20
114.010882592578
 30
0.0
 11
10.2739780142092
 21
114.2108711694972
 31
0.0
  0
LINE
  5
B3
100
AcDbEntity
  8
L1
100
AcDbLine
 10
10.50960344455961
 20
113.9752457391466
 30
0.0
 11
10.2739780142092
 21
114.2108711694971
 31
0.0
  0
LINE
  5
B4
100
AcDbEntity
  8
L1
100
AcDbLine
 10
10.2739780142092
 20
114.2108711694972
 30
0.0
 11
15.17397801420907
 21
114.2108711694972
 31
0.0
  0
POLYLINE
  5
B5
100
AcDbEntity
  8
L1
100
AcDb2dPolyline
 66
     1
 10
0.0
 20
0.0
 30
0.0
  0
VERTEX
  5
B6
100
AcDbEntity
  8
L1
100
AcDbVertex
100
AcDb2dVertex
 10
262.2236866586209
 20
102.6657742572991
 30
0.0
  0
VERTEX
  5
B7
100
AcDbEntity
  8
L1
100
AcDbVertex
100
AcDb2dVertex
 10
262.1576619153405
 20
101.9941399835367
 30
0.0
  0
VERTEX
  5
B8
100
AcDbEntity
  8
L1
100
AcDbVertex
100
AcDb2dVertex
 10
261.9563351763732
 20
101.3291369582469
 30
0.0
  0
VERTEX
  5
B9
100
AcDbEntity
  8
L1
100
AcDbVertex
100
AcDb2dVertex
 10
261.627606925992
 20
100.7170118964926
 30
0.0
  0
VERTEX
  5
BA
100
AcDbEntity
  8
L1
100
AcDbVertex
100
AcDb2dVertex
 10
261.1986370775544
 20
100.1960182817554
 30
0.0
  0
VERTEX
  5
BB
100
AcDbEntity
  8
L1
100
AcDbVertex
100
AcDb2dVertex
 10
260.6776434628171
 20
99.76704843331759
 30
0.0
  0
VERTEX
  5
BC
100
AcDbEntity
  8
L1
100
AcDbVertex
100
AcDb2dVertex
 10
260.065518401063
 20
99.4383201829366
 30
0.0
  0
VERTEX
  5
BD
100
AcDbEntity
  8
L1
100
AcDbVertex
100
AcDb2dVertex
 10
259.400515375773
 20
99.23699344396931
 30
0.0
  0
VERTEX
  5
BE
100
AcDbEntity
  8
L1
100
AcDbVertex
100
AcDb2dVertex
 10
258.7288811020107
 20
99.17096870068888
 30
0.0
  0
SEQEND
  5
BF
100
AcDbEntity
  8
L1
  0
LINE
  5
C0
100
AcDbEntity
  8
L1
100
AcDbLine
 10
247.0837841898124
 20
102.010882592578
 30
0.0
 11
247.0837841898124
 21
100.593406010835
 31
0.0
  0
LINE
  5
C1
100
AcDbEntity
  8
L1
100
AcDbLine
 10
247.6041729036651
 20
100.2934174339157
 30
0.0
 11
247.3837727667317
 21
100.2934174339157
 31
0.0
  0
POLYLINE
  5
C2
100
AcDbEntity
  8
L1
100
AcDb2dPolyline
 66
     1
 10
0.0
 20
0.0
 30
0.0
  0
VERTEX
  5
C3
100
AcDbEntity
  8
L1
100
AcDbVertex
100
AcDb2dVertex
 10
247.6041729036651
 20
100.2934174339157
 30
0.0
  0
VERTEX
  5
C4
100
AcDbEntity
  8
L1
100
AcDbVertex
100
AcDb2dVertex
 10
247.4290862943642
 20
100.2370246252186
 30
0.0
  0
VERTEX
  5
C5
100
AcDbEntity
  8
L1
100
AcDbVertex
100
AcDb2dVertex
 10
247.31982993867
 20
100.0890463843437
 30
0.0
  0
SEQEND
  5
C6
100
AcDbEntity
  8
L1
  0
POLYLINE
  5
C7
100
AcDbEntity
  8
L1
100
AcDb2dPolyline
 66
     1
 10
0.0
 20
0.0
 30
0.0
  0
VERTEX
  5
C8
100
AcDbEntity
  8
L1
100
AcDbVertex
100
AcDb2dVertex
 10
247.31982993867
 20
100.0890463843437
 30
0.0
  0
VERTEX
  5
C9
100
AcDbEntity
  8
L1
100
AcDbVertex
100
AcDb2dVertex
 10
247.3042718578088
 20
99.99594776468843
 30
0.0
  0
SEQEND
  5
CA
100
AcDbEntity
  8
L1
  0
POLYLINE
  5
CB
100
AcDbEntity
  8
L1
100
AcDb2dPolyline
 66
     1
 10
0.0
 20
0.0
 30
0.0
  0
VERTEX
  5
CC
100
AcDbEntity
  8
L1
100
AcDbVertex
100
AcDb2dVertex
 10
247.3042718578088
 20
99.99594776468843
 30
0.0
  0
VERTEX
  5
CD
100
AcDbEntity
  8
L1
100
AcDbVertex
100
AcDb2dVertex
 10
247.3032602053677
 20
99.70537722017372
 30
0.0
  0
VERTEX
  5
CE
100
AcDbEntity
  8
L1
100
AcDbVertex
100
AcDb2dVertex
 10
247.3050378420007
 20
99.58906542281164
 30
0.0
  0
SEQEND
  5
CF
100
AcDbEntity
  8
L1
  0
LINE
  5
D0
100
AcDbEntity
  8
L1
100
AcDbLine
 10
247.3050378420007
 20
99.58906542281164
 30
0.0
 11
247.6761220936192
 21
99.21798117124462
 31
0.0
  0
POLYLINE
  5
D1
100
AcDbEntity
  8
L1
100
AcDb2dPolyline
 66
     1
 10
0.0
 20
0.0
 30
0.0
  0
VERTEX
  5
D2
100
AcDbEntity
  8
L1
100
AcDbVertex
100
AcDb2dVertex
 10
247.0837841898124
 20
100.593406010835
 30
0.0
  0
VERTEX
  5
D3
100
AcDbEntity
  8
L1
100
AcDbVertex
100
AcDb2dVertex
 10
247.1716474239888
 20
100.3812806680923
 30
0.0
  0
VERTEX
  5
D4
100
AcDbEntity
  8
L1
100
AcDbVertex
100
AcDb2dVertex
 10
247.3837727667317
 20
100.2934174339157
 30
0.0
  0
SEQEND
  5
D5
100
AcDbEntity
  8
L1
  0
POLYLINE
  5
D6
100
AcDbEntity
  8
L1
100
AcDb2dPolyline
 66
     1
 10
0.0
 20
0.0
 30
0.0
  0
VERTEX
  5
D7
100
AcDbEntity
  8
L1
100
AcDbVertex
100
AcDb2dVertex
 10
258.7288811020107
 20
99.17096870068888
 30
0.0
  0
VERTEX
  5
D8
100
AcDbEntity
  8
L1
100
AcDbVertex
100
AcDb2dVertex
 10
258.7263523189424
 20
99.17096598394557
 30
0.0
  0
VERTEX
  5
D9
100
AcDbEntity
  8
L1
100
AcDbVertex
100
AcDb2dVertex
 10
258.7238235502209
 20
99.17096507836431
 30
0.0
  0
SEQEND
  5
DA
100
AcDbEntity
  8
L1
  0
LINE
  5
DB
100
AcDbEntity
  8
L1
100
AcDbLine
 10
253.4506982714865
 20
102.3501420745556
 30
0.0
 11
254.7070525094532
 21
102.3501420745556
 31
0.0
  0
ARC
  5
DC
100
AcDbEntity
  8
L1
100
AcDbCircle
 10
254.7494107585276
 20
102.7070619534721
 30
0.0
 40
0.3594245696617881
100
AcDbArc
 50
108.1402064554273
 51
263.23195364015
  0
LINE
  5
DD
100
AcDbEntity
  8
L1
100
AcDbLine
 10
259.0837841898124
 20
114.2108711694972
 30
0.0
 11
254.1837841898123
 21
114.2108711694972
 31
0.0
  0
CIRCLE
  5
DE
100
AcDbEntity
  8
L1
100
AcDbCircle
 10
253.9288811020108
 20
107.465774257299
 30
0.0
 40
2.271817169476896
  0
ARC
  5
DF
100
AcDbEntity
  8
L1
100
AcDbCircle
 10
253.9288811020108
 20
107.465774257299
 30
0.0
 40
5.099999999999999
100
AcDbArc
 50
43.77813149909705
 51
226.2218685009069
  0
CIRCLE
  5
E0
100
AcDbEntity
  8
L1
100
AcDbCircle
 10
253.9288811020108
 20
107.465774257299
 30
0.0
 40
3.9
  0
ARC
  5
E1
100
AcDbEntity
  8
L1
100
AcDbCircle
 10
253.9288811020108
 20
107.465774257299
 30
0.0
 40
4.70630101413334
100
AcDbArc
 50
34.70047608169763
 51
235.2995239183071
  0
LINE
  5
E2
100
AcDbEntity
  8
L6
 48
0.2
100
AcDbLine
 10
246.899950774294
 20
107.465774257299
 30
0.0
 11
260.9013122187928
 21
107.465774257299
 31
0.0
  0
LINE
  5
E3
100
AcDbEntity
  8
L6
 48
0.2
100
AcDbLine
 10
253.9288811020108
 20
101.1848915991552
 30
0.0
 11
253.9288811020108
 21
113.7644691462374
 31
0.0
  0
ARC
  5
E4
100
AcDbEntity
  8
L1
100
AcDbCircle
 10
254.1837841898123
 20
107.2108711694972
 30
0.0
 40
6.999999999999979
100
AcDbArc
 50
90.0
 51
180.0
  0
POLYLINE
  5
E5
100
AcDbEntity
  8
L1
100
AcDb2dPolyline
 66
     1
 10
0.0
 20
0.0
 30
0.0
  0
VERTEX
  5
E6
100
AcDbEntity
  8
L1
100
AcDbVertex
100
AcDb2dVertex
 10
251.2496481532492
 20
103.5965391853627
 30
0.0
  0
VERTEX
  5
E7
100
AcDbEntity
  8
L1
100
AcDbVertex
100
AcDb2dVertex
 10
251.0442567136568
 20
103.6430349252355
 30
0.0
  0
VERTEX
  5
E8
100
AcDbEntity
  8
L1
100
AcDbVertex
100
AcDb2dVertex
 10
250.834739769286
 20
103.689575243566
 30
0.0
  0
VERTEX
  5
E9
100
AcDbEntity
  8
L1
100
AcDbVertex
100
AcDb2dVertex
 10
250.6203626294289
 20
103.7363248820902
 30
0.0
  0
VERTEX
  5
EA
100
AcDbEntity
  8
L1
100
AcDbVertex
100
AcDb2dVertex
 10
250.4003561179379
 20
103.7834500677724
 30
0.0
  0
SEQEND
  5
EB
100
AcDbEntity
  8
L1
  0
LINE
  5
EC
100
AcDbEntity
  8
L1
100
AcDbLine
 10
253.4681520070692
 20
103.0020928693263
 30
0.0
 11
251.2496481532492
 21
103.5965391853627
 31
0.0
  0
LINE
  5
ED
100
AcDbEntity
  8
L1
100
AcDbLine
 10
253.4506982714861
 20
102.3501420745556
 30
0.0
 11
253.2543437461955
 21
102.5464965998477
 31
0.0
  0
LINE
  5
EE
100
AcDbEntity
  8
L1
100
AcDbLine
 10
253.4545393076307
 20
102.6462896153319
 30
0.0
 11
253.4670468887314
 21
102.771055551045
 31
0.0
  0
LINE
  5
EF
100
AcDbEntity
  8
L1
100
AcDbLine
 10
253.4506982714877
 20
102.6079744029754
 30
0.0
 11
253.454539307638
 21
102.646289605589
 31
0.0
  0
LINE
  5
F0
100
AcDbEntity
  8
L1
100
AcDbLine
 10
253.4681520070692
 20
102.782079355119
 30
0.0
 11
253.4681520070692
 21
103.0020928693263
 31
0.0
  0
LINE
  5
F1
100
AcDbEntity
  8
L1
100
AcDbLine
 10
253.4670468887318
 20
102.7710555502591
 30
0.0
 11
253.4681520070692
 21
102.7820793551244
 31
0.0
  0
LINE
  5
F2
100
AcDbEntity
  8
L1
100
AcDbLine
 10
253.4506982714877
 20
102.3501420745556
 30
0.0
 11
253.4506982714877
 21
102.6079744029702
 31
0.0
  0
LINE
  5
F3
100
AcDbEntity
  8
L1
100
AcDbLine
 10
253.2543437461955
 20
102.5464965998477
 30
0.0
 11
247.4194096201629
 21
102.5464965998477
 31
0.0
  0
LINE
  5
F4
100
AcDbEntity
  8
L1
100
AcDbLine
 10
247.1716474239888
 20
102.2230079353208
 30
0.0
 11
247.0837841898124
 21
102.010882592578
 31
0.0
  0
LINE
  5
F5
100
AcDbEntity
  8
L1
100
AcDbLine
 10
247.1837841898123
 20
107.2108711694972
 30
0.0
 11
247.1837841898123
 21
102.3108711694973
 31
0.0
  0
LINE
  5
F6
100
AcDbEntity
  8
L1
100
AcDbLine
 10
247.4194096201627
 20
102.5464965998477
 30
0.0
 11
247.1837841898123
 21
102.3108711694972
 31
0.0
  0
LINE
  5
F7
100
AcDbEntity
  8
L1
100
AcDbLine
 10
247.1837841898123
 20
102.3108711694972
 30
0.0
 11
247.3837727667317
 21
102.3108711694972
 31
0.0
  0
LINE
  5
F8
100
AcDbEntity
  8
L1
100
AcDbLine
 10
247.3837727667317
 20
102.3108711694972
 30
0.0
 11
247.1716474239888
 21
102.2230079353208
 31
0.0
  0
LINE
  5
F9
100
AcDbEntity
  8
L1
100
AcDbLine
 10
257.798116173947
 20
110.1450072060609
 30
0.0
 11
258.3925624899835
 21
107.9265033522408
 31
0.0
  0
LINE
  5
FA
100
AcDbEntity
  8
L1
100
AcDbLine
 10
258.848158759462
 20
113.9752457391467
 30
0.0
 11
258.848158759462
 21
108.1403116131143
 31
0.0
  0
LINE
  5
FB
100
AcDbEntity
  8
L1
100
AcDbLine
 10
258.7483657537205
 20
107.9401160516717
 30
0.0
 11
258.7866809563343
 21
107.9439570878221
 31
0.0
  0
LINE
  5
FC
100
AcDbEntity
  8
L1
100
AcDbLine
 10
258.6125760041853
 20
107.9265033522406
 30
0.0
 11
258.6235998090504
 21
107.9276084705779
 31
0.0
  0
LINE
  5
FD
100
AcDbEntity
  8
L1
100
AcDbLine
 10
258.6235998082646
 20
107.9276084705784
 30
0.0
 11
258.7483657439777
 21
107.9401160516791
 31
0.0
  0
LINE
  5
FE
100
AcDbEntity
  8
L1
100
AcDbLine
 10
258.7866809563395
 20
107.9439570878221
 30
0.0
 11
259.044513284754
 21
107.9439570878221
 31
0.0
  0
LINE
  5
FF
100
AcDbEntity
  8
L1
100
AcDbLine
 10
258.848158759462
 20
108.1403116131141
 30
0.0
 11
259.044513284754
 21
107.943957087822
 31
0.0
  0
LINE
  5
100
100
AcDbEntity
  8
L1
100
AcDbLine
 10
258.3925624899823
 20
107.9265033522406
 30
0.0
 11
258.6125760041907
 21
107.9265033522406
 31
0.0
  0
LINE
  5
101
100
AcDbEntity
  8
L1
100
AcDbLine
 10
259.044513284754
 20
106.6876028498567
 30
0.0
 11
259.044513284754
 21
107.9439570878221
 31
0.0
  0
ARC
  5
102
100
AcDbEntity
  8
L1
100
AcDbCircle
 10
258.686573701757
 20
106.6350033085623
 30
0.0
 40
0.3617837154761994
100
AcDbArc
 50
8.359832960933287
 51
160.2680069392403
  0
ARC
  5
103
100
AcDbEntity
  8
L1
100
AcDbCircle
 10
257.9925110576033
 20
103.4021443017065
 30
0.0
 40
1.047638793255447
100
AcDbArc
 50
270.0000000000031
 51
0.0000000000023409
  0
POLYLINE
  5
104
100
AcDbEntity
  8
L1
100
AcDb2dPolyline
 66
     1
 10
0.0
 20
0.0
 30
0.0
  0
VERTEX
  5
105
100
AcDbEntity
  8
L1
100
AcDbVertex
100
AcDb2dVertex
 10
258.0799564896652
 20
105.2481533785998
 30
0.0
  0
VERTEX
  5
106
100
AcDbEntity
  8
L1
100
AcDbVertex
100
AcDb2dVertex
 10
258.0426862450991
 20
104.9788969122743
 30
0.0
  0
VERTEX
  5
107
100
AcDbEntity
  8
L1
100
AcDbVertex
100
AcDb2dVertex
 10
258.0059784725929
 20
104.7029631237167
 30
0.0
  0
SEQEND
  5
108
100
AcDbEntity
  8
L1
  0
POLYLINE
  5
109
100
AcDbEntity
  8
L1
100
AcDb2dPolyline
 66
     1
 10
0.0
 20
0.0
 30
0.0
  0
VERTEX
  5
10A
100
AcDbEntity
  8
L1
100
AcDbVertex
100
AcDb2dVertex
 10
256.6916922355929
 20
103.3886768867169
 30
0.0
  0
VERTEX
  5
10B
100
AcDbEntity
  8
L1
100
AcDbVertex
100
AcDb2dVertex
 10
256.4157584470356
 20
103.3519691142108
 30
0.0
  0
VERTEX
  5
10C
100
AcDbEntity
  8
L1
100
AcDbVertex
100
AcDb2dVertex
 10
256.1465019807097
 20
103.3146988696445
 30
0.0
  0
SEQEND
  5
10D
100
AcDbEntity
  8
L1
  0
ARC
  5
10E
100
AcDbEntity
  8
L1
100
AcDbCircle
 10
253.9288811020108
 20
107.465774257299
 30
0.0
 40
4.70630101413334
100
AcDbArc
 50
298.1123827949383
 51
331.8876172050603
  0
ARC
  5
10F
100
AcDbEntity
  8
L1
100
AcDbCircle
 10
253.9288811020108
 20
107.465774257299
 30
0.0
 40
4.925022672948151
100
AcDbArc
 50
304.1232037095351
 51
325.8767962904634
  0
LINE
  5
110
100
AcDbEntity
  8
L1
100
AcDbLine
 10
259.0401498508586
 20
103.4021443017065
 30
0.0
 11
259.0401498508586
 21
106.6832394159612
 31
0.0
  0
LINE
  5
111
100
AcDbEntity
  8
L1
100
AcDbLine
 10
258.3460331412118
 20
106.7571490551411
 30
0.0
 11
258.0799564896652
 21
105.2481533785999
 31
0.0
  0
LINE
  5
112
100
AcDbEntity
  8
L1
100
AcDbLine
 10
256.1465019807097
 20
103.3146988696445
 30
0.0
 11
254.6375063041687
 21
103.0486222180979
 31
0.0
  0
LINE
  5
113
100
AcDbEntity
  8
L1
100
AcDbLine
 10
254.7114159433486
 20
102.354505508451
 30
0.0
 11
257.9925110576033
 21
102.354505508451
 31
0.0
  0
POLYLINE
  5
114
100
AcDbEntity
  8
L1
100
AcDb2dPolyline
 66
     1
 10
0.0
 20
0.0
 30
0.0
  0
VERTEX
  5
115
100
AcDbEntity
  8
L1
100
AcDbVertex
100
AcDb2dVertex
 10
262.2236902809455
 20
102.6708318090889
 30
0.0
  0
VERTEX
  5
116
100
AcDbEntity
  8
L1
100
AcDbVertex
100
AcDb2dVertex
 10
262.2236893753643
 20
102.6683030403673
 30
0.0
  0
VERTEX
  5
117
100
AcDbEntity
  8
L1
100
AcDbVertex
100
AcDb2dVertex
 10
262.2236866586209
 20
102.6657742572991
 30
0.0
  0
SEQEND
  5
118
100
AcDbEntity
  8
L1
  0
LINE
  5
119
100
AcDbEntity
  8
L1
100
AcDbLine
 10
262.1766741880652
 20
113.718533265792
 30
0.0
 11
261.8055899364981
 21
114.089617517359
 31
0.0
  0
POLYLINE
  5
11A
100
AcDbEntity
  8
L1
100
AcDb2dPolyline
 66
     1
 10
0.0
 20
0.0
 30
0.0
  0
VERTEX
  5
11B
100
AcDbEntity
  8
L1
100
AcDbVertex
100
AcDb2dVertex
 10
261.8055899364981
 20
114.089617517359
 30
0.0
  0
VERTEX
  5
11C
100
AcDbEntity
  8
L1
100
AcDbVertex
100
AcDb2dVertex
 10
261.689278139136
 20
114.0913951539918
 30
0.0
  0
VERTEX
  5
11D
100
AcDbEntity
  8
L1
100
AcDbVertex
100
AcDb2dVertex
 10
261.3987075946214
 20
114.0903835015504
 30
0.0
  0
SEQEND
  5
11E
100
AcDbEntity
  8
L1
  0
POLYLINE
  5
11F
100
AcDbEntity
  8
L1
100
AcDb2dPolyline
 66
     1
 10
0.0
 20
0.0
 30
0.0
  0
VERTEX
  5
120
100
AcDbEntity
  8
L1
100
AcDbVertex
100
AcDb2dVertex
 10
261.3056089749659
 20
114.0748254206893
 30
0.0
  0
VERTEX
  5
121
100
AcDbEntity
  8
L1
100
AcDbVertex
100
AcDb2dVertex
 10
261.1576307340909
 20
113.9655690649951
 30
0.0
  0
VERTEX
  5
122
100
AcDbEntity
  8
L1
100
AcDbVertex
100
AcDb2dVertex
 10
261.1012379253939
 20
113.790482455694
 30
0.0
  0
SEQEND
  5
123
100
AcDbEntity
  8
L1
  0
LINE
  5
124
100
AcDbEntity
  8
L1
100
AcDbLine
 10
261.1012379253939
 20
114.010882592578
 30
0.0
 11
261.1012379253939
 21
113.790482455694
 31
0.0
  0
POLYLINE
  5
125
100
AcDbEntity
  8
L1
100
AcDb2dPolyline
 66
     1
 10
0.0
 20
0.0
 30
0.0
  0
VERTEX
  5
126
100
AcDbEntity
  8
L1
100
AcDbVertex
100
AcDb2dVertex
 10
261.1012379253939
 20
114.010882592578
 30
0.0
  0
VERTEX
  5
127
100
AcDbEntity
  8
L1
100
AcDbVertex
100
AcDb2dVertex
 10
261.0133746912175
 20
114.2230079353208
 30
0.0
  0
VERTEX
  5
128
100
AcDbEntity
  8
L1
100
AcDbVertex
100
AcDb2dVertex
 10
260.8012493484746
 20
114.3108711694973
 30
0.0
  0
SEQEND
  5
129
100
AcDbEntity
  8
L1
  0
LINE
  5
12A
100
AcDbEntity
  8
L1
100
AcDbLine
 10
258.848158759462
 20
113.9752457391466
 30
0.0
 11
259.0837841898124
 21
114.2108711694971
 31
0.0
  0
LINE
  5
12B
100
AcDbEntity
  8
L1
100
AcDbLine
 10
259.0837841898124
 20
114.010882592578
 30
0.0
 11
259.0837841898124
 21
114.2108711694972
 31
0.0
  0
POLYLINE
  5
12C
100
AcDbEntity
  8
L1
100
AcDb2dPolyline
 66
     1
 10
0.0
 20
0.0
 30
0.0
  0
VERTEX
  5
12D
100
AcDbEntity
  8
L1
100
AcDbVertex
100
AcDb2dVertex
 10
259.3837727667317
 20
114.3108711694973
 30
0.0
  0
VERTEX
  5
12E
100
AcDbEntity
  8
L1
100
AcDbVertex
100
AcDb2dVertex
 10
259.1716474239888
 20
114.2230079353208
 30
0.0
  0
VERTEX
  5
12F
100
AcDbEntity
  8
L1
100
AcDbVertex
100
AcDb2dVertex
 10
259.0837841898124
 20
114.010882592578
 30
0.0
  0
SEQEND
  5
130
100
AcDbEntity
  8
L1
  0
LINE
  5
131
100
AcDbEntity
  8
L1
100
AcDbLine
 10
260.8012493484746
 20
114.3108711694972
 30
0.0
 11
259.3837727667317
 21
114.3108711694972
 31
0.0
  0
POLYLINE
  5
132
100
AcDbEntity
  8
L1
100
AcDb2dPolyline
 66
     1
 10
0.0
 20
0.0
 30
0.0
  0
VERTEX
  5
133
100
AcDbEntity
  8
L1
100
AcDbVertex
100
AcDb2dVertex
 10
257.6112052915373
 20
110.9942992413721
 30
0.0
  0
VERTEX
  5
134
100
AcDbEntity
  8
L1
100
AcDbVertex
100
AcDb2dVertex
 10
257.6583304772191
 20
110.774292729882
 30
0.0
  0
VERTEX
  5
135
100
AcDbEntity
  8
L1
100
AcDbVertex
100
AcDb2dVertex
 10
257.7050801157436
 20
110.5599155900242
 30
0.0
  0
VERTEX
  5
136
100
AcDbEntity
  8
L1
100
AcDbVertex
100
AcDb2dVertex
 10
257.7516204340741
 20
110.3503986456526
 30
0.0
  0
VERTEX
  5
137
100
AcDbEntity
  8
L1
100
AcDbVertex
100
AcDb2dVertex
 10
257.798116173947
 20
110.145007206061
 30
0.0
  0
SEQEND
  5
138
100
AcDbEntity
  8
L1
  0
POLYLINE
  5
139
100
AcDbEntity
  8
L1
100
AcDb2dPolyline
 66
     1
 10
0.0
 20
0.0
 30
0.0
  0
VERTEX
  5
13A
100
AcDbEntity
  8
L1
100
AcDbVertex
100
AcDb2dVertex
 10
261.3987075946214
 20
114.0903835015504
 30
0.0
  0
VERTEX
  5
13B
100
AcDbEntity
  8
L1
100
AcDbVertex
100
AcDb2dVertex
 10
261.3056089749659
 20
114.0748254206893
 30
0.0
  0
SEQEND
  5
13C
100
AcDbEntity
  8
L1
  0
LINE
  5
13D
100
AcDbEntity
  8
L1
100
AcDbLine
 10
326.6442182348388
 20
113.7185332658091
 30
0.0
 11
369.6618984384075
 21
114.0939428736108
 31
0.0
  0
LINE
  5
13E
100
AcDbEntity
  8
L2
100
AcDbLine
 10
366.6618984384074
 20
116.6672101756916
 30
0.0
 11
320.9592804777588
 21
116.2683694710573
 31
0.0
  0
LINE
  5
13F
100
AcDbEntity
  8
L1
100
AcDbLine
 10
324.6617461306641
 20
99.20068039930971
 30
0.0
 11
369.1662617061575
 21
99.58906542282903
 31
0.0
  0
LINE
  5
140
100
AcDbEntity
  8
L1
100
AcDbLine
 10
324.9591281700145
 20
99.90330226791975
 30
0.0
 11
370.3645163990571
 21
100.2995490879829
 31
0.0
  0
POLYLINE
  5
141
100
AcDbEntity
  8
L1
100
AcDb2dPolyline
 66
     1
 10
0.0
 20
0.0
 30
0.0
  0
VERTEX
  5
142
100
AcDbEntity
  8
L1
100
AcDbVertex
100
AcDb2dVertex
 10
324.6617461306641
 20
99.20068039930971
 30
0.0
  0
VERTEX
  5
143
100
AcDbEntity
  8
L1
100
AcDbVertex
100
AcDb2dVertex
 10
324.6617461306641
 20
99.37197264227172
 30
0.0
  0
VERTEX
  5
144
100
AcDbEntity
  8
L1
100
AcDbVertex
100
AcDb2dVertex
 10
324.6617461306641
 20
99.86908370528215
 30
0.0
  0
VERTEX
  5
145
100
AcDbEntity
  8
L1
100
AcDbVertex
100
AcDb2dVertex
 10
324.6617461306641
 20
100.6433575730924
 30
0.0
  0
VERTEX
  5
146
100
AcDbEntity
  8
L1
100
AcDbVertex
100
AcDb2dVertex
 10
324.6617461306641
 20
101.619010212874
 30
0.0
  0
VERTEX
  5
147
100
AcDbEntity
  8
L1
100
AcDbVertex
100
AcDb2dVertex
 10
324.6617461306641
 20
102.7005471300342
 30
0.0
  0
SEQEND
  5
148
100
AcDbEntity
  8
L1
  0
LINE
  5
149
100
AcDbEntity
  8
L1
100
AcDbLine
 10
321.2567076173423
 20
99.17096507838147
 30
0.0
 11
324.6617461306641
 21
99.20068039930971
 31
0.0
  0
LINE
  5
14A
100
AcDbEntity
  8
L1
100
AcDbLine
 10
320.6618984384074
 20
99.76577425731619
 30
0.0
 11
321.2567039950177
 21
99.17096870070606
 31
0.0
  0
ARC
  5
14B
100
AcDbEntity
  8
L1
100
AcDbCircle
 10
324.9617461306641
 20
99.60331369100044
 30
0.0
 40
0.3000000000000011
100
AcDbArc
 50
90.49999999999942
 51
179.9999999999972
  0
LINE
  5
14C
100
AcDbEntity
  8
L1
100
AcDbLine
 10
324.6617461306641
 20
102.7005471300342
 30
0.0
 11
324.6617461306641
 21
111.7186094138818
 31
0.0
  0
LINE
  5
14D
100
AcDbEntity
  8
L1
100
AcDbLine
 10
320.6622025624399
 20
112.5657716032659
 30
0.0
 11
320.6618984384074
 21
112.5657742573161
 31
0.0
  0
LINE
  5
14E
100
AcDbEntity
  8
L1
100
AcDbLine
 10
320.6618984384074
 20
112.2107884996414
 30
0.0
 11
320.6627161798313
 21
112.2107813633201
 31
0.0
  0
POLYLINE
  5
14F
100
AcDbEntity
  8
L1
100
AcDb2dPolyline
 66
     1
 10
0.0
 20
0.0
 30
0.0
  0
VERTEX
  5
150
100
AcDbEntity
  8
L1
100
AcDbVertex
100
AcDb2dVertex
 10
320.6618984384074
 20
113.1038833169299
 30
0.0
  0
VERTEX
  5
151
100
AcDbEntity
  8
L1
100
AcDbVertex
100
AcDb2dVertex
 10
320.6621515422737
 20
113.1038791422463
 30
0.0
  0
SEQEND
  5
152
100
AcDbEntity
  8
L1
  0
LINE
  5
153
100
AcDbEntity
  8
L1
100
AcDbLine
 10
320.6618984384074
 20
115.6885631154901
 30
0.0
 11
320.6627161798313
 21
115.6885559791688
 31
0.0
  0
ELLIPSE
  5
154
100
AcDbEntity
  8
L1
100
AcDbEllipse
 10
326.6616699767926
 20
111.7186094138818
 30
0.0
 11
0.0
 21
-2.0
 31
0.0
210
0.0
220
0.0
230
1.0
 40
0.9999619230641712
 41
-3.132866339596876
 42
-1.570796326794896
  0
ARC
  5
155
100
AcDbEntity
  8
L1
100
AcDbCircle
 10
320.9618984384074
 20
115.9683808941376
 30
0.0
 40
0.3
100
AcDbArc
 50
179.9057675954149
 51
180.0
  0
POLYLINE
  5
156
100
AcDbEntity
  8
L1
100
AcDb2dPolyline
 66
     1
 10
0.0
 20
0.0
 30
0.0
  0
VERTEX
  5
157
100
AcDbEntity
  8
L1
100
AcDbVertex
100
AcDb2dVertex
 10
370.6618984384074
 20
100.5995376649021
 30
0.0
  0
VERTEX
  5
158
100
AcDbEntity
  8
L1
100
AcDbVertex
100
AcDb2dVertex
 10
370.6618984384074
 20
100.6115751403121
 30
0.0
  0
VERTEX
  5
159
100
AcDbEntity
  8
L1
100
AcDbVertex
100
AcDb2dVertex
 10
370.6618984384074
 20
100.6475716503045
 30
0.0
  0
VERTEX
  5
15A
100
AcDbEntity
  8
L1
100
AcDbVertex
100
AcDb2dVertex
 10
370.6618984384074
 20
100.7071805623954
 30
0.0
  0
VERTEX
  5
15B
100
AcDbEntity
  8
L1
100
AcDbVertex
100
AcDb2dVertex
 10
370.6618984384074
 20
100.7898278657914
 30
0.0
  0
VERTEX
  5
15C
100
AcDbEntity
  8
L1
100
AcDbVertex
100
AcDb2dVertex
 10
370.6618984384074
 20
100.8947176988918
 30
0.0
  0
VERTEX
  5
15D
100
AcDbEntity
  8
L1
100
AcDbVertex
100
AcDb2dVertex
 10
370.6618984384074
 20
101.0208400131282
 30
0.0
  0
VERTEX
  5
15E
100
AcDbEntity
  8
L1
100
AcDbVertex
100
AcDb2dVertex
 10
370.6618984384074
 20
101.1669802993423
 30
0.0
  0
VERTEX
  5
15F
100
AcDbEntity
  8
L1
100
AcDbVertex
100
AcDb2dVertex
 10
370.6618984384074
 20
101.3317312830393
 30
0.0
  0
VERTEX
  5
160
100
AcDbEntity
  8
L1
100
AcDbVertex
100
AcDb2dVertex
 10
370.6618984384074
 20
101.5135064758981
 30
0.0
  0
VERTEX
  5
161
100
AcDbEntity
  8
L1
100
AcDbVertex
100
AcDb2dVertex
 10
370.6618984384074
 20
101.7105554530408
 30
0.0
  0
VERTEX
  5
162
100
AcDbEntity
  8
L1
100
AcDbVertex
100
AcDb2dVertex
 10
370.6618984384074
 20
101.9209807089478
 30
0.0
  0
VERTEX
  5
163
100
AcDbEntity
  8
L1
100
AcDbVertex
100
AcDb2dVertex
 10
370.6618984384074
 20
102.1427559297029
 30
0.0
  0
VERTEX
  5
164
100
AcDbEntity
  8
L1
100
AcDbVertex
100
AcDb2dVertex
 10
370.6618984384074
 20
102.3737455056137
 30
0.0
  0
VERTEX
  5
165
100
AcDbEntity
  8
L1
100
AcDbVertex
100
AcDb2dVertex
 10
370.6618984384074
 20
102.6117250963073
 30
0.0
  0
VERTEX
  5
166
100
AcDbEntity
  8
L1
100
AcDbVertex
100
AcDb2dVertex
 10
370.6618984384074
 20
102.8544030502694
 30
0.0
  0
VERTEX
  5
167
100
AcDbEntity
  8
L1
100
AcDbVertex
100
AcDb2dVertex
 10
370.6618984384074
 20
103.0994424725626
 30
0.0
  0
SEQEND
  5
168
100
AcDbEntity
  8
L1
  0
POLYLINE
  5
169
100
AcDbEntity
  8
L1
100
AcDb2dPolyline
 66
     1
 10
0.0
 20
0.0
 30
0.0
  0
VERTEX
  5
16A
100
AcDbEntity
  8
L1
100
AcDbVertex
100
AcDb2dVertex
 10
369.6531546312624
 20
99.99594776470553
 30
0.0
  0
VERTEX
  5
16B
100
AcDbEntity
  8
L1
100
AcDbVertex
100
AcDb2dVertex
 10
369.4825196673757
 20
99.70537722019095
 30
0.0
  0
VERTEX
  5
16C
100
AcDbEntity
  8
L1
100
AcDbVertex
100
AcDb2dVertex
 10
369.1662617061568
 20
99.58906542282882
 30
0.0
  0
SEQEND
  5
16D
100
AcDbEntity
  8
L1
  0
ARC
  5
16E
100
AcDbEntity
  8
L1
100
AcDbCircle
 10
370.3618984384075
 20
100.5995376649022
 30
0.0
 40
0.299999999999996
100
AcDbArc
 50
270.500000000002
 51
0.0
  0
POLYLINE
  5
16F
100
AcDbEntity
  8
L1
100
AcDb2dPolyline
 66
     1
 10
0.0
 20
0.0
 30
0.0
  0
VERTEX
  5
170
100
AcDbEntity
  8
L1
100
AcDbVertex
100
AcDb2dVertex
 10
369.6618984384075
 20
100.0890463843608
 30
0.0
  0
VERTEX
  5
171
100
AcDbEntity
  8
L1
100
AcDbVertex
100
AcDb2dVertex
 10
369.6531546312624
 20
99.99594776470553
 30
0.0
  0
SEQEND
  5
172
100
AcDbEntity
  8
L1
  0
POLYLINE
  5
173
100
AcDbEntity
  8
L1
100
AcDb2dPolyline
 66
     1
 10
0.0
 20
0.0
 30
0.0
  0
VERTEX
  5
174
100
AcDbEntity
  8
L1
100
AcDbVertex
100
AcDb2dVertex
 10
369.6618984384075
 20
100.2934174339329
 30
0.0
  0
VERTEX
  5
175
100
AcDbEntity
  8
L1
100
AcDbVertex
100
AcDb2dVertex
 10
369.6618984384075
 20
100.2370246252359
 30
0.0
  0
VERTEX
  5
176
100
AcDbEntity
  8
L1
100
AcDbVertex
100
AcDb2dVertex
 10
369.6618984384075
 20
100.0890463843608
 30
0.0
  0
SEQEND
  5
177
100
AcDbEntity
  8
L1
  0
POLYLINE
  5
178
100
AcDbEntity
  8
L1
100
AcDb2dPolyline
 66
     1
 10
0.0
 20
0.0
 30
0.0
  0
VERTEX
  5
179
100
AcDbEntity
  8
L1
100
AcDbVertex
100
AcDb2dVertex
 10
369.6618984384075
 20
100.2936290378374
 30
0.0
  0
VERTEX
  5
17A
100
AcDbEntity
  8
L1
100
AcDbVertex
100
AcDb2dVertex
 10
369.6618984384075
 20
100.2934724971471
 30
0.0
  0
VERTEX
  5
17B
100
AcDbEntity
  8
L1
100
AcDbVertex
100
AcDb2dVertex
 10
369.6618984384075
 20
100.2934175201801
 30
0.0
  0
SEQEND
  5
17C
100
AcDbEntity
  8
L1
  0
LINE
  5
17D
100
AcDbEntity
  8
L1
100
AcDbLine
 10
370.6618984384074
 20
103.0994424725626
 30
0.0
 11
370.6618984384074
 21
114.0047509385452
 31
0.0
  0
ARC
  5
17E
100
AcDbEntity
  8
L1
100
AcDbCircle
 10
370.3618984384075
 20
114.0047509385452
 30
0.0
 40
0.299999999999996
100
AcDbArc
 50
0.0
 51
89.50000000000057
  0
LINE
  5
17F
100
AcDbEntity
  8
L1
100
AcDbLine
 10
370.3645163990571
 20
114.3047395154644
 30
0.0
 11
369.6619966375645
 21
114.3108703125433
 31
0.0
  0
LINE
  5
180
100
AcDbEntity
  8
L6
100
AcDbLine
 10
312.6618984384074
 20
189.215774257299
 30
0.0
 11
378.6618984384074
 21
189.215774257299
 31
0.0
  0
LINE
  5
181
100
AcDbEntity
  8
L2
 48
0.3
100
AcDbLine
 10
359.5514276590845
 20
185.843865961957
 30
0.0
 11
366.6618984384076
 21
185.6576717318096
 31
0.0
  0
LINE
  5
182
100
AcDbEntity
  8
L2
 48
0.3
100
AcDbLine
 10
359.5514276590845
 20
178.1438659619571
 30
0.0
 11
366.6618984384076
 21
177.9576717318098
 31
0.0
  0
LINE
  5
183
100
AcDbEntity
  8
L2
 48
0.3
100
AcDbLine
 10
366.6618984384076
 20
180.4738767827885
 30
0.0
 11
359.5514276590845
 21
180.2876825526411
 31
0.0
  0
LINE
  5
184
100
AcDbEntity
  8
L2
 48
0.3
100
AcDbLine
 10
359.1618984384076
 20
179.8878196226508
 30
0.0
 11
359.1618984384076
 21
178.5437288919474
 31
0.0
  0
ARC
  5
185
100
AcDbEntity
  8
L2
 48
0.3
100
AcDbCircle
 10
359.5618984384076
 20
178.5437288919474
 30
0.0
 40
0.4
100
AcDbArc
 50
180.0
 51
268.5000000000018
  0
ARC
  5
186
100
AcDbEntity
  8
L2
 48
0.3
100
AcDbCircle
 10
359.5618984384076
 20
179.8878196226508
 30
0.0
 40
0.4
100
AcDbArc
 50
91.50000000000005
 51
180.0
  0
ARC
  5
187
100
AcDbEntity
  8
L2
 48
0.3
100
AcDbCircle
 10
359.5618984384076
 20
186.2437288919473
 30
0.0
 40
0.4
100
AcDbArc
 50
180.0
 51
268.5000000000018
  0
LINE
  5
188
100
AcDbEntity
  8
L1
100
AcDbLine
 10
258.7238235502209
 20
279.2605834362337
 30
0.0
 11
10.63393865380066
 21
279.2605834362337
 31
0.0
  0
ARC
  5
189
100
AcDbEntity
  8
L1
100
AcDbCircle
 10
15.17397801420907
 20
271.2206773451008
 30
0.0
 40
6.999999999999979
100
AcDbArc
 50
270.0
 51
0.0
  0
POLYLINE
  5
18A
100
AcDbEntity
  8
L1
100
AcDb2dPolyline
 66
     1
 10
0.0
 20
0.0
 30
0.0
  0
VERTEX
  5
18B
100
AcDbEntity
  8
L1
100
AcDbVertex
100
AcDb2dVertex
 10
8.05215322905542
 20
264.3567230939087
 30
0.0
  0
VERTEX
  5
18C
100
AcDbEntity
  8
L1
100
AcDbVertex
100
AcDb2dVertex
 10
8.200131469930511
 20
264.4659794496029
 30
0.0
  0
VERTEX
  5
18D
100
AcDbEntity
  8
L1
100
AcDbVertex
100
AcDb2dVertex
 10
8.256524278627694
 20
264.641066058904
 30
0.0
  0
SEQEND
  5
18E
100
AcDbEntity
  8
L1
  0
LINE
  5
18F
100
AcDbEntity
  8
L1
100
AcDbLine
 10
8.256524278627694
 20
264.42066592202
 30
0.0
 11
8.256524278627694
 21
264.641066058904
 31
0.0
  0
LINE
  5
190
100
AcDbEntity
  8
L1
100
AcDbLine
 10
7.18108801595622
 20
264.713015248806
 30
0.0
 11
7.552172267523474
 21
264.341930997239
 31
0.0
  0
LINE
  5
191
100
AcDbEntity
  8
L1
100
AcDbLine
 10
10.50960344455961
 20
264.4563027754514
 30
0.0
 11
10.50960344455961
 21
270.2912369014837
 31
0.0
  0
LINE
  5
192
100
AcDbEntity
  8
L1
100
AcDbLine
 10
8.556512855546998
 20
264.1206773451008
 30
0.0
 11
9.973989437289901
 21
264.1206773451008
 31
0.0
  0
POLYLINE
  5
193
100
AcDbEntity
  8
L1
100
AcDb2dPolyline
 66
     1
 10
0.0
 20
0.0
 30
0.0
  0
VERTEX
  5
194
100
AcDbEntity
  8
L1
100
AcDbVertex
100
AcDb2dVertex
 10
8.256524278627694
 20
264.42066592202
 30
0.0
  0
VERTEX
  5
195
100
AcDbEntity
  8
L1
100
AcDbVertex
100
AcDb2dVertex
 10
8.344387512804132
 20
264.2085405792772
 30
0.0
  0
VERTEX
  5
196
100
AcDbEntity
  8
L1
100
AcDbVertex
100
AcDb2dVertex
 10
8.556512855546998
 20
264.1206773451007
 30
0.0
  0
SEQEND
  5
197
100
AcDbEntity
  8
L1
  0
POLYLINE
  5
198
100
AcDbEntity
  8
L1
100
AcDb2dPolyline
 66
     1
 10
0.0
 20
0.0
 30
0.0
  0
VERTEX
  5
199
100
AcDbEntity
  8
L1
100
AcDbVertex
100
AcDb2dVertex
 10
7.552172267523474
 20
264.341930997239
 30
0.0
  0
VERTEX
  5
19A
100
AcDbEntity
  8
L1
100
AcDbVertex
100
AcDb2dVertex
 10
7.66848406488566
 20
264.3401533606062
 30
0.0
  0
VERTEX
  5
19B
100
AcDbEntity
  8
L1
100
AcDbVertex
100
AcDb2dVertex
 10
7.959054609400254
 20
264.3411650130476
 30
0.0
  0
SEQEND
  5
19C
100
AcDbEntity
  8
L1
  0
POLYLINE
  5
19D
100
AcDbEntity
  8
L1
100
AcDb2dPolyline
 66
     1
 10
0.0
 20
0.0
 30
0.0
  0
VERTEX
  5
19E
100
AcDbEntity
  8
L1
100
AcDbVertex
100
AcDb2dVertex
 10
7.959054609400254
 20
264.3411650130476
 30
0.0
  0
VERTEX
  5
19F
100
AcDbEntity
  8
L1
100
AcDbVertex
100
AcDb2dVertex
 10
8.05215322905542
 20
264.3567230939087
 30
0.0
  0
SEQEND
  5
1A0
100
AcDbEntity
  8
L1
  0
LINE
  5
1A1
100
AcDbEntity
  8
L1
100
AcDbLine
 10
10.50960344455961
 20
264.4563027754514
 30
0.0
 11
10.2739780142092
 21
264.2206773451009
 31
0.0
  0
LINE
  5
1A2
100
AcDbEntity
  8
L1
100
AcDbLine
 10
10.2739780142092
 20
264.42066592202
 30
0.0
 11
10.2739780142092
 21
264.2206773451008
 31
0.0
  0
POLYLINE
  5
1A3
100
AcDbEntity
  8
L1
100
AcDb2dPolyline
 66
     1
 10
0.0
 20
0.0
 30
0.0
  0
VERTEX
  5
1A4
100
AcDbEntity
  8
L1
100
AcDbVertex
100
AcDb2dVertex
 10
9.973989437289901
 20
264.1206773451007
 30
0.0
  0
VERTEX
  5
1A5
100
AcDbEntity
  8
L1
100
AcDbVertex
100
AcDb2dVertex
 10
10.18611478003276
 20
264.2085405792772
 30
0.0
  0
VERTEX
  5
1A6
100
AcDbEntity
  8
L1
100
AcDbVertex
100
AcDb2dVertex
 10
10.2739780142092
 20
264.42066592202
 30
0.0
  0
SEQEND
  5
1A7
100
AcDbEntity
  8
L1
  0
LINE
  5
1A8
100
AcDbEntity
  8
L1
100
AcDbLine
 10
10.2739780142092
 20
264.2206773451008
 30
0.0
 11
15.17397801420907
 21
264.2206773451008
 31
0.0
  0
POLYLINE
  5
1A9
100
AcDbEntity
  8
L1
100
AcDb2dPolyline
 66
     1
 10
0.0
 20
0.0
 30
0.0
  0
VERTEX
  5
1AA
100
AcDbEntity
  8
L1
100
AcDbVertex
100
AcDb2dVertex
 10
7.134075545400719
 20
275.7657742572989
 30
0.0
  0
VERTEX
  5
1AB
100
AcDbEntity
  8
L1
100
AcDbVertex
100
AcDb2dVertex
 10
7.200100288681142
 20
276.4374085310613
 30
0.0
  0
VERTEX
  5
1AC
100
AcDbEntity
  8
L1
100
AcDbVertex
100
AcDb2dVertex
 10
7.401427027648423
 20
277.1024115563511
 30
0.0
  0
VERTEX
  5
1AD
100
AcDbEntity
  8
L1
100
AcDbVertex
100
AcDb2dVertex
 10
7.730155278029315
 20
277.7145366181053
 30
0.0
  0
VERTEX
  5
1AE
100
AcDbEntity
  8
L1
100
AcDbVertex
100
AcDb2dVertex
 10
8.159125126467188
 20
278.2355302328426
 30
0.0
  0
VERTEX
  5
1AF
100
AcDbEntity
  8
L1
100
AcDbVertex
100
AcDb2dVertex
 10
8.680118741204296
 20
278.6645000812804
 30
0.0
  0
VERTEX
  5
1B0
100
AcDbEntity
  8
L1
100
AcDbVertex
100
AcDb2dVertex
 10
9.292243802958637
 20
278.9932283316614
 30
0.0
  0
VERTEX
  5
1B1
100
AcDbEntity
  8
L1
100
AcDbVertex
100
AcDb2dVertex
 10
9.957246828248344
 20
279.1945550706287
 30
0.0
  0
VERTEX
  5
1B2
100
AcDbEntity
  8
L1
100
AcDbVertex
100
AcDb2dVertex
 10
10.62888110201083
 20
279.2605798139092
 30
0.0
  0
SEQEND
  5
1B3
100
AcDbEntity
  8
L1
  0
LINE
  5
1B4
100
AcDbEntity
  8
L6
 48
0.2
100
AcDbLine
 10
22.45781142972759
 20
270.965774257299
 30
0.0
 11
8.4564499852288
 21
270.965774257299
 31
0.0
  0
POLYLINE
  5
1B5
100
AcDbEntity
  8
L1
100
AcDb2dPolyline
 66
     1
 10
0.0
 20
0.0
 30
0.0
  0
VERTEX
  5
1B6
100
AcDbEntity
  8
L1
100
AcDbVertex
100
AcDb2dVertex
 10
7.134071923076135
 20
275.7607167055091
 30
0.0
  0
VERTEX
  5
1B7
100
AcDbEntity
  8
L1
100
AcDbVertex
100
AcDb2dVertex
 10
7.134072828657281
 20
275.7632454742307
 30
0.0
  0
VERTEX
  5
1B8
100
AcDbEntity
  8
L1
100
AcDbVertex
100
AcDb2dVertex
 10
7.134075545400719
 20
275.7657742572989
 30
0.0
  0
SEQEND
  5
1B9
100
AcDbEntity
  8
L1
  0
LINE
  5
1BA
100
AcDbEntity
  8
L1
100
AcDbLine
 10
10.31761235316298
 20
275.0294042128915
 30
0.0
 11
10.31761235316298
 21
271.7483090986368
 31
0.0
  0
LINE
  5
1BB
100
AcDbEntity
  8
L1
100
AcDbLine
 10
11.01172906280976
 20
271.6743994594569
 30
0.0
 11
11.27780571435641
 21
273.1833951359981
 31
0.0
  0
LINE
  5
1BC
100
AcDbEntity
  8
L6
 48
0.2
100
AcDbLine
 10
15.42888110201079
 20
277.2466569154428
 30
0.0
 11
15.42888110201079
 21
264.6670793683606
 31
0.0
  0
LINE
  5
1BD
100
AcDbEntity
  8
L1
100
AcDbLine
 10
22.17397801420907
 20
271.2206773451008
 30
0.0
 11
22.17397801420907
 21
276.1206773451007
 31
0.0
  0
CIRCLE
  5
1BE
100
AcDbEntity
  8
L1
100
AcDbCircle
 10
15.42888110201079
 20
270.965774257299
 30
0.0
 40
3.9
  0
CIRCLE
  5
1BF
100
AcDbEntity
  8
L1
100
AcDbCircle
 10
15.42888110201079
 20
270.965774257299
 30
0.0
 40
2.271817169476896
  0
ARC
  5
1C0
100
AcDbEntity
  8
L1
100
AcDbCircle
 10
15.42888110201079
 20
270.965774257299
 30
0.0
 40
5.099999999999999
100
AcDbArc
 50
223.778131499097
 51
46.22186850090692
  0
ARC
  5
1C1
100
AcDbEntity
  8
L1
100
AcDbCircle
 10
15.42888110201079
 20
270.965774257299
 30
0.0
 40
4.70630101413334
100
AcDbArc
 50
214.7004760816976
 51
55.29952391830715
  0
POLYLINE
  5
1C2
100
AcDbEntity
  8
L1
100
AcDb2dPolyline
 66
     1
 10
0.0
 20
0.0
 30
0.0
  0
VERTEX
  5
1C3
100
AcDbEntity
  8
L1
100
AcDbVertex
100
AcDb2dVertex
 10
11.74655691248426
 20
267.4372492732259
 30
0.0
  0
VERTEX
  5
1C4
100
AcDbEntity
  8
L1
100
AcDbVertex
100
AcDb2dVertex
 10
11.69943172680223
 20
267.6572557847161
 30
0.0
  0
VERTEX
  5
1C5
100
AcDbEntity
  8
L1
100
AcDbVertex
100
AcDb2dVertex
 10
11.65268208827797
 20
267.8716329245738
 30
0.0
  0
VERTEX
  5
1C6
100
AcDbEntity
  8
L1
100
AcDbVertex
100
AcDb2dVertex
 10
11.60614176994727
 20
268.0811498689454
 30
0.0
  0
VERTEX
  5
1C7
100
AcDbEntity
  8
L1
100
AcDbVertex
100
AcDb2dVertex
 10
11.55964603007464
 20
268.286541308537
 30
0.0
  0
SEQEND
  5
1C8
100
AcDbEntity
  8
L1
  0
LINE
  5
1C9
100
AcDbEntity
  8
L1
100
AcDbLine
 10
10.60939645030112
 20
270.4914324629263
 30
0.0
 11
10.57108124768728
 21
270.4875914267759
 31
0.0
  0
LINE
  5
1CA
100
AcDbEntity
  8
L1
100
AcDbLine
 10
10.74518619983632
 20
270.5050451623574
 30
0.0
 11
10.73416239497123
 21
270.5039400440201
 31
0.0
  0
LINE
  5
1CB
100
AcDbEntity
  8
L1
100
AcDbLine
 10
10.73416239575703
 20
270.5039400440195
 30
0.0
 11
10.60939646004385
 21
270.4914324629189
 31
0.0
  0
LINE
  5
1CC
100
AcDbEntity
  8
L1
100
AcDbLine
 10
10.57108124768205
 20
270.4875914267759
 30
0.0
 11
10.3132489192676
 21
270.4875914267759
 31
0.0
  0
LINE
  5
1CD
100
AcDbEntity
  8
L1
100
AcDbLine
 10
10.50960344455961
 20
270.2912369014839
 30
0.0
 11
10.31324891926738
 21
270.487591426776
 31
0.0
  0
LINE
  5
1CE
100
AcDbEntity
  8
L1
100
AcDbLine
 10
10.96519971403904
 20
270.5050451623574
 30
0.0
 11
10.74518619983086
 21
270.5050451623574
 31
0.0
  0
LINE
  5
1CF
100
AcDbEntity
  8
L1
100
AcDbLine
 10
11.55964603007464
 20
268.2865413085371
 30
0.0
 11
10.96519971403813
 21
270.5050451623571
 31
0.0
  0
LINE
  5
1D0
100
AcDbEntity
  8
L1
100
AcDbLine
 10
10.3132489192676
 20
271.7439456647413
 30
0.0
 11
10.3132489192676
 21
270.4875914267759
 31
0.0
  0
ARC
  5
1D1
100
AcDbEntity
  8
L1
100
AcDbCircle
 10
10.67118850226438
 20
271.7965452060357
 30
0.0
 40
0.3617837154761994
100
AcDbArc
 50
188.3598329609332
 51
340.2680069392403
  0
LINE
  5
1D2
100
AcDbEntity
  8
L1
100
AcDbLine
 10
15.88961019695239
 20
275.4294556452717
 30
0.0
 11
18.10811405077243
 21
274.8350093292354
 31
0.0
  0
LINE
  5
1D3
100
AcDbEntity
  8
L1
100
AcDbLine
 10
16.10341845782613
 20
275.8850519147503
 30
0.0
 11
21.93835258385866
 21
275.8850519147503
 31
0.0
  0
LINE
  5
1D4
100
AcDbEntity
  8
L1
100
AcDbLine
 10
15.90706393253481
 20
276.0814064400424
 30
0.0
 11
14.65070969456837
 21
276.0814064400424
 31
0.0
  0
LINE
  5
1D5
100
AcDbEntity
  8
L1
100
AcDbLine
 10
15.90706393253549
 20
276.0814064400424
 30
0.0
 11
16.10341845782613
 21
275.8850519147503
 31
0.0
  0
LINE
  5
1D6
100
AcDbEntity
  8
L1
100
AcDbLine
 10
15.90322289639084
 20
275.7852588992661
 30
0.0
 11
15.8907153152902
 21
275.660492963553
 31
0.0
  0
LINE
  5
1D7
100
AcDbEntity
  8
L1
100
AcDbLine
 10
15.9070639325339
 20
275.8235741116226
 30
0.0
 11
15.90322289638334
 21
275.785258909009
 31
0.0
  0
LINE
  5
1D8
100
AcDbEntity
  8
L1
100
AcDbLine
 10
15.88961019695239
 20
275.649469159479
 30
0.0
 11
15.88961019695239
 21
275.4294556452717
 31
0.0
  0
LINE
  5
1D9
100
AcDbEntity
  8
L1
100
AcDbLine
 10
15.89071531528952
 20
275.6604929643389
 30
0.0
 11
15.88961019695239
 21
275.6494691594736
 31
0.0
  0
LINE
  5
1DA
100
AcDbEntity
  8
L1
100
AcDbLine
 10
15.9070639325339
 20
276.0814064400424
 30
0.0
 11
15.9070639325339
 21
275.8235741116278
 31
0.0
  0
ARC
  5
1DB
100
AcDbEntity
  8
L1
100
AcDbCircle
 10
14.60835144549401
 20
275.7244865611259
 30
0.0
 40
0.3594245696617881
100
AcDbArc
 50
288.1402064554274
 51
83.23195364015012
  0
POLYLINE
  5
1DC
100
AcDbEntity
  8
L1
100
AcDb2dPolyline
 66
     1
 10
0.0
 20
0.0
 30
0.0
  0
VERTEX
  5
1DD
100
AcDbEntity
  8
L1
100
AcDbVertex
100
AcDb2dVertex
 10
11.27780571435641
 20
273.1833951359982
 30
0.0
  0
VERTEX
  5
1DE
100
AcDbEntity
  8
L1
100
AcDbVertex
100
AcDb2dVertex
 10
11.31507595892253
 20
273.4526516023237
 30
0.0
  0
VERTEX
  5
1DF
100
AcDbEntity
  8
L1
100
AcDbVertex
100
AcDb2dVertex
 10
11.35178373142866
 20
273.7285853908813
 30
0.0
  0
SEQEND
  5
1E0
100
AcDbEntity
  8
L1
  0
ARC
  5
1E1
100
AcDbEntity
  8
L1
100
AcDbCircle
 10
15.42888110201079
 20
270.965774257299
 30
0.0
 40
4.70630101413334
100
AcDbArc
 50
118.1123827949383
 51
151.8876172050602
  0
ARC
  5
1E2
100
AcDbEntity
  8
L1
100
AcDbCircle
 10
15.42888110201079
 20
270.965774257299
 30
0.0
 40
4.925022672948151
100
AcDbArc
 50
124.1232037095351
 51
145.8767962904634
  0
POLYLINE
  5
1E3
100
AcDbEntity
  8
L1
100
AcDb2dPolyline
 66
     1
 10
0.0
 20
0.0
 30
0.0
  0
VERTEX
  5
1E4
100
AcDbEntity
  8
L1
100
AcDbVertex
100
AcDb2dVertex
 10
12.6660699684287
 20
275.0428716278811
 30
0.0
  0
VERTEX
  5
1E5
100
AcDbEntity
  8
L1
100
AcDbVertex
100
AcDb2dVertex
 10
12.94200375698596
 20
275.0795794003872
 30
0.0
  0
VERTEX
  5
1E6
100
AcDbEntity
  8
L1
100
AcDbVertex
100
AcDb2dVertex
 10
13.21126022331168
 20
275.1168496449535
 30
0.0
  0
SEQEND
  5
1E7
100
AcDbEntity
  8
L1
  0
POLYLINE
  5
1E8
100
AcDbEntity
  8
L1
100
AcDb2dPolyline
 66
     1
 10
0.0
 20
0.0
 30
0.0
  0
VERTEX
  5
1E9
100
AcDbEntity
  8
L1
100
AcDbVertex
100
AcDb2dVertex
 10
10.62888110201083
 20
279.2605798139092
 30
0.0
  0
VERTEX
  5
1EA
100
AcDbEntity
  8
L1
100
AcDbVertex
100
AcDb2dVertex
 10
10.63140988507916
 20
279.2605825306525
 30
0.0
  0
VERTEX
  5
1EB
100
AcDbEntity
  8
L1
100
AcDbVertex
100
AcDb2dVertex
 10
10.63393865380066
 20
279.2605834362337
 30
0.0
  0
SEQEND
  5
1EC
100
AcDbEntity
  8
L1
  0
ARC
  5
1ED
100
AcDbEntity
  8
L1
100
AcDbCircle
 10
11.36525114641836
 20
275.0294042128915
 30
0.0
 40
1.047638793255447
100
AcDbArc
 50
90.0000000000031
 51
180.0000000000023
  0
LINE
  5
1EE
100
AcDbEntity
  8
L1
100
AcDbLine
 10
14.64634626067299
 20
276.077043006147
 30
0.0
 11
11.36525114641836
 21
276.077043006147
 31
0.0
  0
LINE
  5
1EF
100
AcDbEntity
  8
L1
100
AcDbLine
 10
13.21126022331168
 20
275.1168496449535
 30
0.0
 11
14.72025589985287
 21
275.3829262965001
 31
0.0
  0
LINE
  5
1F0
100
AcDbEntity
  8
L1
100
AcDbLine
 10
22.2739780142092
 20
276.42066592202
 30
0.0
 11
22.2739780142092
 21
277.838142503763
 31
0.0
  0
POLYLINE
  5
1F1
100
AcDbEntity
  8
L1
100
AcDb2dPolyline
 66
     1
 10
0.0
 20
0.0
 30
0.0
  0
VERTEX
  5
1F2
100
AcDbEntity
  8
L1
100
AcDbVertex
100
AcDb2dVertex
 10
22.2739780142092
 20
277.838142503763
 30
0.0
  0
VERTEX
  5
1F3
100
AcDbEntity
  8
L1
100
AcDbVertex
100
AcDb2dVertex
 10
22.18611478003276
 20
278.0502678465058
 30
0.0
  0
VERTEX
  5
1F4
100
AcDbEntity
  8
L1
100
AcDbVertex
100
AcDb2dVertex
 10
21.9739894372899
 20
278.1381310806823
 30
0.0
  0
SEQEND
  5
1F5
100
AcDbEntity
  8
L1
  0
LINE
  5
1F6
100
AcDbEntity
  8
L1
100
AcDbLine
 10
21.75358930035645
 20
278.1381310806823
 30
0.0
 11
21.9739894372899
 21
278.1381310806823
 31
0.0
  0
POLYLINE
  5
1F7
100
AcDbEntity
  8
L1
100
AcDb2dPolyline
 66
     1
 10
0.0
 20
0.0
 30
0.0
  0
VERTEX
  5
1F8
100
AcDbEntity
  8
L1
100
AcDbVertex
100
AcDb2dVertex
 10
21.75358930035645
 20
278.1381310806823
 30
0.0
  0
VERTEX
  5
1F9
100
AcDbEntity
  8
L1
100
AcDbVertex
100
AcDb2dVertex
 10
21.92867590965738
 20
278.1945238893793
 30
0.0
  0
VERTEX
  5
1FA
100
AcDbEntity
  8
L1
100
AcDbVertex
100
AcDb2dVertex
 10
22.03793226535162
 20
278.3425021302543
 30
0.0
  0
SEQEND
  5
1FB
100
AcDbEntity
  8
L1
  0
POLYLINE
  5
1FC
100
AcDbEntity
  8
L1
100
AcDb2dPolyline
 66
     1
 10
0.0
 20
0.0
 30
0.0
  0
VERTEX
  5
1FD
100
AcDbEntity
  8
L1
100
AcDbVertex
100
AcDb2dVertex
 10
22.03793226535162
 20
278.3425021302543
 30
0.0
  0
VERTEX
  5
1FE
100
AcDbEntity
  8
L1
100
AcDbVertex
100
AcDb2dVertex
 10
22.05349034621258
 20
278.4356007499096
 30
0.0
  0
SEQEND
  5
1FF
100
AcDbEntity
  8
L1
  0
POLYLINE
  5
200
100
AcDbEntity
  8
L1
100
AcDb2dPolyline
 66
     1
 10
0.0
 20
0.0
 30
0.0
  0
VERTEX
  5
201
100
AcDbEntity
  8
L1
100
AcDbVertex
100
AcDb2dVertex
 10
22.05349034621258
 20
278.4356007499096
 30
0.0
  0
VERTEX
  5
202
100
AcDbEntity
  8
L1
100
AcDbVertex
100
AcDb2dVertex
 10
22.0545019986539
 20
278.7261712944243
 30
0.0
  0
VERTEX
  5
203
100
AcDbEntity
  8
L1
100
AcDbVertex
100
AcDb2dVertex
 10
22.05272436202085
 20
278.8424830917864
 30
0.0
  0
SEQEND
  5
204
100
AcDbEntity
  8
L1
  0
LINE
  5
205
100
AcDbEntity
  8
L1
100
AcDbLine
 10
22.05272436202085
 20
278.8424830917864
 30
0.0
 11
21.68164011040244
 21
279.2135673433534
 31
0.0
  0
LINE
  5
206
100
AcDbEntity
  8
L1
100
AcDbLine
 10
21.93835258385866
 20
275.8850519147503
 30
0.0
 11
22.17397801420929
 21
276.1206773451008
 31
0.0
  0
LINE
  5
207
100
AcDbEntity
  8
L1
100
AcDbLine
 10
22.17397801420929
 20
276.1206773451008
 30
0.0
 11
21.9739894372899
 21
276.1206773451008
 31
0.0
  0
LINE
  5
208
100
AcDbEntity
  8
L1
100
AcDbLine
 10
21.9739894372899
 20
276.1206773451008
 30
0.0
 11
22.18611478003276
 21
276.2085405792772
 31
0.0
  0
LINE
  5
209
100
AcDbEntity
  8
L1
100
AcDbLine
 10
22.18611478003276
 20
276.2085405792772
 30
0.0
 11
22.27397801420897
 21
276.42066592202
 31
0.0
  0
POLYLINE
  5
20A
100
AcDbEntity
  8
L1
100
AcDb2dPolyline
 66
     1
 10
0.0
 20
0.0
 30
0.0
  0
VERTEX
  5
20B
100
AcDbEntity
  8
L1
100
AcDbVertex
100
AcDb2dVertex
 10
18.10811405077243
 20
274.8350093292354
 30
0.0
  0
VERTEX
  5
20C
100
AcDbEntity
  8
L1
100
AcDbVertex
100
AcDb2dVertex
 10
18.31350549036483
 20
274.7885135893625
 30
0.0
  0
VERTEX
  5
20D
100
AcDbEntity
  8
L1
100
AcDbVertex
100
AcDb2dVertex
 10
18.52302243473559
 20
274.741973271032
 30
0.0
  0
VERTEX
  5
20E
100
AcDbEntity
  8
L1
100
AcDbVertex
100
AcDb2dVertex
 10
18.7373995745927
 20
274.6952236325078
 30
0.0
  0
VERTEX
  5
20F
100
AcDbEntity
  8
L1
100
AcDbVertex
100
AcDb2dVertex
 10
18.95740608608366
 20
274.6480984468256
 30
0.0
  0
SEQEND
  5
210
100
AcDbEntity
  8
L1
  0
LINE
  5
211
100
AcDbEntity
  8
L1
100
AcDbLine
 10
262.1766741880652
 20
264.713015248806
 30
0.0
 11
261.8055899364981
 21
264.341930997239
 31
0.0
  0
LINE
  5
212
100
AcDbEntity
  8
L1
100
AcDbLine
 10
261.1012379253939
 20
264.42066592202
 30
0.0
 11
261.1012379253939
 21
264.641066058904
 31
0.0
  0
POLYLINE
  5
213
100
AcDbEntity
  8
L1
100
AcDb2dPolyline
 66
     1
 10
0.0
 20
0.0
 30
0.0
  0
VERTEX
  5
214
100
AcDbEntity
  8
L1
100
AcDbVertex
100
AcDb2dVertex
 10
261.3056089749659
 20
264.3567230939087
 30
0.0
  0
VERTEX
  5
215
100
AcDbEntity
  8
L1
100
AcDbVertex
100
AcDb2dVertex
 10
261.1576307340909
 20
264.4659794496029
 30
0.0
  0
VERTEX
  5
216
100
AcDbEntity
  8
L1
100
AcDbVertex
100
AcDb2dVertex
 10
261.1012379253939
 20
264.641066058904
 30
0.0
  0
SEQEND
  5
217
100
AcDbEntity
  8
L1
  0
LINE
  5
218
100
AcDbEntity
  8
L1
100
AcDbLine
 10
258.848158759462
 20
264.4563027754514
 30
0.0
 11
258.848158759462
 21
270.2912369014837
 31
0.0
  0
ARC
  5
219
100
AcDbEntity
  8
L1
100
AcDbCircle
 10
254.1837841898123
 20
271.2206773451008
 30
0.0
 40
6.999999999999979
100
AcDbArc
 50
180.0
 51
270.0
  0
LINE
  5
21A
100
AcDbEntity
  8
L1
100
AcDbLine
 10
259.0837841898124
 20
264.2206773451008
 30
0.0
 11
254.1837841898123
 21
264.2206773451008
 31
0.0
  0
POLYLINE
  5
21B
100
AcDbEntity
  8
L1
100
AcDb2dPolyline
 66
     1
 10
0.0
 20
0.0
 30
0.0
  0
VERTEX
  5
21C
100
AcDbEntity
  8
L1
100
AcDbVertex
100
AcDb2dVertex
 10
261.8055899364981
 20
264.341930997239
 30
0.0
  0
VERTEX
  5
21D
100
AcDbEntity
  8
L1
100
AcDbVertex
100
AcDb2dVertex
 10
261.689278139136
 20
264.3401533606062
 30
0.0
  0
VERTEX
  5
21E
100
AcDbEntity
  8
L1
100
AcDbVertex
100
AcDb2dVertex
 10
261.3987075946214
 20
264.3411650130476
 30
0.0
  0
SEQEND
  5
21F
100
AcDbEntity
  8
L1
  0
POLYLINE
  5
220
100
AcDbEntity
  8
L1
100
AcDb2dPolyline
 66
     1
 10
0.0
 20
0.0
 30
0.0
  0
VERTEX
  5
221
100
AcDbEntity
  8
L1
100
AcDbVertex
100
AcDb2dVertex
 10
259.3837727667317
 20
264.1206773451007
 30
0.0
  0
VERTEX
  5
222
100
AcDbEntity
  8
L1
100
AcDbVertex
100
AcDb2dVertex
 10
259.1716474239888
 20
264.2085405792772
 30
0.0
  0
VERTEX
  5
223
100
AcDbEntity
  8
L1
100
AcDbVertex
100
AcDb2dVertex
 10
259.0837841898124
 20
264.42066592202
 30
0.0
  0
SEQEND
  5
224
100
AcDbEntity
  8
L1
  0
LINE
  5
225
100
AcDbEntity
  8
L1
100
AcDbLine
 10
260.8012493484746
 20
264.1206773451008
 30
0.0
 11
259.3837727667317
 21
264.1206773451008
 31
0.0
  0
POLYLINE
  5
226
100
AcDbEntity
  8
L1
100
AcDb2dPolyline
 66
     1
 10
0.0
 20
0.0
 30
0.0
  0
VERTEX
  5
227
100
AcDbEntity
  8
L1
100
AcDbVertex
100
AcDb2dVertex
 10
261.1012379253939
 20
264.42066592202
 30
0.0
  0
VERTEX
  5
228
100
AcDbEntity
  8
L1
100
AcDbVertex
100
AcDb2dVertex
 10
261.0133746912175
 20
264.2085405792772
 30
0.0
  0
VERTEX
  5
229
100
AcDbEntity
  8
L1
100
AcDbVertex
100
AcDb2dVertex
 10
260.8012493484746
 20
264.1206773451007
 30
0.0
  0
SEQEND
  5
22A
100
AcDbEntity
  8
L1
  0
LINE
  5
22B
100
AcDbEntity
  8
L1
100
AcDbLine
 10
259.0837841898124
 20
264.42066592202
 30
0.0
 11
259.0837841898124
 21
264.2206773451008
 31
0.0
  0
LINE
  5
22C
100
AcDbEntity
  8
L1
100
AcDbLine
 10
258.848158759462
 20
264.4563027754514
 30
0.0
 11
259.0837841898124
 21
264.2206773451009
 31
0.0
  0
POLYLINE
  5
22D
100
AcDbEntity
  8
L1
100
AcDb2dPolyline
 66
     1
 10
0.0
 20
0.0
 30
0.0
  0
VERTEX
  5
22E
100
AcDbEntity
  8
L1
100
AcDbVertex
100
AcDb2dVertex
 10
261.3987075946214
 20
264.3411650130476
 30
0.0
  0
VERTEX
  5
22F
100
AcDbEntity
  8
L1
100
AcDbVertex
100
AcDb2dVertex
 10
261.3056089749659
 20
264.3567230939087
 30
0.0
  0
SEQEND
  5
230
100
AcDbEntity
  8
L1
  0
ARC
  5
231
100
AcDbEntity
  8
L1
100
AcDbCircle
 10
254.7494107585276
 20
275.7244865611259
 30
0.0
 40
0.3594245696617881
100
AcDbArc
 50
96.76804635984991
 51
251.8597935445726
  0
LINE
  5
232
100
AcDbEntity
  8
L1
100
AcDbLine
 10
253.4506982714865
 20
276.0814064400424
 30
0.0
 11
254.7070525094532
 21
276.0814064400424
 31
0.0
  0
LINE
  5
233
100
AcDbEntity
  8
L6
 48
0.2
100
AcDbLine
 10
246.899950774294
 20
270.965774257299
 30
0.0
 11
260.9013122187928
 21
270.965774257299
 31
0.0
  0
CIRCLE
  5
234
100
AcDbEntity
  8
L1
100
AcDbCircle
 10
253.9288811020108
 20
270.965774257299
 30
0.0
 40
2.271817169476896
  0
ARC
  5
235
100
AcDbEntity
  8
L1
100
AcDbCircle
 10
253.9288811020108
 20
270.965774257299
 30
0.0
 40
4.70630101413334
100
AcDbArc
 50
124.7004760816928
 51
325.2995239183023
  0
CIRCLE
  5
236
100
AcDbEntity
  8
L1
100
AcDbCircle
 10
253.9288811020108
 20
270.965774257299
 30
0.0
 40
3.9
  0
ARC
  5
237
100
AcDbEntity
  8
L1
100
AcDbCircle
 10
253.9288811020108
 20
270.965774257299
 30
0.0
 40
5.099999999999999
100
AcDbArc
 50
133.7781314990931
 51
316.2218685009029
  0
LINE
  5
238
100
AcDbEntity
  8
L6
 48
0.2
100
AcDbLine
 10
253.9288811020108
 20
277.2466569154428
 30
0.0
 11
253.9288811020108
 21
264.6670793683606
 31
0.0
  0
LINE
  5
239
100
AcDbEntity
  8
L1
100
AcDbLine
 10
247.1837841898123
 20
271.2206773451008
 30
0.0
 11
247.1837841898123
 21
276.1206773451007
 31
0.0
  0
LINE
  5
23A
100
AcDbEntity
  8
L1
100
AcDbLine
 10
253.4670468887318
 20
275.6604929643389
 30
0.0
 11
253.4681520070692
 21
275.6494691594736
 31
0.0
  0
LINE
  5
23B
100
AcDbEntity
  8
L1
100
AcDbLine
 10
253.4681520070692
 20
275.649469159479
 30
0.0
 11
253.4681520070692
 21
275.4294556452717
 31
0.0
  0
LINE
  5
23C
100
AcDbEntity
  8
L1
100
AcDbLine
 10
253.4506982714877
 20
275.8235741116226
 30
0.0
 11
253.454539307638
 21
275.785258909009
 31
0.0
  0
LINE
  5
23D
100
AcDbEntity
  8
L1
100
AcDbLine
 10
253.4545393076307
 20
275.7852588992661
 30
0.0
 11
253.4670468887314
 21
275.660492963553
 31
0.0
  0
LINE
  5
23E
100
AcDbEntity
  8
L1
100
AcDbLine
 10
253.4506982714877
 20
276.0814064400424
 30
0.0
 11
253.4506982714877
 21
275.8235741116278
 31
0.0
  0
LINE
  5
23F
100
AcDbEntity
  8
L1
100
AcDbLine
 10
253.4506982714861
 20
276.0814064400424
 30
0.0
 11
253.2543437461955
 21
275.8850519147503
 31
0.0
  0
LINE
  5
240
100
AcDbEntity
  8
L1
100
AcDbLine
 10
253.4681520070692
 20
275.4294556452717
 30
0.0
 11
251.2496481532492
 21
274.8350093292354
 31
0.0
  0
POLYLINE
  5
241
100
AcDbEntity
  8
L1
100
AcDb2dPolyline
 66
     1
 10
0.0
 20
0.0
 30
0.0
  0
VERTEX
  5
242
100
AcDbEntity
  8
L1
100
AcDbVertex
100
AcDb2dVertex
 10
251.2496481532492
 20
274.8350093292354
 30
0.0
  0
VERTEX
  5
243
100
AcDbEntity
  8
L1
100
AcDbVertex
100
AcDb2dVertex
 10
251.0442567136568
 20
274.7885135893625
 30
0.0
  0
VERTEX
  5
244
100
AcDbEntity
  8
L1
100
AcDbVertex
100
AcDb2dVertex
 10
250.834739769286
 20
274.741973271032
 30
0.0
  0
VERTEX
  5
245
100
AcDbEntity
  8
L1
100
AcDbVertex
100
AcDb2dVertex
 10
250.6203626294289
 20
274.6952236325078
 30
0.0
  0
VERTEX
  5
246
100
AcDbEntity
  8
L1
100
AcDbVertex
100
AcDb2dVertex
 10
250.4003561179379
 20
274.6480984468256
 30
0.0
  0
SEQEND
  5
247
100
AcDbEntity
  8
L1
  0
LINE
  5
248
100
AcDbEntity
  8
L1
100
AcDbLine
 10
247.3050378420007
 20
278.8424830917864
 30
0.0
 11
247.6761220936192
 21
279.2135673433534
 31
0.0
  0
POLYLINE
  5
249
100
AcDbEntity
  8
L1
100
AcDb2dPolyline
 66
     1
 10
0.0
 20
0.0
 30
0.0
  0
VERTEX
  5
24A
100
AcDbEntity
  8
L1
100
AcDbVertex
100
AcDb2dVertex
 10
247.3042718578088
 20
278.4356007499096
 30
0.0
  0
VERTEX
  5
24B
100
AcDbEntity
  8
L1
100
AcDbVertex
100
AcDb2dVertex
 10
247.3032602053677
 20
278.7261712944243
 30
0.0
  0
VERTEX
  5
24C
100
AcDbEntity
  8
L1
100
AcDbVertex
100
AcDb2dVertex
 10
247.3050378420007
 20
278.8424830917864
 30
0.0
  0
SEQEND
  5
24D
100
AcDbEntity
  8
L1
  0
POLYLINE
  5
24E
100
AcDbEntity
  8
L1
100
AcDb2dPolyline
 66
     1
 10
0.0
 20
0.0
 30
0.0
  0
VERTEX
  5
24F
100
AcDbEntity
  8
L1
100
AcDbVertex
100
AcDb2dVertex
 10
247.31982993867
 20
278.3425021302543
 30
0.0
  0
VERTEX
  5
250
100
AcDbEntity
  8
L1
100
AcDbVertex
100
AcDb2dVertex
 10
247.3042718578088
 20
278.4356007499096
 30
0.0
  0
SEQEND
  5
251
100
AcDbEntity
  8
L1
  0
POLYLINE
  5
252
100
AcDbEntity
  8
L1
100
AcDb2dPolyline
 66
     1
 10
0.0
 20
0.0
 30
0.0
  0
VERTEX
  5
253
100
AcDbEntity
  8
L1
100
AcDbVertex
100
AcDb2dVertex
 10
247.6041729036651
 20
278.1381310806823
 30
0.0
  0
VERTEX
  5
254
100
AcDbEntity
  8
L1
100
AcDbVertex
100
AcDb2dVertex
 10
247.4290862943642
 20
278.1945238893793
 30
0.0
  0
VERTEX
  5
255
100
AcDbEntity
  8
L1
100
AcDbVertex
100
AcDb2dVertex
 10
247.31982993867
 20
278.3425021302543
 30
0.0
  0
SEQEND
  5
256
100
AcDbEntity
  8
L1
  0
LINE
  5
257
100
AcDbEntity
  8
L1
100
AcDbLine
 10
247.6041729036651
 20
278.1381310806823
 30
0.0
 11
247.3837727667317
 21
278.1381310806823
 31
0.0
  0
LINE
  5
258
100
AcDbEntity
  8
L1
100
AcDbLine
 10
253.2543437461955
 20
275.8850519147503
 30
0.0
 11
247.4194096201629
 21
275.8850519147503
 31
0.0
  0
LINE
  5
259
100
AcDbEntity
  8
L1
100
AcDbLine
 10
247.1716474239888
 20
276.2085405792772
 30
0.0
 11
247.0837841898124
 21
276.42066592202
 31
0.0
  0
LINE
  5
25A
100
AcDbEntity
  8
L1
100
AcDbLine
 10
247.0837841898124
 20
276.42066592202
 30
0.0
 11
247.0837841898124
 21
277.838142503763
 31
0.0
  0
LINE
  5
25B
100
AcDbEntity
  8
L1
100
AcDbLine
 10
247.3837727667317
 20
276.1206773451008
 30
0.0
 11
247.1716474239888
 21
276.2085405792772
 31
0.0
  0
POLYLINE
  5
25C
100
AcDbEntity
  8
L1
100
AcDb2dPolyline
 66
     1
 10
0.0
 20
0.0
 30
0.0
  0
VERTEX
  5
25D
100
AcDbEntity
  8
L1
100
AcDbVertex
100
AcDb2dVertex
 10
247.0837841898124
 20
277.838142503763
 30
0.0
  0
VERTEX
  5
25E
100
AcDbEntity
  8
L1
100
AcDbVertex
100
AcDb2dVertex
 10
247.1716474239888
 20
278.0502678465058
 30
0.0
  0
VERTEX
  5
25F
100
AcDbEntity
  8
L1
100
AcDbVertex
100
AcDb2dVertex
 10
247.3837727667317
 20
278.1381310806823
 30
0.0
  0
SEQEND
  5
260
100
AcDbEntity
  8
L1
  0
LINE
  5
261
100
AcDbEntity
  8
L1
100
AcDbLine
 10
247.1837841898123
 20
276.1206773451008
 30
0.0
 11
247.3837727667317
 21
276.1206773451008
 31
0.0
  0
LINE
  5
262
100
AcDbEntity
  8
L1
100
AcDbLine
 10
247.4194096201627
 20
275.8850519147503
 30
0.0
 11
247.1837841898123
 21
276.1206773451008
 31
0.0
  0
LINE
  5
263
100
AcDbEntity
  8
L1
100
AcDbLine
 10
258.3460331412118
 20
271.6743994594569
 30
0.0
 11
258.0799564896652
 21
273.1833951359981
 31
0.0
  0
LINE
  5
264
100
AcDbEntity
  8
L1
100
AcDbLine
 10
259.0401498508586
 20
275.0294042128915
 30
0.0
 11
259.0401498508586
 21
271.7483090986368
 31
0.0
  0
POLYLINE
  5
265
100
AcDbEntity
  8
L1
100
AcDb2dPolyline
 66
     1
 10
0.0
 20
0.0
 30
0.0
  0
VERTEX
  5
266
100
AcDbEntity
  8
L1
100
AcDbVertex
100
AcDb2dVertex
 10
257.6112052915373
 20
267.4372492732259
 30
0.0
  0
VERTEX
  5
267
100
AcDbEntity
  8
L1
100
AcDbVertex
100
AcDb2dVertex
 10
257.6583304772191
 20
267.6572557847161
 30
0.0
  0
VERTEX
  5
268
100
AcDbEntity
  8
L1
100
AcDbVertex
100
AcDb2dVertex
 10
257.7050801157436
 20
267.8716329245738
 30
0.0
  0
VERTEX
  5
269
100
AcDbEntity
  8
L1
100
AcDbVertex
100
AcDb2dVertex
 10
257.7516204340741
 20
268.0811498689454
 30
0.0
  0
VERTEX
  5
26A
100
AcDbEntity
  8
L1
100
AcDbVertex
100
AcDb2dVertex
 10
257.798116173947
 20
268.286541308537
 30
0.0
  0
SEQEND
  5
26B
100
AcDbEntity
  8
L1
  0
LINE
  5
26C
100
AcDbEntity
  8
L1
100
AcDbLine
 10
257.798116173947
 20
268.2865413085371
 30
0.0
 11
258.3925624899835
 21
270.5050451623571
 31
0.0
  0
LINE
  5
26D
100
AcDbEntity
  8
L1
100
AcDbLine
 10
258.3925624899823
 20
270.5050451623574
 30
0.0
 11
258.6125760041907
 21
270.5050451623574
 31
0.0
  0
LINE
  5
26E
100
AcDbEntity
  8
L1
100
AcDbLine
 10
258.848158759462
 20
270.2912369014839
 30
0.0
 11
259.044513284754
 21
270.487591426776
 31
0.0
  0
LINE
  5
26F
100
AcDbEntity
  8
L1
100
AcDbLine
 10
258.7866809563395
 20
270.4875914267759
 30
0.0
 11
259.044513284754
 21
270.4875914267759
 31
0.0
  0
LINE
  5
270
100
AcDbEntity
  8
L1
100
AcDbLine
 10
258.6235998082646
 20
270.5039400440195
 30
0.0
 11
258.7483657439777
 21
270.4914324629189
 31
0.0
  0
LINE
  5
271
100
AcDbEntity
  8
L1
100
AcDbLine
 10
258.6125760041853
 20
270.5050451623574
 30
0.0
 11
258.6235998090504
 21
270.5039400440201
 31
0.0
  0
LINE
  5
272
100
AcDbEntity
  8
L1
100
AcDbLine
 10
258.7483657537205
 20
270.4914324629263
 30
0.0
 11
258.7866809563343
 21
270.4875914267759
 31
0.0
  0
ARC
  5
273
100
AcDbEntity
  8
L1
100
AcDbCircle
 10
258.686573701757
 20
271.7965452060357
 30
0.0
 40
0.3617837154761994
100
AcDbArc
 50
199.7319930607596
 51
351.6401670390667
  0
LINE
  5
274
100
AcDbEntity
  8
L1
100
AcDbLine
 10
259.044513284754
 20
271.7439456647413
 30
0.0
 11
259.044513284754
 21
270.4875914267759
 31
0.0
  0
POLYLINE
  5
275
100
AcDbEntity
  8
L1
100
AcDb2dPolyline
 66
     1
 10
0.0
 20
0.0
 30
0.0
  0
VERTEX
  5
276
100
AcDbEntity
  8
L1
100
AcDbVertex
100
AcDb2dVertex
 10
262.2236866586209
 20
275.7657742572989
 30
0.0
  0
VERTEX
  5
277
100
AcDbEntity
  8
L1
100
AcDbVertex
100
AcDb2dVertex
 10
262.1576619153405
 20
276.4374085310613
 30
0.0
  0
VERTEX
  5
278
100
AcDbEntity
  8
L1
100
AcDbVertex
100
AcDb2dVertex
 10
261.9563351763732
 20
277.1024115563511
 30
0.0
  0
VERTEX
  5
279
100
AcDbEntity
  8
L1
100
AcDbVertex
100
AcDb2dVertex
 10
261.627606925992
 20
277.7145366181053
 30
0.0
  0
VERTEX
  5
27A
100
AcDbEntity
  8
L1
100
AcDbVertex
100
AcDb2dVertex
 10
261.1986370775544
 20
278.2355302328426
 30
0.0
  0
VERTEX
  5
27B
100
AcDbEntity
  8
L1
100
AcDbVertex
100
AcDb2dVertex
 10
260.6776434628171
 20
278.6645000812804
 30
0.0
  0
VERTEX
  5
27C
100
AcDbEntity
  8
L1
100
AcDbVertex
100
AcDb2dVertex
 10
260.065518401063
 20
278.9932283316614
 30
0.0
  0
VERTEX
  5
27D
100
AcDbEntity
  8
L1
100
AcDbVertex
100
AcDb2dVertex
 10
259.400515375773
 20
279.1945550706287
 30
0.0
  0
VERTEX
  5
27E
100
AcDbEntity
  8
L1
100
AcDbVertex
100
AcDb2dVertex
 10
258.7288811020107
 20
279.2605798139092
 30
0.0
  0
SEQEND
  5
27F
100
AcDbEntity
  8
L1
  0
POLYLINE
  5
280
100
AcDbEntity
  8
L1
100
AcDb2dPolyline
 66
     1
 10
0.0
 20
0.0
 30
0.0
  0
VERTEX
  5
281
100
AcDbEntity
  8
L1
100
AcDbVertex
100
AcDb2dVertex
 10
258.7288811020107
 20
279.2605798139092
 30
0.0
  0
VERTEX
  5
282
100
AcDbEntity
  8
L1
100
AcDbVertex
100
AcDb2dVertex
 10
258.7263523189424
 20
279.2605825306525
 30
0.0
  0
VERTEX
  5
283
100
AcDbEntity
  8
L1
100
AcDbVertex
100
AcDb2dVertex
 10
258.7238235502209
 20
279.2605834362337
 30
0.0
  0
SEQEND
  5
284
100
AcDbEntity
  8
L1
  0
POLYLINE
  5
285
100
AcDbEntity
  8
L1
100
AcDb2dPolyline
 66
     1
 10
0.0
 20
0.0
 30
0.0
  0
VERTEX
  5
286
100
AcDbEntity
  8
L1
100
AcDbVertex
100
AcDb2dVertex
 10
258.0799564896652
 20
273.1833951359982
 30
0.0
  0
VERTEX
  5
287
100
AcDbEntity
  8
L1
100
AcDbVertex
100
AcDb2dVertex
 10
258.0426862450991
 20
273.4526516023237
 30
0.0
  0
VERTEX
  5
288
100
AcDbEntity
  8
L1
100
AcDbVertex
100
AcDb2dVertex
 10
258.0059784725929
 20
273.7285853908813
 30
0.0
  0
SEQEND
  5
289
100
AcDbEntity
  8
L1
  0
ARC
  5
28A
100
AcDbEntity
  8
L1
100
AcDbCircle
 10
257.9925110576033
 20
275.0294042128915
 30
0.0
 40
1.047638793255447
100
AcDbArc
 50
359.9999999999976
 51
89.9999999999969
  0
POLYLINE
  5
28B
100
AcDbEntity
  8
L1
100
AcDb2dPolyline
 66
     1
 10
0.0
 20
0.0
 30
0.0
  0
VERTEX
  5
28C
100
AcDbEntity
  8
L1
100
AcDbVertex
100
AcDb2dVertex
 10
256.6916922355929
 20
275.0428716278811
 30
0.0
  0
VERTEX
  5
28D
100
AcDbEntity
  8
L1
100
AcDbVertex
100
AcDb2dVertex
 10
256.4157584470356
 20
275.0795794003872
 30
0.0
  0
VERTEX
  5
28E
100
AcDbEntity
  8
L1
100
AcDbVertex
100
AcDb2dVertex
 10
256.1465019807097
 20
275.1168496449535
 30
0.0
  0
SEQEND
  5
28F
100
AcDbEntity
  8
L1
  0
ARC
  5
290
100
AcDbEntity
  8
L1
100
AcDbCircle
 10
253.9288811020108
 20
270.965774257299
 30
0.0
 40
4.70630101413334
100
AcDbArc
 50
28.11238279493973
 51
61.88761720506164
  0
ARC
  5
291
100
AcDbEntity
  8
L1
100
AcDbCircle
 10
253.9288811020108
 20
270.965774257299
 30
0.0
 40
4.925022672948151
100
AcDbArc
 50
34.12320370953656
 51
55.87679629046487
  0
LINE
  5
292
100
AcDbEntity
  8
L1
100
AcDbLine
 10
256.1465019807097
 20
275.1168496449535
 30
0.0
 11
254.6375063041687
 21
275.3829262965001
 31
0.0
  0
LINE
  5
293
100
AcDbEntity
  8
L1
100
AcDbLine
 10
254.7114159433486
 20
276.077043006147
 30
0.0
 11
257.9925110576033
 21
276.077043006147
 31
0.0
  0
POLYLINE
  5
294
100
AcDbEntity
  8
L1
100
AcDb2dPolyline
 66
     1
 10
0.0
 20
0.0
 30
0.0
  0
VERTEX
  5
295
100
AcDbEntity
  8
L1
100
AcDbVertex
100
AcDb2dVertex
 10
262.2236902809455
 20
275.7607167055091
 30
0.0
  0
VERTEX
  5
296
100
AcDbEntity
  8
L1
100
AcDbVertex
100
AcDb2dVertex
 10
262.2236893753643
 20
275.7632454742307
 30
0.0
  0
VERTEX
  5
297
100
AcDbEntity
  8
L1
100
AcDbVertex
100
AcDb2dVertex
 10
262.2236866586209
 20
275.7657742572989
 30
0.0
  0
SEQEND
  5
298
100
AcDbEntity
  8
L1
  0
LINE
  5
299
100
AcDbEntity
  8
L2
 48
0.3
100
AcDbLine
 10
366.6618984384076
 20
200.4738767827885
 30
0.0
 11
359.5514276590845
 21
200.2876825526411
 31
0.0
  0
LINE
  5
29A
100
AcDbEntity
  8
L2
 48
0.3
100
AcDbLine
 10
359.5514276590845
 20
198.1438659619571
 30
0.0
 11
366.6618984384076
 21
197.9576717318098
 31
0.0
  0
LINE
  5
29B
100
AcDbEntity
  8
L2
 48
0.3
100
AcDbLine
 10
366.6618984384076
 20
192.7738767827884
 30
0.0
 11
359.5514276590845
 21
192.587682552641
 31
0.0
  0
ARC
  5
29C
100
AcDbEntity
  8
L2
 48
0.3
100
AcDbCircle
 10
359.5618984384076
 20
192.1878196226508
 30
0.0
 40
0.4
100
AcDbArc
 50
91.50000000000005
 51
180.0
  0
ARC
  5
29D
100
AcDbEntity
  8
L2
 48
0.3
100
AcDbCircle
 10
359.5618984384076
 20
199.8878196226508
 30
0.0
 40
0.4
100
AcDbArc
 50
91.50000000000005
 51
180.0
  0
LINE
  5
29E
100
AcDbEntity
  8
L2
 48
0.3
100
AcDbLine
 10
359.1618984384076
 20
199.8878196226508
 30
0.0
 11
359.1618984384076
 21
198.5437288919474
 31
0.0
  0
ARC
  5
29F
100
AcDbEntity
  8
L2
 48
0.3
100
AcDbCircle
 10
359.5618984384076
 20
198.5437288919474
 30
0.0
 40
0.4
100
AcDbArc
 50
180.0
 51
268.5000000000018
  0
LINE
  5
2A0
100
AcDbEntity
  8
L1
100
AcDbLine
 10
324.9591281700145
 20
278.5282462466783
 30
0.0
 11
370.3645163990571
 21
278.1319994266151
 31
0.0
  0
LINE
  5
2A1
100
AcDbEntity
  8
L1
100
AcDbLine
 10
324.6617461306641
 20
279.2308681152884
 30
0.0
 11
369.1662617061575
 21
278.842483091769
 31
0.0
  0
LINE
  5
2A2
100
AcDbEntity
  8
L1
100
AcDbLine
 10
326.6442182348388
 20
264.7130152487889
 30
0.0
 11
369.6618984384075
 21
264.3376056409872
 31
0.0
  0
LINE
  5
2A3
100
AcDbEntity
  8
L2
100
AcDbLine
 10
366.6618984384074
 20
261.7643383389065
 30
0.0
 11
320.9592804777588
 21
262.1631790435407
 31
0.0
  0
ARC
  5
2A4
100
AcDbEntity
  8
L1
100
AcDbCircle
 10
320.9618984384074
 20
262.4631676204604
 30
0.0
 40
0.3
100
AcDbArc
 50
180.0
 51
180.094232404585
  0
LINE
  5
2A5
100
AcDbEntity
  8
L1
100
AcDbLine
 10
320.6618984384074
 20
262.7429853991079
 30
0.0
 11
320.6627161798313
 21
262.7429925354292
 31
0.0
  0
LINE
  5
2A6
100
AcDbEntity
  8
L1
100
AcDbLine
 10
324.6617461306641
 20
275.7310013845637
 30
0.0
 11
324.6617461306641
 21
266.7129391007162
 31
0.0
  0
POLYLINE
  5
2A7
100
AcDbEntity
  8
L1
100
AcDb2dPolyline
 66
     1
 10
0.0
 20
0.0
 30
0.0
  0
VERTEX
  5
2A8
100
AcDbEntity
  8
L1
100
AcDbVertex
100
AcDb2dVertex
 10
320.6618984384074
 20
265.3276651976681
 30
0.0
  0
VERTEX
  5
2A9
100
AcDbEntity
  8
L1
100
AcDbVertex
100
AcDb2dVertex
 10
320.6621515422737
 20
265.3276693723517
 30
0.0
  0
SEQEND
  5
2AA
100
AcDbEntity
  8
L1
  0
LINE
  5
2AB
100
AcDbEntity
  8
L1
100
AcDbLine
 10
320.6618984384074
 20
266.2207600149566
 30
0.0
 11
320.6627161798313
 21
266.220767151278
 31
0.0
  0
LINE
  5
2AC
100
AcDbEntity
  8
L1
100
AcDbLine
 10
320.6622025624399
 20
265.8657769113321
 30
0.0
 11
320.6618984384074
 21
265.8657742572819
 31
0.0
  0
ELLIPSE
  5
2AD
100
AcDbEntity
  8
L1
100
AcDbEllipse
 10
326.6616699767926
 20
266.7129391007162
 30
0.0
 11
0.0
 21
2.0
 31
0.0
210
0.0
220
0.0
230
-1.0
 40
0.9999619230641712
 41
-3.132866339596876
 42
-1.570796326794896
  0
LINE
  5
2AE
100
AcDbEntity
  8
L1
100
AcDbLine
 10
321.2567076173423
 20
279.2605834362166
 30
0.0
 11
324.6617461306641
 21
279.2308681152884
 31
0.0
  0
LINE
  5
2AF
100
AcDbEntity
  8
L1
100
AcDbLine
 10
320.6618984384074
 20
278.6657742572819
 30
0.0
 11
321.2567039950177
 21
279.260579813892
 31
0.0
  0
ARC
  5
2B0
100
AcDbEntity
  8
L1
100
AcDbCircle
 10
324.9617461306641
 20
278.8282348235976
 30
0.0
 40
0.3000000000000011
100
AcDbArc
 50
180.0000000000027
 51
269.5000000000005
  0
POLYLINE
  5
2B1
100
AcDbEntity
  8
L1
100
AcDb2dPolyline
 66
     1
 10
0.0
 20
0.0
 30
0.0
  0
VERTEX
  5
2B2
100
AcDbEntity
  8
L1
100
AcDbVertex
100
AcDb2dVertex
 10
324.6617461306641
 20
279.2308681152884
 30
0.0
  0
VERTEX
  5
2B3
100
AcDbEntity
  8
L1
100
AcDbVertex
100
AcDb2dVertex
 10
324.6617461306641
 20
279.0595758723263
 30
0.0
  0
VERTEX
  5
2B4
100
AcDbEntity
  8
L1
100
AcDbVertex
100
AcDb2dVertex
 10
324.6617461306641
 20
278.5624648093159
 30
0.0
  0
VERTEX
  5
2B5
100
AcDbEntity
  8
L1
100
AcDbVertex
100
AcDb2dVertex
 10
324.6617461306641
 20
277.7881909415055
 30
0.0
  0
VERTEX
  5
2B6
100
AcDbEntity
  8
L1
100
AcDbVertex
100
AcDb2dVertex
 10
324.6617461306641
 20
276.812538301724
 30
0.0
  0
VERTEX
  5
2B7
100
AcDbEntity
  8
L1
100
AcDbVertex
100
AcDb2dVertex
 10
324.6617461306641
 20
275.7310013845637
 30
0.0
  0
SEQEND
  5
2B8
100
AcDbEntity
  8
L1
  0
LINE
  5
2B9
100
AcDbEntity
  8
L1
100
AcDbLine
 10
370.6618984384074
 20
275.3321060420354
 30
0.0
 11
370.6618984384074
 21
264.4267975760528
 31
0.0
  0
ARC
  5
2BA
100
AcDbEntity
  8
L1
100
AcDbCircle
 10
370.3618984384075
 20
264.4267975760528
 30
0.0
 40
0.299999999999996
100
AcDbArc
 50
270.4999999999994
 51
0.0
  0
LINE
  5
2BB
100
AcDbEntity
  8
L1
100
AcDbLine
 10
370.3645163990571
 20
264.1268089991336
 30
0.0
 11
369.6619966375645
 21
264.1206782020546
 31
0.0
  0
POLYLINE
  5
2BC
100
AcDbEntity
  8
L1
100
AcDb2dPolyline
 66
     1
 10
0.0
 20
0.0
 30
0.0
  0
VERTEX
  5
2BD
100
AcDbEntity
  8
L1
100
AcDbVertex
100
AcDb2dVertex
 10
369.6531546312624
 20
278.4356007498925
 30
0.0
  0
VERTEX
  5
2BE
100
AcDbEntity
  8
L1
100
AcDbVertex
100
AcDb2dVertex
 10
369.4825196673757
 20
278.7261712944071
 30
0.0
  0
VERTEX
  5
2BF
100
AcDbEntity
  8
L1
100
AcDbVertex
100
AcDb2dVertex
 10
369.1662617061568
 20
278.8424830917692
 30
0.0
  0
SEQEND
  5
2C0
100
AcDbEntity
  8
L1
  0
ARC
  5
2C1
100
AcDbEntity
  8
L1
100
AcDbCircle
 10
370.3618984384075
 20
277.8320108496958
 30
0.0
 40
0.299999999999996
100
AcDbArc
 50
0.0
 51
89.49999999999789
  0
POLYLINE
  5
2C2
100
AcDbEntity
  8
L1
100
AcDb2dPolyline
 66
     1
 10
0.0
 20
0.0
 30
0.0
  0
VERTEX
  5
2C3
100
AcDbEntity
  8
L1
100
AcDbVertex
100
AcDb2dVertex
 10
370.6618984384074
 20
277.8320108496959
 30
0.0
  0
VERTEX
  5
2C4
100
AcDbEntity
  8
L1
100
AcDbVertex
100
AcDb2dVertex
 10
370.6618984384074
 20
277.8199733742859
 30
0.0
  0
VERTEX
  5
2C5
100
AcDbEntity
  8
L1
100
AcDbVertex
100
AcDb2dVertex
 10
370.6618984384074
 20
277.7839768642935
 30
0.0
  0
VERTEX
  5
2C6
100
AcDbEntity
  8
L1
100
AcDbVertex
100
AcDb2dVertex
 10
370.6618984384074
 20
277.7243679522026
 30
0.0
  0
VERTEX
  5
2C7
100
AcDbEntity
  8
L1
100
AcDbVertex
100
AcDb2dVertex
 10
370.6618984384074
 20
277.6417206488066
 30
0.0
  0
VERTEX
  5
2C8
100
AcDbEntity
  8
L1
100
AcDbVertex
100
AcDb2dVertex
 10
370.6618984384074
 20
277.5368308157061
 30
0.0
  0
VERTEX
  5
2C9
100
AcDbEntity
  8
L1
100
AcDbVertex
100
AcDb2dVertex
 10
370.6618984384074
 20
277.4107085014697
 30
0.0
  0
VERTEX
  5
2CA
100
AcDbEntity
  8
L1
100
AcDbVertex
100
AcDb2dVertex
 10
370.6618984384074
 20
277.2645682152557
 30
0.0
  0
VERTEX
  5
2CB
100
AcDbEntity
  8
L1
100
AcDbVertex
100
AcDb2dVertex
 10
370.6618984384074
 20
277.0998172315587
 30
0.0
  0
VERTEX
  5
2CC
100
AcDbEntity
  8
L1
100
AcDbVertex
100
AcDb2dVertex
 10
370.6618984384074
 20
276.9180420386999
 30
0.0
  0
VERTEX
  5
2CD
100
AcDbEntity
  8
L1
100
AcDbVertex
100
AcDb2dVertex
 10
370.6618984384074
 20
276.7209930615572
 30
0.0
  0
VERTEX
  5
2CE
100
AcDbEntity
  8
L1
100
AcDbVertex
100
AcDb2dVertex
 10
370.6618984384074
 20
276.5105678056503
 30
0.0
  0
VERTEX
  5
2CF
100
AcDbEntity
  8
L1
100
AcDbVertex
100
AcDb2dVertex
 10
370.6618984384074
 20
276.2887925848951
 30
0.0
  0
VERTEX
  5
2D0
100
AcDbEntity
  8
L1
100
AcDbVertex
100
AcDb2dVertex
 10
370.6618984384074
 20
276.0578030089843
 30
0.0
  0
VERTEX
  5
2D1
100
AcDbEntity
  8
L1
100
AcDbVertex
100
AcDb2dVertex
 10
370.6618984384074
 20
275.8198234182907
 30
0.0
  0
VERTEX
  5
2D2
100
AcDbEntity
  8
L1
100
AcDbVertex
100
AcDb2dVertex
 10
370.6618984384074
 20
275.5771454643286
 30
0.0
  0
VERTEX
  5
2D3
100
AcDbEntity
  8
L1
100
AcDbVertex
100
AcDb2dVertex
 10
370.6618984384074
 20
275.3321060420354
 30
0.0
  0
SEQEND
  5
2D4
100
AcDbEntity
  8
L1
  0
POLYLINE
  5
2D5
100
AcDbEntity
  8
L1
100
AcDb2dPolyline
 66
     1
 10
0.0
 20
0.0
 30
0.0
  0
VERTEX
  5
2D6
100
AcDbEntity
  8
L1
100
AcDbVertex
100
AcDb2dVertex
 10
369.6618984384075
 20
278.1379194767605
 30
0.0
  0
VERTEX
  5
2D7
100
AcDbEntity
  8
L1
100
AcDbVertex
100
AcDb2dVertex
 10
369.6618984384075
 20
278.1380760174509
 30
0.0
  0
VERTEX
  5
2D8
100
AcDbEntity
  8
L1
100
AcDbVertex
100
AcDb2dVertex
 10
369.6618984384075
 20
278.1381309944179
 30
0.0
  0
SEQEND
  5
2D9
100
AcDbEntity
  8
L1
  0
POLYLINE
  5
2DA
100
AcDbEntity
  8
L1
100
AcDb2dPolyline
 66
     1
 10
0.0
 20
0.0
 30
0.0
  0
VERTEX
  5
2DB
100
AcDbEntity
  8
L1
100
AcDbVertex
100
AcDb2dVertex
 10
369.6618984384075
 20
278.1381310806651
 30
0.0
  0
VERTEX
  5
2DC
100
AcDbEntity
  8
L1
100
AcDbVertex
100
AcDb2dVertex
 10
369.6618984384075
 20
278.1945238893622
 30
0.0
  0
VERTEX
  5
2DD
100
AcDbEntity
  8
L1
100
AcDbVertex
100
AcDb2dVertex
 10
369.6618984384075
 20
278.3425021302372
 30
0.0
  0
SEQEND
  5
2DE
100
AcDbEntity
  8
L1
  0
POLYLINE
  5
2DF
100
AcDbEntity
  8
L1
100
AcDb2dPolyline
 66
     1
 10
0.0
 20
0.0
 30
0.0
  0
VERTEX
  5
2E0
100
AcDbEntity
  8
L1
100
AcDbVertex
100
AcDb2dVertex
 10
369.6618984384075
 20
278.3425021302372
 30
0.0
  0
VERTEX
  5
2E1
100
AcDbEntity
  8
L1
100
AcDbVertex
100
AcDb2dVertex
 10
369.6531546312624
 20
278.4356007498925
 30
0.0
  0
SEQEND
  5
2E2
100
AcDbEntity
  8
L1
  0
LINE
  5
2E3
100
AcDbEntity
  8
L2
 48
0.3
100
AcDbLine
 10
738.8571433867732
 20
192.1878196226508
 30
0.0
 11
738.8571433867732
 21
186.2437288919473
 31
0.0
  0
CIRCLE
  5
2E4
100
AcDbEntity
  8
L1
100
AcDbCircle
 10
656.5095209125904
 20
189.215774257299
 30
0.0
 40
1.6
  0
ARC
  5
2E5
100
AcDbEntity
  8
L1
100
AcDbCircle
 10
656.5095209125904
 20
189.215774257299
 30
0.0
 40
3.403605588231097
100
AcDbArc
 50
126.5708941476362
 51
233.4291058523627
  0
ARC
  5
2E6
100
AcDbEntity
  8
L1
100
AcDbCircle
 10
656.5095209125904
 20
189.215774257299
 30
0.0
 40
2.0
100
AcDbArc
 50
263.2256939277319
 51
96.77430607228277
  0
ARC
  5
2E7
100
AcDbEntity
  8
L1
100
AcDbCircle
 10
656.5095209125904
 20
189.215774257299
 30
0.0
 40
2.0
100
AcDbArc
 50
99.58591239917508
 51
260.4140876008348
  0
CIRCLE
  5
2E8
100
AcDbEntity
  8
L1
100
AcDbCircle
 10
656.5095209125904
 20
189.215774257299
 30
0.0
 40
4.591897474510698
  0
LINE
  5
2E9
100
AcDbEntity
  8
L1
100
AcDbLine
 10
728.3571433867733
 20
114.0939428736108
 30
0.0
 11
728.3571433867733
 21
264.3376056409873
 31
0.0
  0
LINE
  5
2EA
100
AcDbEntity
  8
L2
100
AcDbLine
 10
731.3571433867732
 20
116.6672101756916
 30
0.0
 11
731.3571433867732
 21
261.7643383389065
 31
0.0
  0
LINE
  5
2EB
100
AcDbEntity
  8
L1
100
AcDbLine
 10
675.7822107707313
 20
261.365774257299
 30
0.0
 11
675.7822107707313
 21
117.065774257299
 31
0.0
  0
LINE
  5
2EC
100
AcDbEntity
  8
L1
100
AcDbLine
 10
670.5301590172851
 20
261.1643611850857
 30
0.0
 11
670.5301590172851
 21
117.2671873295124
 31
0.0
  0
LINE
  5
2ED
100
AcDbEntity
  8
L1
100
AcDbLine
 10
673.1367320544164
 20
117.065774257299
 30
0.0
 11
673.1367320544164
 21
261.365774257299
 31
0.0
  0
LINE
  5
2EE
100
AcDbEntity
  8
L1
100
AcDbLine
 10
675.9595209125904
 20
102.6657742572991
 30
0.0
 11
675.9595209125904
 21
275.7657742572991
 31
0.0
  0
LINE
  5
2EF
100
AcDbEntity
  8
L1
100
AcDbLine
 10
676.5543300915251
 20
275.7607167055092
 30
0.0
 11
676.5543300915251
 21
102.670831809089
 31
0.0
  0
ARC
  5
2F0
100
AcDbEntity
  8
L1
100
AcDbCircle
 10
441.5095209125905
 20
189.215774257299
 30
0.0
 40
2.0
100
AcDbArc
 50
83.22569392773116
 51
276.7743060722549
  0
ARC
  5
2F1
100
AcDbEntity
  8
L1
100
AcDbCircle
 10
441.5095209125905
 20
189.215774257299
 30
0.0
 40
2.0
100
AcDbArc
 50
279.5859123991561
 51
80.41408760083404
  0
CIRCLE
  5
2F2
100
AcDbEntity
  8
L1
100
AcDbCircle
 10
441.5095209125905
 20
189.215774257299
 30
0.0
 40
1.6
  0
CIRCLE
  5
2F3
100
AcDbEntity
  8
L1
100
AcDbCircle
 10
441.5095209125905
 20
189.215774257299
 30
0.0
 40
4.591897474510698
  0
ARC
  5
2F4
100
AcDbEntity
  8
L1
100
AcDbCircle
 10
441.5095209125905
 20
189.215774257299
 30
0.0
 40
3.403605588231097
100
AcDbArc
 50
306.5708941476372
 51
53.42910585236246
  0
LINE
  5
2F5
100
AcDbEntity
  8
L1
100
AcDbLine
 10
422.2368310544496
 20
117.0657742572989
 30
0.0
 11
422.2368310544496
 21
261.365774257299
 31
0.0
  0
LINE
  5
2F6
100
AcDbEntity
  8
L1
100
AcDbLine
 10
427.4888828078958
 20
117.2671873295124
 30
0.0
 11
427.4888828078957
 21
261.1643611850857
 31
0.0
  0
LINE
  5
2F7
100
AcDbEntity
  8
L1
100
AcDbLine
 10
424.8823097707645
 20
261.365774257299
 30
0.0
 11
424.8823097707645
 21
117.0657742572989
 31
0.0
  0
LINE
  5
2F8
100
AcDbEntity
  8
L1
100
AcDbLine
 10
421.4647117336557
 20
102.6708318090889
 30
0.0
 11
421.4647117336557
 21
275.7607167055092
 31
0.0
  0
LINE
  5
2F9
100
AcDbEntity
  8
L1
100
AcDbLine
 10
422.0595209125904
 20
275.7657742572991
 30
0.0
 11
422.0595209125904
 21
102.665774257299
 31
0.0
  0
LINE
  5
2FA
100
AcDbEntity
  8
L6
100
AcDbLine
 10
549.0095209125904
 20
94.75112735100941
 30
0.0
 11
549.0095209125904
 21
289.2143529657221
 31
0.0
  0
LINE
  5
2FB
100
AcDbEntity
  8
L6
100
AcDbLine
 10
417.6877392332679
 20
189.215774257299
 30
0.0
 11
684.0080996210136
 21
189.215774257299
 31
0.0
  0
LINE
  5
2FC
100
AcDbEntity
  8
L1
100
AcDbLine
 10
658.6595209125905
 20
99.9430843991583
 30
0.0
 11
439.3595209125904
 21
99.94308439915824
 31
0.0
  0
LINE
  5
2FD
100
AcDbEntity
  8
L1
100
AcDbLine
 10
673.0544633608006
 20
99.17096507836442
 30
0.0
 11
424.9645784643803
 21
99.17096507836436
 31
0.0
  0
LINE
  5
2FE
100
AcDbEntity
  8
L1
100
AcDbLine
 10
424.9595209125904
 20
99.76577425729908
 30
0.0
 11
673.0595209125904
 21
99.76577425729914
 31
0.0
  0
LINE
  5
2FF
100
AcDbEntity
  8
L1
100
AcDbLine
 10
658.4581078403771
 20
105.1951361526044
 30
0.0
 11
439.5609339848039
 21
105.1951361526044
 31
0.0
  0
LINE
  5
300
100
AcDbEntity
  8
L1
100
AcDbLine
 10
439.3595209125904
 20
102.5885631154731
 30
0.0
 11
658.6595209125905
 21
102.5885631154731
 31
0.0
  0
LINE
  5
301
100
AcDbEntity
  8
L2
 48
2.0
100
AcDbLine
 10
659.0580849942157
 20
54.64836758112887
 30
0.0
 11
438.9609568309657
 21
54.64836758112888
 31
0.0
  0
LINE
  5
302
100
AcDbEntity
  8
L1
100
AcDbLine
 10
436.387689528885
 20
57.64836758112886
 30
0.0
 11
661.6313522963452
 21
57.64836758112881
 31
0.0
  0
LINE
  5
303
100
AcDbEntity
  8
L1
100
AcDbLine
 10
422.0595209125902
 20
8.648367581128866
 30
0.0
 11
675.9595209125904
 21
8.648367581128866
 31
0.0
  0
LINE
  5
304
100
AcDbEntity
  8
L2
100
AcDbLine
 10
438.9609568309657
 20
54.64836758112888
 30
0.0
 11
438.5621161263313
 21
8.945749620479375
 31
0.0
  0
LINE
  5
305
100
AcDbEntity
  8
L1
100
AcDbLine
 10
421.4647117336557
 20
9.24317676006359
 30
0.0
 11
421.4944270545839
 21
12.64821527338557
 31
0.0
  0
POLYLINE
  5
306
100
AcDbEntity
  8
L1
100
AcDb2dPolyline
 66
     1
 10
0.0
 20
0.0
 30
0.0
  0
VERTEX
  5
307
100
AcDbEntity
  8
L1
100
AcDbVertex
100
AcDb2dVertex
 10
421.4647153559803
 20
9.243173137739063
 30
0.0
  0
VERTEX
  5
308
100
AcDbEntity
  8
L1
100
AcDbVertex
100
AcDb2dVertex
 10
421.4647126392369
 20
9.243175854482331
 30
0.0
  0
VERTEX
  5
309
100
AcDbEntity
  8
L1
100
AcDbVertex
100
AcDb2dVertex
 10
421.4647117336557
 20
9.24317676006359
 30
0.0
  0
SEQEND
  5
30A
100
AcDbEntity
  8
L1
  0
LINE
  5
30B
100
AcDbEntity
  8
L1
100
AcDbLine
 10
422.0595209125904
 20
8.648367581128866
 30
0.0
 11
421.4647153559803
 21
9.243173137739063
 31
0.0
  0
LINE
  5
30C
100
AcDbEntity
  8
L1
100
AcDbLine
 10
436.0122799210834
 20
14.63068737756015
 30
0.0
 11
436.387689528885
 21
57.64836758112881
 31
0.0
  0
LINE
  5
30D
100
AcDbEntity
  8
L1
100
AcDbLine
 10
422.197048923194
 20
12.94559731273608
 30
0.0
 11
422.5932957432573
 21
58.35098554177841
 31
0.0
  0
LINE
  5
30E
100
AcDbEntity
  8
L1
100
AcDbLine
 10
421.882812078103
 20
57.15273084887804
 30
0.0
 11
421.5117278265359
 21
14.63068737755952
 31
0.0
  0
LINE
  5
30F
100
AcDbEntity
  8
L1
100
AcDbLine
 10
421.4944270545839
 20
12.64821527338551
 30
0.0
 11
434.0123560691561
 21
12.64821527338546
 31
0.0
  0
LINE
  5
310
100
AcDbEntity
  8
L1
100
AcDbLine
 10
421.494427054584
 20
12.64821527338557
 30
0.0
 11
421.4944274590913
 21
12.64826162533415
 31
0.0
  0
ARC
  5
311
100
AcDbEntity
  8
L1
100
AcDbCircle
 10
421.8970603462749
 20
12.94821527338553
 30
0.0
 40
0.2999999999999993
100
AcDbArc
 50
270.0
 51
270.061652521661
  0
ARC
  5
312
100
AcDbEntity
  8
L1
100
AcDbCircle
 10
421.8970603462749
 20
12.94821527338553
 30
0.0
 40
0.2999999999999993
100
AcDbArc
 50
270.061652521661
 51
359.5000000000009
  0
LINE
  5
313
100
AcDbEntity
  8
L1
100
AcDbLine
 10
421.4944274590913
 20
12.64826162533415
 30
0.0
 11
421.511727826536
 21
14.6306873775602
 31
0.0
  0
ELLIPSE
  5
314
100
AcDbEntity
  8
L1
100
AcDbEllipse
 10
434.012356069156
 20
14.64813911951387
 30
0.0
 11
-1.999999999999999
 21
0.0
 31
0.0
210
0.0
220
0.0
230
-1.0
 40
0.9999619230641712
 41
-3.132866339596905
 42
-1.570796326794896
  0
POLYLINE
  5
315
100
AcDbEntity
  8
L1
100
AcDb2dPolyline
 66
     1
 10
0.0
 20
0.0
 30
0.0
  0
VERTEX
  5
316
100
AcDbEntity
  8
L1
100
AcDbVertex
100
AcDb2dVertex
 10
422.8932843201766
 20
58.64836758112886
 30
0.0
  0
VERTEX
  5
317
100
AcDbEntity
  8
L1
100
AcDbVertex
100
AcDb2dVertex
 10
422.9053217955866
 20
58.64836758112886
 30
0.0
  0
VERTEX
  5
318
100
AcDbEntity
  8
L1
100
AcDbVertex
100
AcDb2dVertex
 10
422.941318305579
 20
58.64836758112886
 30
0.0
  0
VERTEX
  5
319
100
AcDbEntity
  8
L1
100
AcDbVertex
100
AcDb2dVertex
 10
423.0009272176699
 20
58.64836758112886
 30
0.0
  0
VERTEX
  5
31A
100
AcDbEntity
  8
L1
100
AcDbVertex
100
AcDb2dVertex
 10
423.0835745210659
 20
58.64836758112886
 30
0.0
  0
VERTEX
  5
31B
100
AcDbEntity
  8
L1
100
AcDbVertex
100
AcDb2dVertex
 10
423.1884643541663
 20
58.64836758112886
 30
0.0
  0
VERTEX
  5
31C
100
AcDbEntity
  8
L1
100
AcDbVertex
100
AcDb2dVertex
 10
423.3145866684028
 20
58.64836758112886
 30
0.0
  0
VERTEX
  5
31D
100
AcDbEntity
  8
L1
100
AcDbVertex
100
AcDb2dVertex
 10
423.4607269546168
 20
58.64836758112886
 30
0.0
  0
VERTEX
  5
31E
100
AcDbEntity
  8
L1
100
AcDbVertex
100
AcDb2dVertex
 10
423.6254779383138
 20
58.64836758112886
 30
0.0
  0
VERTEX
  5
31F
100
AcDbEntity
  8
L1
100
AcDbVertex
100
AcDb2dVertex
 10
423.8072531311726
 20
58.64836758112886
 30
0.0
  0
VERTEX
  5
320
100
AcDbEntity
  8
L1
100
AcDbVertex
100
AcDb2dVertex
 10
424.0043021083153
 20
58.64836758112886
 30
0.0
  0
VERTEX
  5
321
100
AcDbEntity
  8
L1
100
AcDbVertex
100
AcDb2dVertex
 10
424.2147273642222
 20
58.64836758112886
 30
0.0
  0
VERTEX
  5
322
100
AcDbEntity
  8
L1
100
AcDbVertex
100
AcDb2dVertex
 10
424.4365025849774
 20
58.64836758112886
 30
0.0
  0
VERTEX
  5
323
100
AcDbEntity
  8
L1
100
AcDbVertex
100
AcDb2dVertex
 10
424.6674921608881
 20
58.64836758112886
 30
0.0
  0
VERTEX
  5
324
100
AcDbEntity
  8
L1
100
AcDbVertex
100
AcDb2dVertex
 10
424.9054717515818
 20
58.64836758112886
 30
0.0
  0
VERTEX
  5
325
100
AcDbEntity
  8
L1
100
AcDbVertex
100
AcDb2dVertex
 10
425.1481497055439
 20
58.64836758112886
 30
0.0
  0
VERTEX
  5
326
100
AcDbEntity
  8
L1
100
AcDbVertex
100
AcDb2dVertex
 10
425.393189127837
 20
58.64836758112886
 30
0.0
  0
SEQEND
  5
327
100
AcDbEntity
  8
L1
  0
LINE
  5
328
100
AcDbEntity
  8
L1
100
AcDbLine
 10
422.3827930396351
 20
57.64836758112886
 30
0.0
 11
422.5871640892073
 21
57.64836758112886
 31
0.0
  0
ARC
  5
329
100
AcDbEntity
  8
L1
100
AcDbCircle
 10
422.8932843201766
 20
58.34836758112885
 30
0.0
 40
0.299999999999996
100
AcDbArc
 50
90.0
 51
179.4999999999992
  0
POLYLINE
  5
32A
100
AcDbEntity
  8
L1
100
AcDb2dPolyline
 66
     1
 10
0.0
 20
0.0
 30
0.0
  0
VERTEX
  5
32B
100
AcDbEntity
  8
L1
100
AcDbVertex
100
AcDb2dVertex
 10
422.2896944199799
 20
57.63962377398377
 30
0.0
  0
VERTEX
  5
32C
100
AcDbEntity
  8
L1
100
AcDbVertex
100
AcDb2dVertex
 10
421.9991238754652
 20
57.46898881009724
 30
0.0
  0
VERTEX
  5
32D
100
AcDbEntity
  8
L1
100
AcDbVertex
100
AcDb2dVertex
 10
421.882812078103
 20
57.15273084887804
 30
0.0
  0
SEQEND
  5
32E
100
AcDbEntity
  8
L1
  0
POLYLINE
  5
32F
100
AcDbEntity
  8
L1
100
AcDb2dPolyline
 66
     1
 10
0.0
 20
0.0
 30
0.0
  0
VERTEX
  5
330
100
AcDbEntity
  8
L1
100
AcDbVertex
100
AcDb2dVertex
 10
422.3827930396351
 20
57.64836758112886
 30
0.0
  0
VERTEX
  5
331
100
AcDbEntity
  8
L1
100
AcDbVertex
100
AcDb2dVertex
 10
422.2896944199799
 20
57.63962377398377
 30
0.0
  0
SEQEND
  5
332
100
AcDbEntity
  8
L1
  0
LINE
  5
333
100
AcDbEntity
  8
L1
100
AcDbLine
 10
425.393189127837
 20
58.64836758112886
 30
0.0
 11
436.2984975938196
 21
58.64836758112886
 31
0.0
  0
LINE
  5
334
100
AcDbEntity
  8
L1
100
AcDbLine
 10
436.5984861707389
 20
58.35098554177836
 30
0.0
 11
436.6046169678256
 21
57.64846577939152
 31
0.0
  0
ARC
  5
335
100
AcDbEntity
  8
L1
100
AcDbCircle
 10
436.2984975938196
 20
58.34836758112885
 30
0.0
 40
0.2999999999999959
100
AcDbArc
 50
0.4999999999994092
 51
90.0
  0
LINE
  5
336
100
AcDbEntity
  8
L6
100
AcDbLine
 10
549.0095209125904
 20
66.64836758112887
 30
0.0
 11
549.0095209125904
 21
0.6483675811289232
 31
0.0
  0
ARC
  5
337
100
AcDbEntity
  8
L2
 48
0.3
100
AcDbCircle
 10
546.0374755472387
 20
47.54836758112884
 30
0.0
 40
0.4
100
AcDbArc
 50
181.4999999999981
 51
270.0
  0
LINE
  5
338
100
AcDbEntity
  8
L2
 48
0.3
100
AcDbLine
 10
534.5234637524527
 20
48.74836758112889
 30
0.0
 11
528.495578072728
 21
48.74836758112889
 31
0.0
  0
ARC
  5
339
100
AcDbEntity
  8
L2
 48
0.3
100
AcDbCircle
 10
528.495578072728
 20
49.14836758112887
 30
0.0
 40
0.4
100
AcDbArc
 50
181.4999999999991
 51
270.0
  0
LINE
  5
33A
100
AcDbEntity
  8
L2
 48
0.3
100
AcDbLine
 10
528.0957151427377
 20
49.1378968018057
 30
0.0
 11
527.951418387101
 21
54.64836758112887
 31
0.0
  0
LINE
  5
33B
100
AcDbEntity
  8
L2
 48
0.3
100
AcDbLine
 10
545.6376126172484
 20
47.53789680180574
 30
0.0
 11
545.451418387101
 21
54.64836758112887
 31
0.0
  0
LINE
  5
33C
100
AcDbEntity
  8
L2
 48
0.3
100
AcDbLine
 10
540.2676234380798
 20
54.64836758112887
 30
0.0
 11
540.0814292079324
 21
47.53789680180574
 31
0.0
  0
LINE
  5
33D
100
AcDbEntity
  8
L2
 48
0.3
100
AcDbLine
 10
537.9376126172485
 20
47.53789680180574
 30
0.0
 11
537.7514183871012
 21
54.64836758112887
 31
0.0
  0
ARC
  5
33E
100
AcDbEntity
  8
L2
 48
0.3
100
AcDbCircle
 10
534.5234637524527
 20
49.14836758112887
 30
0.0
 40
0.4
100
AcDbArc
 50
270.0
 51
358.4999999999988
  0
ARC
  5
33F
100
AcDbEntity
  8
L2
 48
0.3
100
AcDbCircle
 10
538.3374755472387
 20
47.54836758112884
 30
0.0
 40
0.4
100
AcDbArc
 50
181.4999999999981
 51
270.0
  0
ARC
  5
340
100
AcDbEntity
  8
L2
 48
0.3
100
AcDbCircle
 10
539.6815662779422
 20
47.54836758112884
 30
0.0
 40
0.4
100
AcDbArc
 50
270.0
 51
358.4999999999999
  0
LINE
  5
341
100
AcDbEntity
  8
L2
 48
0.3
100
AcDbLine
 10
539.6815662779422
 20
47.14836758112887
 30
0.0
 11
538.3374755472387
 21
47.14836758112887
 31
0.0
  0
LINE
  5
342
100
AcDbEntity
  8
L2
 48
0.3
100
AcDbLine
 10
535.0676234380796
 20
54.64836758112887
 30
0.0
 11
534.923326682443
 21
49.1378968018057
 31
0.0
  0
LINE
  5
343
100
AcDbEntity
  8
L2
 48
0.3
100
AcDbLine
 10
557.9376126172485
 20
47.53789680180574
 30
0.0
 11
557.7514183871012
 21
54.64836758112887
 31
0.0
  0
LINE
  5
344
100
AcDbEntity
  8
L2
 48
0.3
100
AcDbLine
 10
552.5676234380799
 20
54.64836758112887
 30
0.0
 11
552.3814292079324
 21
47.53789680180569
 31
0.0
  0
LINE
  5
345
100
AcDbEntity
  8
L2
 48
0.3
100
AcDbLine
 10
560.2676234380798
 20
54.64836758112887
 30
0.0
 11
560.0814292079324
 21
47.53789680180574
 31
0.0
  0
ARC
  5
346
100
AcDbEntity
  8
L2
 48
0.3
100
AcDbCircle
 10
551.9815662779421
 20
47.54836758112884
 30
0.0
 40
0.4
100
AcDbArc
 50
270.0
 51
358.4999999999999
  0
LINE
  5
347
100
AcDbEntity
  8
L2
 48
0.3
100
AcDbLine
 10
551.9815662779421
 20
47.14836758112887
 30
0.0
 11
546.0374755472387
 21
47.14836758112887
 31
0.0
  0
ARC
  5
348
100
AcDbEntity
  8
L2
 48
0.3
100
AcDbCircle
 10
558.3374755472387
 20
47.54836758112884
 30
0.0
 40
0.4
100
AcDbArc
 50
181.4999999999981
 51
270.0
  0
LINE
  5
349
100
AcDbEntity
  8
L2
 48
0.3
100
AcDbLine
 10
559.6815662779422
 20
47.14836758112887
 30
0.0
 11
558.3374755472387
 21
47.14836758112887
 31
0.0
  0
ARC
  5
34A
100
AcDbEntity
  8
L2
 48
0.3
100
AcDbCircle
 10
559.6815662779422
 20
47.54836758112884
 30
0.0
 40
0.4
100
AcDbArc
 50
270.0
 51
358.4999999999999
  0
ARC
  5
34B
100
AcDbEntity
  8
L2
 48
0.3
100
AcDbCircle
 10
563.4955780727279
 20
49.14836758112887
 30
0.0
 40
0.4
100
AcDbArc
 50
181.4999999999991
 51
270.0
  0
ARC
  5
34C
100
AcDbEntity
  8
L2
 48
0.3
100
AcDbCircle
 10
569.5234637524528
 20
49.14836758112887
 30
0.0
 40
0.4
100
AcDbArc
 50
270.0
 51
358.4999999999988
  0
LINE
  5
34D
100
AcDbEntity
  8
L2
 48
0.3
100
AcDbLine
 10
569.5234637524528
 20
48.74836758112889
 30
0.0
 11
563.4955780727279
 21
48.74836758112889
 31
0.0
  0
LINE
  5
34E
100
AcDbEntity
  8
L2
 48
0.3
100
AcDbLine
 10
563.0957151427377
 20
49.1378968018057
 30
0.0
 11
562.951418387101
 21
54.64836758112887
 31
0.0
  0
LINE
  5
34F
100
AcDbEntity
  8
L2
 48
0.3
100
AcDbLine
 10
570.0676234380797
 20
54.64836758112887
 30
0.0
 11
569.923326682443
 21
49.1378968018057
 31
0.0
  0
POLYLINE
  5
350
100
AcDbEntity
  8
L1
100
AcDb2dPolyline
 66
     1
 10
0.0
 20
0.0
 30
0.0
  0
VERTEX
  5
351
100
AcDbEntity
  8
L1
100
AcDbVertex
100
AcDb2dVertex
 10
435.3456486916079
 20
101.2345260992497
 30
0.0
  0
VERTEX
  5
352
100
AcDbEntity
  8
L1
100
AcDbVertex
100
AcDb2dVertex
 10
435.382654217813
 20
101.1593431926319
 30
0.0
  0
VERTEX
  5
353
100
AcDbEntity
  8
L1
100
AcDbVertex
100
AcDb2dVertex
 10
435.3969646788466
 20
101.0457748866004
 30
0.0
  0
VERTEX
  5
354
100
AcDbEntity
  8
L1
100
AcDbVertex
100
AcDb2dVertex
 10
435.3658087641743
 20
100.9312882022462
 30
0.0
  0
VERTEX
  5
355
100
AcDbEntity
  8
L1
100
AcDbVertex
100
AcDb2dVertex
 10
435.2933592612209
 20
100.8384066146795
 30
0.0
  0
VERTEX
  5
356
100
AcDbEntity
  8
L1
100
AcDbVertex
100
AcDb2dVertex
 10
435.2057968516056
 20
100.785948304208
 30
0.0
  0
VERTEX
  5
357
100
AcDbEntity
  8
L1
100
AcDbVertex
100
AcDb2dVertex
 10
435.119019516053
 20
100.7665374090468
 30
0.0
  0
VERTEX
  5
358
100
AcDbEntity
  8
L1
100
AcDbVertex
100
AcDb2dVertex
 10
435.097632348078
 20
100.765774257299
 30
0.0
  0
SEQEND
  5
359
100
AcDbEntity
  8
L1
  0
ARC
  5
35A
100
AcDbEntity
  8
L1
100
AcDbCircle
 10
439.3595209125904
 20
103.965774257299
 30
0.0
 40
4.022689858140807
100
AcDbArc
 50
180.0
 51
270.0
  0
ARC
  5
35B
100
AcDbEntity
  8
L1
100
AcDbCircle
 10
424.9595209125904
 20
102.665774257299
 30
0.0
 40
2.899999999999996
100
AcDbArc
 50
179.9999999999997
 51
270.0000000000005
  0
POLYLINE
  5
35C
100
AcDbEntity
  8
L1
100
AcDb2dPolyline
 66
     1
 10
0.0
 20
0.0
 30
0.0
  0
VERTEX
  5
35D
100
AcDbEntity
  8
L1
100
AcDbVertex
100
AcDb2dVertex
 10
424.9595209125904
 20
99.17096870068888
 30
0.0
  0
VERTEX
  5
35E
100
AcDbEntity
  8
L1
100
AcDbVertex
100
AcDb2dVertex
 10
424.2878866388281
 20
99.23699344396931
 30
0.0
  0
VERTEX
  5
35F
100
AcDbEntity
  8
L1
100
AcDbVertex
100
AcDb2dVertex
 10
423.6228836135382
 20
99.43832018293671
 30
0.0
  0
VERTEX
  5
360
100
AcDbEntity
  8
L1
100
AcDbVertex
100
AcDb2dVertex
 10
423.010758551784
 20
99.76704843331766
 30
0.0
  0
VERTEX
  5
361
100
AcDbEntity
  8
L1
100
AcDbVertex
100
AcDb2dVertex
 10
422.4897649370467
 20
100.1960182817554
 30
0.0
  0
VERTEX
  5
362
100
AcDbEntity
  8
L1
100
AcDbVertex
100
AcDb2dVertex
 10
422.060795088609
 20
100.7170118964926
 30
0.0
  0
VERTEX
  5
363
100
AcDbEntity
  8
L1
100
AcDbVertex
100
AcDb2dVertex
 10
421.7320668382281
 20
101.3291369582469
 30
0.0
  0
VERTEX
  5
364
100
AcDbEntity
  8
L1
100
AcDbVertex
100
AcDb2dVertex
 10
421.5307400992607
 20
101.9941399835367
 30
0.0
  0
VERTEX
  5
365
100
AcDbEntity
  8
L1
100
AcDbVertex
100
AcDb2dVertex
 10
421.4647153559802
 20
102.665774257299
 30
0.0
  0
SEQEND
  5
366
100
AcDbEntity
  8
L1
  0
ARC
  5
367
100
AcDbEntity
  8
L1
100
AcDbCircle
 10
424.9595209125904
 20
102.665774257299
 30
0.0
 40
1.9
100
AcDbArc
 50
180.0
 51
270.0
  0
LINE
  5
368
100
AcDbEntity
  8
L1
100
AcDbLine
 10
435.097632348078
 20
100.765774257299
 30
0.0
 11
424.9595209125904
 21
100.765774257299
 31
0.0
  0
POLYLINE
  5
369
100
AcDbEntity
  8
L1
100
AcDb2dPolyline
 66
     1
 10
0.0
 20
0.0
 30
0.0
  0
VERTEX
  5
36A
100
AcDbEntity
  8
L1
100
AcDbVertex
100
AcDb2dVertex
 10
424.9645784643803
 20
99.17096507836436
 30
0.0
  0
VERTEX
  5
36B
100
AcDbEntity
  8
L1
100
AcDbVertex
100
AcDb2dVertex
 10
424.9620496956588
 20
99.17096598394563
 30
0.0
  0
VERTEX
  5
36C
100
AcDbEntity
  8
L1
100
AcDbVertex
100
AcDb2dVertex
 10
424.9595209125904
 20
99.17096870068888
 30
0.0
  0
SEQEND
  5
36D
100
AcDbEntity
  8
L1
  0
POLYLINE
  5
36E
100
AcDbEntity
  8
L1
100
AcDb2dPolyline
 66
     1
 10
0.0
 20
0.0
 30
0.0
  0
VERTEX
  5
36F
100
AcDbEntity
  8
L1
100
AcDbVertex
100
AcDb2dVertex
 10
423.0595209125905
 20
112.8038856927864
 30
0.0
  0
VERTEX
  5
370
100
AcDbEntity
  8
L1
100
AcDbVertex
100
AcDb2dVertex
 10
423.0714694568601
 20
112.8877171886008
 30
0.0
  0
VERTEX
  5
371
100
AcDbEntity
  8
L1
100
AcDbVertex
100
AcDb2dVertex
 10
423.1260235303266
 20
112.9922572265593
 30
0.0
  0
VERTEX
  5
372
100
AcDbEntity
  8
L1
100
AcDbVertex
100
AcDb2dVertex
 10
423.2147818494317
 20
113.0666706434008
 30
0.0
  0
VERTEX
  5
373
100
AcDbEntity
  8
L1
100
AcDbVertex
100
AcDb2dVertex
 10
423.3035828381399
 20
113.0986276387448
 30
0.0
  0
VERTEX
  5
374
100
AcDbEntity
  8
L1
100
AcDbVertex
100
AcDb2dVertex
 10
423.3886570208873
 20
113.1024619449977
 30
0.0
  0
VERTEX
  5
375
100
AcDbEntity
  8
L1
100
AcDbVertex
100
AcDb2dVertex
 10
423.4758506884987
 20
113.0803974133893
 30
0.0
  0
VERTEX
  5
376
100
AcDbEntity
  8
L1
100
AcDbVertex
100
AcDb2dVertex
 10
423.5282727545412
 20
113.0519020363163
 30
0.0
  0
SEQEND
  5
377
100
AcDbEntity
  8
L1
  0
ARC
  5
378
100
AcDbEntity
  8
L1
100
AcDbCircle
 10
426.2595209125905
 20
117.0657742572989
 30
0.0
 40
4.022689858140864
100
AcDbArc
 50
180.0
 51
270.0
  0
LINE
  5
379
100
AcDbEntity
  8
L6
 48
0.2
100
AcDbLine
 10
422.7305905848736
 20
107.4657742572991
 30
0.0
 11
436.7319520293724
 21
107.4657742572991
 31
0.0
  0
LINE
  5
37A
100
AcDbEntity
  8
L1
100
AcDbLine
 10
423.0595209125905
 20
102.665774257299
 30
0.0
 11
423.0595209125905
 21
112.8038856927864
 31
0.0
  0
POLYLINE
  5
37B
100
AcDbEntity
  8
L1
100
AcDb2dPolyline
 66
     1
 10
0.0
 20
0.0
 30
0.0
  0
VERTEX
  5
37C
100
AcDbEntity
  8
L1
100
AcDbVertex
100
AcDb2dVertex
 10
421.4647153559803
 20
102.665774257299
 30
0.0
  0
VERTEX
  5
37D
100
AcDbEntity
  8
L1
100
AcDbVertex
100
AcDb2dVertex
 10
421.4647126392369
 20
102.6683030403673
 30
0.0
  0
VERTEX
  5
37E
100
AcDbEntity
  8
L1
100
AcDbVertex
100
AcDb2dVertex
 10
421.4647117336557
 20
102.6708318090889
 30
0.0
  0
SEQEND
  5
37F
100
AcDbEntity
  8
L1
  0
LINE
  5
380
100
AcDbEntity
  8
L1
100
AcDbLine
 10
435.4367633879593
 20
114.9947244472086
 30
0.0
 11
436.5634798340268
 21
115.9401518015453
 31
0.0
  0
LINE
  5
381
100
AcDbEntity
  8
L1
100
AcDbLine
 10
436.9684481512887
 20
115.9224705029655
 30
0.0
 11
438.2162171582569
 21
114.6747014959972
 31
0.0
  0
CIRCLE
  5
382
100
AcDbEntity
  8
L1
100
AcDbCircle
 10
448.2095209125904
 20
119.715774257299
 30
0.0
 40
4.591897474510698
  0
ARC
  5
383
100
AcDbEntity
  8
L1
100
AcDbCircle
 10
426.2595209125905
 20
117.0657742572989
 30
0.0
 40
1.377211141825998
100
AcDbArc
 50
180.0
 51
270.0000000000012
  0
ARC
  5
384
100
AcDbEntity
  8
L1
100
AcDbCircle
 10
429.7595209125905
 20
107.465774257299
 30
0.0
 40
9.201435918374905
100
AcDbArc
 50
54.74474163330183
 51
90.0
  0
ARC
  5
385
100
AcDbEntity
  8
L1
100
AcDbCircle
 10
429.7595209125905
 20
107.4657742572989
 30
0.0
 40
8.222788858174023
100
AcDbArc
 50
0.0
 51
90.0
  0
ARC
  5
386
100
AcDbEntity
  8
L1
100
AcDbCircle
 10
439.3595209125904
 20
103.965774257299
 30
0.0
 40
1.377211141825941
100
AcDbArc
 50
180.0
 51
270.0000000000012
  0
ARC
  5
387
100
AcDbEntity
  8
L1
100
AcDbCircle
 10
429.7595209125905
 20
107.465774257299
 30
0.0
 40
9.201435918374905
100
AcDbArc
 50
0.0
 51
35.25525836669854
  0
LINE
  5
388
100
AcDbEntity
  8
L6
 48
0.2
100
AcDbLine
 10
429.7595209125904
 20
101.1848915991553
 30
0.0
 11
429.7595209125904
 21
113.7644691462375
 31
0.0
  0
ARC
  5
389
100
AcDbEntity
  8
L1
100
AcDbCircle
 10
429.7595209125905
 20
107.4657742572989
 30
0.0
 40
5.577310141859157
100
AcDbArc
 50
0.0
 51
90.0
  0
ARC
  5
38A
100
AcDbEntity
  8
L1
100
AcDbCircle
 10
429.7595209125905
 20
107.465774257299
 30
0.0
 40
5.099999999999999
100
AcDbArc
 50
352.999999999999
 51
97.00000000000043
  0
CIRCLE
  5
38B
100
AcDbEntity
  8
L1
100
AcDbCircle
 10
429.7595209125905
 20
107.465774257299
 30
0.0
 40
2.25
  0
CIRCLE
  5
38C
100
AcDbEntity
  8
L1
100
AcDbCircle
 10
429.7595209125905
 20
107.465774257299
 30
0.0
 40
4.0
  0
ARC
  5
38D
100
AcDbEntity
  8
L1
100
AcDbCircle
 10
439.3595209125907
 20
103.965774257299
 30
0.0
 40
4.85498575767474
100
AcDbArc
 50
172.9999999999992
 51
214.2334150316798
  0
LINE
  5
38E
100
AcDbEntity
  8
L1
100
AcDbLine
 10
437.9823097707645
 20
107.4657742572989
 30
0.0
 11
437.9823097707645
 21
103.965774257299
 31
0.0
  0
LINE
  5
38F
100
AcDbEntity
  8
L1
100
AcDbLine
 10
435.3368310544496
 20
103.965774257299
 30
0.0
 11
435.3368310544496
 21
107.4657742572989
 31
0.0
  0
LINE
  5
390
100
AcDbEntity
  8
L1
100
AcDbLine
 10
434.8215062859613
 20
106.8442406059327
 30
0.0
 11
434.5407234825371
 21
104.5574481838282
 31
0.0
  0
LINE
  5
391
100
AcDbEntity
  8
L1
100
AcDbLine
 10
429.7595209125905
 20
113.0430843991581
 30
0.0
 11
426.2595209125905
 21
113.043084399158
 31
0.0
  0
LINE
  5
392
100
AcDbEntity
  8
L1
100
AcDbLine
 10
426.2595209125905
 20
115.6885631154729
 30
0.0
 11
429.7595209125905
 21
115.688563115473
 31
0.0
  0
LINE
  5
393
100
AcDbEntity
  8
L1
100
AcDbLine
 10
426.8511948391198
 20
112.2469768272455
 30
0.0
 11
429.1379872612242
 21
112.5277596306697
 31
0.0
  0
ARC
  5
394
100
AcDbEntity
  8
L1
100
AcDbCircle
 10
426.2595209125906
 20
117.0657742572989
 30
0.0
 40
4.854985757674694
100
AcDbArc
 50
235.7665849683187
 51
277.0000000000009
  0
ARC
  5
395
100
AcDbEntity
  8
L1
100
AcDbCircle
 10
438.0040851239009
 20
114.4625694616413
 30
0.0
 40
0.3
100
AcDbArc
 50
319.9999999999985
 51
44.99999999999903
  0
POLYLINE
  5
396
100
AcDbEntity
  8
L1
100
AcDb2dPolyline
 66
     1
 10
0.0
 20
0.0
 30
0.0
  0
VERTEX
  5
397
100
AcDbEntity
  8
L1
100
AcDbVertex
100
AcDb2dVertex
 10
437.6911790684632
 20
114.6517701132602
 30
0.0
  0
VERTEX
  5
398
100
AcDbEntity
  8
L1
100
AcDbVertex
100
AcDb2dVertex
 10
437.778759614701
 20
114.4527315374481
 30
0.0
  0
VERTEX
  5
399
100
AcDbEntity
  8
L1
100
AcDbVertex
100
AcDb2dVertex
 10
437.7088596937932
 20
114.2468172159509
 30
0.0
  0
SEQEND
  5
39A
100
AcDbEntity
  8
L1
  0
POLYLINE
  5
39B
100
AcDbEntity
  8
L1
100
AcDb2dPolyline
 66
     1
 10
0.0
 20
0.0
 30
0.0
  0
VERTEX
  5
39C
100
AcDbEntity
  8
L1
100
AcDbVertex
100
AcDb2dVertex
 10
437.2884711025001
 20
113.1430167326678
 30
0.0
  0
VERTEX
  5
39D
100
AcDbEntity
  8
L1
100
AcDbVertex
100
AcDb2dVertex
 10
437.2695996833939
 20
113.1179776345254
 30
0.0
  0
VERTEX
  5
39E
100
AcDbEntity
  8
L1
100
AcDbVertex
100
AcDb2dVertex
 10
437.2241361107638
 20
113.0091409610064
 30
0.0
  0
VERTEX
  5
39F
100
AcDbEntity
  8
L1
100
AcDbVertex
100
AcDb2dVertex
 10
437.2237109949997
 20
112.893397399948
 30
0.0
  0
VERTEX
  5
3A0
100
AcDbEntity
  8
L1
100
AcDbVertex
100
AcDb2dVertex
 10
437.2650343337365
 20
112.7893712082714
 30
0.0
  0
VERTEX
  5
3A1
100
AcDbEntity
  8
L1
100
AcDbVertex
100
AcDb2dVertex
 10
437.2733084376794
 20
112.7770283453443
 30
0.0
  0
SEQEND
  5
3A2
100
AcDbEntity
  8
L1
  0
LINE
  5
3A3
100
AcDbEntity
  8
L1
100
AcDbLine
 10
438.2338984568366
 20
114.2697331787352
 30
0.0
 11
437.2884711025
 21
113.1430167326678
 31
0.0
  0
POLYLINE
  5
3A4
100
AcDbEntity
  8
L1
100
AcDb2dPolyline
 66
     1
 10
0.0
 20
0.0
 30
0.0
  0
VERTEX
  5
3A5
100
AcDbEntity
  8
L1
100
AcDbVertex
100
AcDb2dVertex
 10
436.7870461719963
 20
112.7855329257394
 30
0.0
  0
VERTEX
  5
3A6
100
AcDbEntity
  8
L1
100
AcDbVertex
100
AcDb2dVertex
 10
436.7641632869016
 20
112.8206041688064
 30
0.0
  0
VERTEX
  5
3A7
100
AcDbEntity
  8
L1
100
AcDbVertex
100
AcDb2dVertex
 10
436.7287970726165
 20
112.9275309485891
 30
0.0
  0
VERTEX
  5
3A8
100
AcDbEntity
  8
L1
100
AcDbVertex
100
AcDb2dVertex
 10
436.7363277359432
 20
113.0437233945875
 30
0.0
  0
VERTEX
  5
3A9
100
AcDbEntity
  8
L1
100
AcDbVertex
100
AcDb2dVertex
 10
436.7884579080987
 20
113.1495053542001
 30
0.0
  0
VERTEX
  5
3AA
100
AcDbEntity
  8
L1
100
AcDbVertex
100
AcDb2dVertex
 10
436.7964276747943
 20
113.1594230793109
 30
0.0
  0
SEQEND
  5
3AB
100
AcDbEntity
  8
L1
  0
POLYLINE
  5
3AC
100
AcDbEntity
  8
L1
100
AcDb2dPolyline
 66
     1
 10
0.0
 20
0.0
 30
0.0
  0
VERTEX
  5
3AD
100
AcDbEntity
  8
L1
100
AcDbVertex
100
AcDb2dVertex
 10
436.5405638712424
 20
115.4151130385017
 30
0.0
  0
VERTEX
  5
3AE
100
AcDbEntity
  8
L1
100
AcDbVertex
100
AcDb2dVertex
 10
436.7464781927397
 20
115.4850129594095
 30
0.0
  0
VERTEX
  5
3AF
100
AcDbEntity
  8
L1
100
AcDbVertex
100
AcDb2dVertex
 10
436.9455167685517
 20
115.3974324131717
 30
0.0
  0
SEQEND
  5
3B0
100
AcDbEntity
  8
L1
  0
LINE
  5
3B1
100
AcDbEntity
  8
L1
100
AcDbLine
 10
435.4531697346025
 20
114.5026810195028
 30
0.0
 11
436.5405638712424
 21
115.4151130385017
 31
0.0
  0
POLYLINE
  5
3B2
100
AcDbEntity
  8
L1
100
AcDb2dPolyline
 66
     1
 10
0.0
 20
0.0
 30
0.0
  0
VERTEX
  5
3B3
100
AcDbEntity
  8
L1
100
AcDbVertex
100
AcDb2dVertex
 10
435.4531697346025
 20
114.5026810195028
 30
0.0
  0
VERTEX
  5
3B4
100
AcDbEntity
  8
L1
100
AcDbVertex
100
AcDb2dVertex
 10
435.3882770503799
 20
114.4611451166757
 30
0.0
  0
VERTEX
  5
3B5
100
AcDbEntity
  8
L1
100
AcDbVertex
100
AcDb2dVertex
 10
435.3004513312143
 20
114.4351897971075
 30
0.0
  0
VERTEX
  5
3B6
100
AcDbEntity
  8
L1
100
AcDbVertex
100
AcDb2dVertex
 10
435.2154534500829
 20
114.4358735094274
 30
0.0
  0
VERTEX
  5
3B7
100
AcDbEntity
  8
L1
100
AcDbVertex
100
AcDb2dVertex
 10
435.1273340638341
 20
114.4635944066496
 30
0.0
  0
VERTEX
  5
3B8
100
AcDbEntity
  8
L1
100
AcDbVertex
100
AcDb2dVertex
 10
435.0792795810309
 20
114.4932995167049
 30
0.0
  0
SEQEND
  5
3B9
100
AcDbEntity
  8
L1
  0
POLYLINE
  5
3BA
100
AcDbEntity
  8
L1
100
AcDb2dPolyline
 66
     1
 10
0.0
 20
0.0
 30
0.0
  0
VERTEX
  5
3BB
100
AcDbEntity
  8
L1
100
AcDbVertex
100
AcDb2dVertex
 10
435.0707750006358
 20
114.9795617823879
 30
0.0
  0
VERTEX
  5
3BC
100
AcDbEntity
  8
L1
100
AcDbVertex
100
AcDb2dVertex
 10
435.1194964290359
 20
114.9515666970406
 30
0.0
  0
VERTEX
  5
3BD
100
AcDbEntity
  8
L1
100
AcDbVertex
100
AcDb2dVertex
 10
435.2059398285865
 20
114.9269555667033
 30
0.0
  0
VERTEX
  5
3BE
100
AcDbEntity
  8
L1
100
AcDbVertex
100
AcDb2dVertex
 10
435.2885158079884
 20
114.9278708166261
 30
0.0
  0
VERTEX
  5
3BF
100
AcDbEntity
  8
L1
100
AcDbVertex
100
AcDb2dVertex
 10
435.3754308991217
 20
114.954895949172
 30
0.0
  0
VERTEX
  5
3C0
100
AcDbEntity
  8
L1
100
AcDbVertex
100
AcDb2dVertex
 10
435.4367633879593
 20
114.9947244472086
 30
0.0
  0
SEQEND
  5
3C1
100
AcDbEntity
  8
L1
  0
ARC
  5
3C2
100
AcDbEntity
  8
L1
100
AcDbCircle
 10
429.7595209125905
 20
107.465774257299
 30
0.0
 40
8.813962988465215
100
AcDbArc
 50
37.12531743510266
 51
52.87468256489747
  0
LINE
  5
3C3
100
AcDbEntity
  8
L1
100
AcDbLine
 10
437.7088596937932
 20
114.246817215951
 30
0.0
 11
436.7964276747943
 21
113.1594230793109
 31
0.0
  0
LINE
  5
3C4
100
AcDbEntity
  8
L1
100
AcDbLine
 10
436.9455167685517
 20
115.3974324131717
 30
0.0
 11
437.6911790684632
 21
114.6517701132602
 31
0.0
  0
LINE
  5
3C5
100
AcDbEntity
  8
L1
100
AcDbLine
 10
438.9609568309654
 20
104.5951589987659
 30
0.0
 11
438.9609568309654
 21
107.465774257299
 31
0.0
  0
POLYLINE
  5
3C6
100
AcDbEntity
  8
L1
100
AcDb2dPolyline
 66
     1
 10
0.0
 20
0.0
 30
0.0
  0
VERTEX
  5
3C7
100
AcDbEntity
  8
L1
100
AcDbVertex
100
AcDb2dVertex
 10
438.9609568309654
 20
104.5951589987659
 30
0.0
  0
VERTEX
  5
3C8
100
AcDbEntity
  8
L1
100
AcDbVertex
100
AcDb2dVertex
 10
439.1366832993183
 20
105.0194096842515
 30
0.0
  0
VERTEX
  5
3C9
100
AcDbEntity
  8
L1
100
AcDbVertex
100
AcDb2dVertex
 10
439.5609339848039
 20
105.1951361526044
 30
0.0
  0
SEQEND
  5
3CA
100
AcDbEntity
  8
L1
  0
LINE
  5
3CB
100
AcDbEntity
  8
L1
100
AcDbLine
 10
429.7595209125905
 20
116.6672101756739
 30
0.0
 11
426.8889056540573
 21
116.6672101756739
 31
0.0
  0
POLYLINE
  5
3CC
100
AcDbEntity
  8
L1
100
AcDb2dPolyline
 66
     1
 10
0.0
 20
0.0
 30
0.0
  0
VERTEX
  5
3CD
100
AcDbEntity
  8
L1
100
AcDbVertex
100
AcDb2dVertex
 10
427.4888828078958
 20
117.2671873295124
 30
0.0
  0
VERTEX
  5
3CE
100
AcDbEntity
  8
L1
100
AcDbVertex
100
AcDb2dVertex
 10
427.3131563395429
 20
116.8429366440267
 30
0.0
  0
VERTEX
  5
3CF
100
AcDbEntity
  8
L1
100
AcDbVertex
100
AcDb2dVertex
 10
426.8889056540573
 20
116.6672101756739
 30
0.0
  0
SEQEND
  5
3D0
100
AcDbEntity
  8
L1
  0
ARC
  5
3D1
100
AcDbEntity
  8
L1
100
AcDbCircle
 10
436.7563161169328
 20
115.7103384686096
 30
0.0
 40
0.3
100
AcDbArc
 50
45.00000000000066
 51
130.0000000000005
  0
ARC
  5
3D2
100
AcDbEntity
  8
L1
100
AcDbCircle
 10
448.2095209125904
 20
119.715774257299
 30
0.0
 40
2.0
100
AcDbArc
 50
180.0000000000007
 51
270.0
  0
ARC
  5
3D3
100
AcDbEntity
  8
L1
100
AcDbCircle
 10
448.2095209125904
 20
119.715774257299
 30
0.0
 40
3.403605588231097
100
AcDbArc
 50
306.5708941476362
 51
153.3259755413389
  0
LINE
  5
3D4
100
AcDbEntity
  8
L1
100
AcDbLine
 10
446.2095209125904
 20
121.215774257299
 30
0.0
 11
445.6924260271719
 21
121.215774257299
 31
0.0
  0
POLYLINE
  5
3D5
100
AcDbEntity
  8
L1
100
AcDb2dPolyline
 66
     1
 10
0.0
 20
0.0
 30
0.0
  0
VERTEX
  5
3D6
100
AcDbEntity
  8
L1
100
AcDbVertex
100
AcDb2dVertex
 10
445.6924260271718
 20
121.215774257299
 30
0.0
  0
VERTEX
  5
3D7
100
AcDbEntity
  8
L1
100
AcDbVertex
100
AcDb2dVertex
 10
445.598056205436
 20
121.2158474661494
 30
0.0
  0
VERTEX
  5
3D8
100
AcDbEntity
  8
L1
100
AcDbVertex
100
AcDb2dVertex
 10
445.5068536940646
 20
121.2160695673242
 30
0.0
  0
VERTEX
  5
3D9
100
AcDbEntity
  8
L1
100
AcDbVertex
100
AcDb2dVertex
 10
445.429337409513
 20
121.2164039804928
 30
0.0
  0
VERTEX
  5
3DA
100
AcDbEntity
  8
L1
100
AcDbVertex
100
AcDb2dVertex
 10
445.3606178599797
 20
121.2168609809929
 30
0.0
  0
VERTEX
  5
3DB
100
AcDbEntity
  8
L1
100
AcDbVertex
100
AcDb2dVertex
 10
445.30801415036
 20
121.2173831223595
 30
0.0
  0
VERTEX
  5
3DC
100
AcDbEntity
  8
L1
100
AcDbVertex
100
AcDb2dVertex
 10
445.2686068445479
 20
121.2179867627379
 30
0.0
  0
VERTEX
  5
3DD
100
AcDbEntity
  8
L1
100
AcDbVertex
100
AcDb2dVertex
 10
445.2456741845728
 20
121.2186120229164
 30
0.0
  0
VERTEX
  5
3DE
100
AcDbEntity
  8
L1
100
AcDbVertex
100
AcDb2dVertex
 10
445.2381975708607
 20
121.2191736273085
 30
0.0
  0
SEQEND
  5
3DF
100
AcDbEntity
  8
L1
  0
POLYLINE
  5
3E0
100
AcDbEntity
  8
L1
100
AcDb2dPolyline
 66
     1
 10
0.0
 20
0.0
 30
0.0
  0
VERTEX
  5
3E1
100
AcDbEntity
  8
L1
100
AcDbVertex
100
AcDb2dVertex
 10
445.2381975708607
 20
121.2191736273085
 30
0.0
  0
VERTEX
  5
3E2
100
AcDbEntity
  8
L1
100
AcDbVertex
100
AcDb2dVertex
 10
445.1681440518152
 20
121.2437002342294
 30
0.0
  0
SEQEND
  5
3E3
100
AcDbEntity
  8
L1
  0
LINE
  5
3E4
100
AcDbEntity
  8
L1
100
AcDbLine
 10
446.2095209125904
 20
119.7157742572989
 30
0.0
 11
446.2095209125904
 21
121.215774257299
 31
0.0
  0
LINE
  5
3E5
100
AcDbEntity
  8
L1
100
AcDbLine
 10
450.2095209125903
 20
117.715774257299
 30
0.0
 11
448.2095209125904
 21
117.715774257299
 31
0.0
  0
POLYLINE
  5
3E6
100
AcDbEntity
  8
L1
100
AcDb2dPolyline
 66
     1
 10
0.0
 20
0.0
 30
0.0
  0
VERTEX
  5
3E7
100
AcDbEntity
  8
L1
100
AcDbVertex
100
AcDb2dVertex
 10
450.2129202825998
 20
117.0558188006984
 30
0.0
  0
VERTEX
  5
3E8
100
AcDbEntity
  8
L1
100
AcDbVertex
100
AcDb2dVertex
 10
450.2123864830108
 20
117.0633447891348
 30
0.0
  0
VERTEX
  5
3E9
100
AcDbEntity
  8
L1
100
AcDbVertex
100
AcDb2dVertex
 10
450.2117906773638
 20
117.08648633333
 30
0.0
  0
VERTEX
  5
3EA
100
AcDbEntity
  8
L1
100
AcDbVertex
100
AcDb2dVertex
 10
450.211188185392
 20
117.1284389979264
 30
0.0
  0
VERTEX
  5
3EB
100
AcDbEntity
  8
L1
100
AcDbVertex
100
AcDb2dVertex
 10
450.2106741109842
 20
117.1839081501037
 30
0.0
  0
VERTEX
  5
3EC
100
AcDbEntity
  8
L1
100
AcDbVertex
100
AcDb2dVertex
 10
450.2101945420757
 20
117.2615716807752
 30
0.0
  0
VERTEX
  5
3ED
100
AcDbEntity
  8
L1
100
AcDbVertex
100
AcDb2dVertex
 10
450.2098489593225
 20
117.3482424991069
 30
0.0
  0
VERTEX
  5
3EE
100
AcDbEntity
  8
L1
100
AcDbVertex
100
AcDb2dVertex
 10
450.209600466957
 20
117.4596146252727
 30
0.0
  0
VERTEX
  5
3EF
100
AcDbEntity
  8
L1
100
AcDbVertex
100
AcDb2dVertex
 10
450.2095209125903
 20
117.5743339330778
 30
0.0
  0
SEQEND
  5
3F0
100
AcDbEntity
  8
L1
  0
LINE
  5
3F1
100
AcDbEntity
  8
L1
100
AcDbLine
 10
450.2095209125903
 20
117.5743339330778
 30
0.0
 11
450.2095209125903
 21
117.715774257299
 31
0.0
  0
POLYLINE
  5
3F2
100
AcDbEntity
  8
L1
100
AcDb2dPolyline
 66
     1
 10
0.0
 20
0.0
 30
0.0
  0
VERTEX
  5
3F3
100
AcDbEntity
  8
L1
100
AcDbVertex
100
AcDb2dVertex
 10
450.2374468895208
 20
116.9822696876432
 30
0.0
  0
VERTEX
  5
3F4
100
AcDbEntity
  8
L1
100
AcDbVertex
100
AcDb2dVertex
 10
450.2129202825998
 20
117.0558188006984
 30
0.0
  0
SEQEND
  5
3F5
100
AcDbEntity
  8
L1
  0
CIRCLE
  5
3F6
100
AcDbEntity
  8
L1
100
AcDbCircle
 10
448.2095209125904
 20
119.715774257299
 30
0.0
 40
1.6
  0
ARC
  5
3F7
100
AcDbEntity
  8
L1
100
AcDbCircle
 10
486.5095209125904
 20
119.215774257299
 30
0.0
 40
2.0
100
AcDbArc
 50
173.2256939277377
 51
6.774306072261468
  0
ARC
  5
3F8
100
AcDbEntity
  8
L1
100
AcDbCircle
 10
486.5095209125904
 20
119.215774257299
 30
0.0
 40
2.0
100
AcDbArc
 50
9.585912399161024
 51
170.4140876008389
  0
ARC
  5
3F9
100
AcDbEntity
  8
L1
100
AcDbCircle
 10
486.5095209125904
 20
119.215774257299
 30
0.0
 40
3.403605588231097
100
AcDbArc
 50
36.57089414763685
 51
143.4291058523631
  0
CIRCLE
  5
3FA
100
AcDbEntity
  8
L1
100
AcDbCircle
 10
486.5095209125904
 20
119.215774257299
 30
0.0
 40
4.591897474510698
  0
POLYLINE
  5
3FB
100
AcDbEntity
  8
L1
100
AcDb2dPolyline
 66
     1
 10
0.0
 20
0.0
 30
0.0
  0
VERTEX
  5
3FC
100
AcDbEntity
  8
L1
100
AcDbVertex
100
AcDb2dVertex
 10
484.5374468895208
 20
119.5488268770668
 30
0.0
  0
VERTEX
  5
3FD
100
AcDbEntity
  8
L1
100
AcDbVertex
100
AcDb2dVertex
 10
484.5298695401348
 20
119.5003448874327
 30
0.0
  0
VERTEX
  5
3FE
100
AcDbEntity
  8
L1
100
AcDbVertex
100
AcDb2dVertex
 10
484.5234839010556
 20
119.4516915920033
 30
0.0
  0
SEQEND
  5
3FF
100
AcDbEntity
  8
L1
  0
LINE
  5
400
100
AcDbEntity
  8
L1
100
AcDbLine
 10
484.5234839010556
 20
119.4516915920033
 30
0.0
 11
484.5234839010556
 21
121.2297372457642
 31
0.0
  0
POLYLINE
  5
401
100
AcDbEntity
  8
L1
100
AcDb2dPolyline
 66
     1
 10
0.0
 20
0.0
 30
0.0
  0
VERTEX
  5
402
100
AcDbEntity
  8
L1
100
AcDbVertex
100
AcDb2dVertex
 10
484.3238844527002
 20
121.2297372457642
 30
0.0
  0
VERTEX
  5
403
100
AcDbEntity
  8
L1
100
AcDbVertex
100
AcDb2dVertex
 10
484.2099676375334
 20
121.2298165941551
 30
0.0
  0
VERTEX
  5
404
100
AcDbEntity
  8
L1
100
AcDbVertex
100
AcDb2dVertex
 10
484.0993893863822
 20
121.2300640647059
 30
0.0
  0
VERTEX
  5
405
100
AcDbEntity
  8
L1
100
AcDbVertex
100
AcDb2dVertex
 10
484.0130069329005
 20
121.2304093351655
 30
0.0
  0
VERTEX
  5
406
100
AcDbEntity
  8
L1
100
AcDbVertex
100
AcDb2dVertex
 10
483.9356235632822
 20
121.2308882128258
 30
0.0
  0
VERTEX
  5
407
100
AcDbEntity
  8
L1
100
AcDbVertex
100
AcDb2dVertex
 10
483.880225180459
 20
121.2314026059576
 30
0.0
  0
VERTEX
  5
408
100
AcDbEntity
  8
L1
100
AcDbVertex
100
AcDb2dVertex
 10
483.8383359035863
 20
121.2320052302006
 30
0.0
  0
VERTEX
  5
409
100
AcDbEntity
  8
L1
100
AcDbVertex
100
AcDb2dVertex
 10
483.8151936898314
 20
121.2326019442341
 30
0.0
  0
VERTEX
  5
40A
100
AcDbEntity
  8
L1
100
AcDbVertex
100
AcDb2dVertex
 10
483.8076669811563
 20
121.2331366157737
 30
0.0
  0
SEQEND
  5
40B
100
AcDbEntity
  8
L1
  0
POLYLINE
  5
40C
100
AcDbEntity
  8
L1
100
AcDb2dPolyline
 66
     1
 10
0.0
 20
0.0
 30
0.0
  0
VERTEX
  5
40D
100
AcDbEntity
  8
L1
100
AcDbVertex
100
AcDb2dVertex
 10
483.8076669811563
 20
121.2331366157737
 30
0.0
  0
VERTEX
  5
40E
100
AcDbEntity
  8
L1
100
AcDbVertex
100
AcDb2dVertex
 10
483.7760163429345
 20
121.2437002342293
 30
0.0
  0
SEQEND
  5
40F
100
AcDbEntity
  8
L1
  0
LINE
  5
410
100
AcDbEntity
  8
L1
100
AcDbLine
 10
484.5234839010556
 20
121.2297372457641
 30
0.0
 11
484.3238844527002
 21
121.2297372457641
 31
0.0
  0
POLYLINE
  5
411
100
AcDbEntity
  8
L1
100
AcDb2dPolyline
 66
     1
 10
0.0
 20
0.0
 30
0.0
  0
VERTEX
  5
412
100
AcDbEntity
  8
L1
100
AcDbVertex
100
AcDb2dVertex
 10
489.2430254822461
 20
121.2437002342293
 30
0.0
  0
VERTEX
  5
413
100
AcDbEntity
  8
L1
100
AcDbVertex
100
AcDb2dVertex
 10
489.2113748440244
 20
121.2331366157737
 30
0.0
  0
SEQEND
  5
414
100
AcDbEntity
  8
L1
  0
POLYLINE
  5
415
100
AcDbEntity
  8
L1
100
AcDb2dPolyline
 66
     1
 10
0.0
 20
0.0
 30
0.0
  0
VERTEX
  5
416
100
AcDbEntity
  8
L1
100
AcDbVertex
100
AcDb2dVertex
 10
489.2113748440244
 20
121.2331366157737
 30
0.0
  0
VERTEX
  5
417
100
AcDbEntity
  8
L1
100
AcDbVertex
100
AcDb2dVertex
 10
489.2038481353494
 20
121.2326019442341
 30
0.0
  0
VERTEX
  5
418
100
AcDbEntity
  8
L1
100
AcDbVertex
100
AcDb2dVertex
 10
489.1807059215944
 20
121.2320052302006
 30
0.0
  0
VERTEX
  5
419
100
AcDbEntity
  8
L1
100
AcDbVertex
100
AcDb2dVertex
 10
489.1388166447216
 20
121.2314026059576
 30
0.0
  0
VERTEX
  5
41A
100
AcDbEntity
  8
L1
100
AcDbVertex
100
AcDb2dVertex
 10
489.0834182618986
 20
121.2308882128258
 30
0.0
  0
VERTEX
  5
41B
100
AcDbEntity
  8
L1
100
AcDbVertex
100
AcDb2dVertex
 10
489.0060348922801
 20
121.2304093351655
 30
0.0
  0
VERTEX
  5
41C
100
AcDbEntity
  8
L1
100
AcDbVertex
100
AcDb2dVertex
 10
488.9196524387985
 20
121.2300640647059
 30
0.0
  0
VERTEX
  5
41D
100
AcDbEntity
  8
L1
100
AcDbVertex
100
AcDb2dVertex
 10
488.8090741876474
 20
121.2298165941551
 30
0.0
  0
VERTEX
  5
41E
100
AcDbEntity
  8
L1
100
AcDbVertex
100
AcDb2dVertex
 10
488.6951573724805
 20
121.2297372457642
 30
0.0
  0
SEQEND
  5
41F
100
AcDbEntity
  8
L1
  0
LINE
  5
420
100
AcDbEntity
  8
L1
100
AcDbLine
 10
488.6951573724805
 20
121.2297372457641
 30
0.0
 11
488.4955579241252
 21
121.2297372457641
 31
0.0
  0
POLYLINE
  5
421
100
AcDbEntity
  8
L1
100
AcDb2dPolyline
 66
     1
 10
0.0
 20
0.0
 30
0.0
  0
VERTEX
  5
422
100
AcDbEntity
  8
L1
100
AcDbVertex
100
AcDb2dVertex
 10
488.4955579241252
 20
119.4516915920033
 30
0.0
  0
VERTEX
  5
423
100
AcDbEntity
  8
L1
100
AcDbVertex
100
AcDb2dVertex
 10
488.489172285046
 20
119.5003448874327
 30
0.0
  0
VERTEX
  5
424
100
AcDbEntity
  8
L1
100
AcDbVertex
100
AcDb2dVertex
 10
488.48159493566
 20
119.5488268770668
 30
0.0
  0
SEQEND
  5
425
100
AcDbEntity
  8
L1
  0
LINE
  5
426
100
AcDbEntity
  8
L1
100
AcDbLine
 10
488.4955579241252
 20
121.2297372457642
 30
0.0
 11
488.4955579241252
 21
119.4516915920033
 31
0.0
  0
CIRCLE
  5
427
100
AcDbEntity
  8
L1
100
AcDbCircle
 10
486.5095209125904
 20
119.215774257299
 30
0.0
 40
1.6
  0
CIRCLE
  5
428
100
AcDbEntity
  8
L1
100
AcDbCircle
 10
441.5095209125904
 20
139.215774257299
 30
0.0
 40
4.591897474510698
  0
ARC
  5
429
100
AcDbEntity
  8
L1
100
AcDbCircle
 10
441.5095209125905
 20
139.215774257299
 30
0.0
 40
3.403605588231097
100
AcDbArc
 50
306.5708941476372
 51
53.42910585236274
  0
ARC
  5
42A
100
AcDbEntity
  8
L1
100
AcDbCircle
 10
441.5095209125905
 20
139.215774257299
 30
0.0
 40
2.0
100
AcDbArc
 50
279.5859123991561
 51
80.41408760083404
  0
CIRCLE
  5
42B
100
AcDbEntity
  8
L1
100
AcDbCircle
 10
441.5095209125905
 20
139.215774257299
 30
0.0
 40
1.6
  0
ARC
  5
42C
100
AcDbEntity
  8
L1
100
AcDbCircle
 10
441.5095209125905
 20
139.215774257299
 30
0.0
 40
2.0
100
AcDbArc
 50
83.22569392773116
 51
276.7743060722549
  0
LINE
  5
42D
100
AcDbEntity
  8
L1
100
AcDbLine
 10
443.5234839010556
 20
137.2297372457642
 30
0.0
 11
441.7454382472945
 21
137.2297372457642
 31
0.0
  0
POLYLINE
  5
42E
100
AcDbEntity
  8
L1
100
AcDb2dPolyline
 66
     1
 10
0.0
 20
0.0
 30
0.0
  0
VERTEX
  5
42F
100
AcDbEntity
  8
L1
100
AcDbVertex
100
AcDb2dVertex
 10
441.7454382472945
 20
137.2297372457641
 30
0.0
  0
VERTEX
  5
430
100
AcDbEntity
  8
L1
100
AcDbVertex
100
AcDb2dVertex
 10
441.7940915427239
 20
137.2361228848433
 30
0.0
  0
VERTEX
  5
431
100
AcDbEntity
  8
L1
100
AcDbVertex
100
AcDb2dVertex
 10
441.8425735323579
 20
137.2437002342293
 30
0.0
  0
SEQEND
  5
432
100
AcDbEntity
  8
L1
  0
POLYLINE
  5
433
100
AcDbEntity
  8
L1
100
AcDb2dPolyline
 66
     1
 10
0.0
 20
0.0
 30
0.0
  0
VERTEX
  5
434
100
AcDbEntity
  8
L1
100
AcDbVertex
100
AcDb2dVertex
 10
443.5374468895209
 20
136.4822696876432
 30
0.0
  0
VERTEX
  5
435
100
AcDbEntity
  8
L1
100
AcDbVertex
100
AcDb2dVertex
 10
443.5268832710652
 20
136.513920325865
 30
0.0
  0
SEQEND
  5
436
100
AcDbEntity
  8
L1
  0
POLYLINE
  5
437
100
AcDbEntity
  8
L1
100
AcDb2dPolyline
 66
     1
 10
0.0
 20
0.0
 30
0.0
  0
VERTEX
  5
438
100
AcDbEntity
  8
L1
100
AcDbVertex
100
AcDb2dVertex
 10
443.5268832710652
 20
136.513920325865
 30
0.0
  0
VERTEX
  5
439
100
AcDbEntity
  8
L1
100
AcDbVertex
100
AcDb2dVertex
 10
443.5263485995256
 20
136.52144703454
 30
0.0
  0
VERTEX
  5
43A
100
AcDbEntity
  8
L1
100
AcDbVertex
100
AcDb2dVertex
 10
443.525751885492
 20
136.544589248295
 30
0.0
  0
VERTEX
  5
43B
100
AcDbEntity
  8
L1
100
AcDbVertex
100
AcDb2dVertex
 10
443.525149261249
 20
136.5864785251676
 30
0.0
  0
VERTEX
  5
43C
100
AcDbEntity
  8
L1
100
AcDbVertex
100
AcDb2dVertex
 10
443.5246348681173
 20
136.6418769079908
 30
0.0
  0
VERTEX
  5
43D
100
AcDbEntity
  8
L1
100
AcDbVertex
100
AcDb2dVertex
 10
443.5241559904569
 20
136.7192602776092
 30
0.0
  0
VERTEX
  5
43E
100
AcDbEntity
  8
L1
100
AcDbVertex
100
AcDb2dVertex
 10
443.5238107199973
 20
136.8056427310908
 30
0.0
  0
VERTEX
  5
43F
100
AcDbEntity
  8
L1
100
AcDbVertex
100
AcDb2dVertex
 10
443.5235632494466
 20
136.916220982242
 30
0.0
  0
VERTEX
  5
440
100
AcDbEntity
  8
L1
100
AcDbVertex
100
AcDb2dVertex
 10
443.5234839010556
 20
137.0301377974089
 30
0.0
  0
SEQEND
  5
441
100
AcDbEntity
  8
L1
  0
LINE
  5
442
100
AcDbEntity
  8
L1
100
AcDbLine
 10
443.5234839010557
 20
137.0301377974089
 30
0.0
 11
443.5234839010557
 21
137.2297372457641
 31
0.0
  0
POLYLINE
  5
443
100
AcDbEntity
  8
L1
100
AcDb2dPolyline
 66
     1
 10
0.0
 20
0.0
 30
0.0
  0
VERTEX
  5
444
100
AcDbEntity
  8
L1
100
AcDbVertex
100
AcDb2dVertex
 10
441.8425735323583
 20
141.1878482803685
 30
0.0
  0
VERTEX
  5
445
100
AcDbEntity
  8
L1
100
AcDbVertex
100
AcDb2dVertex
 10
441.7940915427243
 20
141.1954256297545
 30
0.0
  0
VERTEX
  5
446
100
AcDbEntity
  8
L1
100
AcDbVertex
100
AcDb2dVertex
 10
441.7454382472949
 20
141.2018112688337
 30
0.0
  0
SEQEND
  5
447
100
AcDbEntity
  8
L1
  0
LINE
  5
448
100
AcDbEntity
  8
L1
100
AcDbLine
 10
441.7454382472949
 20
141.2018112688337
 30
0.0
 11
443.5234839010556
 21
141.2018112688337
 31
0.0
  0
POLYLINE
  5
449
100
AcDbEntity
  8
L1
100
AcDb2dPolyline
 66
     1
 10
0.0
 20
0.0
 30
0.0
  0
VERTEX
  5
44A
100
AcDbEntity
  8
L1
100
AcDbVertex
100
AcDb2dVertex
 10
443.5234839010556
 20
141.401410717189
 30
0.0
  0
VERTEX
  5
44B
100
AcDbEntity
  8
L1
100
AcDbVertex
100
AcDb2dVertex
 10
443.5235632494466
 20
141.5153275323559
 30
0.0
  0
VERTEX
  5
44C
100
AcDbEntity
  8
L1
100
AcDbVertex
100
AcDb2dVertex
 10
443.5238107199973
 20
141.6259057835071
 30
0.0
  0
VERTEX
  5
44D
100
AcDbEntity
  8
L1
100
AcDbVertex
100
AcDb2dVertex
 10
443.5241559904569
 20
141.7122882369888
 30
0.0
  0
VERTEX
  5
44E
100
AcDbEntity
  8
L1
100
AcDbVertex
100
AcDb2dVertex
 10
443.5246348681173
 20
141.7896716066072
 30
0.0
  0
VERTEX
  5
44F
100
AcDbEntity
  8
L1
100
AcDbVertex
100
AcDb2dVertex
 10
443.525149261249
 20
141.8450699894303
 30
0.0
  0
VERTEX
  5
450
100
AcDbEntity
  8
L1
100
AcDbVertex
100
AcDb2dVertex
 10
443.525751885492
 20
141.8869592663029
 30
0.0
  0
VERTEX
  5
451
100
AcDbEntity
  8
L1
100
AcDbVertex
100
AcDb2dVertex
 10
443.5263485995256
 20
141.9101014800579
 30
0.0
  0
VERTEX
  5
452
100
AcDbEntity
  8
L1
100
AcDbVertex
100
AcDb2dVertex
 10
443.5268832710652
 20
141.9176281887329
 30
0.0
  0
SEQEND
  5
453
100
AcDbEntity
  8
L1
  0
POLYLINE
  5
454
100
AcDbEntity
  8
L1
100
AcDb2dPolyline
 66
     1
 10
0.0
 20
0.0
 30
0.0
  0
VERTEX
  5
455
100
AcDbEntity
  8
L1
100
AcDbVertex
100
AcDb2dVertex
 10
443.5268832710652
 20
141.9176281887329
 30
0.0
  0
VERTEX
  5
456
100
AcDbEntity
  8
L1
100
AcDbVertex
100
AcDb2dVertex
 10
443.5374468895209
 20
141.9492788269547
 30
0.0
  0
SEQEND
  5
457
100
AcDbEntity
  8
L1
  0
LINE
  5
458
100
AcDbEntity
  8
L1
100
AcDbLine
 10
443.5234839010557
 20
141.2018112688337
 30
0.0
 11
443.5234839010557
 21
141.401410717189
 31
0.0
  0
CIRCLE
  5
459
100
AcDbEntity
  8
L1
100
AcDbCircle
 10
441.5095209125905
 20
179.215774257299
 30
0.0
 40
1.2581025254893
  0
LINE
  5
45A
100
AcDbEntity
  8
L1
100
AcDbLine
 10
443.5234839010557
 20
187.0301377974089
 30
0.0
 11
443.5234839010557
 21
187.2297372457642
 31
0.0
  0
LINE
  5
45B
100
AcDbEntity
  8
L1
100
AcDbLine
 10
443.5234839010556
 20
187.2297372457642
 30
0.0
 11
441.7454382472945
 21
187.2297372457642
 31
0.0
  0
POLYLINE
  5
45C
100
AcDbEntity
  8
L1
100
AcDb2dPolyline
 66
     1
 10
0.0
 20
0.0
 30
0.0
  0
VERTEX
  5
45D
100
AcDbEntity
  8
L1
100
AcDbVertex
100
AcDb2dVertex
 10
441.7454382472945
 20
187.2297372457642
 30
0.0
  0
VERTEX
  5
45E
100
AcDbEntity
  8
L1
100
AcDbVertex
100
AcDb2dVertex
 10
441.7940915427239
 20
187.2361228848433
 30
0.0
  0
VERTEX
  5
45F
100
AcDbEntity
  8
L1
100
AcDbVertex
100
AcDb2dVertex
 10
441.8425735323579
 20
187.2437002342294
 30
0.0
  0
SEQEND
  5
460
100
AcDbEntity
  8
L1
  0
POLYLINE
  5
461
100
AcDbEntity
  8
L1
100
AcDb2dPolyline
 66
     1
 10
0.0
 20
0.0
 30
0.0
  0
VERTEX
  5
462
100
AcDbEntity
  8
L1
100
AcDbVertex
100
AcDb2dVertex
 10
443.5374468895209
 20
186.4822696876433
 30
0.0
  0
VERTEX
  5
463
100
AcDbEntity
  8
L1
100
AcDbVertex
100
AcDb2dVertex
 10
443.5268832710652
 20
186.513920325865
 30
0.0
  0
SEQEND
  5
464
100
AcDbEntity
  8
L1
  0
POLYLINE
  5
465
100
AcDbEntity
  8
L1
100
AcDb2dPolyline
 66
     1
 10
0.0
 20
0.0
 30
0.0
  0
VERTEX
  5
466
100
AcDbEntity
  8
L1
100
AcDbVertex
100
AcDb2dVertex
 10
443.5268832710652
 20
186.513920325865
 30
0.0
  0
VERTEX
  5
467
100
AcDbEntity
  8
L1
100
AcDbVertex
100
AcDb2dVertex
 10
443.5263485995256
 20
186.52144703454
 30
0.0
  0
VERTEX
  5
468
100
AcDbEntity
  8
L1
100
AcDbVertex
100
AcDb2dVertex
 10
443.525751885492
 20
186.544589248295
 30
0.0
  0
VERTEX
  5
469
100
AcDbEntity
  8
L1
100
AcDbVertex
100
AcDb2dVertex
 10
443.525149261249
 20
186.5864785251677
 30
0.0
  0
VERTEX
  5
46A
100
AcDbEntity
  8
L1
100
AcDbVertex
100
AcDb2dVertex
 10
443.5246348681173
 20
186.6418769079908
 30
0.0
  0
VERTEX
  5
46B
100
AcDbEntity
  8
L1
100
AcDbVertex
100
AcDb2dVertex
 10
443.5241559904569
 20
186.7192602776093
 30
0.0
  0
VERTEX
  5
46C
100
AcDbEntity
  8
L1
100
AcDbVertex
100
AcDb2dVertex
 10
443.5238107199973
 20
186.8056427310909
 30
0.0
  0
VERTEX
  5
46D
100
AcDbEntity
  8
L1
100
AcDbVertex
100
AcDb2dVertex
 10
443.5235632494466
 20
186.9162209822421
 30
0.0
  0
VERTEX
  5
46E
100
AcDbEntity
  8
L1
100
AcDbVertex
100
AcDb2dVertex
 10
443.5234839010556
 20
187.0301377974089
 30
0.0
  0
SEQEND
  5
46F
100
AcDbEntity
  8
L1
  0
CIRCLE
  5
470
100
AcDbEntity
  8
L1
100
AcDbCircle
 10
549.0095209125904
 20
119.215774257299
 30
0.0
 40
4.591897474510698
  0
CIRCLE
  5
471
100
AcDbEntity
  8
L1
100
AcDbCircle
 10
539.0095209125904
 20
119.215774257299
 30
0.0
 40
1.2581025254893
  0
POLYLINE
  5
472
100
AcDbEntity
  8
L1
100
AcDb2dPolyline
 66
     1
 10
0.0
 20
0.0
 30
0.0
  0
VERTEX
  5
473
100
AcDbEntity
  8
L1
100
AcDbVertex
100
AcDb2dVertex
 10
551.7430254822461
 20
121.2437002342295
 30
0.0
  0
VERTEX
  5
474
100
AcDbEntity
  8
L1
100
AcDbVertex
100
AcDb2dVertex
 10
551.7113748440245
 20
121.2331366157737
 30
0.0
  0
SEQEND
  5
475
100
AcDbEntity
  8
L1
  0
POLYLINE
  5
476
100
AcDbEntity
  8
L1
100
AcDb2dPolyline
 66
     1
 10
0.0
 20
0.0
 30
0.0
  0
VERTEX
  5
477
100
AcDbEntity
  8
L1
100
AcDbVertex
100
AcDb2dVertex
 10
551.7113748440245
 20
121.2331366157737
 30
0.0
  0
VERTEX
  5
478
100
AcDbEntity
  8
L1
100
AcDbVertex
100
AcDb2dVertex
 10
551.7038481353495
 20
121.2326019442341
 30
0.0
  0
VERTEX
  5
479
100
AcDbEntity
  8
L1
100
AcDbVertex
100
AcDb2dVertex
 10
551.6807059215944
 20
121.2320052302006
 30
0.0
  0
VERTEX
  5
47A
100
AcDbEntity
  8
L1
100
AcDbVertex
100
AcDb2dVertex
 10
551.6388166447218
 20
121.2314026059576
 30
0.0
  0
VERTEX
  5
47B
100
AcDbEntity
  8
L1
100
AcDbVertex
100
AcDb2dVertex
 10
551.5834182618987
 20
121.2308882128258
 30
0.0
  0
VERTEX
  5
47C
100
AcDbEntity
  8
L1
100
AcDbVertex
100
AcDb2dVertex
 10
551.5060348922802
 20
121.2304093351655
 30
0.0
  0
VERTEX
  5
47D
100
AcDbEntity
  8
L1
100
AcDbVertex
100
AcDb2dVertex
 10
551.4196524387986
 20
121.2300640647059
 30
0.0
  0
VERTEX
  5
47E
100
AcDbEntity
  8
L1
100
AcDbVertex
100
AcDb2dVertex
 10
551.3090741876474
 20
121.2298165941551
 30
0.0
  0
VERTEX
  5
47F
100
AcDbEntity
  8
L1
100
AcDbVertex
100
AcDb2dVertex
 10
551.1951573724806
 20
121.2297372457642
 30
0.0
  0
SEQEND
  5
480
100
AcDbEntity
  8
L1
  0
LINE
  5
481
100
AcDbEntity
  8
L1
100
AcDbLine
 10
551.1951573724806
 20
121.2297372457642
 30
0.0
 11
550.9955579241252
 21
121.2297372457642
 31
0.0
  0
POLYLINE
  5
482
100
AcDbEntity
  8
L1
100
AcDb2dPolyline
 66
     1
 10
0.0
 20
0.0
 30
0.0
  0
VERTEX
  5
483
100
AcDbEntity
  8
L1
100
AcDbVertex
100
AcDb2dVertex
 10
550.9955579241252
 20
119.4516915920033
 30
0.0
  0
VERTEX
  5
484
100
AcDbEntity
  8
L1
100
AcDbVertex
100
AcDb2dVertex
 10
550.989172285046
 20
119.5003448874327
 30
0.0
  0
VERTEX
  5
485
100
AcDbEntity
  8
L1
100
AcDbVertex
100
AcDb2dVertex
 10
550.98159493566
 20
119.5488268770668
 30
0.0
  0
SEQEND
  5
486
100
AcDbEntity
  8
L1
  0
LINE
  5
487
100
AcDbEntity
  8
L1
100
AcDbLine
 10
550.9955579241252
 20
121.2297372457642
 30
0.0
 11
550.9955579241252
 21
119.4516915920033
 31
0.0
  0
CIRCLE
  5
488
100
AcDbEntity
  8
L1
100
AcDbCircle
 10
549.0095209125904
 20
119.215774257299
 30
0.0
 40
1.6
  0
POLYLINE
  5
489
100
AcDbEntity
  8
L1
100
AcDb2dPolyline
 66
     1
 10
0.0
 20
0.0
 30
0.0
  0
VERTEX
  5
48A
100
AcDbEntity
  8
L1
100
AcDbVertex
100
AcDb2dVertex
 10
546.8238844527003
 20
121.2297372457642
 30
0.0
  0
VERTEX
  5
48B
100
AcDbEntity
  8
L1
100
AcDbVertex
100
AcDb2dVertex
 10
546.7099676375335
 20
121.2298165941551
 30
0.0
  0
VERTEX
  5
48C
100
AcDbEntity
  8
L1
100
AcDbVertex
100
AcDb2dVertex
 10
546.5993893863822
 20
121.2300640647059
 30
0.0
  0
VERTEX
  5
48D
100
AcDbEntity
  8
L1
100
AcDbVertex
100
AcDb2dVertex
 10
546.5130069329006
 20
121.2304093351655
 30
0.0
  0
VERTEX
  5
48E
100
AcDbEntity
  8
L1
100
AcDbVertex
100
AcDb2dVertex
 10
546.4356235632822
 20
121.2308882128258
 30
0.0
  0
VERTEX
  5
48F
100
AcDbEntity
  8
L1
100
AcDbVertex
100
AcDb2dVertex
 10
546.380225180459
 20
121.2314026059576
 30
0.0
  0
VERTEX
  5
490
100
AcDbEntity
  8
L1
100
AcDbVertex
100
AcDb2dVertex
 10
546.3383359035865
 20
121.2320052302006
 30
0.0
  0
VERTEX
  5
491
100
AcDbEntity
  8
L1
100
AcDbVertex
100
AcDb2dVertex
 10
546.3151936898314
 20
121.2326019442341
 30
0.0
  0
VERTEX
  5
492
100
AcDbEntity
  8
L1
100
AcDbVertex
100
AcDb2dVertex
 10
546.3076669811564
 20
121.2331366157737
 30
0.0
  0
SEQEND
  5
493
100
AcDbEntity
  8
L1
  0
POLYLINE
  5
494
100
AcDbEntity
  8
L1
100
AcDb2dPolyline
 66
     1
 10
0.0
 20
0.0
 30
0.0
  0
VERTEX
  5
495
100
AcDbEntity
  8
L1
100
AcDbVertex
100
AcDb2dVertex
 10
546.3076669811564
 20
121.2331366157737
 30
0.0
  0
VERTEX
  5
496
100
AcDbEntity
  8
L1
100
AcDbVertex
100
AcDb2dVertex
 10
546.2760163429347
 20
121.2437002342294
 30
0.0
  0
SEQEND
  5
497
100
AcDbEntity
  8
L1
  0
LINE
  5
498
100
AcDbEntity
  8
L1
100
AcDbLine
 10
547.0234839010556
 20
121.2297372457642
 30
0.0
 11
546.8238844527003
 21
121.2297372457642
 31
0.0
  0
POLYLINE
  5
499
100
AcDbEntity
  8
L1
100
AcDb2dPolyline
 66
     1
 10
0.0
 20
0.0
 30
0.0
  0
VERTEX
  5
49A
100
AcDbEntity
  8
L1
100
AcDbVertex
100
AcDb2dVertex
 10
547.0374468895208
 20
119.5488268770668
 30
0.0
  0
VERTEX
  5
49B
100
AcDbEntity
  8
L1
100
AcDbVertex
100
AcDb2dVertex
 10
547.0298695401348
 20
119.5003448874327
 30
0.0
  0
VERTEX
  5
49C
100
AcDbEntity
  8
L1
100
AcDbVertex
100
AcDb2dVertex
 10
547.0234839010556
 20
119.4516915920033
 30
0.0
  0
SEQEND
  5
49D
100
AcDbEntity
  8
L1
  0
LINE
  5
49E
100
AcDbEntity
  8
L1
100
AcDbLine
 10
547.0234839010556
 20
119.4516915920033
 30
0.0
 11
547.0234839010556
 21
121.2297372457642
 31
0.0
  0
ARC
  5
49F
100
AcDbEntity
  8
L1
100
AcDbCircle
 10
549.0095209125904
 20
119.215774257299
 30
0.0
 40
3.403605588231097
100
AcDbArc
 50
36.57089414763685
 51
143.4291058523631
  0
ARC
  5
4A0
100
AcDbEntity
  8
L1
100
AcDbCircle
 10
549.0095209125904
 20
119.215774257299
 30
0.0
 40
2.0
100
AcDbArc
 50
173.2256939277377
 51
6.774306072261468
  0
ARC
  5
4A1
100
AcDbEntity
  8
L1
100
AcDbCircle
 10
549.0095209125904
 20
119.215774257299
 30
0.0
 40
2.0
100
AcDbArc
 50
9.585912399161024
 51
170.4140876008389
  0
CIRCLE
  5
4A2
100
AcDbEntity
  8
L1
100
AcDbCircle
 10
559.0095209125904
 20
119.215774257299
 30
0.0
 40
1.2581025254893
  0
CIRCLE
  5
4A3
100
AcDbEntity
  8
L1
100
AcDbCircle
 10
611.5095209125904
 20
119.215774257299
 30
0.0
 40
4.591897474510698
  0
POLYLINE
  5
4A4
100
AcDbEntity
  8
L1
100
AcDb2dPolyline
 66
     1
 10
0.0
 20
0.0
 30
0.0
  0
VERTEX
  5
4A5
100
AcDbEntity
  8
L1
100
AcDbVertex
100
AcDb2dVertex
 10
614.2430254822461
 20
121.2437002342295
 30
0.0
  0
VERTEX
  5
4A6
100
AcDbEntity
  8
L1
100
AcDbVertex
100
AcDb2dVertex
 10
614.2113748440244
 20
121.2331366157737
 30
0.0
  0
SEQEND
  5
4A7
100
AcDbEntity
  8
L1
  0
POLYLINE
  5
4A8
100
AcDbEntity
  8
L1
100
AcDb2dPolyline
 66
     1
 10
0.0
 20
0.0
 30
0.0
  0
VERTEX
  5
4A9
100
AcDbEntity
  8
L1
100
AcDbVertex
100
AcDb2dVertex
 10
614.2113748440245
 20
121.2331366157737
 30
0.0
  0
VERTEX
  5
4AA
100
AcDbEntity
  8
L1
100
AcDbVertex
100
AcDb2dVertex
 10
614.2038481353495
 20
121.2326019442341
 30
0.0
  0
VERTEX
  5
4AB
100
AcDbEntity
  8
L1
100
AcDbVertex
100
AcDb2dVertex
 10
614.1807059215944
 20
121.2320052302006
 30
0.0
  0
VERTEX
  5
4AC
100
AcDbEntity
  8
L1
100
AcDbVertex
100
AcDb2dVertex
 10
614.1388166447216
 20
121.2314026059576
 30
0.0
  0
VERTEX
  5
4AD
100
AcDbEntity
  8
L1
100
AcDbVertex
100
AcDb2dVertex
 10
614.0834182618984
 20
121.2308882128259
 30
0.0
  0
VERTEX
  5
4AE
100
AcDbEntity
  8
L1
100
AcDbVertex
100
AcDb2dVertex
 10
614.0060348922802
 20
121.2304093351655
 30
0.0
  0
VERTEX
  5
4AF
100
AcDbEntity
  8
L1
100
AcDbVertex
100
AcDb2dVertex
 10
613.9196524387984
 20
121.2300640647059
 30
0.0
  0
VERTEX
  5
4B0
100
AcDbEntity
  8
L1
100
AcDbVertex
100
AcDb2dVertex
 10
613.8090741876473
 20
121.2298165941551
 30
0.0
  0
VERTEX
  5
4B1
100
AcDbEntity
  8
L1
100
AcDbVertex
100
AcDb2dVertex
 10
613.6951573724805
 20
121.2297372457642
 30
0.0
  0
SEQEND
  5
4B2
100
AcDbEntity
  8
L1
  0
LINE
  5
4B3
100
AcDbEntity
  8
L1
100
AcDbLine
 10
613.6951573724805
 20
121.2297372457642
 30
0.0
 11
613.4955579241252
 21
121.2297372457642
 31
0.0
  0
POLYLINE
  5
4B4
100
AcDbEntity
  8
L1
100
AcDb2dPolyline
 66
     1
 10
0.0
 20
0.0
 30
0.0
  0
VERTEX
  5
4B5
100
AcDbEntity
  8
L1
100
AcDbVertex
100
AcDb2dVertex
 10
613.4955579241252
 20
119.4516915920033
 30
0.0
  0
VERTEX
  5
4B6
100
AcDbEntity
  8
L1
100
AcDbVertex
100
AcDb2dVertex
 10
613.4891722850459
 20
119.5003448874327
 30
0.0
  0
VERTEX
  5
4B7
100
AcDbEntity
  8
L1
100
AcDbVertex
100
AcDb2dVertex
 10
613.48159493566
 20
119.5488268770668
 30
0.0
  0
SEQEND
  5
4B8
100
AcDbEntity
  8
L1
  0
LINE
  5
4B9
100
AcDbEntity
  8
L1
100
AcDbLine
 10
613.4955579241251
 20
121.2297372457642
 30
0.0
 11
613.4955579241251
 21
119.4516915920033
 31
0.0
  0
POLYLINE
  5
4BA
100
AcDbEntity
  8
L1
100
AcDb2dPolyline
 66
     1
 10
0.0
 20
0.0
 30
0.0
  0
VERTEX
  5
4BB
100
AcDbEntity
  8
L1
100
AcDbVertex
100
AcDb2dVertex
 10
609.3238844527002
 20
121.2297372457642
 30
0.0
  0
VERTEX
  5
4BC
100
AcDbEntity
  8
L1
100
AcDbVertex
100
AcDb2dVertex
 10
609.2099676375335
 20
121.2298165941551
 30
0.0
  0
VERTEX
  5
4BD
100
AcDbEntity
  8
L1
100
AcDbVertex
100
AcDb2dVertex
 10
609.0993893863822
 20
121.2300640647059
 30
0.0
  0
VERTEX
  5
4BE
100
AcDbEntity
  8
L1
100
AcDbVertex
100
AcDb2dVertex
 10
609.0130069329006
 20
121.2304093351655
 30
0.0
  0
VERTEX
  5
4BF
100
AcDbEntity
  8
L1
100
AcDbVertex
100
AcDb2dVertex
 10
608.9356235632822
 20
121.2308882128258
 30
0.0
  0
VERTEX
  5
4C0
100
AcDbEntity
  8
L1
100
AcDbVertex
100
AcDb2dVertex
 10
608.880225180459
 20
121.2314026059576
 30
0.0
  0
VERTEX
  5
4C1
100
AcDbEntity
  8
L1
100
AcDbVertex
100
AcDb2dVertex
 10
608.8383359035863
 20
121.2320052302006
 30
0.0
  0
VERTEX
  5
4C2
100
AcDbEntity
  8
L1
100
AcDbVertex
100
AcDb2dVertex
 10
608.8151936898314
 20
121.2326019442341
 30
0.0
  0
VERTEX
  5
4C3
100
AcDbEntity
  8
L1
100
AcDbVertex
100
AcDb2dVertex
 10
608.8076669811563
 20
121.2331366157737
 30
0.0
  0
SEQEND
  5
4C4
100
AcDbEntity
  8
L1
  0
POLYLINE
  5
4C5
100
AcDbEntity
  8
L1
100
AcDb2dPolyline
 66
     1
 10
0.0
 20
0.0
 30
0.0
  0
VERTEX
  5
4C6
100
AcDbEntity
  8
L1
100
AcDbVertex
100
AcDb2dVertex
 10
608.8076669811564
 20
121.2331366157737
 30
0.0
  0
VERTEX
  5
4C7
100
AcDbEntity
  8
L1
100
AcDbVertex
100
AcDb2dVertex
 10
608.7760163429346
 20
121.2437002342295
 30
0.0
  0
SEQEND
  5
4C8
100
AcDbEntity
  8
L1
  0
LINE
  5
4C9
100
AcDbEntity
  8
L1
100
AcDbLine
 10
609.5234839010556
 20
121.2297372457642
 30
0.0
 11
609.3238844527002
 21
121.2297372457642
 31
0.0
  0
POLYLINE
  5
4CA
100
AcDbEntity
  8
L1
100
AcDb2dPolyline
 66
     1
 10
0.0
 20
0.0
 30
0.0
  0
VERTEX
  5
4CB
100
AcDbEntity
  8
L1
100
AcDbVertex
100
AcDb2dVertex
 10
609.5374468895208
 20
119.5488268770668
 30
0.0
  0
VERTEX
  5
4CC
100
AcDbEntity
  8
L1
100
AcDbVertex
100
AcDb2dVertex
 10
609.5298695401347
 20
119.5003448874327
 30
0.0
  0
VERTEX
  5
4CD
100
AcDbEntity
  8
L1
100
AcDbVertex
100
AcDb2dVertex
 10
609.5234839010556
 20
119.4516915920033
 30
0.0
  0
SEQEND
  5
4CE
100
AcDbEntity
  8
L1
  0
LINE
  5
4CF
100
AcDbEntity
  8
L1
100
AcDbLine
 10
609.5234839010555
 20
119.4516915920033
 30
0.0
 11
609.5234839010555
 21
121.2297372457642
 31
0.0
  0
CIRCLE
  5
4D0
100
AcDbEntity
  8
L1
100
AcDbCircle
 10
611.5095209125904
 20
119.215774257299
 30
0.0
 40
1.6
  0
ARC
  5
4D1
100
AcDbEntity
  8
L1
100
AcDbCircle
 10
611.5095209125904
 20
119.215774257299
 30
0.0
 40
3.403605588231097
100
AcDbArc
 50
36.5708941476382
 51
143.4291058523627
  0
ARC
  5
4D2
100
AcDbEntity
  8
L1
100
AcDbCircle
 10
611.5095209125904
 20
119.215774257299
 30
0.0
 40
2.0
100
AcDbArc
 50
173.2256939277377
 51
6.774306072261468
  0
ARC
  5
4D3
100
AcDbEntity
  8
L1
100
AcDbCircle
 10
611.5095209125904
 20
119.215774257299
 30
0.0
 40
2.0
100
AcDbArc
 50
9.585912399161024
 51
170.4140876008389
  0
CIRCLE
  5
4D4
100
AcDbEntity
  8
L1
100
AcDbCircle
 10
531.5095209125904
 20
139.215774257299
 30
0.0
 40
2.0
  0
CIRCLE
  5
4D5
100
AcDbEntity
  8
L1
100
AcDbCircle
 10
531.5095209125904
 20
139.215774257299
 30
0.0
 40
1.6
  0
CIRCLE
  5
4D6
100
AcDbEntity
  8
L1
100
AcDbCircle
 10
531.5095209125904
 20
139.215774257299
 30
0.0
 40
4.591897474510698
  0
CIRCLE
  5
4D7
100
AcDbEntity
  8
L1
100
AcDbCircle
 10
566.5095209125905
 20
139.215774257299
 30
0.0
 40
2.0
  0
CIRCLE
  5
4D8
100
AcDbEntity
  8
L1
100
AcDbCircle
 10
566.5095209125905
 20
139.215774257299
 30
0.0
 40
1.6
  0
CIRCLE
  5
4D9
100
AcDbEntity
  8
L1
100
AcDbCircle
 10
566.5095209125905
 20
139.215774257299
 30
0.0
 40
4.591897474510698
  0
CIRCLE
  5
4DA
100
AcDbEntity
  8
L1
100
AcDbCircle
 10
549.0095209125904
 20
189.215774257299
 30
0.0
 40
1.0
  0
LINE
  5
4DB
100
AcDbEntity
  8
L2
100
AcDbLine
 10
659.4569256988497
 20
8.945749620479375
 30
0.0
 11
659.0580849942157
 21
54.64836758112887
 31
0.0
  0
LINE
  5
4DC
100
AcDbEntity
  8
L1
100
AcDbLine
 10
676.5543300915252
 20
9.243176760063647
 30
0.0
 11
676.1362297470777
 21
57.15273084887804
 31
0.0
  0
LINE
  5
4DD
100
AcDbEntity
  8
L1
100
AcDbLine
 10
675.9595209125905
 20
8.648367581128866
 30
0.0
 11
676.5543264692006
 21
9.243173137739006
 31
0.0
  0
POLYLINE
  5
4DE
100
AcDbEntity
  8
L1
100
AcDb2dPolyline
 66
     1
 10
0.0
 20
0.0
 30
0.0
  0
VERTEX
  5
4DF
100
AcDbEntity
  8
L1
100
AcDbVertex
100
AcDb2dVertex
 10
676.5543300915251
 20
9.24317676006359
 30
0.0
  0
VERTEX
  5
4E0
100
AcDbEntity
  8
L1
100
AcDbVertex
100
AcDb2dVertex
 10
676.5543291859439
 20
9.243175854482331
 30
0.0
  0
VERTEX
  5
4E1
100
AcDbEntity
  8
L1
100
AcDbVertex
100
AcDb2dVertex
 10
676.5543264692005
 20
9.243173137739063
 30
0.0
  0
SEQEND
  5
4E2
100
AcDbEntity
  8
L1
  0
LINE
  5
4E3
100
AcDbEntity
  8
L1
100
AcDbLine
 10
675.4257460819236
 20
58.35098554177841
 30
0.0
 11
675.8219929019869
 21
12.94559731273602
 31
0.0
  0
LINE
  5
4E4
100
AcDbEntity
  8
L1
100
AcDbLine
 10
661.6313522963452
 20
57.64836758112881
 30
0.0
 11
662.0067619041989
 21
14.63068737756105
 31
0.0
  0
LINE
  5
4E5
100
AcDbEntity
  8
L1
100
AcDbLine
 10
664.0066857560248
 20
12.64821527338557
 30
0.0
 11
676.121981478906
 21
12.64821527338557
 31
0.0
  0
ELLIPSE
  5
4E6
100
AcDbEntity
  8
L1
100
AcDbEllipse
 10
664.0066857560248
 20
14.64813911951387
 30
0.0
 11
-2.0
 21
0.0
 31
0.0
210
0.0
220
0.0
230
-1.0
 40
0.9999619230641712
 41
-1.570796326794896
 42
-0.008726313992888
  0
ARC
  5
4E7
100
AcDbEntity
  8
L1
100
AcDbCircle
 10
676.121981478906
 20
12.94821527338553
 30
0.0
 40
0.299999999999996
100
AcDbArc
 50
180.4999999999985
 51
270.0
  0
LINE
  5
4E8
100
AcDbEntity
  8
L1
100
AcDbLine
 10
672.6258526973438
 20
58.64836758112886
 30
0.0
 11
661.7205442313612
 21
58.64836758112886
 31
0.0
  0
ARC
  5
4E9
100
AcDbEntity
  8
L1
100
AcDbCircle
 10
661.7205442313611
 20
58.34836758112885
 30
0.0
 40
0.2999999999999959
100
AcDbArc
 50
90.0
 51
179.5000000000005
  0
LINE
  5
4EA
100
AcDbEntity
  8
L1
100
AcDbLine
 10
661.420555654442
 20
58.35098554177836
 30
0.0
 11
661.4144248573552
 21
57.64846577939152
 31
0.0
  0
LINE
  5
4EB
100
AcDbEntity
  8
L1
100
AcDbLine
 10
675.7293474052009
 20
57.63962377398377
 30
0.0
 11
675.4319540420225
 21
57.63962377398377
 31
0.0
  0
POLYLINE
  5
4EC
100
AcDbEntity
  8
L1
100
AcDb2dPolyline
 66
     1
 10
0.0
 20
0.0
 30
0.0
  0
VERTEX
  5
4ED
100
AcDbEntity
  8
L1
100
AcDbVertex
100
AcDb2dVertex
 10
676.1362297470777
 20
57.15273084887804
 30
0.0
  0
VERTEX
  5
4EE
100
AcDbEntity
  8
L1
100
AcDbVertex
100
AcDb2dVertex
 10
676.0199179497156
 20
57.46898881009719
 30
0.0
  0
VERTEX
  5
4EF
100
AcDbEntity
  8
L1
100
AcDbVertex
100
AcDb2dVertex
 10
675.7293474052009
 20
57.63962377398377
 30
0.0
  0
SEQEND
  5
4F0
100
AcDbEntity
  8
L1
  0
ARC
  5
4F1
100
AcDbEntity
  8
L1
100
AcDbCircle
 10
675.1257575050042
 20
58.34836758112885
 30
0.0
 40
0.299999999999996
100
AcDbArc
 50
0.5000000000007832
 51
90.0
  0
POLYLINE
  5
4F2
100
AcDbEntity
  8
L1
100
AcDb2dPolyline
 66
     1
 10
0.0
 20
0.0
 30
0.0
  0
VERTEX
  5
4F3
100
AcDbEntity
  8
L1
100
AcDbVertex
100
AcDb2dVertex
 10
675.1257575050042
 20
58.64836758112886
 30
0.0
  0
VERTEX
  5
4F4
100
AcDbEntity
  8
L1
100
AcDbVertex
100
AcDb2dVertex
 10
675.1137200295943
 20
58.64836758112886
 30
0.0
  0
VERTEX
  5
4F5
100
AcDbEntity
  8
L1
100
AcDbVertex
100
AcDb2dVertex
 10
675.0777235196019
 20
58.64836758112886
 30
0.0
  0
VERTEX
  5
4F6
100
AcDbEntity
  8
L1
100
AcDbVertex
100
AcDb2dVertex
 10
675.018114607511
 20
58.64836758112886
 30
0.0
  0
VERTEX
  5
4F7
100
AcDbEntity
  8
L1
100
AcDbVertex
100
AcDb2dVertex
 10
674.935467304115
 20
58.64836758112886
 30
0.0
  0
VERTEX
  5
4F8
100
AcDbEntity
  8
L1
100
AcDbVertex
100
AcDb2dVertex
 10
674.8305774710145
 20
58.64836758112886
 30
0.0
  0
VERTEX
  5
4F9
100
AcDbEntity
  8
L1
100
AcDbVertex
100
AcDb2dVertex
 10
674.704455156778
 20
58.64836758112886
 30
0.0
  0
VERTEX
  5
4FA
100
AcDbEntity
  8
L1
100
AcDbVertex
100
AcDb2dVertex
 10
674.5583148705641
 20
58.64836758112886
 30
0.0
  0
VERTEX
  5
4FB
100
AcDbEntity
  8
L1
100
AcDbVertex
100
AcDb2dVertex
 10
674.3935638868671
 20
58.64836758112886
 30
0.0
  0
VERTEX
  5
4FC
100
AcDbEntity
  8
L1
100
AcDbVertex
100
AcDb2dVertex
 10
674.2117886940083
 20
58.64836758112886
 30
0.0
  0
VERTEX
  5
4FD
100
AcDbEntity
  8
L1
100
AcDbVertex
100
AcDb2dVertex
 10
674.0147397168656
 20
58.64836758112886
 30
0.0
  0
VERTEX
  5
4FE
100
AcDbEntity
  8
L1
100
AcDbVertex
100
AcDb2dVertex
 10
673.8043144609587
 20
58.64836758112886
 30
0.0
  0
VERTEX
  5
4FF
100
AcDbEntity
  8
L1
100
AcDbVertex
100
AcDb2dVertex
 10
673.5825392402034
 20
58.64836758112886
 30
0.0
  0
VERTEX
  5
500
100
AcDbEntity
  8
L1
100
AcDbVertex
100
AcDb2dVertex
 10
673.3515496642929
 20
58.64836758112886
 30
0.0
  0
VERTEX
  5
501
100
AcDbEntity
  8
L1
100
AcDbVertex
100
AcDb2dVertex
 10
673.113570073599
 20
58.64836758112886
 30
0.0
  0
VERTEX
  5
502
100
AcDbEntity
  8
L1
100
AcDbVertex
100
AcDb2dVertex
 10
672.8708921196369
 20
58.64836758112886
 30
0.0
  0
VERTEX
  5
503
100
AcDbEntity
  8
L1
100
AcDbVertex
100
AcDb2dVertex
 10
672.6258526973438
 20
58.64836758112886
 30
0.0
  0
SEQEND
  5
504
100
AcDbEntity
  8
L1
  0
LINE
  5
505
100
AcDbEntity
  8
L2
100
AcDbLine
 10
731.3571433867732
 20
116.6672101756916
 30
0.0
 11
777.0597613474221
 21
116.2683694710573
 31
0.0
  0
LINE
  5
506
100
AcDbEntity
  8
L6
100
AcDbLine
 10
785.3571433867732
 20
189.215774257299
 30
0.0
 11
719.3571433867732
 21
189.215774257299
 31
0.0
  0
LINE
  5
507
100
AcDbEntity
  8
L1
100
AcDbLine
 10
773.3572956945165
 20
99.20068039930971
 30
0.0
 11
728.8527801190234
 21
99.58906542282903
 31
0.0
  0
LINE
  5
508
100
AcDbEntity
  8
L1
100
AcDbLine
 10
773.0599136551661
 20
99.90330226791975
 30
0.0
 11
727.6545254261239
 21
100.2995490879829
 31
0.0
  0
LINE
  5
509
100
AcDbEntity
  8
L1
100
AcDbLine
 10
771.374823590342
 20
113.7185332658091
 30
0.0
 11
728.3571433867733
 21
114.0939428736108
 31
0.0
  0
LINE
  5
50A
100
AcDbEntity
  8
L1
100
AcDbLine
 10
668.5595209125904
 20
132.5041233376311
 30
0.0
 11
668.5595209125904
 21
122.5041233376311
 31
0.0
  0
LINE
  5
50B
100
AcDbEntity
  8
L1
100
AcDbLine
 10
667.9595209125904
 20
122.5041233376311
 30
0.0
 11
667.9595209125904
 21
132.5041233376311
 31
0.0
  0
ARC
  5
50C
100
AcDbEntity
  8
L1
100
AcDbCircle
 10
673.0595209125904
 20
102.6657742572991
 30
0.0
 40
1.9
100
AcDbArc
 50
270.0
 51
0.0
  0
ARC
  5
50D
100
AcDbEntity
  8
L1
100
AcDbCircle
 10
673.0595209125904
 20
102.6657742572991
 30
0.0
 40
2.900000000000011
100
AcDbArc
 50
270.0
 51
0.0
  0
POLYLINE
  5
50E
100
AcDbEntity
  8
L1
100
AcDb2dPolyline
 66
     1
 10
0.0
 20
0.0
 30
0.0
  0
VERTEX
  5
50F
100
AcDbEntity
  8
L1
100
AcDbVertex
100
AcDb2dVertex
 10
676.5543264692006
 20
102.6657742572991
 30
0.0
  0
VERTEX
  5
510
100
AcDbEntity
  8
L1
100
AcDbVertex
100
AcDb2dVertex
 10
676.4883017259201
 20
101.9941399835367
 30
0.0
  0
VERTEX
  5
511
100
AcDbEntity
  8
L1
100
AcDbVertex
100
AcDb2dVertex
 10
676.2869749869528
 20
101.3291369582469
 30
0.0
  0
VERTEX
  5
512
100
AcDbEntity
  8
L1
100
AcDbVertex
100
AcDb2dVertex
 10
675.9582467365719
 20
100.7170118964926
 30
0.0
  0
VERTEX
  5
513
100
AcDbEntity
  8
L1
100
AcDbVertex
100
AcDb2dVertex
 10
675.529276888134
 20
100.1960182817554
 30
0.0
  0
VERTEX
  5
514
100
AcDbEntity
  8
L1
100
AcDbVertex
100
AcDb2dVertex
 10
675.0082832733969
 20
99.76704843331766
 30
0.0
  0
VERTEX
  5
515
100
AcDbEntity
  8
L1
100
AcDbVertex
100
AcDb2dVertex
 10
674.3961582116426
 20
99.43832018293671
 30
0.0
  0
VERTEX
  5
516
100
AcDbEntity
  8
L1
100
AcDbVertex
100
AcDb2dVertex
 10
673.7311551863529
 20
99.23699344396936
 30
0.0
  0
VERTEX
  5
517
100
AcDbEntity
  8
L1
100
AcDbVertex
100
AcDb2dVertex
 10
673.0595209125905
 20
99.17096870068895
 30
0.0
  0
SEQEND
  5
518
100
AcDbEntity
  8
L1
  0
POLYLINE
  5
519
100
AcDbEntity
  8
L1
100
AcDb2dPolyline
 66
     1
 10
0.0
 20
0.0
 30
0.0
  0
VERTEX
  5
51A
100
AcDbEntity
  8
L1
100
AcDbVertex
100
AcDb2dVertex
 10
662.9214094771031
 20
100.765774257299
 30
0.0
  0
VERTEX
  5
51B
100
AcDbEntity
  8
L1
100
AcDbVertex
100
AcDb2dVertex
 10
662.8900694044534
 20
100.7674153880367
 30
0.0
  0
VERTEX
  5
51C
100
AcDbEntity
  8
L1
100
AcDbVertex
100
AcDb2dVertex
 10
662.8027484463812
 20
100.7902347130429
 30
0.0
  0
VERTEX
  5
51D
100
AcDbEntity
  8
L1
100
AcDbVertex
100
AcDb2dVertex
 10
662.71115748759
 20
100.8517660373301
 30
0.0
  0
VERTEX
  5
51E
100
AcDbEntity
  8
L1
100
AcDbVertex
100
AcDb2dVertex
 10
662.6479345168503
 20
100.9424202020368
 30
0.0
  0
VERTEX
  5
51F
100
AcDbEntity
  8
L1
100
AcDbVertex
100
AcDb2dVertex
 10
662.6216943438142
 20
101.0527269940868
 30
0.0
  0
VERTEX
  5
520
100
AcDbEntity
  8
L1
100
AcDbVertex
100
AcDb2dVertex
 10
662.6396509141653
 20
101.1687508733957
 30
0.0
  0
VERTEX
  5
521
100
AcDbEntity
  8
L1
100
AcDbVertex
100
AcDb2dVertex
 10
662.6733931335731
 20
101.2345260992497
 30
0.0
  0
SEQEND
  5
522
100
AcDbEntity
  8
L1
  0
ARC
  5
523
100
AcDbEntity
  8
L1
100
AcDbCircle
 10
658.6595209125905
 20
103.965774257299
 30
0.0
 40
4.022689858140807
100
AcDbArc
 50
270.0
 51
0.0
  0
LINE
  5
524
100
AcDbEntity
  8
L1
100
AcDbLine
 10
673.0595209125904
 20
100.765774257299
 30
0.0
 11
662.9214094771031
 21
100.765774257299
 31
0.0
  0
POLYLINE
  5
525
100
AcDbEntity
  8
L1
100
AcDb2dPolyline
 66
     1
 10
0.0
 20
0.0
 30
0.0
  0
VERTEX
  5
526
100
AcDbEntity
  8
L1
100
AcDbVertex
100
AcDb2dVertex
 10
673.0595209125905
 20
99.17096870068895
 30
0.0
  0
VERTEX
  5
527
100
AcDbEntity
  8
L1
100
AcDbVertex
100
AcDb2dVertex
 10
673.0569921295222
 20
99.17096598394568
 30
0.0
  0
VERTEX
  5
528
100
AcDbEntity
  8
L1
100
AcDbVertex
100
AcDb2dVertex
 10
673.0544633608006
 20
99.17096507836442
 30
0.0
  0
SEQEND
  5
529
100
AcDbEntity
  8
L1
  0
LINE
  5
52A
100
AcDbEntity
  8
L1
100
AcDbLine
 10
668.5595209125904
 20
122.5041233376311
 30
0.0
 11
669.1595209125905
 21
122.5041233376311
 31
0.0
  0
LINE
  5
52B
100
AcDbEntity
  8
L1
100
AcDbLine
 10
669.1595209125905
 20
122.5041233376311
 30
0.0
 11
668.2595209125905
 21
119.465774257299
 31
0.0
  0
ARC
  5
52C
100
AcDbEntity
  8
L1
100
AcDbCircle
 10
668.2595209125905
 20
107.465774257299
 30
0.0
 40
5.099999999999987
100
AcDbArc
 50
82.99999999999952
 51
187.0000000000001
  0
LINE
  5
52D
100
AcDbEntity
  8
L1
100
AcDbLine
 10
671.7595209125904
 20
113.0430843991582
 30
0.0
 11
668.2595209125905
 21
113.0430843991582
 31
0.0
  0
LINE
  5
52E
100
AcDbEntity
  8
L1
100
AcDbLine
 10
668.2595209125905
 20
115.6885631154731
 30
0.0
 11
671.7595209125904
 21
115.6885631154731
 31
0.0
  0
LINE
  5
52F
100
AcDbEntity
  8
L1
100
AcDbLine
 10
671.1301361711236
 20
116.6672101756739
 30
0.0
 11
668.2595209125905
 21
116.6672101756739
 31
0.0
  0
CIRCLE
  5
530
100
AcDbEntity
  8
L1
100
AcDbCircle
 10
668.2595209125905
 20
107.4657742572991
 30
0.0
 40
2.25
  0
LINE
  5
531
100
AcDbEntity
  8
L6
 48
0.2
100
AcDbLine
 10
675.2884512403072
 20
107.4657742572991
 30
0.0
 11
661.2870897958084
 21
107.4657742572991
 31
0.0
  0
CIRCLE
  5
532
100
AcDbEntity
  8
L1
100
AcDbCircle
 10
668.2595209125905
 20
107.465774257299
 30
0.0
 40
4.0
  0
LINE
  5
533
100
AcDbEntity
  8
L1
100
AcDbLine
 10
661.4555619911542
 20
115.9401518015452
 30
0.0
 11
662.5822784372217
 21
114.9947244472086
 31
0.0
  0
LINE
  5
534
100
AcDbEntity
  8
L1
100
AcDbLine
 10
659.802824666924
 20
114.6747014959972
 30
0.0
 11
661.0505936738923
 21
115.9224705029654
 31
0.0
  0
ARC
  5
535
100
AcDbEntity
  8
L1
100
AcDbCircle
 10
668.2595209125905
 20
107.465774257299
 30
0.0
 40
9.201435918374905
100
AcDbArc
 50
90.0
 51
125.2552583666984
  0
ARC
  5
536
100
AcDbEntity
  8
L1
100
AcDbCircle
 10
668.2595209125905
 20
107.465774257299
 30
0.0
 40
8.22278885817408
100
AcDbArc
 50
89.9999999999992
 51
180.0
  0
CIRCLE
  5
537
100
AcDbEntity
  8
L1
100
AcDbCircle
 10
649.8095209125904
 20
119.715774257299
 30
0.0
 40
4.591897474510698
  0
LINE
  5
538
100
AcDbEntity
  8
L6
 48
0.2
100
AcDbLine
 10
668.2595209125905
 20
101.1848915991553
 30
0.0
 11
668.2595209125905
 21
113.7644691462375
 31
0.0
  0
ARC
  5
539
100
AcDbEntity
  8
L1
100
AcDbCircle
 10
668.2595209125905
 20
107.465774257299
 30
0.0
 40
9.201435918374905
100
AcDbArc
 50
144.7447416333014
 51
180.0
  0
ARC
  5
53A
100
AcDbEntity
  8
L1
100
AcDbCircle
 10
668.2595209125905
 20
107.465774257299
 30
0.0
 40
5.577310141859214
100
AcDbArc
 50
90.0
 51
180.0
  0
POLYLINE
  5
53B
100
AcDbEntity
  8
L1
100
AcDb2dPolyline
 66
     1
 10
0.0
 20
0.0
 30
0.0
  0
VERTEX
  5
53C
100
AcDbEntity
  8
L1
100
AcDbVertex
100
AcDb2dVertex
 10
658.4581078403771
 20
105.1951361526044
 30
0.0
  0
VERTEX
  5
53D
100
AcDbEntity
  8
L1
100
AcDbVertex
100
AcDb2dVertex
 10
658.8823585258627
 20
105.0194096842515
 30
0.0
  0
VERTEX
  5
53E
100
AcDbEntity
  8
L1
100
AcDbVertex
100
AcDb2dVertex
 10
659.0580849942156
 20
104.5951589987659
 30
0.0
  0
SEQEND
  5
53F
100
AcDbEntity
  8
L1
  0
ARC
  5
540
100
AcDbEntity
  8
L1
100
AcDbCircle
 10
658.6595209125905
 20
103.965774257299
 30
0.0
 40
1.377211141825941
100
AcDbArc
 50
270.0
 51
0.0
  0
LINE
  5
541
100
AcDbEntity
  8
L1
100
AcDbLine
 10
660.0367320544164
 20
103.965774257299
 30
0.0
 11
660.0367320544164
 21
107.465774257299
 31
0.0
  0
LINE
  5
542
100
AcDbEntity
  8
L1
100
AcDbLine
 10
659.0580849942157
 20
107.465774257299
 30
0.0
 11
659.0580849942157
 21
104.5951589987659
 31
0.0
  0
ARC
  5
543
100
AcDbEntity
  8
L1
100
AcDbCircle
 10
658.6595209125905
 20
103.965774257299
 30
0.0
 40
4.854985757674716
100
AcDbArc
 50
325.7665849683198
 51
7.000000000000285
  0
LINE
  5
544
100
AcDbEntity
  8
L1
100
AcDbLine
 10
662.6822107707313
 20
107.465774257299
 30
0.0
 11
662.6822107707313
 21
103.965774257299
 31
0.0
  0
LINE
  5
545
100
AcDbEntity
  8
L1
100
AcDbLine
 10
663.4783183426439
 20
104.5574481838282
 30
0.0
 11
663.1975355392198
 21
106.8442406059327
 31
0.0
  0
LINE
  5
546
100
AcDbEntity
  8
L1
100
AcDbLine
 10
660.3278627567179
 20
114.6517701132603
 30
0.0
 11
661.0735250566293
 21
115.3974324131717
 31
0.0
  0
LINE
  5
547
100
AcDbEntity
  8
L1
100
AcDbLine
 10
661.2226141503867
 20
113.159423079311
 30
0.0
 11
660.3101821313877
 21
114.246817215951
 31
0.0
  0
ARC
  5
548
100
AcDbEntity
  8
L1
100
AcDbCircle
 10
660.0149567012799
 20
114.4625694616412
 30
0.0
 40
0.3
100
AcDbArc
 50
135.0
 51
219.9999999999994
  0
POLYLINE
  5
549
100
AcDbEntity
  8
L1
100
AcDb2dPolyline
 66
     1
 10
0.0
 20
0.0
 30
0.0
  0
VERTEX
  5
54A
100
AcDbEntity
  8
L1
100
AcDbVertex
100
AcDb2dVertex
 10
660.3101821313877
 20
114.246817215951
 30
0.0
  0
VERTEX
  5
54B
100
AcDbEntity
  8
L1
100
AcDbVertex
100
AcDb2dVertex
 10
660.2402822104799
 20
114.4527315374483
 30
0.0
  0
VERTEX
  5
54C
100
AcDbEntity
  8
L1
100
AcDbVertex
100
AcDb2dVertex
 10
660.3278627567179
 20
114.6517701132602
 30
0.0
  0
SEQEND
  5
54D
100
AcDbEntity
  8
L1
  0
LINE
  5
54E
100
AcDbEntity
  8
L1
100
AcDbLine
 10
660.7305707226807
 20
113.1430167326678
 30
0.0
 11
659.7851433683443
 21
114.2697331787352
 31
0.0
  0
POLYLINE
  5
54F
100
AcDbEntity
  8
L1
100
AcDb2dPolyline
 66
     1
 10
0.0
 20
0.0
 30
0.0
  0
VERTEX
  5
550
100
AcDbEntity
  8
L1
100
AcDbVertex
100
AcDb2dVertex
 10
660.7457333875015
 20
112.7770283453443
 30
0.0
  0
VERTEX
  5
551
100
AcDbEntity
  8
L1
100
AcDbVertex
100
AcDb2dVertex
 10
660.7568912070073
 20
112.7940048433933
 30
0.0
  0
VERTEX
  5
552
100
AcDbEntity
  8
L1
100
AcDbVertex
100
AcDb2dVertex
 10
660.7973081107684
 20
112.904840267528
 30
0.0
  0
VERTEX
  5
553
100
AcDbEntity
  8
L1
100
AcDbVertex
100
AcDb2dVertex
 10
660.7925213814107
 20
113.0199904951955
 30
0.0
  0
VERTEX
  5
554
100
AcDbEntity
  8
L1
100
AcDbVertex
100
AcDb2dVertex
 10
660.7468385659696
 20
113.121773153988
 30
0.0
  0
VERTEX
  5
555
100
AcDbEntity
  8
L1
100
AcDbVertex
100
AcDb2dVertex
 10
660.7305707226807
 20
113.1430167326678
 30
0.0
  0
SEQEND
  5
556
100
AcDbEntity
  8
L1
  0
POLYLINE
  5
557
100
AcDbEntity
  8
L1
100
AcDb2dPolyline
 66
     1
 10
0.0
 20
0.0
 30
0.0
  0
VERTEX
  5
558
100
AcDbEntity
  8
L1
100
AcDbVertex
100
AcDb2dVertex
 10
662.9397622441501
 20
114.4932995167049
 30
0.0
  0
VERTEX
  5
559
100
AcDbEntity
  8
L1
100
AcDbVertex
100
AcDb2dVertex
 10
662.8759942022939
 20
114.456377574219
 30
0.0
  0
VERTEX
  5
55A
100
AcDbEntity
  8
L1
100
AcDbVertex
100
AcDb2dVertex
 10
662.7887595389925
 20
114.4340059079359
 30
0.0
  0
VERTEX
  5
55B
100
AcDbEntity
  8
L1
100
AcDbVertex
100
AcDb2dVertex
 10
662.7052503279069
 20
114.437296433092
 30
0.0
  0
VERTEX
  5
55C
100
AcDbEntity
  8
L1
100
AcDbVertex
100
AcDb2dVertex
 10
662.6165944051374
 20
114.4682906175702
 30
0.0
  0
VERTEX
  5
55D
100
AcDbEntity
  8
L1
100
AcDbVertex
100
AcDb2dVertex
 10
662.5658720905786
 20
114.5026810195028
 30
0.0
  0
SEQEND
  5
55E
100
AcDbEntity
  8
L1
  0
POLYLINE
  5
55F
100
AcDbEntity
  8
L1
100
AcDb2dPolyline
 66
     1
 10
0.0
 20
0.0
 30
0.0
  0
VERTEX
  5
560
100
AcDbEntity
  8
L1
100
AcDbVertex
100
AcDb2dVertex
 10
662.5822784372217
 20
114.9947244472087
 30
0.0
  0
VERTEX
  5
561
100
AcDbEntity
  8
L1
100
AcDbVertex
100
AcDb2dVertex
 10
662.6324446993674
 20
114.9606339164124
 30
0.0
  0
VERTEX
  5
562
100
AcDbEntity
  8
L1
100
AcDbVertex
100
AcDb2dVertex
 10
662.7201343004533
 20
114.9296196628075
 30
0.0
  0
VERTEX
  5
563
100
AcDbEntity
  8
L1
100
AcDbVertex
100
AcDb2dVertex
 10
662.803588620045
 20
114.9258948110219
 30
0.0
  0
VERTEX
  5
564
100
AcDbEntity
  8
L1
100
AcDbVertex
100
AcDb2dVertex
 10
662.8893877324462
 20
114.9471605131937
 30
0.0
  0
VERTEX
  5
565
100
AcDbEntity
  8
L1
100
AcDbVertex
100
AcDb2dVertex
 10
662.9482668245453
 20
114.9795617823879
 30
0.0
  0
SEQEND
  5
566
100
AcDbEntity
  8
L1
  0
POLYLINE
  5
567
100
AcDbEntity
  8
L1
100
AcDb2dPolyline
 66
     1
 10
0.0
 20
0.0
 30
0.0
  0
VERTEX
  5
568
100
AcDbEntity
  8
L1
100
AcDbVertex
100
AcDb2dVertex
 10
661.0735250566293
 20
115.3974324131717
 30
0.0
  0
VERTEX
  5
569
100
AcDbEntity
  8
L1
100
AcDbVertex
100
AcDb2dVertex
 10
661.2725636324412
 20
115.4850129594096
 30
0.0
  0
VERTEX
  5
56A
100
AcDbEntity
  8
L1
100
AcDbVertex
100
AcDb2dVertex
 10
661.4784779539386
 20
115.4151130385018
 30
0.0
  0
SEQEND
  5
56B
100
AcDbEntity
  8
L1
  0
POLYLINE
  5
56C
100
AcDbEntity
  8
L1
100
AcDb2dPolyline
 66
     1
 10
0.0
 20
0.0
 30
0.0
  0
VERTEX
  5
56D
100
AcDbEntity
  8
L1
100
AcDbVertex
100
AcDb2dVertex
 10
661.2226141503867
 20
113.159423079311
 30
0.0
  0
VERTEX
  5
56E
100
AcDbEntity
  8
L1
100
AcDbVertex
100
AcDb2dVertex
 10
661.2413041331396
 20
113.134652575381
 30
0.0
  0
VERTEX
  5
56F
100
AcDbEntity
  8
L1
100
AcDbVertex
100
AcDb2dVertex
 10
661.285603667239
 20
113.0319026890433
 30
0.0
  0
VERTEX
  5
570
100
AcDbEntity
  8
L1
100
AcDbVertex
100
AcDb2dVertex
 10
661.288581630439
 20
112.9164694988606
 30
0.0
  0
VERTEX
  5
571
100
AcDbEntity
  8
L1
100
AcDbVertex
100
AcDb2dVertex
 10
661.2463821511956
 20
112.8063002869402
 30
0.0
  0
VERTEX
  5
572
100
AcDbEntity
  8
L1
100
AcDbVertex
100
AcDb2dVertex
 10
661.2319956531846
 20
112.7855329257394
 30
0.0
  0
SEQEND
  5
573
100
AcDbEntity
  8
L1
  0
LINE
  5
574
100
AcDbEntity
  8
L1
100
AcDbLine
 10
661.4784779539386
 20
115.4151130385018
 30
0.0
 11
662.5658720905786
 21
114.5026810195028
 31
0.0
  0
ARC
  5
575
100
AcDbEntity
  8
L1
100
AcDbCircle
 10
668.2595209125905
 20
107.465774257299
 30
0.0
 40
8.813962988465215
100
AcDbArc
 50
127.1253174351021
 51
142.8746825648977
  0
POLYLINE
  5
576
100
AcDbEntity
  8
L1
100
AcDb2dPolyline
 66
     1
 10
0.0
 20
0.0
 30
0.0
  0
VERTEX
  5
577
100
AcDbEntity
  8
L1
100
AcDbVertex
100
AcDb2dVertex
 10
652.8508977733657
 20
121.2437002342295
 30
0.0
  0
VERTEX
  5
578
100
AcDbEntity
  8
L1
100
AcDbVertex
100
AcDb2dVertex
 10
652.78084425432
 20
121.2191736273085
 30
0.0
  0
SEQEND
  5
579
100
AcDbEntity
  8
L1
  0
LINE
  5
57A
100
AcDbEntity
  8
L1
100
AcDbLine
 10
652.3266157980088
 20
121.215774257299
 30
0.0
 11
651.8095209125903
 21
121.215774257299
 31
0.0
  0
ARC
  5
57B
100
AcDbEntity
  8
L1
100
AcDbCircle
 10
649.8095209125904
 20
119.715774257299
 30
0.0
 40
2.0
100
AcDbArc
 50
270.0000000000032
 51
359.9999999999992
  0
LINE
  5
57C
100
AcDbEntity
  8
L1
100
AcDbLine
 10
647.8095209125903
 20
117.715774257299
 30
0.0
 11
647.8095209125903
 21
117.5743339330778
 31
0.0
  0
POLYLINE
  5
57D
100
AcDbEntity
  8
L1
100
AcDb2dPolyline
 66
     1
 10
0.0
 20
0.0
 30
0.0
  0
VERTEX
  5
57E
100
AcDbEntity
  8
L1
100
AcDbVertex
100
AcDb2dVertex
 10
647.8095209125903
 20
117.5743339330778
 30
0.0
  0
VERTEX
  5
57F
100
AcDbEntity
  8
L1
100
AcDbVertex
100
AcDb2dVertex
 10
647.8094413582237
 20
117.4596146252727
 30
0.0
  0
VERTEX
  5
580
100
AcDbEntity
  8
L1
100
AcDbVertex
100
AcDb2dVertex
 10
647.8091928658583
 20
117.3482424991069
 30
0.0
  0
VERTEX
  5
581
100
AcDbEntity
  8
L1
100
AcDbVertex
100
AcDb2dVertex
 10
647.8088472831051
 20
117.2615716807752
 30
0.0
  0
VERTEX
  5
582
100
AcDbEntity
  8
L1
100
AcDbVertex
100
AcDb2dVertex
 10
647.8083677141967
 20
117.1839081501037
 30
0.0
  0
VERTEX
  5
583
100
AcDbEntity
  8
L1
100
AcDbVertex
100
AcDb2dVertex
 10
647.8078536397887
 20
117.1284389979264
 30
0.0
  0
VERTEX
  5
584
100
AcDbEntity
  8
L1
100
AcDbVertex
100
AcDb2dVertex
 10
647.8072511478169
 20
117.08648633333
 30
0.0
  0
VERTEX
  5
585
100
AcDbEntity
  8
L1
100
AcDbVertex
100
AcDb2dVertex
 10
647.8066553421702
 20
117.0633447891347
 30
0.0
  0
VERTEX
  5
586
100
AcDbEntity
  8
L1
100
AcDbVertex
100
AcDb2dVertex
 10
647.8061215425809
 20
117.0558188006984
 30
0.0
  0
SEQEND
  5
587
100
AcDbEntity
  8
L1
  0
POLYLINE
  5
588
100
AcDbEntity
  8
L1
100
AcDb2dPolyline
 66
     1
 10
0.0
 20
0.0
 30
0.0
  0
VERTEX
  5
589
100
AcDbEntity
  8
L1
100
AcDbVertex
100
AcDb2dVertex
 10
647.8061215425809
 20
117.0558188006984
 30
0.0
  0
VERTEX
  5
58A
100
AcDbEntity
  8
L1
100
AcDbVertex
100
AcDb2dVertex
 10
647.78159493566
 20
116.9822696876432
 30
0.0
  0
SEQEND
  5
58B
100
AcDbEntity
  8
L1
  0
LINE
  5
58C
100
AcDbEntity
  8
L1
100
AcDbLine
 10
649.8095209125904
 20
117.715774257299
 30
0.0
 11
647.8095209125903
 21
117.715774257299
 31
0.0
  0
LINE
  5
58D
100
AcDbEntity
  8
L1
100
AcDbLine
 10
651.8095209125903
 20
121.215774257299
 30
0.0
 11
651.8095209125903
 21
119.715774257299
 31
0.0
  0
CIRCLE
  5
58E
100
AcDbEntity
  8
L1
100
AcDbCircle
 10
649.8095209125904
 20
119.715774257299
 30
0.0
 40
1.6
  0
POLYLINE
  5
58F
100
AcDbEntity
  8
L1
100
AcDb2dPolyline
 66
     1
 10
0.0
 20
0.0
 30
0.0
  0
VERTEX
  5
590
100
AcDbEntity
  8
L1
100
AcDbVertex
100
AcDb2dVertex
 10
652.78084425432
 20
121.2191736273085
 30
0.0
  0
VERTEX
  5
591
100
AcDbEntity
  8
L1
100
AcDbVertex
100
AcDb2dVertex
 10
652.7733676406079
 20
121.2186120229165
 30
0.0
  0
VERTEX
  5
592
100
AcDbEntity
  8
L1
100
AcDbVertex
100
AcDb2dVertex
 10
652.7504349806329
 20
121.217986762738
 30
0.0
  0
VERTEX
  5
593
100
AcDbEntity
  8
L1
100
AcDbVertex
100
AcDb2dVertex
 10
652.7110276748207
 20
121.2173831223596
 30
0.0
  0
VERTEX
  5
594
100
AcDbEntity
  8
L1
100
AcDbVertex
100
AcDb2dVertex
 10
652.6584239652009
 20
121.2168609809929
 30
0.0
  0
VERTEX
  5
595
100
AcDbEntity
  8
L1
100
AcDbVertex
100
AcDb2dVertex
 10
652.5897044156677
 20
121.2164039804928
 30
0.0
  0
VERTEX
  5
596
100
AcDbEntity
  8
L1
100
AcDbVertex
100
AcDb2dVertex
 10
652.5121881311161
 20
121.2160695673243
 30
0.0
  0
VERTEX
  5
597
100
AcDbEntity
  8
L1
100
AcDbVertex
100
AcDb2dVertex
 10
652.4209856197447
 20
121.2158474661495
 30
0.0
  0
VERTEX
  5
598
100
AcDbEntity
  8
L1
100
AcDbVertex
100
AcDb2dVertex
 10
652.3266157980088
 20
121.215774257299
 30
0.0
  0
SEQEND
  5
599
100
AcDbEntity
  8
L1
  0
ARC
  5
59A
100
AcDbEntity
  8
L1
100
AcDbCircle
 10
649.8095209125904
 20
119.715774257299
 30
0.0
 40
3.403605588231097
100
AcDbArc
 50
26.67402445866127
 51
233.4291058523651
  0
ARC
  5
59B
100
AcDbEntity
  8
L1
100
AcDbCircle
 10
661.2627257082482
 20
115.7103384686095
 30
0.0
 40
0.3
100
AcDbArc
 50
50.00000000000026
 51
135.0000000000006
  0
LINE
  5
59C
100
AcDbEntity
  8
L1
100
AcDbLine
 10
667.3595209125906
 20
122.5041233376311
 30
0.0
 11
667.9595209125904
 21
122.5041233376311
 31
0.0
  0
LINE
  5
59D
100
AcDbEntity
  8
L1
100
AcDbLine
 10
668.2595209125905
 20
119.465774257299
 30
0.0
 11
667.3595209125904
 21
122.5041233376311
 31
0.0
  0
ARC
  5
59E
100
AcDbEntity
  8
L1
100
AcDbCircle
 10
671.7595209125904
 20
117.065774257299
 30
0.0
 40
1.377211141825884
100
AcDbArc
 50
270.0
 51
0.0
  0
ARC
  5
59F
100
AcDbEntity
  8
L1
100
AcDbCircle
 10
671.7595209125904
 20
117.065774257299
 30
0.0
 40
4.022689858140751
100
AcDbArc
 50
270.0
 51
0.0
  0
LINE
  5
5A0
100
AcDbEntity
  8
L1
100
AcDbLine
 10
674.9595209125905
 20
112.8038856927864
 30
0.0
 11
674.9595209125905
 21
102.6657742572991
 31
0.0
  0
POLYLINE
  5
5A1
100
AcDbEntity
  8
L1
100
AcDb2dPolyline
 66
     1
 10
0.0
 20
0.0
 30
0.0
  0
VERTEX
  5
5A2
100
AcDbEntity
  8
L1
100
AcDbVertex
100
AcDb2dVertex
 10
676.5543300915251
 20
102.670831809089
 30
0.0
  0
VERTEX
  5
5A3
100
AcDbEntity
  8
L1
100
AcDbVertex
100
AcDb2dVertex
 10
676.5543291859439
 20
102.6683030403674
 30
0.0
  0
VERTEX
  5
5A4
100
AcDbEntity
  8
L1
100
AcDbVertex
100
AcDb2dVertex
 10
676.5543264692005
 20
102.6657742572991
 30
0.0
  0
SEQEND
  5
5A5
100
AcDbEntity
  8
L1
  0
POLYLINE
  5
5A6
100
AcDbEntity
  8
L1
100
AcDb2dPolyline
 66
     1
 10
0.0
 20
0.0
 30
0.0
  0
VERTEX
  5
5A7
100
AcDbEntity
  8
L1
100
AcDbVertex
100
AcDb2dVertex
 10
674.4907690706398
 20
113.0519020363163
 30
0.0
  0
VERTEX
  5
5A8
100
AcDbEntity
  8
L1
100
AcDbVertex
100
AcDb2dVertex
 10
674.5600410294326
 20
113.0868980994529
 30
0.0
  0
VERTEX
  5
5A9
100
AcDbEntity
  8
L1
100
AcDbVertex
100
AcDb2dVertex
 10
674.6464024487274
 20
113.1035949492376
 30
0.0
  0
VERTEX
  5
5AA
100
AcDbEntity
  8
L1
100
AcDbVertex
100
AcDb2dVertex
 10
674.731782018935
 20
113.0950575520977
 30
0.0
  0
VERTEX
  5
5AB
100
AcDbEntity
  8
L1
100
AcDbVertex
100
AcDb2dVertex
 10
674.8215958730966
 20
113.0563481994529
 30
0.0
  0
VERTEX
  5
5AC
100
AcDbEntity
  8
L1
100
AcDbVertex
100
AcDb2dVertex
 10
674.9067538099374
 20
112.9738273721215
 30
0.0
  0
VERTEX
  5
5AD
100
AcDbEntity
  8
L1
100
AcDbVertex
100
AcDb2dVertex
 10
674.9518087409531
 20
112.8714781937896
 30
0.0
  0
VERTEX
  5
5AE
100
AcDbEntity
  8
L1
100
AcDbVertex
100
AcDb2dVertex
 10
674.9595209125905
 20
112.8038856927864
 30
0.0
  0
SEQEND
  5
5AF
100
AcDbEntity
  8
L1
  0
ARC
  5
5B0
100
AcDbEntity
  8
L1
100
AcDbCircle
 10
671.7595209125904
 20
117.0657742572989
 30
0.0
 40
4.854985757674646
100
AcDbArc
 50
262.9999999999993
 51
304.2334150316801
  0
LINE
  5
5B1
100
AcDbEntity
  8
L1
100
AcDbLine
 10
668.8810545639568
 20
112.5277596306697
 30
0.0
 11
671.1678469860612
 21
112.2469768272455
 31
0.0
  0
POLYLINE
  5
5B2
100
AcDbEntity
  8
L1
100
AcDb2dPolyline
 66
     1
 10
0.0
 20
0.0
 30
0.0
  0
VERTEX
  5
5B3
100
AcDbEntity
  8
L1
100
AcDbVertex
100
AcDb2dVertex
 10
671.1301361711236
 20
116.667210175674
 30
0.0
  0
VERTEX
  5
5B4
100
AcDbEntity
  8
L1
100
AcDbVertex
100
AcDb2dVertex
 10
670.7058854856381
 20
116.8429366440269
 30
0.0
  0
VERTEX
  5
5B5
100
AcDbEntity
  8
L1
100
AcDbVertex
100
AcDb2dVertex
 10
670.5301590172852
 20
117.2671873295124
 30
0.0
  0
SEQEND
  5
5B6
100
AcDbEntity
  8
L1
  0
POLYLINE
  5
5B7
100
AcDbEntity
  8
L1
100
AcDb2dPolyline
 66
     1
 10
0.0
 20
0.0
 30
0.0
  0
VERTEX
  5
5B8
100
AcDbEntity
  8
L1
100
AcDbVertex
100
AcDb2dVertex
 10
727.3571433867732
 20
100.5995376649021
 30
0.0
  0
VERTEX
  5
5B9
100
AcDbEntity
  8
L1
100
AcDbVertex
100
AcDb2dVertex
 10
727.3571433867732
 20
100.6115751403121
 30
0.0
  0
VERTEX
  5
5BA
100
AcDbEntity
  8
L1
100
AcDbVertex
100
AcDb2dVertex
 10
727.3571433867732
 20
100.6475716503045
 30
0.0
  0
VERTEX
  5
5BB
100
AcDbEntity
  8
L1
100
AcDbVertex
100
AcDb2dVertex
 10
727.3571433867732
 20
100.7071805623954
 30
0.0
  0
VERTEX
  5
5BC
100
AcDbEntity
  8
L1
100
AcDbVertex
100
AcDb2dVertex
 10
727.3571433867732
 20
100.7898278657914
 30
0.0
  0
VERTEX
  5
5BD
100
AcDbEntity
  8
L1
100
AcDbVertex
100
AcDb2dVertex
 10
727.3571433867732
 20
100.8947176988918
 30
0.0
  0
VERTEX
  5
5BE
100
AcDbEntity
  8
L1
100
AcDbVertex
100
AcDb2dVertex
 10
727.3571433867732
 20
101.0208400131282
 30
0.0
  0
VERTEX
  5
5BF
100
AcDbEntity
  8
L1
100
AcDbVertex
100
AcDb2dVertex
 10
727.3571433867732
 20
101.1669802993423
 30
0.0
  0
VERTEX
  5
5C0
100
AcDbEntity
  8
L1
100
AcDbVertex
100
AcDb2dVertex
 10
727.3571433867732
 20
101.3317312830393
 30
0.0
  0
VERTEX
  5
5C1
100
AcDbEntity
  8
L1
100
AcDbVertex
100
AcDb2dVertex
 10
727.3571433867732
 20
101.5135064758981
 30
0.0
  0
VERTEX
  5
5C2
100
AcDbEntity
  8
L1
100
AcDbVertex
100
AcDb2dVertex
 10
727.3571433867732
 20
101.7105554530408
 30
0.0
  0
VERTEX
  5
5C3
100
AcDbEntity
  8
L1
100
AcDbVertex
100
AcDb2dVertex
 10
727.3571433867732
 20
101.9209807089478
 30
0.0
  0
VERTEX
  5
5C4
100
AcDbEntity
  8
L1
100
AcDbVertex
100
AcDb2dVertex
 10
727.3571433867732
 20
102.1427559297029
 30
0.0
  0
VERTEX
  5
5C5
100
AcDbEntity
  8
L1
100
AcDbVertex
100
AcDb2dVertex
 10
727.3571433867732
 20
102.3737455056137
 30
0.0
  0
VERTEX
  5
5C6
100
AcDbEntity
  8
L1
100
AcDbVertex
100
AcDb2dVertex
 10
727.3571433867732
 20
102.6117250963073
 30
0.0
  0
VERTEX
  5
5C7
100
AcDbEntity
  8
L1
100
AcDbVertex
100
AcDb2dVertex
 10
727.3571433867732
 20
102.8544030502694
 30
0.0
  0
VERTEX
  5
5C8
100
AcDbEntity
  8
L1
100
AcDbVertex
100
AcDb2dVertex
 10
727.3571433867732
 20
103.0994424725626
 30
0.0
  0
SEQEND
  5
5C9
100
AcDbEntity
  8
L1
  0
ARC
  5
5CA
100
AcDbEntity
  8
L1
100
AcDbCircle
 10
727.6571433867732
 20
100.5995376649022
 30
0.0
 40
0.299999999999996
100
AcDbArc
 50
180.0
 51
269.4999999999978
  0
POLYLINE
  5
5CB
100
AcDbEntity
  8
L1
100
AcDb2dPolyline
 66
     1
 10
0.0
 20
0.0
 30
0.0
  0
VERTEX
  5
5CC
100
AcDbEntity
  8
L1
100
AcDbVertex
100
AcDb2dVertex
 10
728.3658871939185
 20
99.99594776470553
 30
0.0
  0
VERTEX
  5
5CD
100
AcDbEntity
  8
L1
100
AcDbVertex
100
AcDb2dVertex
 10
728.5365221578049
 20
99.70537722019095
 30
0.0
  0
VERTEX
  5
5CE
100
AcDbEntity
  8
L1
100
AcDbVertex
100
AcDb2dVertex
 10
728.8527801190241
 20
99.58906542282882
 30
0.0
  0
SEQEND
  5
5CF
100
AcDbEntity
  8
L1
  0
POLYLINE
  5
5D0
100
AcDbEntity
  8
L1
100
AcDb2dPolyline
 66
     1
 10
0.0
 20
0.0
 30
0.0
  0
VERTEX
  5
5D1
100
AcDbEntity
  8
L1
100
AcDbVertex
100
AcDb2dVertex
 10
728.3571433867733
 20
100.0890463843608
 30
0.0
  0
VERTEX
  5
5D2
100
AcDbEntity
  8
L1
100
AcDbVertex
100
AcDb2dVertex
 10
728.3658871939185
 20
99.99594776470553
 30
0.0
  0
SEQEND
  5
5D3
100
AcDbEntity
  8
L1
  0
POLYLINE
  5
5D4
100
AcDbEntity
  8
L1
100
AcDb2dPolyline
 66
     1
 10
0.0
 20
0.0
 30
0.0
  0
VERTEX
  5
5D5
100
AcDbEntity
  8
L1
100
AcDbVertex
100
AcDb2dVertex
 10
728.3571433867733
 20
100.2934174339329
 30
0.0
  0
VERTEX
  5
5D6
100
AcDbEntity
  8
L1
100
AcDbVertex
100
AcDb2dVertex
 10
728.3571433867733
 20
100.2370246252359
 30
0.0
  0
VERTEX
  5
5D7
100
AcDbEntity
  8
L1
100
AcDbVertex
100
AcDb2dVertex
 10
728.3571433867733
 20
100.0890463843608
 30
0.0
  0
SEQEND
  5
5D8
100
AcDbEntity
  8
L1
  0
POLYLINE
  5
5D9
100
AcDbEntity
  8
L1
100
AcDb2dPolyline
 66
     1
 10
0.0
 20
0.0
 30
0.0
  0
VERTEX
  5
5DA
100
AcDbEntity
  8
L1
100
AcDbVertex
100
AcDb2dVertex
 10
728.3571433867733
 20
100.2936290378374
 30
0.0
  0
VERTEX
  5
5DB
100
AcDbEntity
  8
L1
100
AcDbVertex
100
AcDb2dVertex
 10
728.3571433867733
 20
100.2934724971471
 30
0.0
  0
VERTEX
  5
5DC
100
AcDbEntity
  8
L1
100
AcDbVertex
100
AcDb2dVertex
 10
728.3571433867733
 20
100.2934175201801
 30
0.0
  0
SEQEND
  5
5DD
100
AcDbEntity
  8
L1
  0
LINE
  5
5DE
100
AcDbEntity
  8
L1
100
AcDbLine
 10
727.3571433867732
 20
103.0994424725626
 30
0.0
 11
727.3571433867732
 21
114.0047509385452
 31
0.0
  0
LINE
  5
5DF
100
AcDbEntity
  8
L1
100
AcDbLine
 10
727.6545254261239
 20
114.3047395154644
 30
0.0
 11
728.3570451876162
 21
114.3108703125433
 31
0.0
  0
ARC
  5
5E0
100
AcDbEntity
  8
L1
100
AcDbCircle
 10
727.6571433867732
 20
114.0047509385452
 30
0.0
 40
0.299999999999996
100
AcDbArc
 50
90.49999999999943
 51
180.0
  0
ARC
  5
5E1
100
AcDbEntity
  8
L1
100
AcDbCircle
 10
656.5095209125904
 20
139.215774257299
 30
0.0
 40
3.403605588231097
100
AcDbArc
 50
126.5708941476362
 51
233.429105852364
  0
CIRCLE
  5
5E2
100
AcDbEntity
  8
L1
100
AcDbCircle
 10
656.5095209125904
 20
139.215774257299
 30
0.0
 40
4.591897474510698
  0
CIRCLE
  5
5E3
100
AcDbEntity
  8
L1
100
AcDbCircle
 10
656.5095209125904
 20
139.215774257299
 30
0.0
 40
1.6
  0
ARC
  5
5E4
100
AcDbEntity
  8
L1
100
AcDbCircle
 10
656.5095209125904
 20
139.215774257299
 30
0.0
 40
2.0
100
AcDbArc
 50
263.2256939277319
 51
96.77430607228277
  0
ARC
  5
5E5
100
AcDbEntity
  8
L1
100
AcDbCircle
 10
656.5095209125904
 20
139.215774257299
 30
0.0
 40
2.0
100
AcDbArc
 50
99.58591239917508
 51
260.4140876008348
  0
POLYLINE
  5
5E6
100
AcDbEntity
  8
L1
100
AcDb2dPolyline
 66
     1
 10
0.0
 20
0.0
 30
0.0
  0
VERTEX
  5
5E7
100
AcDbEntity
  8
L1
100
AcDbVertex
100
AcDb2dVertex
 10
656.1764682928225
 20
137.2437002342294
 30
0.0
  0
VERTEX
  5
5E8
100
AcDbEntity
  8
L1
100
AcDbVertex
100
AcDb2dVertex
 10
656.2249502824565
 20
137.2361228848434
 30
0.0
  0
VERTEX
  5
5E9
100
AcDbEntity
  8
L1
100
AcDbVertex
100
AcDb2dVertex
 10
656.2736035778859
 20
137.2297372457642
 30
0.0
  0
SEQEND
  5
5EA
100
AcDbEntity
  8
L1
  0
POLYLINE
  5
5EB
100
AcDbEntity
  8
L1
100
AcDb2dPolyline
 66
     1
 10
0.0
 20
0.0
 30
0.0
  0
VERTEX
  5
5EC
100
AcDbEntity
  8
L1
100
AcDbVertex
100
AcDb2dVertex
 10
654.4955579241253
 20
137.0301377974088
 30
0.0
  0
VERTEX
  5
5ED
100
AcDbEntity
  8
L1
100
AcDbVertex
100
AcDb2dVertex
 10
654.4954785757345
 20
136.9162209822421
 30
0.0
  0
VERTEX
  5
5EE
100
AcDbEntity
  8
L1
100
AcDbVertex
100
AcDb2dVertex
 10
654.4952311051836
 20
136.8056427310908
 30
0.0
  0
VERTEX
  5
5EF
100
AcDbEntity
  8
L1
100
AcDbVertex
100
AcDb2dVertex
 10
654.494885834724
 20
136.7192602776091
 30
0.0
  0
VERTEX
  5
5F0
100
AcDbEntity
  8
L1
100
AcDbVertex
100
AcDb2dVertex
 10
654.4944069570635
 20
136.6418769079908
 30
0.0
  0
VERTEX
  5
5F1
100
AcDbEntity
  8
L1
100
AcDbVertex
100
AcDb2dVertex
 10
654.4938925639319
 20
136.5864785251676
 30
0.0
  0
VERTEX
  5
5F2
100
AcDbEntity
  8
L1
100
AcDbVertex
100
AcDb2dVertex
 10
654.4932899396887
 20
136.5445892482949
 30
0.0
  0
VERTEX
  5
5F3
100
AcDbEntity
  8
L1
100
AcDbVertex
100
AcDb2dVertex
 10
654.4926932256553
 20
136.52144703454
 30
0.0
  0
VERTEX
  5
5F4
100
AcDbEntity
  8
L1
100
AcDbVertex
100
AcDb2dVertex
 10
654.4921585541158
 20
136.5139203258649
 30
0.0
  0
SEQEND
  5
5F5
100
AcDbEntity
  8
L1
  0
POLYLINE
  5
5F6
100
AcDbEntity
  8
L1
100
AcDb2dPolyline
 66
     1
 10
0.0
 20
0.0
 30
0.0
  0
VERTEX
  5
5F7
100
AcDbEntity
  8
L1
100
AcDbVertex
100
AcDb2dVertex
 10
654.4921585541158
 20
136.513920325865
 30
0.0
  0
VERTEX
  5
5F8
100
AcDbEntity
  8
L1
100
AcDbVertex
100
AcDb2dVertex
 10
654.48159493566
 20
136.4822696876432
 30
0.0
  0
SEQEND
  5
5F9
100
AcDbEntity
  8
L1
  0
LINE
  5
5FA
100
AcDbEntity
  8
L1
100
AcDbLine
 10
654.4955579241253
 20
137.2297372457642
 30
0.0
 11
654.4955579241253
 21
137.0301377974088
 31
0.0
  0
LINE
  5
5FB
100
AcDbEntity
  8
L1
100
AcDbLine
 10
656.2736035778859
 20
137.2297372457642
 30
0.0
 11
654.4955579241253
 21
137.2297372457642
 31
0.0
  0
LINE
  5
5FC
100
AcDbEntity
  8
L1
100
AcDbLine
 10
667.9595209125904
 20
132.5041233376311
 30
0.0
 11
668.5595209125904
 21
132.5041233376311
 31
0.0
  0
POLYLINE
  5
5FD
100
AcDbEntity
  8
L1
100
AcDb2dPolyline
 66
     1
 10
0.0
 20
0.0
 30
0.0
  0
VERTEX
  5
5FE
100
AcDbEntity
  8
L1
100
AcDbVertex
100
AcDb2dVertex
 10
656.2736035778854
 20
141.2018112688337
 30
0.0
  0
VERTEX
  5
5FF
100
AcDbEntity
  8
L1
100
AcDbVertex
100
AcDb2dVertex
 10
656.2249502824561
 20
141.1954256297545
 30
0.0
  0
VERTEX
  5
600
100
AcDbEntity
  8
L1
100
AcDbVertex
100
AcDb2dVertex
 10
656.1764682928221
 20
141.1878482803685
 30
0.0
  0
SEQEND
  5
601
100
AcDbEntity
  8
L1
  0
POLYLINE
  5
602
100
AcDbEntity
  8
L1
100
AcDb2dPolyline
 66
     1
 10
0.0
 20
0.0
 30
0.0
  0
VERTEX
  5
603
100
AcDbEntity
  8
L1
100
AcDbVertex
100
AcDb2dVertex
 10
654.48159493566
 20
141.9492788269547
 30
0.0
  0
VERTEX
  5
604
100
AcDbEntity
  8
L1
100
AcDbVertex
100
AcDb2dVertex
 10
654.4921585541158
 20
141.9176281887329
 30
0.0
  0
SEQEND
  5
605
100
AcDbEntity
  8
L1
  0
POLYLINE
  5
606
100
AcDbEntity
  8
L1
100
AcDb2dPolyline
 66
     1
 10
0.0
 20
0.0
 30
0.0
  0
VERTEX
  5
607
100
AcDbEntity
  8
L1
100
AcDbVertex
100
AcDb2dVertex
 10
654.4921585541157
 20
141.917628188733
 30
0.0
  0
VERTEX
  5
608
100
AcDbEntity
  8
L1
100
AcDbVertex
100
AcDb2dVertex
 10
654.4926932256553
 20
141.9101014800579
 30
0.0
  0
VERTEX
  5
609
100
AcDbEntity
  8
L1
100
AcDbVertex
100
AcDb2dVertex
 10
654.4932899396887
 20
141.886959266303
 30
0.0
  0
VERTEX
  5
60A
100
AcDbEntity
  8
L1
100
AcDbVertex
100
AcDb2dVertex
 10
654.4938925639317
 20
141.8450699894303
 30
0.0
  0
VERTEX
  5
60B
100
AcDbEntity
  8
L1
100
AcDbVertex
100
AcDb2dVertex
 10
654.4944069570635
 20
141.7896716066071
 30
0.0
  0
VERTEX
  5
60C
100
AcDbEntity
  8
L1
100
AcDbVertex
100
AcDb2dVertex
 10
654.494885834724
 20
141.7122882369888
 30
0.0
  0
VERTEX
  5
60D
100
AcDbEntity
  8
L1
100
AcDbVertex
100
AcDb2dVertex
 10
654.4952311051834
 20
141.6259057835071
 30
0.0
  0
VERTEX
  5
60E
100
AcDbEntity
  8
L1
100
AcDbVertex
100
AcDb2dVertex
 10
654.4954785757343
 20
141.5153275323559
 30
0.0
  0
VERTEX
  5
60F
100
AcDbEntity
  8
L1
100
AcDbVertex
100
AcDb2dVertex
 10
654.4955579241253
 20
141.401410717189
 30
0.0
  0
SEQEND
  5
610
100
AcDbEntity
  8
L1
  0
LINE
  5
611
100
AcDbEntity
  8
L1
100
AcDbLine
 10
654.4955579241253
 20
141.401410717189
 30
0.0
 11
654.4955579241253
 21
141.2018112688337
 31
0.0
  0
LINE
  5
612
100
AcDbEntity
  8
L1
100
AcDbLine
 10
654.4955579241253
 20
141.2018112688336
 30
0.0
 11
656.2736035778854
 21
141.2018112688336
 31
0.0
  0
CIRCLE
  5
613
100
AcDbEntity
  8
L1
100
AcDbCircle
 10
656.5095209125904
 20
179.215774257299
 30
0.0
 40
1.2581025254893
  0
POLYLINE
  5
614
100
AcDbEntity
  8
L1
100
AcDb2dPolyline
 66
     1
 10
0.0
 20
0.0
 30
0.0
  0
VERTEX
  5
615
100
AcDbEntity
  8
L1
100
AcDbVertex
100
AcDb2dVertex
 10
656.1764682928225
 20
187.2437002342294
 30
0.0
  0
VERTEX
  5
616
100
AcDbEntity
  8
L1
100
AcDbVertex
100
AcDb2dVertex
 10
656.2249502824565
 20
187.2361228848435
 30
0.0
  0
VERTEX
  5
617
100
AcDbEntity
  8
L1
100
AcDbVertex
100
AcDb2dVertex
 10
656.2736035778859
 20
187.2297372457642
 30
0.0
  0
SEQEND
  5
618
100
AcDbEntity
  8
L1
  0
LINE
  5
619
100
AcDbEntity
  8
L1
100
AcDbLine
 10
654.4955579241253
 20
187.2297372457642
 30
0.0
 11
654.4955579241253
 21
187.0301377974089
 31
0.0
  0
POLYLINE
  5
61A
100
AcDbEntity
  8
L1
100
AcDb2dPolyline
 66
     1
 10
0.0
 20
0.0
 30
0.0
  0
VERTEX
  5
61B
100
AcDbEntity
  8
L1
100
AcDbVertex
100
AcDb2dVertex
 10
654.4921585541158
 20
186.513920325865
 30
0.0
  0
VERTEX
  5
61C
100
AcDbEntity
  8
L1
100
AcDbVertex
100
AcDb2dVertex
 10
654.48159493566
 20
186.4822696876432
 30
0.0
  0
SEQEND
  5
61D
100
AcDbEntity
  8
L1
  0
POLYLINE
  5
61E
100
AcDbEntity
  8
L1
100
AcDb2dPolyline
 66
     1
 10
0.0
 20
0.0
 30
0.0
  0
VERTEX
  5
61F
100
AcDbEntity
  8
L1
100
AcDbVertex
100
AcDb2dVertex
 10
654.4955579241253
 20
187.0301377974089
 30
0.0
  0
VERTEX
  5
620
100
AcDbEntity
  8
L1
100
AcDbVertex
100
AcDb2dVertex
 10
654.4954785757343
 20
186.9162209822421
 30
0.0
  0
VERTEX
  5
621
100
AcDbEntity
  8
L1
100
AcDbVertex
100
AcDb2dVertex
 10
654.4952311051835
 20
186.8056427310908
 30
0.0
  0
VERTEX
  5
622
100
AcDbEntity
  8
L1
100
AcDbVertex
100
AcDb2dVertex
 10
654.494885834724
 20
186.7192602776093
 30
0.0
  0
VERTEX
  5
623
100
AcDbEntity
  8
L1
100
AcDbVertex
100
AcDb2dVertex
 10
654.4944069570635
 20
186.6418769079908
 30
0.0
  0
VERTEX
  5
624
100
AcDbEntity
  8
L1
100
AcDbVertex
100
AcDb2dVertex
 10
654.4938925639317
 20
186.5864785251677
 30
0.0
  0
VERTEX
  5
625
100
AcDbEntity
  8
L1
100
AcDbVertex
100
AcDb2dVertex
 10
654.4932899396887
 20
186.544589248295
 30
0.0
  0
VERTEX
  5
626
100
AcDbEntity
  8
L1
100
AcDbVertex
100
AcDb2dVertex
 10
654.4926932256553
 20
186.5214470345401
 30
0.0
  0
VERTEX
  5
627
100
AcDbEntity
  8
L1
100
AcDbVertex
100
AcDb2dVertex
 10
654.4921585541157
 20
186.513920325865
 30
0.0
  0
SEQEND
  5
628
100
AcDbEntity
  8
L1
  0
LINE
  5
629
100
AcDbEntity
  8
L1
100
AcDbLine
 10
656.2736035778859
 20
187.2297372457642
 30
0.0
 11
654.4955579241253
 21
187.2297372457642
 31
0.0
  0
LINE
  5
62A
100
AcDbEntity
  8
L2
 48
0.3
100
AcDbLine
 10
738.4676141660963
 20
178.1438659619571
 30
0.0
 11
731.3571433867732
 21
177.9576717318098
 31
0.0
  0
LINE
  5
62B
100
AcDbEntity
  8
L2
 48
0.3
100
AcDbLine
 10
731.3571433867732
 20
180.4738767827885
 30
0.0
 11
738.4676141660963
 21
180.2876825526411
 31
0.0
  0
LINE
  5
62C
100
AcDbEntity
  8
L2
 48
0.3
100
AcDbLine
 10
738.8571433867732
 20
179.8878196226508
 30
0.0
 11
738.8571433867732
 21
178.5437288919474
 31
0.0
  0
ARC
  5
62D
100
AcDbEntity
  8
L2
 48
0.3
100
AcDbCircle
 10
738.4571433867733
 20
178.5437288919474
 30
0.0
 40
0.4
100
AcDbArc
 50
271.4999999999981
 51
0.0
  0
ARC
  5
62E
100
AcDbEntity
  8
L2
 48
0.3
100
AcDbCircle
 10
738.4571433867733
 20
179.8878196226508
 30
0.0
 40
0.4
100
AcDbArc
 50
0.0
 51
88.49999999999992
  0
LINE
  5
62F
100
AcDbEntity
  8
L2
 48
0.3
100
AcDbLine
 10
738.4676141660963
 20
185.843865961957
 30
0.0
 11
731.3571433867732
 21
185.6576717318096
 31
0.0
  0
ARC
  5
630
100
AcDbEntity
  8
L2
 48
0.3
100
AcDbCircle
 10
738.4571433867733
 20
186.2437288919473
 30
0.0
 40
0.4
100
AcDbArc
 50
271.4999999999981
 51
0.0
  0
POLYLINE
  5
631
100
AcDbEntity
  8
L1
100
AcDb2dPolyline
 66
     1
 10
0.0
 20
0.0
 30
0.0
  0
VERTEX
  5
632
100
AcDbEntity
  8
L1
100
AcDbVertex
100
AcDb2dVertex
 10
773.3572956945165
 20
99.20068039930971
 30
0.0
  0
VERTEX
  5
633
100
AcDbEntity
  8
L1
100
AcDbVertex
100
AcDb2dVertex
 10
773.3572956945165
 20
99.37197264227172
 30
0.0
  0
VERTEX
  5
634
100
AcDbEntity
  8
L1
100
AcDbVertex
100
AcDb2dVertex
 10
773.3572956945165
 20
99.86908370528215
 30
0.0
  0
VERTEX
  5
635
100
AcDbEntity
  8
L1
100
AcDbVertex
100
AcDb2dVertex
 10
773.3572956945165
 20
100.6433575730924
 30
0.0
  0
VERTEX
  5
636
100
AcDbEntity
  8
L1
100
AcDbVertex
100
AcDb2dVertex
 10
773.3572956945165
 20
101.619010212874
 30
0.0
  0
VERTEX
  5
637
100
AcDbEntity
  8
L1
100
AcDbVertex
100
AcDb2dVertex
 10
773.3572956945165
 20
102.7005471300342
 30
0.0
  0
SEQEND
  5
638
100
AcDbEntity
  8
L1
  0
LINE
  5
639
100
AcDbEntity
  8
L1
100
AcDbLine
 10
776.7623342078386
 20
99.17096507838147
 30
0.0
 11
773.3572956945165
 21
99.20068039930971
 31
0.0
  0
ARC
  5
63A
100
AcDbEntity
  8
L1
100
AcDbCircle
 10
773.0572956945166
 20
99.60331369100044
 30
0.0
 40
0.3000000000000011
100
AcDbArc
 50
0.0000000000027226
 51
89.50000000000059
  0
LINE
  5
63B
100
AcDbEntity
  8
L1
100
AcDbLine
 10
773.3572956945165
 20
102.7005471300342
 30
0.0
 11
773.3572956945168
 21
111.7186094138818
 31
0.0
  0
ELLIPSE
  5
63C
100
AcDbEntity
  8
L1
100
AcDbEllipse
 10
771.3573718483883
 20
111.7186094138818
 30
0.0
 11
0.0
 21
-2.0
 31
0.0
210
0.0
220
0.0
230
-1.0
 40
0.9999619230641712
 41
-3.132866339596876
 42
-1.570796326794896
  0
LINE
  5
63D
100
AcDbEntity
  8
L1
100
AcDbLine
 10
633.2211718322582
 20
271.265774257299
 30
0.0
 11
653.2211718322582
 21
271.265774257299
 31
0.0
  0
LINE
  5
63E
100
AcDbEntity
  8
L1
100
AcDbLine
 10
653.2211718322582
 20
270.665774257299
 30
0.0
 11
633.2211718322582
 21
270.665774257299
 31
0.0
  0
LINE
  5
63F
100
AcDbEntity
  8
L2
 48
2.0
100
AcDbLine
 10
659.0580849942157
 20
323.7831809334693
 30
0.0
 11
438.9609568309656
 21
323.7831809334693
 31
0.0
  0
LINE
  5
640
100
AcDbEntity
  8
L1
100
AcDbLine
 10
439.3595209125905
 20
278.4884641154398
 30
0.0
 11
658.6595209125905
 21
278.4884641154398
 31
0.0
  0
LINE
  5
641
100
AcDbEntity
  8
L1
100
AcDbLine
 10
673.0595209125904
 20
278.665774257299
 30
0.0
 11
424.9595209125904
 21
278.665774257299
 31
0.0
  0
LINE
  5
642
100
AcDbEntity
  8
L1
100
AcDbLine
 10
424.9645784643804
 20
279.2605834362337
 30
0.0
 11
673.0544633608006
 21
279.2605834362337
 31
0.0
  0
LINE
  5
643
100
AcDbEntity
  8
L1
100
AcDbLine
 10
439.5609339848038
 20
273.2364123619937
 30
0.0
 11
658.4581078403771
 21
273.2364123619938
 31
0.0
  0
LINE
  5
644
100
AcDbEntity
  8
L1
100
AcDbLine
 10
658.6595209125905
 20
275.8429853991249
 30
0.0
 11
439.3595209125905
 21
275.8429853991249
 31
0.0
  0
LINE
  5
645
100
AcDbEntity
  8
L1
100
AcDbLine
 10
422.0595209125902
 20
369.7831809334692
 30
0.0
 11
675.9595209125904
 21
369.7831809334692
 31
0.0
  0
LINE
  5
646
100
AcDbEntity
  8
L1
100
AcDbLine
 10
438.9871374343378
 20
320.7831809334692
 30
0.0
 11
661.6313522963452
 21
320.7831809334693
 31
0.0
  0
POLYLINE
  5
647
100
AcDbEntity
  8
L1
100
AcDb2dPolyline
 66
     1
 10
0.0
 20
0.0
 30
0.0
  0
VERTEX
  5
648
100
AcDbEntity
  8
L1
100
AcDbVertex
100
AcDb2dVertex
 10
443.5234839010556
 20
191.4014107171891
 30
0.0
  0
VERTEX
  5
649
100
AcDbEntity
  8
L1
100
AcDbVertex
100
AcDb2dVertex
 10
443.5235632494466
 20
191.5153275323559
 30
0.0
  0
VERTEX
  5
64A
100
AcDbEntity
  8
L1
100
AcDbVertex
100
AcDb2dVertex
 10
443.5238107199973
 20
191.6259057835072
 30
0.0
  0
VERTEX
  5
64B
100
AcDbEntity
  8
L1
100
AcDbVertex
100
AcDb2dVertex
 10
443.5241559904569
 20
191.7122882369888
 30
0.0
  0
VERTEX
  5
64C
100
AcDbEntity
  8
L1
100
AcDbVertex
100
AcDb2dVertex
 10
443.5246348681173
 20
191.7896716066072
 30
0.0
  0
VERTEX
  5
64D
100
AcDbEntity
  8
L1
100
AcDbVertex
100
AcDb2dVertex
 10
443.525149261249
 20
191.8450699894303
 30
0.0
  0
VERTEX
  5
64E
100
AcDbEntity
  8
L1
100
AcDbVertex
100
AcDb2dVertex
 10
443.525751885492
 20
191.886959266303
 30
0.0
  0
VERTEX
  5
64F
100
AcDbEntity
  8
L1
100
AcDbVertex
100
AcDb2dVertex
 10
443.5263485995256
 20
191.910101480058
 30
0.0
  0
VERTEX
  5
650
100
AcDbEntity
  8
L1
100
AcDbVertex
100
AcDb2dVertex
 10
443.5268832710652
 20
191.917628188733
 30
0.0
  0
SEQEND
  5
651
100
AcDbEntity
  8
L1
  0
POLYLINE
  5
652
100
AcDbEntity
  8
L1
100
AcDb2dPolyline
 66
     1
 10
0.0
 20
0.0
 30
0.0
  0
VERTEX
  5
653
100
AcDbEntity
  8
L1
100
AcDbVertex
100
AcDb2dVertex
 10
443.5268832710652
 20
191.9176281887329
 30
0.0
  0
VERTEX
  5
654
100
AcDbEntity
  8
L1
100
AcDbVertex
100
AcDb2dVertex
 10
443.5374468895209
 20
191.9492788269547
 30
0.0
  0
SEQEND
  5
655
100
AcDbEntity
  8
L1
  0
LINE
  5
656
100
AcDbEntity
  8
L1
100
AcDbLine
 10
443.5234839010557
 20
191.2018112688338
 30
0.0
 11
443.5234839010557
 21
191.4014107171891
 31
0.0
  0
LINE
  5
657
100
AcDbEntity
  8
L1
100
AcDbLine
 10
441.7454382472949
 20
191.2018112688337
 30
0.0
 11
443.5234839010556
 21
191.2018112688337
 31
0.0
  0
POLYLINE
  5
658
100
AcDbEntity
  8
L1
100
AcDb2dPolyline
 66
     1
 10
0.0
 20
0.0
 30
0.0
  0
VERTEX
  5
659
100
AcDbEntity
  8
L1
100
AcDbVertex
100
AcDb2dVertex
 10
441.8425735323583
 20
191.1878482803686
 30
0.0
  0
VERTEX
  5
65A
100
AcDbEntity
  8
L1
100
AcDbVertex
100
AcDb2dVertex
 10
441.7940915427243
 20
191.1954256297546
 30
0.0
  0
VERTEX
  5
65B
100
AcDbEntity
  8
L1
100
AcDbVertex
100
AcDb2dVertex
 10
441.7454382472949
 20
191.2018112688338
 30
0.0
  0
SEQEND
  5
65C
100
AcDbEntity
  8
L1
  0
CIRCLE
  5
65D
100
AcDbEntity
  8
L1
100
AcDbCircle
 10
441.5095209125905
 20
199.215774257299
 30
0.0
 40
1.2581025254893
  0
CIRCLE
  5
65E
100
AcDbEntity
  8
L1
100
AcDbCircle
 10
441.5095209125904
 20
239.215774257299
 30
0.0
 40
4.591897474510698
  0
LINE
  5
65F
100
AcDbEntity
  8
L1
100
AcDbLine
 10
443.5234839010557
 20
241.2018112688337
 30
0.0
 11
443.5234839010557
 21
241.4014107171891
 31
0.0
  0
POLYLINE
  5
660
100
AcDbEntity
  8
L1
100
AcDb2dPolyline
 66
     1
 10
0.0
 20
0.0
 30
0.0
  0
VERTEX
  5
661
100
AcDbEntity
  8
L1
100
AcDbVertex
100
AcDb2dVertex
 10
443.5234839010556
 20
241.4014107171891
 30
0.0
  0
VERTEX
  5
662
100
AcDbEntity
  8
L1
100
AcDbVertex
100
AcDb2dVertex
 10
443.5235632494466
 20
241.5153275323559
 30
0.0
  0
VERTEX
  5
663
100
AcDbEntity
  8
L1
100
AcDbVertex
100
AcDb2dVertex
 10
443.5238107199973
 20
241.6259057835071
 30
0.0
  0
VERTEX
  5
664
100
AcDbEntity
  8
L1
100
AcDbVertex
100
AcDb2dVertex
 10
443.5241559904569
 20
241.7122882369887
 30
0.0
  0
VERTEX
  5
665
100
AcDbEntity
  8
L1
100
AcDbVertex
100
AcDb2dVertex
 10
443.5246348681173
 20
241.7896716066071
 30
0.0
  0
VERTEX
  5
666
100
AcDbEntity
  8
L1
100
AcDbVertex
100
AcDb2dVertex
 10
443.525149261249
 20
241.8450699894303
 30
0.0
  0
VERTEX
  5
667
100
AcDbEntity
  8
L1
100
AcDbVertex
100
AcDb2dVertex
 10
443.525751885492
 20
241.886959266303
 30
0.0
  0
VERTEX
  5
668
100
AcDbEntity
  8
L1
100
AcDbVertex
100
AcDb2dVertex
 10
443.5263485995256
 20
241.9101014800579
 30
0.0
  0
VERTEX
  5
669
100
AcDbEntity
  8
L1
100
AcDbVertex
100
AcDb2dVertex
 10
443.5268832710652
 20
241.9176281887329
 30
0.0
  0
SEQEND
  5
66A
100
AcDbEntity
  8
L1
  0
POLYLINE
  5
66B
100
AcDbEntity
  8
L1
100
AcDb2dPolyline
 66
     1
 10
0.0
 20
0.0
 30
0.0
  0
VERTEX
  5
66C
100
AcDbEntity
  8
L1
100
AcDbVertex
100
AcDb2dVertex
 10
443.5268832710652
 20
241.9176281887329
 30
0.0
  0
VERTEX
  5
66D
100
AcDbEntity
  8
L1
100
AcDbVertex
100
AcDb2dVertex
 10
443.5374468895209
 20
241.9492788269547
 30
0.0
  0
SEQEND
  5
66E
100
AcDbEntity
  8
L1
  0
LINE
  5
66F
100
AcDbEntity
  8
L1
100
AcDbLine
 10
441.7454382472946
 20
241.2018112688337
 30
0.0
 11
443.5234839010556
 21
241.2018112688337
 31
0.0
  0
POLYLINE
  5
670
100
AcDbEntity
  8
L1
100
AcDb2dPolyline
 66
     1
 10
0.0
 20
0.0
 30
0.0
  0
VERTEX
  5
671
100
AcDbEntity
  8
L1
100
AcDbVertex
100
AcDb2dVertex
 10
441.8425735323582
 20
241.1878482803686
 30
0.0
  0
VERTEX
  5
672
100
AcDbEntity
  8
L1
100
AcDbVertex
100
AcDb2dVertex
 10
441.7940915427242
 20
241.1954256297546
 30
0.0
  0
VERTEX
  5
673
100
AcDbEntity
  8
L1
100
AcDbVertex
100
AcDb2dVertex
 10
441.7454382472946
 20
241.2018112688337
 30
0.0
  0
SEQEND
  5
674
100
AcDbEntity
  8
L1
  0
POLYLINE
  5
675
100
AcDbEntity
  8
L1
100
AcDb2dPolyline
 66
     1
 10
0.0
 20
0.0
 30
0.0
  0
VERTEX
  5
676
100
AcDbEntity
  8
L1
100
AcDbVertex
100
AcDb2dVertex
 10
443.5374468895209
 20
236.4822696876432
 30
0.0
  0
VERTEX
  5
677
100
AcDbEntity
  8
L1
100
AcDbVertex
100
AcDb2dVertex
 10
443.5268832710652
 20
236.513920325865
 30
0.0
  0
SEQEND
  5
678
100
AcDbEntity
  8
L1
  0
POLYLINE
  5
679
100
AcDbEntity
  8
L1
100
AcDb2dPolyline
 66
     1
 10
0.0
 20
0.0
 30
0.0
  0
VERTEX
  5
67A
100
AcDbEntity
  8
L1
100
AcDbVertex
100
AcDb2dVertex
 10
443.5268832710652
 20
236.513920325865
 30
0.0
  0
VERTEX
  5
67B
100
AcDbEntity
  8
L1
100
AcDbVertex
100
AcDb2dVertex
 10
443.5263485995256
 20
236.52144703454
 30
0.0
  0
VERTEX
  5
67C
100
AcDbEntity
  8
L1
100
AcDbVertex
100
AcDb2dVertex
 10
443.525751885492
 20
236.544589248295
 30
0.0
  0
VERTEX
  5
67D
100
AcDbEntity
  8
L1
100
AcDbVertex
100
AcDb2dVertex
 10
443.525149261249
 20
236.5864785251677
 30
0.0
  0
VERTEX
  5
67E
100
AcDbEntity
  8
L1
100
AcDbVertex
100
AcDb2dVertex
 10
443.5246348681173
 20
236.6418769079909
 30
0.0
  0
VERTEX
  5
67F
100
AcDbEntity
  8
L1
100
AcDbVertex
100
AcDb2dVertex
 10
443.5241559904569
 20
236.7192602776092
 30
0.0
  0
VERTEX
  5
680
100
AcDbEntity
  8
L1
100
AcDbVertex
100
AcDb2dVertex
 10
443.5238107199973
 20
236.8056427310908
 30
0.0
  0
VERTEX
  5
681
100
AcDbEntity
  8
L1
100
AcDbVertex
100
AcDb2dVertex
 10
443.5235632494466
 20
236.9162209822421
 30
0.0
  0
VERTEX
  5
682
100
AcDbEntity
  8
L1
100
AcDbVertex
100
AcDb2dVertex
 10
443.5234839010556
 20
237.0301377974088
 30
0.0
  0
SEQEND
  5
683
100
AcDbEntity
  8
L1
  0
LINE
  5
684
100
AcDbEntity
  8
L1
100
AcDbLine
 10
443.5234839010557
 20
237.0301377974088
 30
0.0
 11
443.5234839010557
 21
237.2297372457642
 31
0.0
  0
POLYLINE
  5
685
100
AcDbEntity
  8
L1
100
AcDb2dPolyline
 66
     1
 10
0.0
 20
0.0
 30
0.0
  0
VERTEX
  5
686
100
AcDbEntity
  8
L1
100
AcDbVertex
100
AcDb2dVertex
 10
441.7454382472946
 20
237.2297372457642
 30
0.0
  0
VERTEX
  5
687
100
AcDbEntity
  8
L1
100
AcDbVertex
100
AcDb2dVertex
 10
441.7940915427242
 20
237.2361228848434
 30
0.0
  0
VERTEX
  5
688
100
AcDbEntity
  8
L1
100
AcDbVertex
100
AcDb2dVertex
 10
441.8425735323582
 20
237.2437002342294
 30
0.0
  0
SEQEND
  5
689
100
AcDbEntity
  8
L1
  0
LINE
  5
68A
100
AcDbEntity
  8
L1
100
AcDbLine
 10
443.5234839010556
 20
237.2297372457642
 30
0.0
 11
441.7454382472946
 21
237.2297372457642
 31
0.0
  0
ARC
  5
68B
100
AcDbEntity
  8
L1
100
AcDbCircle
 10
441.5095209125905
 20
239.215774257299
 30
0.0
 40
3.403605588231097
100
AcDbArc
 50
306.5708941476372
 51
53.42910585236274
  0
ARC
  5
68C
100
AcDbEntity
  8
L1
100
AcDbCircle
 10
441.5095209125905
 20
239.215774257299
 30
0.0
 40
2.0
100
AcDbArc
 50
279.585912399161
 51
80.41408760083898
  0
CIRCLE
  5
68D
100
AcDbEntity
  8
L1
100
AcDbCircle
 10
441.5095209125905
 20
239.215774257299
 30
0.0
 40
1.6
  0
ARC
  5
68E
100
AcDbEntity
  8
L1
100
AcDbCircle
 10
441.5095209125905
 20
239.215774257299
 30
0.0
 40
2.0
100
AcDbArc
 50
83.22569392773774
 51
276.7743060722614
  0
LINE
  5
68F
100
AcDbEntity
  8
L1
100
AcDbLine
 10
464.7978699929226
 20
270.6657742572991
 30
0.0
 11
444.7978699929226
 21
270.6657742572991
 31
0.0
  0
LINE
  5
690
100
AcDbEntity
  8
L1
100
AcDbLine
 10
444.7978699929226
 20
271.265774257299
 30
0.0
 11
464.7978699929226
 21
271.265774257299
 31
0.0
  0
POLYLINE
  5
691
100
AcDbEntity
  8
L1
100
AcDb2dPolyline
 66
     1
 10
0.0
 20
0.0
 30
0.0
  0
VERTEX
  5
692
100
AcDbEntity
  8
L1
100
AcDbVertex
100
AcDb2dVertex
 10
423.5282727545412
 20
265.3796464782818
 30
0.0
  0
VERTEX
  5
693
100
AcDbEntity
  8
L1
100
AcDbVertex
100
AcDb2dVertex
 10
423.4590007957481
 20
265.3446504151451
 30
0.0
  0
VERTEX
  5
694
100
AcDbEntity
  8
L1
100
AcDbVertex
100
AcDb2dVertex
 10
423.3726393764531
 20
265.3279535653605
 30
0.0
  0
VERTEX
  5
695
100
AcDbEntity
  8
L1
100
AcDbVertex
100
AcDb2dVertex
 10
423.2872598062459
 20
265.3364909625004
 30
0.0
  0
VERTEX
  5
696
100
AcDbEntity
  8
L1
100
AcDbVertex
100
AcDb2dVertex
 10
423.1974459520844
 20
265.3752003151452
 30
0.0
  0
VERTEX
  5
697
100
AcDbEntity
  8
L1
100
AcDbVertex
100
AcDb2dVertex
 10
423.1122880152433
 20
265.4577211424765
 30
0.0
  0
VERTEX
  5
698
100
AcDbEntity
  8
L1
100
AcDbVertex
100
AcDb2dVertex
 10
423.0672330842279
 20
265.5600703208085
 30
0.0
  0
VERTEX
  5
699
100
AcDbEntity
  8
L1
100
AcDbVertex
100
AcDb2dVertex
 10
423.0595209125905
 20
265.6276628218118
 30
0.0
  0
SEQEND
  5
69A
100
AcDbEntity
  8
L1
  0
ARC
  5
69B
100
AcDbEntity
  8
L1
100
AcDbCircle
 10
424.9595209125904
 20
275.7657742572991
 30
0.0
 40
2.900000000000025
100
AcDbArc
 50
90.0
 51
180.0
  0
POLYLINE
  5
69C
100
AcDbEntity
  8
L1
100
AcDb2dPolyline
 66
     1
 10
0.0
 20
0.0
 30
0.0
  0
VERTEX
  5
69D
100
AcDbEntity
  8
L1
100
AcDbVertex
100
AcDb2dVertex
 10
421.4647153559803
 20
275.7657742572991
 30
0.0
  0
VERTEX
  5
69E
100
AcDbEntity
  8
L1
100
AcDbVertex
100
AcDb2dVertex
 10
421.5307400992607
 20
276.4374085310614
 30
0.0
  0
VERTEX
  5
69F
100
AcDbEntity
  8
L1
100
AcDbVertex
100
AcDb2dVertex
 10
421.7320668382281
 20
277.1024115563512
 30
0.0
  0
VERTEX
  5
6A0
100
AcDbEntity
  8
L1
100
AcDbVertex
100
AcDb2dVertex
 10
422.060795088609
 20
277.7145366181055
 30
0.0
  0
VERTEX
  5
6A1
100
AcDbEntity
  8
L1
100
AcDbVertex
100
AcDb2dVertex
 10
422.4897649370468
 20
278.2355302328427
 30
0.0
  0
VERTEX
  5
6A2
100
AcDbEntity
  8
L1
100
AcDbVertex
100
AcDb2dVertex
 10
423.010758551784
 20
278.6645000812804
 30
0.0
  0
VERTEX
  5
6A3
100
AcDbEntity
  8
L1
100
AcDbVertex
100
AcDb2dVertex
 10
423.6228836135383
 20
278.9932283316614
 30
0.0
  0
VERTEX
  5
6A4
100
AcDbEntity
  8
L1
100
AcDbVertex
100
AcDb2dVertex
 10
424.2878866388282
 20
279.1945550706287
 30
0.0
  0
VERTEX
  5
6A5
100
AcDbEntity
  8
L1
100
AcDbVertex
100
AcDb2dVertex
 10
424.9595209125904
 20
279.2605798139092
 30
0.0
  0
SEQEND
  5
6A6
100
AcDbEntity
  8
L1
  0
ARC
  5
6A7
100
AcDbEntity
  8
L1
100
AcDbCircle
 10
424.9595209125904
 20
275.7657742572991
 30
0.0
 40
1.9
100
AcDbArc
 50
89.99999999999912
 51
180.0
  0
ARC
  5
6A8
100
AcDbEntity
  8
L1
100
AcDbCircle
 10
426.2595209125904
 20
261.365774257299
 30
0.0
 40
4.022689858140864
100
AcDbArc
 50
89.9999999999992
 51
180.0
  0
LINE
  5
6A9
100
AcDbEntity
  8
L6
 48
0.2
100
AcDbLine
 10
422.7305905848736
 20
270.965774257299
 30
0.0
 11
436.7319520293724
 21
270.965774257299
 31
0.0
  0
LINE
  5
6AA
100
AcDbEntity
  8
L1
100
AcDbLine
 10
423.0595209125904
 20
265.6276628218118
 30
0.0
 11
423.0595209125904
 21
275.7657742572991
 31
0.0
  0
POLYLINE
  5
6AB
100
AcDbEntity
  8
L1
100
AcDb2dPolyline
 66
     1
 10
0.0
 20
0.0
 30
0.0
  0
VERTEX
  5
6AC
100
AcDbEntity
  8
L1
100
AcDbVertex
100
AcDb2dVertex
 10
421.4647117336558
 20
275.7607167055092
 30
0.0
  0
VERTEX
  5
6AD
100
AcDbEntity
  8
L1
100
AcDbVertex
100
AcDb2dVertex
 10
421.464712639237
 20
275.7632454742308
 30
0.0
  0
VERTEX
  5
6AE
100
AcDbEntity
  8
L1
100
AcDbVertex
100
AcDb2dVertex
 10
421.4647153559803
 20
275.7657742572991
 30
0.0
  0
SEQEND
  5
6AF
100
AcDbEntity
  8
L1
  0
LINE
  5
6B0
100
AcDbEntity
  8
L1
100
AcDbLine
 10
437.2884711025001
 20
265.2885317819301
 30
0.0
 11
438.2338984568367
 21
264.1618153358627
 31
0.0
  0
ARC
  5
6B1
100
AcDbEntity
  8
L1
100
AcDbCircle
 10
429.7595209125905
 20
270.965774257299
 30
0.0
 40
8.813962988465215
100
AcDbArc
 50
307.1253174351022
 51
322.874682564897
  0
LINE
  5
6B2
100
AcDbEntity
  8
L1
100
AcDbLine
 10
436.7964276747942
 20
265.272125435287
 30
0.0
 11
437.7088596937932
 21
264.184731298647
 31
0.0
  0
ARC
  5
6B3
100
AcDbEntity
  8
L1
100
AcDbCircle
 10
429.7595209125905
 20
270.965774257299
 30
0.0
 40
5.577310141859186
100
AcDbArc
 50
270.0
 51
0.0
  0
ARC
  5
6B4
100
AcDbEntity
  8
L1
100
AcDbCircle
 10
429.7595209125906
 20
270.965774257299
 30
0.0
 40
5.099999999999962
100
AcDbArc
 50
263.0000000000004
 51
7.00000000000048
  0
ARC
  5
6B5
100
AcDbEntity
  8
L1
100
AcDbCircle
 10
429.7595209125905
 20
270.965774257299
 30
0.0
 40
8.222788858174052
100
AcDbArc
 50
270.0
 51
0.0
  0
ARC
  5
6B6
100
AcDbEntity
  8
L1
100
AcDbCircle
 10
429.7595209125905
 20
270.965774257299
 30
0.0
 40
9.201435918374905
100
AcDbArc
 50
270.0
 51
305.2552583666985
  0
POLYLINE
  5
6B7
100
AcDbEntity
  8
L1
100
AcDb2dPolyline
 66
     1
 10
0.0
 20
0.0
 30
0.0
  0
VERTEX
  5
6B8
100
AcDbEntity
  8
L1
100
AcDbVertex
100
AcDb2dVertex
 10
426.8889056540572
 20
261.7643383389241
 30
0.0
  0
VERTEX
  5
6B9
100
AcDbEntity
  8
L1
100
AcDbVertex
100
AcDb2dVertex
 10
427.3131563395428
 20
261.5886118705712
 30
0.0
  0
VERTEX
  5
6BA
100
AcDbEntity
  8
L1
100
AcDbVertex
100
AcDb2dVertex
 10
427.4888828078958
 20
261.1643611850857
 30
0.0
  0
SEQEND
  5
6BB
100
AcDbEntity
  8
L1
  0
ARC
  5
6BC
100
AcDbEntity
  8
L1
100
AcDbCircle
 10
426.2595209125904
 20
261.365774257299
 30
0.0
 40
1.377211141825941
100
AcDbArc
 50
90.0
 51
180.0
  0
LINE
  5
6BD
100
AcDbEntity
  8
L1
100
AcDbLine
 10
429.7595209125905
 20
262.742985399125
 30
0.0
 11
426.2595209125904
 21
262.742985399125
 31
0.0
  0
LINE
  5
6BE
100
AcDbEntity
  8
L1
100
AcDbLine
 10
426.8889056540572
 20
261.7643383389241
 30
0.0
 11
429.7595209125905
 21
261.7643383389241
 31
0.0
  0
ARC
  5
6BF
100
AcDbEntity
  8
L1
100
AcDbCircle
 10
438.004085123901
 20
263.9689790529568
 30
0.0
 40
0.3
100
AcDbArc
 50
314.9999999999999
 51
39.99999999999947
  0
POLYLINE
  5
6C0
100
AcDbEntity
  8
L1
100
AcDb2dPolyline
 66
     1
 10
0.0
 20
0.0
 30
0.0
  0
VERTEX
  5
6C1
100
AcDbEntity
  8
L1
100
AcDbVertex
100
AcDb2dVertex
 10
437.7088596937932
 20
264.184731298647
 30
0.0
  0
VERTEX
  5
6C2
100
AcDbEntity
  8
L1
100
AcDbVertex
100
AcDb2dVertex
 10
437.778759614701
 20
263.9788169771497
 30
0.0
  0
VERTEX
  5
6C3
100
AcDbEntity
  8
L1
100
AcDbVertex
100
AcDb2dVertex
 10
437.6911790684631
 20
263.7797784013378
 30
0.0
  0
SEQEND
  5
6C4
100
AcDbEntity
  8
L1
  0
LINE
  5
6C5
100
AcDbEntity
  8
L1
100
AcDbLine
 10
436.5405638712424
 20
263.0164354760962
 30
0.0
 11
435.4531697346025
 21
263.9288674950952
 31
0.0
  0
POLYLINE
  5
6C6
100
AcDbEntity
  8
L1
100
AcDb2dPolyline
 66
     1
 10
0.0
 20
0.0
 30
0.0
  0
VERTEX
  5
6C7
100
AcDbEntity
  8
L1
100
AcDbVertex
100
AcDb2dVertex
 10
436.9455167685517
 20
263.0341161014263
 30
0.0
  0
VERTEX
  5
6C8
100
AcDbEntity
  8
L1
100
AcDbVertex
100
AcDb2dVertex
 10
436.7464781927397
 20
262.9465355551885
 30
0.0
  0
VERTEX
  5
6C9
100
AcDbEntity
  8
L1
100
AcDbVertex
100
AcDb2dVertex
 10
436.5405638712424
 20
263.0164354760963
 30
0.0
  0
SEQEND
  5
6CA
100
AcDbEntity
  8
L1
  0
POLYLINE
  5
6CB
100
AcDbEntity
  8
L1
100
AcDb2dPolyline
 66
     1
 10
0.0
 20
0.0
 30
0.0
  0
VERTEX
  5
6CC
100
AcDbEntity
  8
L1
100
AcDbVertex
100
AcDb2dVertex
 10
435.0792795810309
 20
263.9382489978931
 30
0.0
  0
VERTEX
  5
6CD
100
AcDbEntity
  8
L1
100
AcDbVertex
100
AcDb2dVertex
 10
435.1430476228871
 20
263.975170940379
 30
0.0
  0
VERTEX
  5
6CE
100
AcDbEntity
  8
L1
100
AcDbVertex
100
AcDb2dVertex
 10
435.2302822861886
 20
263.9975426066621
 30
0.0
  0
VERTEX
  5
6CF
100
AcDbEntity
  8
L1
100
AcDbVertex
100
AcDb2dVertex
 10
435.313791497274
 20
263.994252081506
 30
0.0
  0
VERTEX
  5
6D0
100
AcDbEntity
  8
L1
100
AcDbVertex
100
AcDb2dVertex
 10
435.4024474200435
 20
263.9632578970279
 30
0.0
  0
VERTEX
  5
6D1
100
AcDbEntity
  8
L1
100
AcDbVertex
100
AcDb2dVertex
 10
435.4531697346025
 20
263.9288674950952
 30
0.0
  0
SEQEND
  5
6D2
100
AcDbEntity
  8
L1
  0
POLYLINE
  5
6D3
100
AcDbEntity
  8
L1
100
AcDb2dPolyline
 66
     1
 10
0.0
 20
0.0
 30
0.0
  0
VERTEX
  5
6D4
100
AcDbEntity
  8
L1
100
AcDbVertex
100
AcDb2dVertex
 10
435.4367633879593
 20
263.4368240673893
 30
0.0
  0
VERTEX
  5
6D5
100
AcDbEntity
  8
L1
100
AcDbVertex
100
AcDb2dVertex
 10
435.3860117031639
 20
263.4712302460242
 30
0.0
  0
VERTEX
  5
6D6
100
AcDbEntity
  8
L1
100
AcDbVertex
100
AcDb2dVertex
 10
435.2984854895199
 20
263.5020072110701
 30
0.0
  0
VERTEX
  5
6D7
100
AcDbEntity
  8
L1
100
AcDbVertex
100
AcDb2dVertex
 10
435.2152349626466
 20
263.5056328082248
 30
0.0
  0
VERTEX
  5
6D8
100
AcDbEntity
  8
L1
100
AcDbVertex
100
AcDb2dVertex
 10
435.1295876274932
 20
263.4843606068653
 30
0.0
  0
VERTEX
  5
6D9
100
AcDbEntity
  8
L1
100
AcDbVertex
100
AcDb2dVertex
 10
435.0707750006358
 20
263.4519867322101
 30
0.0
  0
SEQEND
  5
6DA
100
AcDbEntity
  8
L1
  0
LINE
  5
6DB
100
AcDbEntity
  8
L1
100
AcDbLine
 10
437.6911790684631
 20
263.7797784013377
 30
0.0
 11
436.9455167685517
 21
263.0341161014263
 31
0.0
  0
ARC
  5
6DC
100
AcDbEntity
  8
L1
100
AcDbCircle
 10
436.7563161169327
 20
262.7212100459886
 30
0.0
 40
0.3
100
AcDbArc
 50
230.0000000000005
 51
314.9999999999999
  0
LINE
  5
6DD
100
AcDbEntity
  8
L1
100
AcDbLine
 10
436.5634798340267
 20
262.4913967130529
 30
0.0
 11
435.4367633879593
 21
263.4368240673893
 31
0.0
  0
LINE
  5
6DE
100
AcDbEntity
  8
L1
100
AcDbLine
 10
438.216217158257
 20
263.7568470186008
 30
0.0
 11
436.9684481512887
 21
262.5090780116326
 31
0.0
  0
ARC
  5
6DF
100
AcDbEntity
  8
L1
100
AcDbCircle
 10
448.2095209125904
 20
258.715774257299
 30
0.0
 40
2.0
100
AcDbArc
 50
189.5859123991651
 51
80.41408760083898
  0
ARC
  5
6E0
100
AcDbEntity
  8
L1
100
AcDbCircle
 10
448.2095209125904
 20
258.715774257299
 30
0.0
 40
3.403605588231097
100
AcDbArc
 50
206.6740244586623
 51
53.42910585236446
  0
CIRCLE
  5
6E1
100
AcDbEntity
  8
L1
100
AcDbCircle
 10
448.2095209125904
 20
258.715774257299
 30
0.0
 40
4.591897474510698
  0
POLYLINE
  5
6E2
100
AcDbEntity
  8
L1
100
AcDb2dPolyline
 66
     1
 10
0.0
 20
0.0
 30
0.0
  0
VERTEX
  5
6E3
100
AcDbEntity
  8
L1
100
AcDbVertex
100
AcDb2dVertex
 10
446.2095209125903
 20
258.715774257299
 30
0.0
  0
VERTEX
  5
6E4
100
AcDbEntity
  8
L1
100
AcDbVertex
100
AcDb2dVertex
 10
446.2112701080791
 20
258.6321457796707
 30
0.0
  0
VERTEX
  5
6E5
100
AcDbEntity
  8
L1
100
AcDbVertex
100
AcDb2dVertex
 10
446.2165146348608
 20
258.5486635845983
 30
0.0
  0
VERTEX
  5
6E6
100
AcDbEntity
  8
L1
100
AcDbVertex
100
AcDb2dVertex
 10
446.2252453192325
 20
258.4654736987608
 30
0.0
  0
VERTEX
  5
6E7
100
AcDbEntity
  8
L1
100
AcDbVertex
100
AcDb2dVertex
 10
446.2374468895208
 20
258.382721637531
 30
0.0
  0
SEQEND
  5
6E8
100
AcDbEntity
  8
L1
  0
ARC
  5
6E9
100
AcDbEntity
  8
L1
100
AcDbCircle
 10
448.2095209125904
 20
258.715774257299
 30
0.0
 40
2.0
100
AcDbArc
 50
90.0
 51
180.0
  0
POLYLINE
  5
6EA
100
AcDbEntity
  8
L1
100
AcDb2dPolyline
 66
     1
 10
0.0
 20
0.0
 30
0.0
  0
VERTEX
  5
6EB
100
AcDbEntity
  8
L1
100
AcDbVertex
100
AcDb2dVertex
 10
445.1681440518151
 20
257.1878482803686
 30
0.0
  0
VERTEX
  5
6EC
100
AcDbEntity
  8
L1
100
AcDbVertex
100
AcDb2dVertex
 10
445.2381975708606
 20
257.2123748872895
 30
0.0
  0
SEQEND
  5
6ED
100
AcDbEntity
  8
L1
  0
POLYLINE
  5
6EE
100
AcDbEntity
  8
L1
100
AcDb2dPolyline
 66
     1
 10
0.0
 20
0.0
 30
0.0
  0
VERTEX
  5
6EF
100
AcDbEntity
  8
L1
100
AcDbVertex
100
AcDb2dVertex
 10
445.2381975708607
 20
257.2123748872894
 30
0.0
  0
VERTEX
  5
6F0
100
AcDbEntity
  8
L1
100
AcDbVertex
100
AcDb2dVertex
 10
445.2456741845728
 20
257.2129364916814
 30
0.0
  0
VERTEX
  5
6F1
100
AcDbEntity
  8
L1
100
AcDbVertex
100
AcDb2dVertex
 10
445.2686068445478
 20
257.2135617518599
 30
0.0
  0
VERTEX
  5
6F2
100
AcDbEntity
  8
L1
100
AcDbVertex
100
AcDb2dVertex
 10
445.3080141503599
 20
257.2141653922384
 30
0.0
  0
VERTEX
  5
6F3
100
AcDbEntity
  8
L1
100
AcDbVertex
100
AcDb2dVertex
 10
445.3606178599797
 20
257.2146875336049
 30
0.0
  0
VERTEX
  5
6F4
100
AcDbEntity
  8
L1
100
AcDbVertex
100
AcDb2dVertex
 10
445.4293374095129
 20
257.2151445341051
 30
0.0
  0
VERTEX
  5
6F5
100
AcDbEntity
  8
L1
100
AcDbVertex
100
AcDb2dVertex
 10
445.5068536940645
 20
257.2154789472737
 30
0.0
  0
VERTEX
  5
6F6
100
AcDbEntity
  8
L1
100
AcDbVertex
100
AcDb2dVertex
 10
445.5980562054358
 20
257.2157010484485
 30
0.0
  0
VERTEX
  5
6F7
100
AcDbEntity
  8
L1
100
AcDbVertex
100
AcDb2dVertex
 10
445.6924260271718
 20
257.2157742572989
 30
0.0
  0
SEQEND
  5
6F8
100
AcDbEntity
  8
L1
  0
LINE
  5
6F9
100
AcDbEntity
  8
L1
100
AcDbLine
 10
445.6924260271718
 20
257.215774257299
 30
0.0
 11
446.2095209125904
 21
257.215774257299
 31
0.0
  0
LINE
  5
6FA
100
AcDbEntity
  8
L1
100
AcDbLine
 10
446.2095209125903
 20
257.2157742572989
 30
0.0
 11
446.2095209125903
 21
258.715774257299
 31
0.0
  0
LINE
  5
6FB
100
AcDbEntity
  8
L1
100
AcDbLine
 10
450.2095209125903
 20
260.715774257299
 30
0.0
 11
450.2095209125903
 21
260.8572145815201
 31
0.0
  0
POLYLINE
  5
6FC
100
AcDbEntity
  8
L1
100
AcDb2dPolyline
 66
     1
 10
0.0
 20
0.0
 30
0.0
  0
VERTEX
  5
6FD
100
AcDbEntity
  8
L1
100
AcDbVertex
100
AcDb2dVertex
 10
450.2095209125903
 20
260.8572145815201
 30
0.0
  0
VERTEX
  5
6FE
100
AcDbEntity
  8
L1
100
AcDbVertex
100
AcDb2dVertex
 10
450.209600466957
 20
260.9719338893254
 30
0.0
  0
VERTEX
  5
6FF
100
AcDbEntity
  8
L1
100
AcDbVertex
100
AcDb2dVertex
 10
450.2098489593223
 20
261.0833060154912
 30
0.0
  0
VERTEX
  5
700
100
AcDbEntity
  8
L1
100
AcDbVertex
100
AcDb2dVertex
 10
450.2101945420756
 20
261.1699768338228
 30
0.0
  0
VERTEX
  5
701
100
AcDbEntity
  8
L1
100
AcDbVertex
100
AcDb2dVertex
 10
450.2106741109841
 20
261.2476403644942
 30
0.0
  0
VERTEX
  5
702
100
AcDbEntity
  8
L1
100
AcDbVertex
100
AcDb2dVertex
 10
450.2111881853919
 20
261.3031095166715
 30
0.0
  0
VERTEX
  5
703
100
AcDbEntity
  8
L1
100
AcDbVertex
100
AcDb2dVertex
 10
450.2117906773638
 20
261.345062181268
 30
0.0
  0
VERTEX
  5
704
100
AcDbEntity
  8
L1
100
AcDbVertex
100
AcDb2dVertex
 10
450.2123864830107
 20
261.3682037254631
 30
0.0
  0
VERTEX
  5
705
100
AcDbEntity
  8
L1
100
AcDbVertex
100
AcDb2dVertex
 10
450.2129202825997
 20
261.3757297138996
 30
0.0
  0
SEQEND
  5
706
100
AcDbEntity
  8
L1
  0
POLYLINE
  5
707
100
AcDbEntity
  8
L1
100
AcDb2dPolyline
 66
     1
 10
0.0
 20
0.0
 30
0.0
  0
VERTEX
  5
708
100
AcDbEntity
  8
L1
100
AcDbVertex
100
AcDb2dVertex
 10
450.2129202825997
 20
261.3757297138996
 30
0.0
  0
VERTEX
  5
709
100
AcDbEntity
  8
L1
100
AcDbVertex
100
AcDb2dVertex
 10
450.2374468895207
 20
261.4492788269548
 30
0.0
  0
SEQEND
  5
70A
100
AcDbEntity
  8
L1
  0
LINE
  5
70B
100
AcDbEntity
  8
L1
100
AcDbLine
 10
448.2095209125903
 20
260.715774257299
 30
0.0
 11
450.2095209125902
 21
260.715774257299
 31
0.0
  0
POLYLINE
  5
70C
100
AcDbEntity
  8
L1
100
AcDb2dPolyline
 66
     1
 10
0.0
 20
0.0
 30
0.0
  0
VERTEX
  5
70D
100
AcDbEntity
  8
L1
100
AcDbVertex
100
AcDb2dVertex
 10
448.5425735323581
 20
260.6878482803685
 30
0.0
  0
VERTEX
  5
70E
100
AcDbEntity
  8
L1
100
AcDbVertex
100
AcDb2dVertex
 10
448.4598214711284
 20
260.7000498506568
 30
0.0
  0
VERTEX
  5
70F
100
AcDbEntity
  8
L1
100
AcDbVertex
100
AcDb2dVertex
 10
448.3766315852909
 20
260.7087805350285
 30
0.0
  0
VERTEX
  5
710
100
AcDbEntity
  8
L1
100
AcDbVertex
100
AcDb2dVertex
 10
448.2931493902184
 20
260.7140250618102
 30
0.0
  0
VERTEX
  5
711
100
AcDbEntity
  8
L1
100
AcDbVertex
100
AcDb2dVertex
 10
448.2095209125903
 20
260.715774257299
 30
0.0
  0
SEQEND
  5
712
100
AcDbEntity
  8
L1
  0
CIRCLE
  5
713
100
AcDbEntity
  8
L1
100
AcDbCircle
 10
448.2095209125904
 20
258.715774257299
 30
0.0
 40
1.6
  0
ARC
  5
714
100
AcDbEntity
  8
L1
100
AcDbCircle
 10
439.3595209125905
 20
274.465774257299
 30
0.0
 40
1.377211141825941
100
AcDbArc
 50
90.0
 51
180.0
  0
ARC
  5
715
100
AcDbEntity
  8
L1
100
AcDbCircle
 10
439.3595209125905
 20
274.465774257299
 30
0.0
 40
4.022689858140864
100
AcDbArc
 50
89.9999999999992
 51
180.0
  0
ARC
  5
716
100
AcDbEntity
  8
L1
100
AcDbCircle
 10
429.7595209125905
 20
270.965774257299
 30
0.0
 40
9.201435918374905
100
AcDbArc
 50
324.7447416333012
 51
0.0
  0
LINE
  5
717
100
AcDbEntity
  8
L6
 48
0.2
100
AcDbLine
 10
429.7595209125904
 20
277.2466569154429
 30
0.0
 11
429.7595209125904
 21
264.6670793683607
 31
0.0
  0
LINE
  5
718
100
AcDbEntity
  8
L1
100
AcDbLine
 10
435.3368310544496
 20
270.965774257299
 30
0.0
 11
435.3368310544496
 21
274.465774257299
 31
0.0
  0
LINE
  5
719
100
AcDbEntity
  8
L1
100
AcDbLine
 10
437.9823097707645
 20
274.465774257299
 30
0.0
 11
437.9823097707645
 21
270.965774257299
 31
0.0
  0
LINE
  5
71A
100
AcDbEntity
  8
L1
100
AcDbLine
 10
434.5407234825371
 20
273.8741003307699
 30
0.0
 11
434.8215062859613
 21
271.5873079086653
 31
0.0
  0
CIRCLE
  5
71B
100
AcDbEntity
  8
L1
100
AcDbCircle
 10
429.7595209125904
 20
270.965774257299
 30
0.0
 40
2.25
  0
CIRCLE
  5
71C
100
AcDbEntity
  8
L1
100
AcDbCircle
 10
429.7595209125905
 20
270.965774257299
 30
0.0
 40
4.0
  0
LINE
  5
71D
100
AcDbEntity
  8
L1
100
AcDbLine
 10
426.2595209125904
 20
265.3884641154399
 30
0.0
 11
429.7595209125905
 21
265.3884641154399
 31
0.0
  0
LINE
  5
71E
100
AcDbEntity
  8
L1
100
AcDbLine
 10
429.1379872612243
 20
265.9037888839283
 30
0.0
 11
426.8511948391195
 21
266.1845716873525
 31
0.0
  0
ARC
  5
71F
100
AcDbEntity
  8
L1
100
AcDbCircle
 10
426.2595209125904
 20
261.365774257299
 30
0.0
 40
4.854985757674788
100
AcDbArc
 50
83.00000000000087
 51
124.2334150316786
  0
POLYLINE
  5
720
100
AcDbEntity
  8
L1
100
AcDb2dPolyline
 66
     1
 10
0.0
 20
0.0
 30
0.0
  0
VERTEX
  5
721
100
AcDbEntity
  8
L1
100
AcDbVertex
100
AcDb2dVertex
 10
437.2733084376794
 20
265.6545201692537
 30
0.0
  0
VERTEX
  5
722
100
AcDbEntity
  8
L1
100
AcDbVertex
100
AcDb2dVertex
 10
437.2619261057046
 20
265.6371748977683
 30
0.0
  0
VERTEX
  5
723
100
AcDbEntity
  8
L1
100
AcDbVertex
100
AcDb2dVertex
 10
437.2216687930894
 20
265.5262816654474
 30
0.0
  0
VERTEX
  5
724
100
AcDbEntity
  8
L1
100
AcDbVertex
100
AcDb2dVertex
 10
437.2266158497034
 20
265.4111604551729
 30
0.0
  0
VERTEX
  5
725
100
AcDbEntity
  8
L1
100
AcDbVertex
100
AcDb2dVertex
 10
437.2724160054497
 20
265.3094706635132
 30
0.0
  0
VERTEX
  5
726
100
AcDbEntity
  8
L1
100
AcDbVertex
100
AcDb2dVertex
 10
437.2884711025
 20
265.2885317819301
 30
0.0
  0
SEQEND
  5
727
100
AcDbEntity
  8
L1
  0
POLYLINE
  5
728
100
AcDbEntity
  8
L1
100
AcDb2dPolyline
 66
     1
 10
0.0
 20
0.0
 30
0.0
  0
VERTEX
  5
729
100
AcDbEntity
  8
L1
100
AcDbVertex
100
AcDb2dVertex
 10
436.7964276747942
 20
265.272125435287
 30
0.0
  0
VERTEX
  5
72A
100
AcDbEntity
  8
L1
100
AcDbVertex
100
AcDb2dVertex
 10
436.7777376920412
 20
265.2968959392172
 30
0.0
  0
VERTEX
  5
72B
100
AcDbEntity
  8
L1
100
AcDbVertex
100
AcDb2dVertex
 10
436.7334381579418
 20
265.399645825555
 30
0.0
  0
VERTEX
  5
72C
100
AcDbEntity
  8
L1
100
AcDbVertex
100
AcDb2dVertex
 10
436.7304601947418
 20
265.5150790157378
 30
0.0
  0
VERTEX
  5
72D
100
AcDbEntity
  8
L1
100
AcDbVertex
100
AcDb2dVertex
 10
436.7726596739857
 20
265.6252482276581
 30
0.0
  0
VERTEX
  5
72E
100
AcDbEntity
  8
L1
100
AcDbVertex
100
AcDb2dVertex
 10
436.7870461719963
 20
265.6460155888585
 30
0.0
  0
SEQEND
  5
72F
100
AcDbEntity
  8
L1
  0
LINE
  5
730
100
AcDbEntity
  8
L1
100
AcDbLine
 10
424.9595209125904
 20
277.665774257299
 30
0.0
 11
435.0976323480778
 21
277.665774257299
 31
0.0
  0
POLYLINE
  5
731
100
AcDbEntity
  8
L1
100
AcDb2dPolyline
 66
     1
 10
0.0
 20
0.0
 30
0.0
  0
VERTEX
  5
732
100
AcDbEntity
  8
L1
100
AcDbVertex
100
AcDb2dVertex
 10
424.9595209125904
 20
279.2605798139092
 30
0.0
  0
VERTEX
  5
733
100
AcDbEntity
  8
L1
100
AcDbVertex
100
AcDb2dVertex
 10
424.9620496956588
 20
279.2605825306525
 30
0.0
  0
VERTEX
  5
734
100
AcDbEntity
  8
L1
100
AcDbVertex
100
AcDb2dVertex
 10
424.9645784643804
 20
279.2605834362337
 30
0.0
  0
SEQEND
  5
735
100
AcDbEntity
  8
L1
  0
ARC
  5
736
100
AcDbEntity
  8
L1
100
AcDbCircle
 10
439.3595209125905
 20
274.4657742572991
 30
0.0
 40
4.854985757674705
100
AcDbArc
 50
145.7665849683212
 51
187.0000000000012
  0
POLYLINE
  5
737
100
AcDbEntity
  8
L1
100
AcDb2dPolyline
 66
     1
 10
0.0
 20
0.0
 30
0.0
  0
VERTEX
  5
738
100
AcDbEntity
  8
L1
100
AcDbVertex
100
AcDb2dVertex
 10
435.0976323480778
 20
277.665774257299
 30
0.0
  0
VERTEX
  5
739
100
AcDbEntity
  8
L1
100
AcDbVertex
100
AcDb2dVertex
 10
435.1289724207273
 20
277.6641331265614
 30
0.0
  0
VERTEX
  5
73A
100
AcDbEntity
  8
L1
100
AcDbVertex
100
AcDb2dVertex
 10
435.2162933787997
 20
277.6413138015552
 30
0.0
  0
VERTEX
  5
73B
100
AcDbEntity
  8
L1
100
AcDbVertex
100
AcDb2dVertex
 10
435.3078843375906
 20
277.5797824772681
 30
0.0
  0
VERTEX
  5
73C
100
AcDbEntity
  8
L1
100
AcDbVertex
100
AcDb2dVertex
 10
435.3711073083305
 20
277.4891283125615
 30
0.0
  0
VERTEX
  5
73D
100
AcDbEntity
  8
L1
100
AcDbVertex
100
AcDb2dVertex
 10
435.397347481367
 20
277.3788215205115
 30
0.0
  0
VERTEX
  5
73E
100
AcDbEntity
  8
L1
100
AcDbVertex
100
AcDb2dVertex
 10
435.3793909110159
 20
277.2627976412027
 30
0.0
  0
VERTEX
  5
73F
100
AcDbEntity
  8
L1
100
AcDbVertex
100
AcDb2dVertex
 10
435.3456486916077
 20
277.1970224153483
 30
0.0
  0
SEQEND
  5
740
100
AcDbEntity
  8
L1
  0
LINE
  5
741
100
AcDbEntity
  8
L1
100
AcDbLine
 10
438.9609568309654
 20
270.965774257299
 30
0.0
 11
438.9609568309654
 21
273.8363895158322
 31
0.0
  0
LINE
  5
742
100
AcDbEntity
  8
L1
100
AcDbLine
 10
444.7978699929226
 20
270.665774257299
 30
0.0
 11
444.7978699929226
 21
270.0657742572991
 31
0.0
  0
LINE
  5
743
100
AcDbEntity
  8
L1
100
AcDbLine
 10
444.7978699929226
 20
270.065774257299
 30
0.0
 11
441.7595209125905
 21
270.965774257299
 31
0.0
  0
LINE
  5
744
100
AcDbEntity
  8
L1
100
AcDbLine
 10
444.7978699929227
 20
271.865774257299
 30
0.0
 11
444.7978699929227
 21
271.265774257299
 31
0.0
  0
LINE
  5
745
100
AcDbEntity
  8
L1
100
AcDbLine
 10
441.7595209125905
 20
270.9657742572991
 30
0.0
 11
444.7978699929227
 21
271.8657742572991
 31
0.0
  0
POLYLINE
  5
746
100
AcDbEntity
  8
L1
100
AcDb2dPolyline
 66
     1
 10
0.0
 20
0.0
 30
0.0
  0
VERTEX
  5
747
100
AcDbEntity
  8
L1
100
AcDbVertex
100
AcDb2dVertex
 10
439.5609339848038
 20
273.2364123619937
 30
0.0
  0
VERTEX
  5
748
100
AcDbEntity
  8
L1
100
AcDbVertex
100
AcDb2dVertex
 10
439.1366832993183
 20
273.4121388303466
 30
0.0
  0
VERTEX
  5
749
100
AcDbEntity
  8
L1
100
AcDbVertex
100
AcDb2dVertex
 10
438.9609568309654
 20
273.8363895158322
 30
0.0
  0
SEQEND
  5
74A
100
AcDbEntity
  8
L1
  0
ARC
  5
74B
100
AcDbEntity
  8
L1
100
AcDbCircle
 10
486.5095209125904
 20
259.215774257299
 30
0.0
 40
2.0
100
AcDbArc
 50
189.5859123991601
 51
350.4140876008398
  0
ARC
  5
74C
100
AcDbEntity
  8
L1
100
AcDbCircle
 10
486.5095209125904
 20
259.215774257299
 30
0.0
 40
3.403605588231097
100
AcDbArc
 50
216.5708941476383
 51
323.4291058523616
  0
ARC
  5
74D
100
AcDbEntity
  8
L1
100
AcDbCircle
 10
486.5095209125904
 20
259.215774257299
 30
0.0
 40
2.0
100
AcDbArc
 50
353.2256939277385
 51
186.7743060722614
  0
CIRCLE
  5
74E
100
AcDbEntity
  8
L1
100
AcDbCircle
 10
486.5095209125904
 20
259.215774257299
 30
0.0
 40
4.591897474510698
  0
LINE
  5
74F
100
AcDbEntity
  8
L1
100
AcDbLine
 10
484.5234839010555
 20
257.2018112688337
 30
0.0
 11
484.5234839010555
 21
258.9798569225947
 31
0.0
  0
POLYLINE
  5
750
100
AcDbEntity
  8
L1
100
AcDb2dPolyline
 66
     1
 10
0.0
 20
0.0
 30
0.0
  0
VERTEX
  5
751
100
AcDbEntity
  8
L1
100
AcDbVertex
100
AcDb2dVertex
 10
484.5234839010556
 20
258.9798569225947
 30
0.0
  0
VERTEX
  5
752
100
AcDbEntity
  8
L1
100
AcDbVertex
100
AcDb2dVertex
 10
484.5298695401347
 20
258.9312036271653
 30
0.0
  0
VERTEX
  5
753
100
AcDbEntity
  8
L1
100
AcDbVertex
100
AcDb2dVertex
 10
484.5374468895208
 20
258.8827216375312
 30
0.0
  0
SEQEND
  5
754
100
AcDbEntity
  8
L1
  0
POLYLINE
  5
755
100
AcDbEntity
  8
L1
100
AcDb2dPolyline
 66
     1
 10
0.0
 20
0.0
 30
0.0
  0
VERTEX
  5
756
100
AcDbEntity
  8
L1
100
AcDbVertex
100
AcDb2dVertex
 10
483.7760163429345
 20
257.1878482803686
 30
0.0
  0
VERTEX
  5
757
100
AcDbEntity
  8
L1
100
AcDbVertex
100
AcDb2dVertex
 10
483.8076669811563
 20
257.1984118988243
 30
0.0
  0
SEQEND
  5
758
100
AcDbEntity
  8
L1
  0
POLYLINE
  5
759
100
AcDbEntity
  8
L1
100
AcDb2dPolyline
 66
     1
 10
0.0
 20
0.0
 30
0.0
  0
VERTEX
  5
75A
100
AcDbEntity
  8
L1
100
AcDbVertex
100
AcDb2dVertex
 10
483.8076669811565
 20
257.1984118988242
 30
0.0
  0
VERTEX
  5
75B
100
AcDbEntity
  8
L1
100
AcDbVertex
100
AcDb2dVertex
 10
483.8151936898314
 20
257.1989465703637
 30
0.0
  0
VERTEX
  5
75C
100
AcDbEntity
  8
L1
100
AcDbVertex
100
AcDb2dVertex
 10
483.8383359035863
 20
257.1995432843973
 30
0.0
  0
VERTEX
  5
75D
100
AcDbEntity
  8
L1
100
AcDbVertex
100
AcDb2dVertex
 10
483.880225180459
 20
257.2001459086403
 30
0.0
  0
VERTEX
  5
75E
100
AcDbEntity
  8
L1
100
AcDbVertex
100
AcDb2dVertex
 10
483.9356235632823
 20
257.2006603017721
 30
0.0
  0
VERTEX
  5
75F
100
AcDbEntity
  8
L1
100
AcDbVertex
100
AcDb2dVertex
 10
484.0130069329005
 20
257.2011391794324
 30
0.0
  0
VERTEX
  5
760
100
AcDbEntity
  8
L1
100
AcDbVertex
100
AcDb2dVertex
 10
484.0993893863823
 20
257.201484449892
 30
0.0
  0
VERTEX
  5
761
100
AcDbEntity
  8
L1
100
AcDbVertex
100
AcDb2dVertex
 10
484.2099676375335
 20
257.2017319204429
 30
0.0
  0
VERTEX
  5
762
100
AcDbEntity
  8
L1
100
AcDbVertex
100
AcDb2dVertex
 10
484.3238844527003
 20
257.2018112688337
 30
0.0
  0
SEQEND
  5
763
100
AcDbEntity
  8
L1
  0
LINE
  5
764
100
AcDbEntity
  8
L1
100
AcDbLine
 10
484.3238844527003
 20
257.2018112688338
 30
0.0
 11
484.5234839010556
 21
257.2018112688338
 31
0.0
  0
LINE
  5
765
100
AcDbEntity
  8
L1
100
AcDbLine
 10
464.7978699929226
 20
271.265774257299
 30
0.0
 11
464.7978699929226
 21
270.665774257299
 31
0.0
  0
POLYLINE
  5
766
100
AcDbEntity
  8
L1
100
AcDb2dPolyline
 66
     1
 10
0.0
 20
0.0
 30
0.0
  0
VERTEX
  5
767
100
AcDbEntity
  8
L1
100
AcDbVertex
100
AcDb2dVertex
 10
488.48159493566
 20
258.8827216375312
 30
0.0
  0
VERTEX
  5
768
100
AcDbEntity
  8
L1
100
AcDbVertex
100
AcDb2dVertex
 10
488.489172285046
 20
258.9312036271653
 30
0.0
  0
VERTEX
  5
769
100
AcDbEntity
  8
L1
100
AcDbVertex
100
AcDb2dVertex
 10
488.4955579241252
 20
258.9798569225947
 30
0.0
  0
SEQEND
  5
76A
100
AcDbEntity
  8
L1
  0
LINE
  5
76B
100
AcDbEntity
  8
L1
100
AcDbLine
 10
488.4955579241252
 20
258.9798569225947
 30
0.0
 11
488.4955579241252
 21
257.2018112688337
 31
0.0
  0
POLYLINE
  5
76C
100
AcDbEntity
  8
L1
100
AcDb2dPolyline
 66
     1
 10
0.0
 20
0.0
 30
0.0
  0
VERTEX
  5
76D
100
AcDbEntity
  8
L1
100
AcDbVertex
100
AcDb2dVertex
 10
488.6951573724804
 20
257.2018112688337
 30
0.0
  0
VERTEX
  5
76E
100
AcDbEntity
  8
L1
100
AcDbVertex
100
AcDb2dVertex
 10
488.8090741876472
 20
257.2017319204429
 30
0.0
  0
VERTEX
  5
76F
100
AcDbEntity
  8
L1
100
AcDbVertex
100
AcDb2dVertex
 10
488.9196524387984
 20
257.201484449892
 30
0.0
  0
VERTEX
  5
770
100
AcDbEntity
  8
L1
100
AcDbVertex
100
AcDb2dVertex
 10
489.00603489228
 20
257.2011391794324
 30
0.0
  0
VERTEX
  5
771
100
AcDbEntity
  8
L1
100
AcDbVertex
100
AcDb2dVertex
 10
489.0834182618984
 20
257.2006603017721
 30
0.0
  0
VERTEX
  5
772
100
AcDbEntity
  8
L1
100
AcDbVertex
100
AcDb2dVertex
 10
489.1388166447215
 20
257.2001459086403
 30
0.0
  0
VERTEX
  5
773
100
AcDbEntity
  8
L1
100
AcDbVertex
100
AcDb2dVertex
 10
489.1807059215943
 20
257.1995432843973
 30
0.0
  0
VERTEX
  5
774
100
AcDbEntity
  8
L1
100
AcDbVertex
100
AcDb2dVertex
 10
489.2038481353493
 20
257.1989465703637
 30
0.0
  0
VERTEX
  5
775
100
AcDbEntity
  8
L1
100
AcDbVertex
100
AcDb2dVertex
 10
489.2113748440243
 20
257.1984118988242
 30
0.0
  0
SEQEND
  5
776
100
AcDbEntity
  8
L1
  0
POLYLINE
  5
777
100
AcDbEntity
  8
L1
100
AcDb2dPolyline
 66
     1
 10
0.0
 20
0.0
 30
0.0
  0
VERTEX
  5
778
100
AcDbEntity
  8
L1
100
AcDbVertex
100
AcDb2dVertex
 10
489.2113748440243
 20
257.1984118988243
 30
0.0
  0
VERTEX
  5
779
100
AcDbEntity
  8
L1
100
AcDbVertex
100
AcDb2dVertex
 10
489.243025482246
 20
257.1878482803686
 30
0.0
  0
SEQEND
  5
77A
100
AcDbEntity
  8
L1
  0
LINE
  5
77B
100
AcDbEntity
  8
L1
100
AcDbLine
 10
488.4955579241252
 20
257.2018112688338
 30
0.0
 11
488.6951573724804
 21
257.2018112688338
 31
0.0
  0
CIRCLE
  5
77C
100
AcDbEntity
  8
L1
100
AcDbCircle
 10
486.5095209125904
 20
259.215774257299
 30
0.0
 40
1.6
  0
CIRCLE
  5
77D
100
AcDbEntity
  8
L1
100
AcDbCircle
 10
531.5095209125904
 20
239.215774257299
 30
0.0
 40
4.591897474510698
  0
CIRCLE
  5
77E
100
AcDbEntity
  8
L1
100
AcDbCircle
 10
531.5095209125904
 20
239.215774257299
 30
0.0
 40
2.0
  0
CIRCLE
  5
77F
100
AcDbEntity
  8
L1
100
AcDbCircle
 10
531.5095209125904
 20
239.215774257299
 30
0.0
 40
1.6
  0
CIRCLE
  5
780
100
AcDbEntity
  8
L1
100
AcDbCircle
 10
566.5095209125905
 20
239.215774257299
 30
0.0
 40
4.591897474510698
  0
CIRCLE
  5
781
100
AcDbEntity
  8
L1
100
AcDbCircle
 10
566.5095209125903
 20
239.215774257299
 30
0.0
 40
2.0
  0
CIRCLE
  5
782
100
AcDbEntity
  8
L1
100
AcDbCircle
 10
566.5095209125903
 20
239.215774257299
 30
0.0
 40
1.6
  0
CIRCLE
  5
783
100
AcDbEntity
  8
L1
100
AcDbCircle
 10
549.0095209125904
 20
259.215774257299
 30
0.0
 40
4.591897474510698
  0
CIRCLE
  5
784
100
AcDbEntity
  8
L1
100
AcDbCircle
 10
539.0095209125904
 20
259.215774257299
 30
0.0
 40
1.2581025254893
  0
ARC
  5
785
100
AcDbEntity
  8
L1
100
AcDbCircle
 10
549.0095209125904
 20
259.215774257299
 30
0.0
 40
3.403605588231097
100
AcDbArc
 50
216.5708941476399
 51
323.42910585236
  0
POLYLINE
  5
786
100
AcDbEntity
  8
L1
100
AcDb2dPolyline
 66
     1
 10
0.0
 20
0.0
 30
0.0
  0
VERTEX
  5
787
100
AcDbEntity
  8
L1
100
AcDbVertex
100
AcDb2dVertex
 10
551.1951573724805
 20
257.2018112688337
 30
0.0
  0
VERTEX
  5
788
100
AcDbEntity
  8
L1
100
AcDbVertex
100
AcDb2dVertex
 10
551.3090741876472
 20
257.2017319204429
 30
0.0
  0
VERTEX
  5
789
100
AcDbEntity
  8
L1
100
AcDbVertex
100
AcDb2dVertex
 10
551.4196524387984
 20
257.201484449892
 30
0.0
  0
VERTEX
  5
78A
100
AcDbEntity
  8
L1
100
AcDbVertex
100
AcDb2dVertex
 10
551.5060348922802
 20
257.2011391794324
 30
0.0
  0
VERTEX
  5
78B
100
AcDbEntity
  8
L1
100
AcDbVertex
100
AcDb2dVertex
 10
551.5834182618984
 20
257.2006603017721
 30
0.0
  0
VERTEX
  5
78C
100
AcDbEntity
  8
L1
100
AcDbVertex
100
AcDb2dVertex
 10
551.6388166447216
 20
257.2001459086403
 30
0.0
  0
VERTEX
  5
78D
100
AcDbEntity
  8
L1
100
AcDbVertex
100
AcDb2dVertex
 10
551.6807059215944
 20
257.1995432843973
 30
0.0
  0
VERTEX
  5
78E
100
AcDbEntity
  8
L1
100
AcDbVertex
100
AcDb2dVertex
 10
551.7038481353493
 20
257.1989465703637
 30
0.0
  0
VERTEX
  5
78F
100
AcDbEntity
  8
L1
100
AcDbVertex
100
AcDb2dVertex
 10
551.7113748440245
 20
257.1984118988242
 30
0.0
  0
SEQEND
  5
790
100
AcDbEntity
  8
L1
  0
POLYLINE
  5
791
100
AcDbEntity
  8
L1
100
AcDb2dPolyline
 66
     1
 10
0.0
 20
0.0
 30
0.0
  0
VERTEX
  5
792
100
AcDbEntity
  8
L1
100
AcDbVertex
100
AcDb2dVertex
 10
551.7113748440244
 20
257.1984118988243
 30
0.0
  0
VERTEX
  5
793
100
AcDbEntity
  8
L1
100
AcDbVertex
100
AcDb2dVertex
 10
551.7430254822461
 20
257.1878482803685
 30
0.0
  0
SEQEND
  5
794
100
AcDbEntity
  8
L1
  0
LINE
  5
795
100
AcDbEntity
  8
L1
100
AcDbLine
 10
551.7430254822461
 20
257.1878482803685
 30
0.0
 11
550.98159493566
 21
257.1878482803685
 31
0.0
  0
LINE
  5
796
100
AcDbEntity
  8
L1
100
AcDbLine
 10
550.9955579241252
 20
257.2018112688337
 30
0.0
 11
551.1951573724805
 21
257.2018112688337
 31
0.0
  0
LINE
  5
797
100
AcDbEntity
  8
L1
100
AcDbLine
 10
550.9955579241252
 20
258.9798569225952
 30
0.0
 11
550.9955579241252
 21
257.2018112688337
 31
0.0
  0
LINE
  5
798
100
AcDbEntity
  8
L1
100
AcDbLine
 10
550.9955579241252
 20
257.2018112688337
 30
0.0
 11
550.98159493566
 21
257.1878482803685
 31
0.0
  0
LINE
  5
799
100
AcDbEntity
  8
L1
100
AcDbLine
 10
550.98159493566
 20
257.1878482803685
 30
0.0
 11
550.98159493566
 21
258.8827216375316
 31
0.0
  0
POLYLINE
  5
79A
100
AcDbEntity
  8
L1
100
AcDb2dPolyline
 66
     1
 10
0.0
 20
0.0
 30
0.0
  0
VERTEX
  5
79B
100
AcDbEntity
  8
L1
100
AcDbVertex
100
AcDb2dVertex
 10
550.98159493566
 20
258.8827216375316
 30
0.0
  0
VERTEX
  5
79C
100
AcDbEntity
  8
L1
100
AcDbVertex
100
AcDb2dVertex
 10
550.9891722850461
 20
258.9312036271658
 30
0.0
  0
VERTEX
  5
79D
100
AcDbEntity
  8
L1
100
AcDbVertex
100
AcDb2dVertex
 10
550.9955579241252
 20
258.9798569225952
 30
0.0
  0
SEQEND
  5
79E
100
AcDbEntity
  8
L1
  0
CIRCLE
  5
79F
100
AcDbEntity
  8
L1
100
AcDbCircle
 10
549.0095209125904
 20
259.215774257299
 30
0.0
 40
1.6
  0
POLYLINE
  5
7A0
100
AcDbEntity
  8
L1
100
AcDb2dPolyline
 66
     1
 10
0.0
 20
0.0
 30
0.0
  0
VERTEX
  5
7A1
100
AcDbEntity
  8
L1
100
AcDbVertex
100
AcDb2dVertex
 10
546.2760163429347
 20
257.1878482803685
 30
0.0
  0
VERTEX
  5
7A2
100
AcDbEntity
  8
L1
100
AcDbVertex
100
AcDb2dVertex
 10
546.3076669811565
 20
257.1984118988243
 30
0.0
  0
SEQEND
  5
7A3
100
AcDbEntity
  8
L1
  0
POLYLINE
  5
7A4
100
AcDbEntity
  8
L1
100
AcDb2dPolyline
 66
     1
 10
0.0
 20
0.0
 30
0.0
  0
VERTEX
  5
7A5
100
AcDbEntity
  8
L1
100
AcDbVertex
100
AcDb2dVertex
 10
546.3076669811564
 20
257.1984118988242
 30
0.0
  0
VERTEX
  5
7A6
100
AcDbEntity
  8
L1
100
AcDbVertex
100
AcDb2dVertex
 10
546.3151936898316
 20
257.1989465703638
 30
0.0
  0
VERTEX
  5
7A7
100
AcDbEntity
  8
L1
100
AcDbVertex
100
AcDb2dVertex
 10
546.3383359035865
 20
257.1995432843973
 30
0.0
  0
VERTEX
  5
7A8
100
AcDbEntity
  8
L1
100
AcDbVertex
100
AcDb2dVertex
 10
546.3802251804593
 20
257.2001459086403
 30
0.0
  0
VERTEX
  5
7A9
100
AcDbEntity
  8
L1
100
AcDbVertex
100
AcDb2dVertex
 10
546.4356235632824
 20
257.2006603017721
 30
0.0
  0
VERTEX
  5
7AA
100
AcDbEntity
  8
L1
100
AcDbVertex
100
AcDb2dVertex
 10
546.5130069329006
 20
257.2011391794324
 30
0.0
  0
VERTEX
  5
7AB
100
AcDbEntity
  8
L1
100
AcDbVertex
100
AcDb2dVertex
 10
546.5993893863823
 20
257.201484449892
 30
0.0
  0
VERTEX
  5
7AC
100
AcDbEntity
  8
L1
100
AcDbVertex
100
AcDb2dVertex
 10
546.7099676375337
 20
257.2017319204429
 30
0.0
  0
VERTEX
  5
7AD
100
AcDbEntity
  8
L1
100
AcDbVertex
100
AcDb2dVertex
 10
546.8238844527004
 20
257.2018112688337
 30
0.0
  0
SEQEND
  5
7AE
100
AcDbEntity
  8
L1
  0
LINE
  5
7AF
100
AcDbEntity
  8
L1
100
AcDbLine
 10
546.8238844527004
 20
257.2018112688337
 30
0.0
 11
547.0234839010556
 21
257.2018112688337
 31
0.0
  0
LINE
  5
7B0
100
AcDbEntity
  8
L1
100
AcDbLine
 10
547.0234839010556
 20
257.2018112688337
 30
0.0
 11
547.0374468895208
 21
257.1878482803685
 31
0.0
  0
LINE
  5
7B1
100
AcDbEntity
  8
L1
100
AcDbLine
 10
547.0234839010556
 20
257.2018112688337
 30
0.0
 11
547.0234839010556
 21
258.9798569225952
 31
0.0
  0
POLYLINE
  5
7B2
100
AcDbEntity
  8
L1
100
AcDb2dPolyline
 66
     1
 10
0.0
 20
0.0
 30
0.0
  0
VERTEX
  5
7B3
100
AcDbEntity
  8
L1
100
AcDbVertex
100
AcDb2dVertex
 10
547.0234839010556
 20
258.9798569225952
 30
0.0
  0
VERTEX
  5
7B4
100
AcDbEntity
  8
L1
100
AcDbVertex
100
AcDb2dVertex
 10
547.0298695401347
 20
258.9312036271658
 30
0.0
  0
VERTEX
  5
7B5
100
AcDbEntity
  8
L1
100
AcDbVertex
100
AcDb2dVertex
 10
547.0374468895208
 20
258.8827216375316
 30
0.0
  0
SEQEND
  5
7B6
100
AcDbEntity
  8
L1
  0
LINE
  5
7B7
100
AcDbEntity
  8
L1
100
AcDbLine
 10
547.0374468895208
 20
257.1878482803685
 30
0.0
 11
546.2760163429347
 21
257.1878482803685
 31
0.0
  0
LINE
  5
7B8
100
AcDbEntity
  8
L1
100
AcDbLine
 10
547.0374468895208
 20
258.8827216375316
 30
0.0
 11
547.0374468895208
 21
257.1878482803685
 31
0.0
  0
ARC
  5
7B9
100
AcDbEntity
  8
L1
100
AcDbCircle
 10
549.0095209125904
 20
259.215774257299
 30
0.0
 40
2.0
100
AcDbArc
 50
189.5859123991503
 51
350.4140876008496
  0
ARC
  5
7BA
100
AcDbEntity
  8
L1
100
AcDbCircle
 10
549.0095209125904
 20
259.215774257299
 30
0.0
 40
2.0
100
AcDbArc
 50
353.2256939277516
 51
186.7743060722483
  0
CIRCLE
  5
7BB
100
AcDbEntity
  8
L1
100
AcDbCircle
 10
559.0095209125904
 20
259.215774257299
 30
0.0
 40
1.2581025254893
  0
CIRCLE
  5
7BC
100
AcDbEntity
  8
L1
100
AcDbCircle
 10
611.5095209125904
 20
259.2157742572991
 30
0.0
 40
4.591897474510698
  0
ARC
  5
7BD
100
AcDbEntity
  8
L1
100
AcDbCircle
 10
611.5095209125904
 20
259.2157742572991
 30
0.0
 40
3.403605588231097
100
AcDbArc
 50
216.5708941476413
 51
323.4291058523587
  0
POLYLINE
  5
7BE
100
AcDbEntity
  8
L1
100
AcDb2dPolyline
 66
     1
 10
0.0
 20
0.0
 30
0.0
  0
VERTEX
  5
7BF
100
AcDbEntity
  8
L1
100
AcDbVertex
100
AcDb2dVertex
 10
613.48159493566
 20
258.882721637532
 30
0.0
  0
VERTEX
  5
7C0
100
AcDbEntity
  8
L1
100
AcDbVertex
100
AcDb2dVertex
 10
613.4891722850461
 20
258.9312036271662
 30
0.0
  0
VERTEX
  5
7C1
100
AcDbEntity
  8
L1
100
AcDbVertex
100
AcDb2dVertex
 10
613.4955579241252
 20
258.9798569225958
 30
0.0
  0
SEQEND
  5
7C2
100
AcDbEntity
  8
L1
  0
LINE
  5
7C3
100
AcDbEntity
  8
L1
100
AcDbLine
 10
613.4955579241252
 20
258.9798569225958
 30
0.0
 11
613.4955579241252
 21
257.2018112688337
 31
0.0
  0
POLYLINE
  5
7C4
100
AcDbEntity
  8
L1
100
AcDb2dPolyline
 66
     1
 10
0.0
 20
0.0
 30
0.0
  0
VERTEX
  5
7C5
100
AcDbEntity
  8
L1
100
AcDbVertex
100
AcDb2dVertex
 10
613.6951573724803
 20
257.2018112688337
 30
0.0
  0
VERTEX
  5
7C6
100
AcDbEntity
  8
L1
100
AcDbVertex
100
AcDb2dVertex
 10
613.8090741876472
 20
257.2017319204429
 30
0.0
  0
VERTEX
  5
7C7
100
AcDbEntity
  8
L1
100
AcDbVertex
100
AcDb2dVertex
 10
613.9196524387984
 20
257.201484449892
 30
0.0
  0
VERTEX
  5
7C8
100
AcDbEntity
  8
L1
100
AcDbVertex
100
AcDb2dVertex
 10
614.00603489228
 20
257.2011391794324
 30
0.0
  0
VERTEX
  5
7C9
100
AcDbEntity
  8
L1
100
AcDbVertex
100
AcDb2dVertex
 10
614.0834182618984
 20
257.2006603017721
 30
0.0
  0
VERTEX
  5
7CA
100
AcDbEntity
  8
L1
100
AcDbVertex
100
AcDb2dVertex
 10
614.1388166447216
 20
257.2001459086403
 30
0.0
  0
VERTEX
  5
7CB
100
AcDbEntity
  8
L1
100
AcDbVertex
100
AcDb2dVertex
 10
614.1807059215941
 20
257.1995432843973
 30
0.0
  0
VERTEX
  5
7CC
100
AcDbEntity
  8
L1
100
AcDbVertex
100
AcDb2dVertex
 10
614.2038481353493
 20
257.1989465703637
 30
0.0
  0
VERTEX
  5
7CD
100
AcDbEntity
  8
L1
100
AcDbVertex
100
AcDb2dVertex
 10
614.2113748440242
 20
257.1984118988242
 30
0.0
  0
SEQEND
  5
7CE
100
AcDbEntity
  8
L1
  0
POLYLINE
  5
7CF
100
AcDbEntity
  8
L1
100
AcDb2dPolyline
 66
     1
 10
0.0
 20
0.0
 30
0.0
  0
VERTEX
  5
7D0
100
AcDbEntity
  8
L1
100
AcDbVertex
100
AcDb2dVertex
 10
614.2113748440242
 20
257.1984118988242
 30
0.0
  0
VERTEX
  5
7D1
100
AcDbEntity
  8
L1
100
AcDbVertex
100
AcDb2dVertex
 10
614.2430254822459
 20
257.1878482803685
 30
0.0
  0
SEQEND
  5
7D2
100
AcDbEntity
  8
L1
  0
LINE
  5
7D3
100
AcDbEntity
  8
L1
100
AcDbLine
 10
613.4955579241252
 20
257.2018112688337
 30
0.0
 11
613.48159493566
 21
257.1878482803685
 31
0.0
  0
LINE
  5
7D4
100
AcDbEntity
  8
L1
100
AcDbLine
 10
613.4955579241252
 20
257.2018112688337
 30
0.0
 11
613.6951573724803
 21
257.2018112688337
 31
0.0
  0
LINE
  5
7D5
100
AcDbEntity
  8
L1
100
AcDbLine
 10
613.48159493566
 20
257.1878482803685
 30
0.0
 11
613.48159493566
 21
258.882721637532
 31
0.0
  0
LINE
  5
7D6
100
AcDbEntity
  8
L1
100
AcDbLine
 10
614.2430254822459
 20
257.1878482803685
 30
0.0
 11
613.48159493566
 21
257.1878482803685
 31
0.0
  0
POLYLINE
  5
7D7
100
AcDbEntity
  8
L1
100
AcDb2dPolyline
 66
     1
 10
0.0
 20
0.0
 30
0.0
  0
VERTEX
  5
7D8
100
AcDbEntity
  8
L1
100
AcDbVertex
100
AcDb2dVertex
 10
608.7760163429347
 20
257.1878482803685
 30
0.0
  0
VERTEX
  5
7D9
100
AcDbEntity
  8
L1
100
AcDbVertex
100
AcDb2dVertex
 10
608.8076669811565
 20
257.1984118988242
 30
0.0
  0
SEQEND
  5
7DA
100
AcDbEntity
  8
L1
  0
POLYLINE
  5
7DB
100
AcDbEntity
  8
L1
100
AcDb2dPolyline
 66
     1
 10
0.0
 20
0.0
 30
0.0
  0
VERTEX
  5
7DC
100
AcDbEntity
  8
L1
100
AcDbVertex
100
AcDb2dVertex
 10
608.8076669811564
 20
257.1984118988242
 30
0.0
  0
VERTEX
  5
7DD
100
AcDbEntity
  8
L1
100
AcDbVertex
100
AcDb2dVertex
 10
608.8151936898316
 20
257.1989465703638
 30
0.0
  0
VERTEX
  5
7DE
100
AcDbEntity
  8
L1
100
AcDbVertex
100
AcDb2dVertex
 10
608.8383359035865
 20
257.1995432843973
 30
0.0
  0
VERTEX
  5
7DF
100
AcDbEntity
  8
L1
100
AcDbVertex
100
AcDb2dVertex
 10
608.8802251804592
 20
257.2001459086403
 30
0.0
  0
VERTEX
  5
7E0
100
AcDbEntity
  8
L1
100
AcDbVertex
100
AcDb2dVertex
 10
608.9356235632824
 20
257.2006603017721
 30
0.0
  0
VERTEX
  5
7E1
100
AcDbEntity
  8
L1
100
AcDbVertex
100
AcDb2dVertex
 10
609.0130069329006
 20
257.2011391794324
 30
0.0
  0
VERTEX
  5
7E2
100
AcDbEntity
  8
L1
100
AcDbVertex
100
AcDb2dVertex
 10
609.0993893863824
 20
257.201484449892
 30
0.0
  0
VERTEX
  5
7E3
100
AcDbEntity
  8
L1
100
AcDbVertex
100
AcDb2dVertex
 10
609.2099676375336
 20
257.2017319204429
 30
0.0
  0
VERTEX
  5
7E4
100
AcDbEntity
  8
L1
100
AcDbVertex
100
AcDb2dVertex
 10
609.3238844527004
 20
257.2018112688337
 30
0.0
  0
SEQEND
  5
7E5
100
AcDbEntity
  8
L1
  0
LINE
  5
7E6
100
AcDbEntity
  8
L1
100
AcDbLine
 10
609.3238844527004
 20
257.2018112688337
 30
0.0
 11
609.5234839010554
 21
257.2018112688337
 31
0.0
  0
LINE
  5
7E7
100
AcDbEntity
  8
L1
100
AcDbLine
 10
609.5234839010554
 20
257.2018112688337
 30
0.0
 11
609.5374468895206
 21
257.1878482803685
 31
0.0
  0
LINE
  5
7E8
100
AcDbEntity
  8
L1
100
AcDbLine
 10
609.5234839010554
 20
257.2018112688337
 30
0.0
 11
609.5234839010554
 21
258.9798569225958
 31
0.0
  0
POLYLINE
  5
7E9
100
AcDbEntity
  8
L1
100
AcDb2dPolyline
 66
     1
 10
0.0
 20
0.0
 30
0.0
  0
VERTEX
  5
7EA
100
AcDbEntity
  8
L1
100
AcDbVertex
100
AcDb2dVertex
 10
609.5234839010554
 20
258.9798569225958
 30
0.0
  0
VERTEX
  5
7EB
100
AcDbEntity
  8
L1
100
AcDbVertex
100
AcDb2dVertex
 10
609.5298695401347
 20
258.9312036271662
 30
0.0
  0
VERTEX
  5
7EC
100
AcDbEntity
  8
L1
100
AcDbVertex
100
AcDb2dVertex
 10
609.5374468895206
 20
258.882721637532
 30
0.0
  0
SEQEND
  5
7ED
100
AcDbEntity
  8
L1
  0
LINE
  5
7EE
100
AcDbEntity
  8
L1
100
AcDbLine
 10
609.5374468895206
 20
258.882721637532
 30
0.0
 11
609.5374468895206
 21
257.1878482803685
 31
0.0
  0
LINE
  5
7EF
100
AcDbEntity
  8
L1
100
AcDbLine
 10
609.5374468895206
 20
257.1878482803685
 30
0.0
 11
608.7760163429347
 21
257.1878482803685
 31
0.0
  0
CIRCLE
  5
7F0
100
AcDbEntity
  8
L1
100
AcDbCircle
 10
611.5095209125904
 20
259.2157742572991
 30
0.0
 40
1.6
  0
ARC
  5
7F1
100
AcDbEntity
  8
L1
100
AcDbCircle
 10
611.5095209125904
 20
259.2157742572991
 30
0.0
 40
2.0
100
AcDbArc
 50
353.2256939277664
 51
186.7743060722335
  0
ARC
  5
7F2
100
AcDbEntity
  8
L1
100
AcDbCircle
 10
611.5095209125904
 20
259.2157742572991
 30
0.0
 40
2.0
100
AcDbArc
 50
189.5859123991403
 51
350.4140876008595
  0
LINE
  5
7F3
100
AcDbEntity
  8
L1
100
AcDbLine
 10
633.2211718322582
 20
270.665774257299
 30
0.0
 11
633.2211718322582
 21
271.265774257299
 31
0.0
  0
LINE
  5
7F4
100
AcDbEntity
  8
L1
100
AcDbLine
 10
421.4647117336557
 20
369.1883717545345
 30
0.0
 11
421.4944270545839
 21
365.7833332412125
 31
0.0
  0
LINE
  5
7F5
100
AcDbEntity
  8
L2
100
AcDbLine
 10
438.9609568309656
 20
323.7831809334693
 30
0.0
 11
438.5621161263313
 21
369.4857988941187
 31
0.0
  0
LINE
  5
7F6
100
AcDbEntity
  8
L1
100
AcDbLine
 10
436.0122799210834
 20
363.800861137038
 30
0.0
 11
436.387689528885
 21
320.7831809334693
 31
0.0
  0
LINE
  5
7F7
100
AcDbEntity
  8
L1
100
AcDbLine
 10
422.197048923194
 20
365.485951201862
 30
0.0
 11
422.5932957432573
 21
320.0805629728197
 31
0.0
  0
LINE
  5
7F8
100
AcDbEntity
  8
L1
100
AcDbLine
 10
421.882812078103
 20
321.2788176657201
 30
0.0
 11
421.5117278265359
 21
363.8008611370386
 31
0.0
  0
POLYLINE
  5
7F9
100
AcDbEntity
  8
L1
100
AcDb2dPolyline
 66
     1
 10
0.0
 20
0.0
 30
0.0
  0
VERTEX
  5
7FA
100
AcDbEntity
  8
L1
100
AcDbVertex
100
AcDb2dVertex
 10
422.8932843201766
 20
319.7831809334692
 30
0.0
  0
VERTEX
  5
7FB
100
AcDbEntity
  8
L1
100
AcDbVertex
100
AcDb2dVertex
 10
422.9053217955866
 20
319.7831809334692
 30
0.0
  0
VERTEX
  5
7FC
100
AcDbEntity
  8
L1
100
AcDbVertex
100
AcDb2dVertex
 10
422.941318305579
 20
319.7831809334692
 30
0.0
  0
VERTEX
  5
7FD
100
AcDbEntity
  8
L1
100
AcDbVertex
100
AcDb2dVertex
 10
423.0009272176699
 20
319.7831809334692
 30
0.0
  0
VERTEX
  5
7FE
100
AcDbEntity
  8
L1
100
AcDbVertex
100
AcDb2dVertex
 10
423.0835745210659
 20
319.7831809334692
 30
0.0
  0
VERTEX
  5
7FF
100
AcDbEntity
  8
L1
100
AcDbVertex
100
AcDb2dVertex
 10
423.1884643541663
 20
319.7831809334692
 30
0.0
  0
VERTEX
  5
800
100
AcDbEntity
  8
L1
100
AcDbVertex
100
AcDb2dVertex
 10
423.3145866684028
 20
319.7831809334692
 30
0.0
  0
VERTEX
  5
801
100
AcDbEntity
  8
L1
100
AcDbVertex
100
AcDb2dVertex
 10
423.4607269546168
 20
319.7831809334692
 30
0.0
  0
VERTEX
  5
802
100
AcDbEntity
  8
L1
100
AcDbVertex
100
AcDb2dVertex
 10
423.6254779383138
 20
319.7831809334692
 30
0.0
  0
VERTEX
  5
803
100
AcDbEntity
  8
L1
100
AcDbVertex
100
AcDb2dVertex
 10
423.8072531311726
 20
319.7831809334692
 30
0.0
  0
VERTEX
  5
804
100
AcDbEntity
  8
L1
100
AcDbVertex
100
AcDb2dVertex
 10
424.0043021083153
 20
319.7831809334692
 30
0.0
  0
VERTEX
  5
805
100
AcDbEntity
  8
L1
100
AcDbVertex
100
AcDb2dVertex
 10
424.2147273642222
 20
319.7831809334692
 30
0.0
  0
VERTEX
  5
806
100
AcDbEntity
  8
L1
100
AcDbVertex
100
AcDb2dVertex
 10
424.4365025849774
 20
319.7831809334692
 30
0.0
  0
VERTEX
  5
807
100
AcDbEntity
  8
L1
100
AcDbVertex
100
AcDb2dVertex
 10
424.6674921608881
 20
319.7831809334692
 30
0.0
  0
VERTEX
  5
808
100
AcDbEntity
  8
L1
100
AcDbVertex
100
AcDb2dVertex
 10
424.9054717515818
 20
319.7831809334692
 30
0.0
  0
VERTEX
  5
809
100
AcDbEntity
  8
L1
100
AcDbVertex
100
AcDb2dVertex
 10
425.1481497055439
 20
319.7831809334692
 30
0.0
  0
VERTEX
  5
80A
100
AcDbEntity
  8
L1
100
AcDbVertex
100
AcDb2dVertex
 10
425.393189127837
 20
319.7831809334692
 30
0.0
  0
SEQEND
  5
80B
100
AcDbEntity
  8
L1
  0
LINE
  5
80C
100
AcDbEntity
  8
L1
100
AcDbLine
 10
422.3827930396351
 20
320.7831809334692
 30
0.0
 11
422.5871640892073
 21
320.7831809334692
 31
0.0
  0
POLYLINE
  5
80D
100
AcDbEntity
  8
L1
100
AcDb2dPolyline
 66
     1
 10
0.0
 20
0.0
 30
0.0
  0
VERTEX
  5
80E
100
AcDbEntity
  8
L1
100
AcDbVertex
100
AcDb2dVertex
 10
422.2896944199799
 20
320.7919247406143
 30
0.0
  0
VERTEX
  5
80F
100
AcDbEntity
  8
L1
100
AcDbVertex
100
AcDb2dVertex
 10
421.9991238754652
 20
320.9625597045008
 30
0.0
  0
VERTEX
  5
810
100
AcDbEntity
  8
L1
100
AcDbVertex
100
AcDb2dVertex
 10
421.882812078103
 20
321.2788176657201
 30
0.0
  0
SEQEND
  5
811
100
AcDbEntity
  8
L1
  0
POLYLINE
  5
812
100
AcDbEntity
  8
L1
100
AcDb2dPolyline
 66
     1
 10
0.0
 20
0.0
 30
0.0
  0
VERTEX
  5
813
100
AcDbEntity
  8
L1
100
AcDbVertex
100
AcDb2dVertex
 10
422.3827930396351
 20
320.7831809334692
 30
0.0
  0
VERTEX
  5
814
100
AcDbEntity
  8
L1
100
AcDbVertex
100
AcDb2dVertex
 10
422.2896944199799
 20
320.7919247406143
 30
0.0
  0
SEQEND
  5
815
100
AcDbEntity
  8
L1
  0
ARC
  5
816
100
AcDbEntity
  8
L1
100
AcDbCircle
 10
422.8932843201766
 20
320.0831809334693
 30
0.0
 40
0.299999999999996
100
AcDbArc
 50
180.5000000000007
 51
270.0
  0
LINE
  5
817
100
AcDbEntity
  8
L1
100
AcDbLine
 10
425.393189127837
 20
319.7831809334692
 30
0.0
 11
436.2984975938196
 21
319.7831809334692
 31
0.0
  0
LINE
  5
818
100
AcDbEntity
  8
L1
100
AcDbLine
 10
436.5984861707389
 20
320.0805629728197
 30
0.0
 11
436.6046169678256
 21
320.7830827352066
 31
0.0
  0
ARC
  5
819
100
AcDbEntity
  8
L1
100
AcDbCircle
 10
436.2984975938196
 20
320.0831809334693
 30
0.0
 40
0.2999999999999959
100
AcDbArc
 50
270.0
 51
359.5000000000005
  0
LINE
  5
81A
100
AcDbEntity
  8
L1
100
AcDbLine
 10
421.4944283837536
 20
365.7831809334692
 30
0.0
 11
434.0370386738093
 21
365.7831809334692
 31
0.0
  0
LINE
  5
81B
100
AcDbEntity
  8
L1
100
AcDbLine
 10
421.4944274590913
 20
365.783286889264
 30
0.0
 11
421.511727826536
 21
363.8008611370379
 31
0.0
  0
LINE
  5
81C
100
AcDbEntity
  8
L1
100
AcDbLine
 10
421.494427054584
 20
365.7833332412125
 30
0.0
 11
421.4944274590913
 21
365.783286889264
 31
0.0
  0
ARC
  5
81D
100
AcDbEntity
  8
L1
100
AcDbCircle
 10
421.8970603462749
 20
365.4833332412126
 30
0.0
 40
0.2999999999999993
100
AcDbArc
 50
89.93834747833892
 51
90.0
  0
ARC
  5
81E
100
AcDbEntity
  8
L1
100
AcDbCircle
 10
421.8970603462749
 20
365.4833332412126
 30
0.0
 40
0.2999999999999993
100
AcDbArc
 50
0.4999999999990784
 51
89.93834747833892
  0
ELLIPSE
  5
81F
100
AcDbEntity
  8
L1
100
AcDbEllipse
 10
434.012356069156
 20
363.7834093950842
 30
0.0
 11
-1.999999999999999
 21
0.0
 31
0.0
210
0.0
220
0.0
230
1.0
 40
0.9999619230641712
 41
-3.132866339596905
 42
-1.570796326794896
  0
POLYLINE
  5
820
100
AcDbEntity
  8
L1
100
AcDb2dPolyline
 66
     1
 10
0.0
 20
0.0
 30
0.0
  0
VERTEX
  5
821
100
AcDbEntity
  8
L1
100
AcDbVertex
100
AcDb2dVertex
 10
421.4647153559803
 20
369.188375376859
 30
0.0
  0
VERTEX
  5
822
100
AcDbEntity
  8
L1
100
AcDbVertex
100
AcDb2dVertex
 10
421.4647126392369
 20
369.1883726601158
 30
0.0
  0
VERTEX
  5
823
100
AcDbEntity
  8
L1
100
AcDbVertex
100
AcDb2dVertex
 10
421.4647117336557
 20
369.1883717545345
 30
0.0
  0
SEQEND
  5
824
100
AcDbEntity
  8
L1
  0
LINE
  5
825
100
AcDbEntity
  8
L1
100
AcDbLine
 10
422.0595209125904
 20
369.7831809334692
 30
0.0
 11
421.4647153559803
 21
369.188375376859
 31
0.0
  0
ARC
  5
826
100
AcDbEntity
  8
L2
100
AcDbCircle
 10
438.262127549412
 20
369.4831809334692
 30
0.0
 40
0.3
100
AcDbArc
 50
0.499999999999969
 51
89.86406536867452
  0
LINE
  5
827
100
AcDbEntity
  8
L6
100
AcDbLine
 10
549.0095209125904
 20
311.7831809334692
 30
0.0
 11
549.0095209125904
 21
377.7831809334692
 31
0.0
  0
ARC
  5
828
100
AcDbEntity
  8
L2
 48
0.3
100
AcDbCircle
 10
546.0374755472387
 20
330.8831809334693
 30
0.0
 40
0.4
100
AcDbArc
 50
90.0
 51
178.5000000000018
  0
LINE
  5
829
100
AcDbEntity
  8
L2
 48
0.3
100
AcDbLine
 10
537.9376126172485
 20
330.8936517127924
 30
0.0
 11
537.7514183871012
 21
323.7831809334692
 31
0.0
  0
LINE
  5
82A
100
AcDbEntity
  8
L2
 48
0.3
100
AcDbLine
 10
540.2676234380798
 20
323.7831809334692
 30
0.0
 11
540.0814292079324
 21
330.8936517127924
 31
0.0
  0
LINE
  5
82B
100
AcDbEntity
  8
L2
 48
0.3
100
AcDbLine
 10
545.6376126172484
 20
330.8936517127924
 30
0.0
 11
545.451418387101
 21
323.7831809334692
 31
0.0
  0
LINE
  5
82C
100
AcDbEntity
  8
L2
 48
0.3
100
AcDbLine
 10
528.0957151427377
 20
329.2936517127924
 30
0.0
 11
527.951418387101
 21
323.7831809334692
 31
0.0
  0
LINE
  5
82D
100
AcDbEntity
  8
L2
 48
0.3
100
AcDbLine
 10
535.0676234380796
 20
323.7831809334692
 30
0.0
 11
534.923326682443
 21
329.2936517127924
 31
0.0
  0
LINE
  5
82E
100
AcDbEntity
  8
L2
 48
0.3
100
AcDbLine
 10
534.5234637524527
 20
329.6831809334692
 30
0.0
 11
528.495578072728
 21
329.6831809334692
 31
0.0
  0
ARC
  5
82F
100
AcDbEntity
  8
L2
 48
0.3
100
AcDbCircle
 10
528.495578072728
 20
329.2831809334693
 30
0.0
 40
0.4
100
AcDbArc
 50
90.0
 51
178.5000000000008
  0
ARC
  5
830
100
AcDbEntity
  8
L2
 48
0.3
100
AcDbCircle
 10
538.3374755472387
 20
330.8831809334693
 30
0.0
 40
0.4
100
AcDbArc
 50
90.0
 51
178.5000000000018
  0
ARC
  5
831
100
AcDbEntity
  8
L2
 48
0.3
100
AcDbCircle
 10
534.5234637524527
 20
329.2831809334693
 30
0.0
 40
0.4
100
AcDbArc
 50
1.500000000001152
 51
90.0
  0
ARC
  5
832
100
AcDbEntity
  8
L2
 48
0.3
100
AcDbCircle
 10
539.6815662779422
 20
330.8831809334693
 30
0.0
 40
0.4
100
AcDbArc
 50
1.500000000000135
 51
90.0
  0
LINE
  5
833
100
AcDbEntity
  8
L2
 48
0.3
100
AcDbLine
 10
539.6815662779422
 20
331.2831809334692
 30
0.0
 11
538.3374755472387
 21
331.2831809334692
 31
0.0
  0
LINE
  5
834
100
AcDbEntity
  8
L2
 48
0.3
100
AcDbLine
 10
563.0957151427377
 20
329.2936517127924
 30
0.0
 11
562.951418387101
 21
323.7831809334692
 31
0.0
  0
LINE
  5
835
100
AcDbEntity
  8
L2
 48
0.3
100
AcDbLine
 10
570.0676234380797
 20
323.7831809334692
 30
0.0
 11
569.923326682443
 21
329.2936517127924
 31
0.0
  0
LINE
  5
836
100
AcDbEntity
  8
L2
 48
0.3
100
AcDbLine
 10
560.2676234380798
 20
323.7831809334692
 30
0.0
 11
560.0814292079324
 21
330.8936517127924
 31
0.0
  0
LINE
  5
837
100
AcDbEntity
  8
L2
 48
0.3
100
AcDbLine
 10
552.5676234380799
 20
323.7831809334692
 30
0.0
 11
552.3814292079324
 21
330.8936517127924
 31
0.0
  0
LINE
  5
838
100
AcDbEntity
  8
L2
 48
0.3
100
AcDbLine
 10
557.9376126172485
 20
330.8936517127924
 30
0.0
 11
557.7514183871012
 21
323.7831809334692
 31
0.0
  0
ARC
  5
839
100
AcDbEntity
  8
L2
 48
0.3
100
AcDbCircle
 10
551.9815662779421
 20
330.8831809334693
 30
0.0
 40
0.4
100
AcDbArc
 50
1.500000000000135
 51
90.0
  0
LINE
  5
83A
100
AcDbEntity
  8
L2
 48
0.3
100
AcDbLine
 10
551.9815662779421
 20
331.2831809334692
 30
0.0
 11
546.0374755472387
 21
331.2831809334692
 31
0.0
  0
ARC
  5
83B
100
AcDbEntity
  8
L2
 48
0.3
100
AcDbCircle
 10
559.6815662779422
 20
330.8831809334693
 30
0.0
 40
0.4
100
AcDbArc
 50
1.500000000000135
 51
90.0
  0
LINE
  5
83C
100
AcDbEntity
  8
L2
 48
0.3
100
AcDbLine
 10
559.6815662779422
 20
331.2831809334692
 30
0.0
 11
558.3374755472387
 21
331.2831809334692
 31
0.0
  0
ARC
  5
83D
100
AcDbEntity
  8
L2
 48
0.3
100
AcDbCircle
 10
558.3374755472387
 20
330.8831809334693
 30
0.0
 40
0.4
100
AcDbArc
 50
90.0
 51
178.5000000000018
  0
LINE
  5
83E
100
AcDbEntity
  8
L2
 48
0.3
100
AcDbLine
 10
569.5234637524528
 20
329.6831809334692
 30
0.0
 11
563.4955780727279
 21
329.6831809334692
 31
0.0
  0
ARC
  5
83F
100
AcDbEntity
  8
L2
 48
0.3
100
AcDbCircle
 10
563.4955780727279
 20
329.2831809334693
 30
0.0
 40
0.4
100
AcDbArc
 50
90.0
 51
178.5000000000008
  0
ARC
  5
840
100
AcDbEntity
  8
L2
 48
0.3
100
AcDbCircle
 10
569.5234637524528
 20
329.2831809334693
 30
0.0
 40
0.4
100
AcDbArc
 50
1.500000000001152
 51
90.0
  0
LINE
  5
841
100
AcDbEntity
  8
L1
100
AcDbLine
 10
773.0599136551661
 20
278.5282462466783
 30
0.0
 11
727.6545254261239
 21
278.1319994266151
 31
0.0
  0
LINE
  5
842
100
AcDbEntity
  8
L1
100
AcDbLine
 10
773.3572956945165
 20
279.2308681152884
 30
0.0
 11
728.8527801190234
 21
278.842483091769
 31
0.0
  0
LINE
  5
843
100
AcDbEntity
  8
L2
100
AcDbLine
 10
731.3571433867732
 20
261.7643383389065
 30
0.0
 11
777.0597613474221
 21
262.1631790435407
 31
0.0
  0
LINE
  5
844
100
AcDbEntity
  8
L1
100
AcDbLine
 10
771.374823590342
 20
264.7130152487889
 30
0.0
 11
728.3571433867733
 21
264.3376056409872
 31
0.0
  0
LINE
  5
845
100
AcDbEntity
  8
L1
100
AcDbLine
 10
667.9595209125904
 20
245.9274251769669
 30
0.0
 11
667.9595209125904
 21
255.9274251769669
 31
0.0
  0
LINE
  5
846
100
AcDbEntity
  8
L1
100
AcDbLine
 10
668.5595209125904
 20
255.9274251769669
 30
0.0
 11
668.5595209125904
 21
245.9274251769669
 31
0.0
  0
POLYLINE
  5
847
100
AcDbEntity
  8
L1
100
AcDb2dPolyline
 66
     1
 10
0.0
 20
0.0
 30
0.0
  0
VERTEX
  5
848
100
AcDbEntity
  8
L1
100
AcDbVertex
100
AcDb2dVertex
 10
656.2736035778854
 20
191.2018112688337
 30
0.0
  0
VERTEX
  5
849
100
AcDbEntity
  8
L1
100
AcDbVertex
100
AcDb2dVertex
 10
656.2249502824561
 20
191.1954256297545
 30
0.0
  0
VERTEX
  5
84A
100
AcDbEntity
  8
L1
100
AcDbVertex
100
AcDb2dVertex
 10
656.1764682928221
 20
191.1878482803685
 30
0.0
  0
SEQEND
  5
84B
100
AcDbEntity
  8
L1
  0
POLYLINE
  5
84C
100
AcDbEntity
  8
L1
100
AcDb2dPolyline
 66
     1
 10
0.0
 20
0.0
 30
0.0
  0
VERTEX
  5
84D
100
AcDbEntity
  8
L1
100
AcDbVertex
100
AcDb2dVertex
 10
654.48159493566
 20
191.9492788269547
 30
0.0
  0
VERTEX
  5
84E
100
AcDbEntity
  8
L1
100
AcDbVertex
100
AcDb2dVertex
 10
654.4921585541158
 20
191.917628188733
 30
0.0
  0
SEQEND
  5
84F
100
AcDbEntity
  8
L1
  0
POLYLINE
  5
850
100
AcDbEntity
  8
L1
100
AcDb2dPolyline
 66
     1
 10
0.0
 20
0.0
 30
0.0
  0
VERTEX
  5
851
100
AcDbEntity
  8
L1
100
AcDbVertex
100
AcDb2dVertex
 10
654.4921585541157
 20
191.9176281887331
 30
0.0
  0
VERTEX
  5
852
100
AcDbEntity
  8
L1
100
AcDbVertex
100
AcDb2dVertex
 10
654.4926932256553
 20
191.910101480058
 30
0.0
  0
VERTEX
  5
853
100
AcDbEntity
  8
L1
100
AcDbVertex
100
AcDb2dVertex
 10
654.4932899396887
 20
191.886959266303
 30
0.0
  0
VERTEX
  5
854
100
AcDbEntity
  8
L1
100
AcDbVertex
100
AcDb2dVertex
 10
654.4938925639317
 20
191.8450699894303
 30
0.0
  0
VERTEX
  5
855
100
AcDbEntity
  8
L1
100
AcDbVertex
100
AcDb2dVertex
 10
654.4944069570635
 20
191.7896716066072
 30
0.0
  0
VERTEX
  5
856
100
AcDbEntity
  8
L1
100
AcDbVertex
100
AcDb2dVertex
 10
654.494885834724
 20
191.7122882369888
 30
0.0
  0
VERTEX
  5
857
100
AcDbEntity
  8
L1
100
AcDbVertex
100
AcDb2dVertex
 10
654.4952311051834
 20
191.6259057835072
 30
0.0
  0
VERTEX
  5
858
100
AcDbEntity
  8
L1
100
AcDbVertex
100
AcDb2dVertex
 10
654.4954785757343
 20
191.5153275323559
 30
0.0
  0
VERTEX
  5
859
100
AcDbEntity
  8
L1
100
AcDbVertex
100
AcDb2dVertex
 10
654.4955579241253
 20
191.4014107171891
 30
0.0
  0
SEQEND
  5
85A
100
AcDbEntity
  8
L1
  0
LINE
  5
85B
100
AcDbEntity
  8
L1
100
AcDbLine
 10
654.4955579241253
 20
191.4014107171891
 30
0.0
 11
654.4955579241253
 21
191.2018112688337
 31
0.0
  0
LINE
  5
85C
100
AcDbEntity
  8
L1
100
AcDbLine
 10
654.4955579241253
 20
191.2018112688337
 30
0.0
 11
656.2736035778854
 21
191.2018112688337
 31
0.0
  0
CIRCLE
  5
85D
100
AcDbEntity
  8
L1
100
AcDbCircle
 10
656.5095209125904
 20
199.215774257299
 30
0.0
 40
1.2581025254893
  0
CIRCLE
  5
85E
100
AcDbEntity
  8
L1
100
AcDbCircle
 10
656.5095209125904
 20
239.2157742572991
 30
0.0
 40
4.591897474510698
  0
ARC
  5
85F
100
AcDbEntity
  8
L1
100
AcDbCircle
 10
656.5095209125904
 20
239.215774257299
 30
0.0
 40
3.403605588231097
100
AcDbArc
 50
126.5708941476364
 51
233.4291058523627
  0
POLYLINE
  5
860
100
AcDbEntity
  8
L1
100
AcDb2dPolyline
 66
     1
 10
0.0
 20
0.0
 30
0.0
  0
VERTEX
  5
861
100
AcDbEntity
  8
L1
100
AcDbVertex
100
AcDb2dVertex
 10
656.2736035778857
 20
241.2018112688337
 30
0.0
  0
VERTEX
  5
862
100
AcDbEntity
  8
L1
100
AcDbVertex
100
AcDb2dVertex
 10
656.2249502824563
 20
241.1954256297546
 30
0.0
  0
VERTEX
  5
863
100
AcDbEntity
  8
L1
100
AcDbVertex
100
AcDb2dVertex
 10
656.1764682928224
 20
241.1878482803686
 30
0.0
  0
SEQEND
  5
864
100
AcDbEntity
  8
L1
  0
POLYLINE
  5
865
100
AcDbEntity
  8
L1
100
AcDb2dPolyline
 66
     1
 10
0.0
 20
0.0
 30
0.0
  0
VERTEX
  5
866
100
AcDbEntity
  8
L1
100
AcDbVertex
100
AcDb2dVertex
 10
656.176468292823
 20
237.2437002342294
 30
0.0
  0
VERTEX
  5
867
100
AcDbEntity
  8
L1
100
AcDbVertex
100
AcDb2dVertex
 10
656.2249502824571
 20
237.2361228848434
 30
0.0
  0
VERTEX
  5
868
100
AcDbEntity
  8
L1
100
AcDbVertex
100
AcDb2dVertex
 10
656.2736035778867
 20
237.2297372457642
 30
0.0
  0
SEQEND
  5
869
100
AcDbEntity
  8
L1
  0
CIRCLE
  5
86A
100
AcDbEntity
  8
L1
100
AcDbCircle
 10
656.5095209125904
 20
239.215774257299
 30
0.0
 40
1.6
  0
POLYLINE
  5
86B
100
AcDbEntity
  8
L1
100
AcDb2dPolyline
 66
     1
 10
0.0
 20
0.0
 30
0.0
  0
VERTEX
  5
86C
100
AcDbEntity
  8
L1
100
AcDbVertex
100
AcDb2dVertex
 10
654.48159493566
 20
241.9492788269548
 30
0.0
  0
VERTEX
  5
86D
100
AcDbEntity
  8
L1
100
AcDbVertex
100
AcDb2dVertex
 10
654.4921585541158
 20
241.9176281887331
 30
0.0
  0
SEQEND
  5
86E
100
AcDbEntity
  8
L1
  0
POLYLINE
  5
86F
100
AcDbEntity
  8
L1
100
AcDb2dPolyline
 66
     1
 10
0.0
 20
0.0
 30
0.0
  0
VERTEX
  5
870
100
AcDbEntity
  8
L1
100
AcDbVertex
100
AcDb2dVertex
 10
654.4921585541157
 20
241.9176281887331
 30
0.0
  0
VERTEX
  5
871
100
AcDbEntity
  8
L1
100
AcDbVertex
100
AcDb2dVertex
 10
654.4926932256553
 20
241.910101480058
 30
0.0
  0
VERTEX
  5
872
100
AcDbEntity
  8
L1
100
AcDbVertex
100
AcDb2dVertex
 10
654.4932899396887
 20
241.886959266303
 30
0.0
  0
VERTEX
  5
873
100
AcDbEntity
  8
L1
100
AcDbVertex
100
AcDb2dVertex
 10
654.4938925639318
 20
241.8450699894304
 30
0.0
  0
VERTEX
  5
874
100
AcDbEntity
  8
L1
100
AcDbVertex
100
AcDb2dVertex
 10
654.4944069570635
 20
241.7896716066072
 30
0.0
  0
VERTEX
  5
875
100
AcDbEntity
  8
L1
100
AcDbVertex
100
AcDb2dVertex
 10
654.494885834724
 20
241.7122882369887
 30
0.0
  0
VERTEX
  5
876
100
AcDbEntity
  8
L1
100
AcDbVertex
100
AcDb2dVertex
 10
654.4952311051835
 20
241.6259057835072
 30
0.0
  0
VERTEX
  5
877
100
AcDbEntity
  8
L1
100
AcDbVertex
100
AcDb2dVertex
 10
654.4954785757343
 20
241.515327532356
 30
0.0
  0
VERTEX
  5
878
100
AcDbEntity
  8
L1
100
AcDbVertex
100
AcDb2dVertex
 10
654.4955579241253
 20
241.4014107171892
 30
0.0
  0
SEQEND
  5
879
100
AcDbEntity
  8
L1
  0
LINE
  5
87A
100
AcDbEntity
  8
L1
100
AcDbLine
 10
654.4955579241253
 20
241.4014107171892
 30
0.0
 11
654.4955579241253
 21
241.2018112688337
 31
0.0
  0
POLYLINE
  5
87B
100
AcDbEntity
  8
L1
100
AcDb2dPolyline
 66
     1
 10
0.0
 20
0.0
 30
0.0
  0
VERTEX
  5
87C
100
AcDbEntity
  8
L1
100
AcDbVertex
100
AcDb2dVertex
 10
654.4955579241253
 20
237.0301377974089
 30
0.0
  0
VERTEX
  5
87D
100
AcDbEntity
  8
L1
100
AcDbVertex
100
AcDb2dVertex
 10
654.4954785757343
 20
236.9162209822421
 30
0.0
  0
VERTEX
  5
87E
100
AcDbEntity
  8
L1
100
AcDbVertex
100
AcDb2dVertex
 10
654.4952311051834
 20
236.8056427310909
 30
0.0
  0
VERTEX
  5
87F
100
AcDbEntity
  8
L1
100
AcDbVertex
100
AcDb2dVertex
 10
654.494885834724
 20
236.7192602776093
 30
0.0
  0
VERTEX
  5
880
100
AcDbEntity
  8
L1
100
AcDbVertex
100
AcDb2dVertex
 10
654.4944069570635
 20
236.6418769079909
 30
0.0
  0
VERTEX
  5
881
100
AcDbEntity
  8
L1
100
AcDbVertex
100
AcDb2dVertex
 10
654.4938925639318
 20
236.5864785251678
 30
0.0
  0
VERTEX
  5
882
100
AcDbEntity
  8
L1
100
AcDbVertex
100
AcDb2dVertex
 10
654.4932899396887
 20
236.544589248295
 30
0.0
  0
VERTEX
  5
883
100
AcDbEntity
  8
L1
100
AcDbVertex
100
AcDb2dVertex
 10
654.4926932256553
 20
236.52144703454
 30
0.0
  0
VERTEX
  5
884
100
AcDbEntity
  8
L1
100
AcDbVertex
100
AcDb2dVertex
 10
654.4921585541157
 20
236.513920325865
 30
0.0
  0
SEQEND
  5
885
100
AcDbEntity
  8
L1
  0
POLYLINE
  5
886
100
AcDbEntity
  8
L1
100
AcDb2dPolyline
 66
     1
 10
0.0
 20
0.0
 30
0.0
  0
VERTEX
  5
887
100
AcDbEntity
  8
L1
100
AcDbVertex
100
AcDb2dVertex
 10
654.4921585541158
 20
236.513920325865
 30
0.0
  0
VERTEX
  5
888
100
AcDbEntity
  8
L1
100
AcDbVertex
100
AcDb2dVertex
 10
654.48159493566
 20
236.4822696876433
 30
0.0
  0
SEQEND
  5
889
100
AcDbEntity
  8
L1
  0
LINE
  5
88A
100
AcDbEntity
  8
L1
100
AcDbLine
 10
654.4955579241253
 20
237.2297372457642
 30
0.0
 11
654.4955579241253
 21
237.0301377974089
 31
0.0
  0
LINE
  5
88B
100
AcDbEntity
  8
L1
100
AcDbLine
 10
654.4955579241253
 20
241.2018112688337
 30
0.0
 11
656.2736035778857
 21
241.2018112688337
 31
0.0
  0
LINE
  5
88C
100
AcDbEntity
  8
L1
100
AcDbLine
 10
656.2736035778867
 20
237.2297372457642
 30
0.0
 11
654.4955579241253
 21
237.2297372457642
 31
0.0
  0
ARC
  5
88D
100
AcDbEntity
  8
L1
100
AcDbCircle
 10
656.5095209125904
 20
239.215774257299
 30
0.0
 40
2.0
100
AcDbArc
 50
263.2256939277516
 51
96.77430607227458
  0
ARC
  5
88E
100
AcDbEntity
  8
L1
100
AcDbCircle
 10
656.5095209125904
 20
239.215774257299
 30
0.0
 40
2.0
100
AcDbArc
 50
99.58591239917012
 51
260.4140876008496
  0
LINE
  5
88F
100
AcDbEntity
  8
L1
100
AcDbLine
 10
668.5595209125904
 20
245.9274251769669
 30
0.0
 11
667.9595209125904
 21
245.9274251769669
 31
0.0
  0
LINE
  5
890
100
AcDbEntity
  8
L2
 48
0.3
100
AcDbLine
 10
731.3571433867732
 20
192.7738767827884
 30
0.0
 11
738.4676141660963
 21
192.587682552641
 31
0.0
  0
ARC
  5
891
100
AcDbEntity
  8
L2
 48
0.3
100
AcDbCircle
 10
738.4571433867733
 20
192.1878196226508
 30
0.0
 40
0.4
100
AcDbArc
 50
0.0
 51
88.49999999999992
  0
LINE
  5
892
100
AcDbEntity
  8
L2
 48
0.3
100
AcDbLine
 10
731.3571433867732
 20
200.4738767827885
 30
0.0
 11
738.4676141660963
 21
200.2876825526411
 31
0.0
  0
LINE
  5
893
100
AcDbEntity
  8
L2
 48
0.3
100
AcDbLine
 10
738.4676141660963
 20
198.1438659619571
 30
0.0
 11
731.3571433867732
 21
197.9576717318098
 31
0.0
  0
ARC
  5
894
100
AcDbEntity
  8
L2
 48
0.3
100
AcDbCircle
 10
738.4571433867733
 20
199.8878196226508
 30
0.0
 40
0.4
100
AcDbArc
 50
0.0
 51
88.49999999999992
  0
LINE
  5
895
100
AcDbEntity
  8
L2
 48
0.3
100
AcDbLine
 10
738.8571433867732
 20
199.8878196226508
 30
0.0
 11
738.8571433867732
 21
198.5437288919474
 31
0.0
  0
ARC
  5
896
100
AcDbEntity
  8
L2
 48
0.3
100
AcDbCircle
 10
738.4571433867733
 20
198.5437288919474
 30
0.0
 40
0.4
100
AcDbArc
 50
271.4999999999981
 51
0.0
  0
LINE
  5
897
100
AcDbEntity
  8
L1
100
AcDbLine
 10
669.1595209125905
 20
255.9274251769669
 30
0.0
 11
668.5595209125904
 21
255.9274251769669
 31
0.0
  0
LINE
  5
898
100
AcDbEntity
  8
L1
100
AcDbLine
 10
668.2595209125905
 20
258.965774257299
 30
0.0
 11
669.1595209125905
 21
255.9274251769669
 31
0.0
  0
ARC
  5
899
100
AcDbEntity
  8
L1
100
AcDbCircle
 10
668.2595209125905
 20
270.965774257299
 30
0.0
 40
5.099999999999999
100
AcDbArc
 50
172.9999999999988
 51
277.0000000000011
  0
LINE
  5
89A
100
AcDbEntity
  8
L1
100
AcDbLine
 10
662.9214094771032
 20
277.665774257299
 30
0.0
 11
673.0595209125904
 21
277.665774257299
 31
0.0
  0
LINE
  5
89B
100
AcDbEntity
  8
L1
100
AcDbLine
 10
668.2595209125905
 20
265.3884641154399
 30
0.0
 11
671.7595209125904
 21
265.3884641154399
 31
0.0
  0
LINE
  5
89C
100
AcDbEntity
  8
L1
100
AcDbLine
 10
671.7595209125904
 20
262.7429853991249
 30
0.0
 11
668.2595209125905
 21
262.7429853991249
 31
0.0
  0
LINE
  5
89D
100
AcDbEntity
  8
L1
100
AcDbLine
 10
668.2595209125905
 20
261.7643383389241
 30
0.0
 11
671.1301361711236
 21
261.7643383389241
 31
0.0
  0
LINE
  5
89E
100
AcDbEntity
  8
L6
 48
0.2
100
AcDbLine
 10
675.2884512403072
 20
270.965774257299
 30
0.0
 11
661.2870897958084
 21
270.965774257299
 31
0.0
  0
CIRCLE
  5
89F
100
AcDbEntity
  8
L1
100
AcDbCircle
 10
668.2595209125905
 20
270.965774257299
 30
0.0
 40
4.0
  0
CIRCLE
  5
8A0
100
AcDbEntity
  8
L1
100
AcDbCircle
 10
668.2595209125905
 20
270.9657742572991
 30
0.0
 40
2.25
  0
LINE
  5
8A1
100
AcDbEntity
  8
L1
100
AcDbLine
 10
660.3101821313877
 20
264.184731298647
 30
0.0
 11
661.2226141503867
 21
265.2721254352871
 31
0.0
  0
ARC
  5
8A2
100
AcDbEntity
  8
L1
100
AcDbCircle
 10
668.2595209125905
 20
270.965774257299
 30
0.0
 40
8.813962988465215
100
AcDbArc
 50
217.1253174351027
 51
232.8746825648969
  0
LINE
  5
8A3
100
AcDbEntity
  8
L1
100
AcDbLine
 10
659.7851433683443
 20
264.1618153358628
 30
0.0
 11
660.7305707226807
 21
265.2885317819302
 31
0.0
  0
ARC
  5
8A4
100
AcDbEntity
  8
L1
100
AcDbCircle
 10
668.2595209125905
 20
270.9657742572991
 30
0.0
 40
5.577310141859271
100
AcDbArc
 50
180.0
 51
270.0000000000006
  0
ARC
  5
8A5
100
AcDbEntity
  8
L1
100
AcDbCircle
 10
668.2595209125905
 20
270.9657742572991
 30
0.0
 40
8.222788858174137
100
AcDbArc
 50
180.0
 51
270.0
  0
CIRCLE
  5
8A6
100
AcDbEntity
  8
L1
100
AcDbCircle
 10
649.8095209125904
 20
258.715774257299
 30
0.0
 40
4.591897474510698
  0
ARC
  5
8A7
100
AcDbEntity
  8
L1
100
AcDbCircle
 10
649.8095209125904
 20
258.715774257299
 30
0.0
 40
3.403605588231097
100
AcDbArc
 50
126.5708941476364
 51
333.3259755413378
  0
LINE
  5
8A8
100
AcDbEntity
  8
L1
100
AcDbLine
 10
649.4764682928226
 20
260.6878482803685
 30
0.0
 11
647.78159493566
 21
260.6878482803685
 31
0.0
  0
LINE
  5
8A9
100
AcDbEntity
  8
L1
100
AcDbLine
 10
647.8095209125903
 20
260.715774257299
 30
0.0
 11
649.8095209125904
 21
260.715774257299
 31
0.0
  0
POLYLINE
  5
8AA
100
AcDbEntity
  8
L1
100
AcDb2dPolyline
 66
     1
 10
0.0
 20
0.0
 30
0.0
  0
VERTEX
  5
8AB
100
AcDbEntity
  8
L1
100
AcDbVertex
100
AcDb2dVertex
 10
649.8095209125904
 20
260.715774257299
 30
0.0
  0
VERTEX
  5
8AC
100
AcDbEntity
  8
L1
100
AcDbVertex
100
AcDb2dVertex
 10
649.7258924349623
 20
260.7140250618102
 30
0.0
  0
VERTEX
  5
8AD
100
AcDbEntity
  8
L1
100
AcDbVertex
100
AcDb2dVertex
 10
649.6424102398898
 20
260.7087805350285
 30
0.0
  0
VERTEX
  5
8AE
100
AcDbEntity
  8
L1
100
AcDbVertex
100
AcDb2dVertex
 10
649.5592203540523
 20
260.7000498506568
 30
0.0
  0
VERTEX
  5
8AF
100
AcDbEntity
  8
L1
100
AcDbVertex
100
AcDb2dVertex
 10
649.4764682928226
 20
260.6878482803685
 30
0.0
  0
SEQEND
  5
8B0
100
AcDbEntity
  8
L1
  0
POLYLINE
  5
8B1
100
AcDbEntity
  8
L1
100
AcDb2dPolyline
 66
     1
 10
0.0
 20
0.0
 30
0.0
  0
VERTEX
  5
8B2
100
AcDbEntity
  8
L1
100
AcDbVertex
100
AcDb2dVertex
 10
647.8061215425809
 20
261.3757297138995
 30
0.0
  0
VERTEX
  5
8B3
100
AcDbEntity
  8
L1
100
AcDbVertex
100
AcDb2dVertex
 10
647.8066553421699
 20
261.3682037254631
 30
0.0
  0
VERTEX
  5
8B4
100
AcDbEntity
  8
L1
100
AcDbVertex
100
AcDb2dVertex
 10
647.8072511478169
 20
261.345062181268
 30
0.0
  0
VERTEX
  5
8B5
100
AcDbEntity
  8
L1
100
AcDbVertex
100
AcDb2dVertex
 10
647.8078536397887
 20
261.3031095166714
 30
0.0
  0
VERTEX
  5
8B6
100
AcDbEntity
  8
L1
100
AcDbVertex
100
AcDb2dVertex
 10
647.8083677141965
 20
261.2476403644942
 30
0.0
  0
VERTEX
  5
8B7
100
AcDbEntity
  8
L1
100
AcDbVertex
100
AcDb2dVertex
 10
647.8088472831051
 20
261.1699768338227
 30
0.0
  0
VERTEX
  5
8B8
100
AcDbEntity
  8
L1
100
AcDbVertex
100
AcDb2dVertex
 10
647.8091928658582
 20
261.0833060154911
 30
0.0
  0
VERTEX
  5
8B9
100
AcDbEntity
  8
L1
100
AcDbVertex
100
AcDb2dVertex
 10
647.8094413582237
 20
260.9719338893252
 30
0.0
  0
VERTEX
  5
8BA
100
AcDbEntity
  8
L1
100
AcDbVertex
100
AcDb2dVertex
 10
647.8095209125903
 20
260.8572145815201
 30
0.0
  0
SEQEND
  5
8BB
100
AcDbEntity
  8
L1
  0
LINE
  5
8BC
100
AcDbEntity
  8
L1
100
AcDbLine
 10
647.8095209125903
 20
260.8572145815201
 30
0.0
 11
647.8095209125903
 21
260.715774257299
 31
0.0
  0
LINE
  5
8BD
100
AcDbEntity
  8
L1
100
AcDbLine
 10
647.8095209125903
 20
260.715774257299
 30
0.0
 11
647.78159493566
 21
260.6878482803685
 31
0.0
  0
LINE
  5
8BE
100
AcDbEntity
  8
L1
100
AcDbLine
 10
647.78159493566
 20
260.6878482803685
 30
0.0
 11
647.78159493566
 21
261.4492788269547
 31
0.0
  0
POLYLINE
  5
8BF
100
AcDbEntity
  8
L1
100
AcDb2dPolyline
 66
     1
 10
0.0
 20
0.0
 30
0.0
  0
VERTEX
  5
8C0
100
AcDbEntity
  8
L1
100
AcDbVertex
100
AcDb2dVertex
 10
647.78159493566
 20
261.4492788269547
 30
0.0
  0
VERTEX
  5
8C1
100
AcDbEntity
  8
L1
100
AcDbVertex
100
AcDb2dVertex
 10
647.8061215425809
 20
261.3757297138995
 30
0.0
  0
SEQEND
  5
8C2
100
AcDbEntity
  8
L1
  0
POLYLINE
  5
8C3
100
AcDbEntity
  8
L1
100
AcDb2dPolyline
 66
     1
 10
0.0
 20
0.0
 30
0.0
  0
VERTEX
  5
8C4
100
AcDbEntity
  8
L1
100
AcDbVertex
100
AcDb2dVertex
 10
652.7808442543202
 20
257.2123748872895
 30
0.0
  0
VERTEX
  5
8C5
100
AcDbEntity
  8
L1
100
AcDbVertex
100
AcDb2dVertex
 10
652.8508977733657
 20
257.1878482803686
 30
0.0
  0
SEQEND
  5
8C6
100
AcDbEntity
  8
L1
  0
LINE
  5
8C7
100
AcDbEntity
  8
L1
100
AcDbLine
 10
651.8095209125903
 20
257.215774257299
 30
0.0
 11
652.3266157980089
 21
257.215774257299
 31
0.0
  0
LINE
  5
8C8
100
AcDbEntity
  8
L1
100
AcDbLine
 10
651.8095209125903
 20
258.7157742572989
 30
0.0
 11
651.8095209125903
 21
257.2157742572989
 31
0.0
  0
CIRCLE
  5
8C9
100
AcDbEntity
  8
L1
100
AcDbCircle
 10
649.8095209125904
 20
258.715774257299
 30
0.0
 40
1.6
  0
POLYLINE
  5
8CA
100
AcDbEntity
  8
L1
100
AcDb2dPolyline
 66
     1
 10
0.0
 20
0.0
 30
0.0
  0
VERTEX
  5
8CB
100
AcDbEntity
  8
L1
100
AcDbVertex
100
AcDb2dVertex
 10
652.3266157980089
 20
257.2157742572989
 30
0.0
  0
VERTEX
  5
8CC
100
AcDbEntity
  8
L1
100
AcDbVertex
100
AcDb2dVertex
 10
652.4209856197448
 20
257.2157010484485
 30
0.0
  0
VERTEX
  5
8CD
100
AcDbEntity
  8
L1
100
AcDbVertex
100
AcDb2dVertex
 10
652.5121881311163
 20
257.2154789472737
 30
0.0
  0
VERTEX
  5
8CE
100
AcDbEntity
  8
L1
100
AcDbVertex
100
AcDb2dVertex
 10
652.5897044156677
 20
257.2151445341051
 30
0.0
  0
VERTEX
  5
8CF
100
AcDbEntity
  8
L1
100
AcDbVertex
100
AcDb2dVertex
 10
652.6584239652009
 20
257.2146875336049
 30
0.0
  0
VERTEX
  5
8D0
100
AcDbEntity
  8
L1
100
AcDbVertex
100
AcDb2dVertex
 10
652.7110276748207
 20
257.2141653922384
 30
0.0
  0
VERTEX
  5
8D1
100
AcDbEntity
  8
L1
100
AcDbVertex
100
AcDb2dVertex
 10
652.7504349806329
 20
257.21356175186
 30
0.0
  0
VERTEX
  5
8D2
100
AcDbEntity
  8
L1
100
AcDbVertex
100
AcDb2dVertex
 10
652.773367640608
 20
257.2129364916814
 30
0.0
  0
VERTEX
  5
8D3
100
AcDbEntity
  8
L1
100
AcDbVertex
100
AcDb2dVertex
 10
652.7808442543202
 20
257.2123748872894
 30
0.0
  0
SEQEND
  5
8D4
100
AcDbEntity
  8
L1
  0
ARC
  5
8D5
100
AcDbEntity
  8
L1
100
AcDbCircle
 10
649.8095209125904
 20
258.715774257299
 30
0.0
 40
2.0
100
AcDbArc
 50
359.9999999999983
 51
90.0
  0
LINE
  5
8D6
100
AcDbEntity
  8
L1
100
AcDbLine
 10
667.3595209125906
 20
255.9274251769669
 30
0.0
 11
668.2595209125905
 21
258.965774257299
 31
0.0
  0
LINE
  5
8D7
100
AcDbEntity
  8
L1
100
AcDbLine
 10
667.9595209125904
 20
255.9274251769669
 30
0.0
 11
667.3595209125906
 21
255.9274251769669
 31
0.0
  0
LINE
  5
8D8
100
AcDbEntity
  8
L1
100
AcDbLine
 10
661.0735250566293
 20
263.0341161014263
 30
0.0
 11
660.3278627567179
 21
263.7797784013377
 31
0.0
  0
ARC
  5
8D9
100
AcDbEntity
  8
L1
100
AcDbCircle
 10
661.2627257082484
 20
262.7212100459885
 30
0.0
 40
0.3
100
AcDbArc
 50
224.9999999999993
 51
309.9999999999994
  0
ARC
  5
8DA
100
AcDbEntity
  8
L1
100
AcDbCircle
 10
660.0149567012799
 20
263.9689790529569
 30
0.0
 40
0.3
100
AcDbArc
 50
139.9999999999971
 51
225.0000000000013
  0
POLYLINE
  5
8DB
100
AcDbEntity
  8
L1
100
AcDb2dPolyline
 66
     1
 10
0.0
 20
0.0
 30
0.0
  0
VERTEX
  5
8DC
100
AcDbEntity
  8
L1
100
AcDbVertex
100
AcDb2dVertex
 10
660.3278627567179
 20
263.7797784013377
 30
0.0
  0
VERTEX
  5
8DD
100
AcDbEntity
  8
L1
100
AcDbVertex
100
AcDb2dVertex
 10
660.2402822104799
 20
263.9788169771497
 30
0.0
  0
VERTEX
  5
8DE
100
AcDbEntity
  8
L1
100
AcDbVertex
100
AcDb2dVertex
 10
660.3101821313877
 20
264.184731298647
 30
0.0
  0
SEQEND
  5
8DF
100
AcDbEntity
  8
L1
  0
LINE
  5
8E0
100
AcDbEntity
  8
L1
100
AcDbLine
 10
661.0505936738923
 20
262.5090780116325
 30
0.0
 11
659.802824666924
 21
263.7568470186009
 31
0.0
  0
POLYLINE
  5
8E1
100
AcDbEntity
  8
L1
100
AcDb2dPolyline
 66
     1
 10
0.0
 20
0.0
 30
0.0
  0
VERTEX
  5
8E2
100
AcDbEntity
  8
L1
100
AcDbVertex
100
AcDb2dVertex
 10
662.5658720905785
 20
263.9288674950953
 30
0.0
  0
VERTEX
  5
8E3
100
AcDbEntity
  8
L1
100
AcDbVertex
100
AcDb2dVertex
 10
662.630764774801
 20
263.9704033979224
 30
0.0
  0
VERTEX
  5
8E4
100
AcDbEntity
  8
L1
100
AcDbVertex
100
AcDb2dVertex
 10
662.7185904939666
 20
263.9963587174904
 30
0.0
  0
VERTEX
  5
8E5
100
AcDbEntity
  8
L1
100
AcDbVertex
100
AcDb2dVertex
 10
662.8035883750978
 20
263.9956750051707
 30
0.0
  0
VERTEX
  5
8E6
100
AcDbEntity
  8
L1
100
AcDbVertex
100
AcDb2dVertex
 10
662.8917077613466
 20
263.9679541079484
 30
0.0
  0
VERTEX
  5
8E7
100
AcDbEntity
  8
L1
100
AcDbVertex
100
AcDb2dVertex
 10
662.93976224415
 20
263.9382489978932
 30
0.0
  0
SEQEND
  5
8E8
100
AcDbEntity
  8
L1
  0
POLYLINE
  5
8E9
100
AcDbEntity
  8
L1
100
AcDb2dPolyline
 66
     1
 10
0.0
 20
0.0
 30
0.0
  0
VERTEX
  5
8EA
100
AcDbEntity
  8
L1
100
AcDbVertex
100
AcDb2dVertex
 10
662.9482668245451
 20
263.4519867322101
 30
0.0
  0
VERTEX
  5
8EB
100
AcDbEntity
  8
L1
100
AcDbVertex
100
AcDb2dVertex
 10
662.8998582576757
 20
263.4798389715554
 30
0.0
  0
VERTEX
  5
8EC
100
AcDbEntity
  8
L1
100
AcDbVertex
100
AcDb2dVertex
 10
662.8135384232027
 20
263.5045368972303
 30
0.0
  0
VERTEX
  5
8ED
100
AcDbEntity
  8
L1
100
AcDbVertex
100
AcDb2dVertex
 10
662.7303697395129
 20
263.5036541702729
 30
0.0
  0
VERTEX
  5
8EE
100
AcDbEntity
  8
L1
100
AcDbVertex
100
AcDb2dVertex
 10
662.6435890832947
 20
263.4766419117429
 30
0.0
  0
VERTEX
  5
8EF
100
AcDbEntity
  8
L1
100
AcDbVertex
100
AcDb2dVertex
 10
662.5822784372217
 20
263.4368240673893
 30
0.0
  0
SEQEND
  5
8F0
100
AcDbEntity
  8
L1
  0
ARC
  5
8F1
100
AcDbEntity
  8
L1
100
AcDbCircle
 10
668.2595209125905
 20
270.965774257299
 30
0.0
 40
9.201435918374905
100
AcDbArc
 50
234.7447416333011
 51
270.0
  0
POLYLINE
  5
8F2
100
AcDbEntity
  8
L1
100
AcDb2dPolyline
 66
     1
 10
0.0
 20
0.0
 30
0.0
  0
VERTEX
  5
8F3
100
AcDbEntity
  8
L1
100
AcDbVertex
100
AcDb2dVertex
 10
661.4784779539385
 20
263.0164354760963
 30
0.0
  0
VERTEX
  5
8F4
100
AcDbEntity
  8
L1
100
AcDbVertex
100
AcDb2dVertex
 10
661.2725636324412
 20
262.9465355551885
 30
0.0
  0
VERTEX
  5
8F5
100
AcDbEntity
  8
L1
100
AcDbVertex
100
AcDb2dVertex
 10
661.0735250566293
 20
263.0341161014263
 30
0.0
  0
SEQEND
  5
8F6
100
AcDbEntity
  8
L1
  0
LINE
  5
8F7
100
AcDbEntity
  8
L1
100
AcDbLine
 10
662.5658720905785
 20
263.9288674950952
 30
0.0
 11
661.4784779539384
 21
263.0164354760963
 31
0.0
  0
LINE
  5
8F8
100
AcDbEntity
  8
L1
100
AcDbLine
 10
662.5822784372217
 20
263.4368240673893
 30
0.0
 11
661.4555619911542
 21
262.4913967130528
 31
0.0
  0
LINE
  5
8F9
100
AcDbEntity
  8
L1
100
AcDbLine
 10
656.2595209125904
 20
270.9657742572991
 30
0.0
 11
653.2211718322582
 21
270.0657742572991
 31
0.0
  0
LINE
  5
8FA
100
AcDbEntity
  8
L1
100
AcDbLine
 10
653.2211718322582
 20
271.865774257299
 30
0.0
 11
656.2595209125904
 21
270.9657742572991
 31
0.0
  0
LINE
  5
8FB
100
AcDbEntity
  8
L1
100
AcDbLine
 10
653.2211718322582
 20
270.0657742572991
 30
0.0
 11
653.2211718322582
 21
270.665774257299
 31
0.0
  0
LINE
  5
8FC
100
AcDbEntity
  8
L1
100
AcDbLine
 10
653.2211718322582
 20
271.265774257299
 30
0.0
 11
653.2211718322582
 21
271.865774257299
 31
0.0
  0
LINE
  5
8FD
100
AcDbEntity
  8
L6
 48
0.2
100
AcDbLine
 10
668.2595209125905
 20
277.2466569154429
 30
0.0
 11
668.2595209125905
 21
264.6670793683607
 31
0.0
  0
LINE
  5
8FE
100
AcDbEntity
  8
L1
100
AcDbLine
 10
662.6822107707312
 20
274.4657742572991
 30
0.0
 11
662.6822107707312
 21
270.9657742572991
 31
0.0
  0
LINE
  5
8FF
100
AcDbEntity
  8
L1
100
AcDbLine
 10
659.0580849942156
 20
273.8363895158323
 30
0.0
 11
659.0580849942156
 21
270.965774257299
 31
0.0
  0
LINE
  5
900
100
AcDbEntity
  8
L1
100
AcDbLine
 10
660.0367320544163
 20
270.9657742572991
 30
0.0
 11
660.0367320544163
 21
274.4657742572991
 31
0.0
  0
LINE
  5
901
100
AcDbEntity
  8
L1
100
AcDbLine
 10
663.1975355392198
 20
271.5873079086653
 30
0.0
 11
663.4783183426441
 21
273.8741003307699
 31
0.0
  0
ARC
  5
902
100
AcDbEntity
  8
L1
100
AcDbCircle
 10
668.2595209125905
 20
270.965774257299
 30
0.0
 40
9.201435918374905
100
AcDbArc
 50
180.0
 51
215.2552583666992
  0
POLYLINE
  5
903
100
AcDbEntity
  8
L1
100
AcDb2dPolyline
 66
     1
 10
0.0
 20
0.0
 30
0.0
  0
VERTEX
  5
904
100
AcDbEntity
  8
L1
100
AcDbVertex
100
AcDb2dVertex
 10
660.7305707226807
 20
265.2885317819302
 30
0.0
  0
VERTEX
  5
905
100
AcDbEntity
  8
L1
100
AcDbVertex
100
AcDb2dVertex
 10
660.7431774297712
 20
265.3046408016962
 30
0.0
  0
VERTEX
  5
906
100
AcDbEntity
  8
L1
100
AcDbVertex
100
AcDb2dVertex
 10
660.7925626582691
 20
265.4117307674038
 30
0.0
  0
VERTEX
  5
907
100
AcDbEntity
  8
L1
100
AcDbVertex
100
AcDb2dVertex
 10
660.7971424858521
 20
265.5277783607601
 30
0.0
  0
VERTEX
  5
908
100
AcDbEntity
  8
L1
100
AcDbVertex
100
AcDb2dVertex
 10
660.7593501855546
 20
265.6334378844942
 30
0.0
  0
VERTEX
  5
909
100
AcDbEntity
  8
L1
100
AcDbVertex
100
AcDb2dVertex
 10
660.7457333875015
 20
265.6545201692537
 30
0.0
  0
SEQEND
  5
90A
100
AcDbEntity
  8
L1
  0
POLYLINE
  5
90B
100
AcDbEntity
  8
L1
100
AcDb2dPolyline
 66
     1
 10
0.0
 20
0.0
 30
0.0
  0
VERTEX
  5
90C
100
AcDbEntity
  8
L1
100
AcDbVertex
100
AcDb2dVertex
 10
661.2319956531846
 20
265.6460155888586
 30
0.0
  0
VERTEX
  5
90D
100
AcDbEntity
  8
L1
100
AcDbVertex
100
AcDb2dVertex
 10
661.2548785382793
 20
265.6109443457916
 30
0.0
  0
VERTEX
  5
90E
100
AcDbEntity
  8
L1
100
AcDbVertex
100
AcDb2dVertex
 10
661.2902447525645
 20
265.5040175660088
 30
0.0
  0
VERTEX
  5
90F
100
AcDbEntity
  8
L1
100
AcDbVertex
100
AcDb2dVertex
 10
661.2827140892379
 20
265.3878251200105
 30
0.0
  0
VERTEX
  5
910
100
AcDbEntity
  8
L1
100
AcDbVertex
100
AcDb2dVertex
 10
661.2305839170824
 20
265.2820431603979
 30
0.0
  0
VERTEX
  5
911
100
AcDbEntity
  8
L1
100
AcDbVertex
100
AcDb2dVertex
 10
661.2226141503867
 20
265.2721254352871
 30
0.0
  0
SEQEND
  5
912
100
AcDbEntity
  8
L1
  0
ARC
  5
913
100
AcDbEntity
  8
L1
100
AcDbCircle
 10
658.6595209125905
 20
274.4657742572991
 30
0.0
 40
4.022689858140694
100
AcDbArc
 50
0.0
 51
90.0
  0
POLYLINE
  5
914
100
AcDbEntity
  8
L1
100
AcDb2dPolyline
 66
     1
 10
0.0
 20
0.0
 30
0.0
  0
VERTEX
  5
915
100
AcDbEntity
  8
L1
100
AcDbVertex
100
AcDb2dVertex
 10
659.0580849942157
 20
273.8363895158323
 30
0.0
  0
VERTEX
  5
916
100
AcDbEntity
  8
L1
100
AcDbVertex
100
AcDb2dVertex
 10
658.8823585258628
 20
273.4121388303467
 30
0.0
  0
VERTEX
  5
917
100
AcDbEntity
  8
L1
100
AcDbVertex
100
AcDb2dVertex
 10
658.4581078403771
 20
273.2364123619938
 30
0.0
  0
SEQEND
  5
918
100
AcDbEntity
  8
L1
  0
ARC
  5
919
100
AcDbEntity
  8
L1
100
AcDbCircle
 10
658.6595209125905
 20
274.4657742572991
 30
0.0
 40
1.377211141825827
100
AcDbArc
 50
0.0
 51
90.0
  0
ARC
  5
91A
100
AcDbEntity
  8
L1
100
AcDbCircle
 10
658.6595209125907
 20
274.4657742572991
 30
0.0
 40
4.854985757674652
100
AcDbArc
 50
352.9999999999993
 51
34.2334150316801
  0
POLYLINE
  5
91B
100
AcDbEntity
  8
L1
100
AcDb2dPolyline
 66
     1
 10
0.0
 20
0.0
 30
0.0
  0
VERTEX
  5
91C
100
AcDbEntity
  8
L1
100
AcDbVertex
100
AcDb2dVertex
 10
662.6733931335734
 20
277.1970224153483
 30
0.0
  0
VERTEX
  5
91D
100
AcDbEntity
  8
L1
100
AcDbVertex
100
AcDb2dVertex
 10
662.6363876073683
 20
277.2722053219662
 30
0.0
  0
VERTEX
  5
91E
100
AcDbEntity
  8
L1
100
AcDbVertex
100
AcDb2dVertex
 10
662.6220771463347
 20
277.3857736279976
 30
0.0
  0
VERTEX
  5
91F
100
AcDbEntity
  8
L1
100
AcDbVertex
100
AcDb2dVertex
 10
662.653233061007
 20
277.5002603123518
 30
0.0
  0
VERTEX
  5
920
100
AcDbEntity
  8
L1
100
AcDbVertex
100
AcDb2dVertex
 10
662.7256825639603
 20
277.5931418999185
 30
0.0
  0
VERTEX
  5
921
100
AcDbEntity
  8
L1
100
AcDbVertex
100
AcDb2dVertex
 10
662.8132449735758
 20
277.6456002103901
 30
0.0
  0
VERTEX
  5
922
100
AcDbEntity
  8
L1
100
AcDbVertex
100
AcDb2dVertex
 10
662.9000223091281
 20
277.6650111055511
 30
0.0
  0
VERTEX
  5
923
100
AcDbEntity
  8
L1
100
AcDbVertex
100
AcDb2dVertex
 10
662.9214094771032
 20
277.665774257299
 30
0.0
  0
SEQEND
  5
924
100
AcDbEntity
  8
L1
  0
ARC
  5
925
100
AcDbEntity
  8
L1
100
AcDbCircle
 10
671.7595209125904
 20
261.365774257299
 30
0.0
 40
4.022689858140751
100
AcDbArc
 50
0.0
 51
90.0
  0
POLYLINE
  5
926
100
AcDbEntity
  8
L1
100
AcDb2dPolyline
 66
     1
 10
0.0
 20
0.0
 30
0.0
  0
VERTEX
  5
927
100
AcDbEntity
  8
L1
100
AcDbVertex
100
AcDb2dVertex
 10
670.5301590172851
 20
261.1643611850857
 30
0.0
  0
VERTEX
  5
928
100
AcDbEntity
  8
L1
100
AcDbVertex
100
AcDb2dVertex
 10
670.7058854856379
 20
261.5886118705712
 30
0.0
  0
VERTEX
  5
929
100
AcDbEntity
  8
L1
100
AcDbVertex
100
AcDb2dVertex
 10
671.1301361711236
 20
261.7643383389241
 30
0.0
  0
SEQEND
  5
92A
100
AcDbEntity
  8
L1
  0
ARC
  5
92B
100
AcDbEntity
  8
L1
100
AcDbCircle
 10
671.7595209125904
 20
261.365774257299
 30
0.0
 40
1.377211141825884
100
AcDbArc
 50
0.0
 51
90.0
  0
LINE
  5
92C
100
AcDbEntity
  8
L1
100
AcDbLine
 10
674.9595209125905
 20
275.7657742572991
 30
0.0
 11
674.9595209125905
 21
265.6276628218117
 31
0.0
  0
POLYLINE
  5
92D
100
AcDbEntity
  8
L1
100
AcDb2dPolyline
 66
     1
 10
0.0
 20
0.0
 30
0.0
  0
VERTEX
  5
92E
100
AcDbEntity
  8
L1
100
AcDbVertex
100
AcDb2dVertex
 10
674.9595209125905
 20
265.6276628218117
 30
0.0
  0
VERTEX
  5
92F
100
AcDbEntity
  8
L1
100
AcDbVertex
100
AcDb2dVertex
 10
674.9475723683208
 20
265.5438313259973
 30
0.0
  0
VERTEX
  5
930
100
AcDbEntity
  8
L1
100
AcDbVertex
100
AcDb2dVertex
 10
674.8930182948543
 20
265.4392912880388
 30
0.0
  0
VERTEX
  5
931
100
AcDbEntity
  8
L1
100
AcDbVertex
100
AcDb2dVertex
 10
674.8042599757491
 20
265.3648778711972
 30
0.0
  0
VERTEX
  5
932
100
AcDbEntity
  8
L1
100
AcDbVertex
100
AcDb2dVertex
 10
674.7175618608184
 20
265.3333275657244
 30
0.0
  0
VERTEX
  5
933
100
AcDbEntity
  8
L1
100
AcDbVertex
100
AcDb2dVertex
 10
674.6332505415123
 20
265.3288204791657
 30
0.0
  0
VERTEX
  5
934
100
AcDbEntity
  8
L1
100
AcDbVertex
100
AcDb2dVertex
 10
674.5462165106005
 20
265.3498974180624
 30
0.0
  0
VERTEX
  5
935
100
AcDbEntity
  8
L1
100
AcDbVertex
100
AcDb2dVertex
 10
674.4907690706398
 20
265.3796464782818
 30
0.0
  0
SEQEND
  5
936
100
AcDbEntity
  8
L1
  0
ARC
  5
937
100
AcDbEntity
  8
L1
100
AcDbCircle
 10
671.7595209125904
 20
261.365774257299
 30
0.0
 40
4.854985757674663
100
AcDbArc
 50
55.76658496832084
 51
97.00000000000072
  0
LINE
  5
938
100
AcDbEntity
  8
L1
100
AcDbLine
 10
671.1678469860612
 20
266.1845716873525
 30
0.0
 11
668.8810545639569
 21
265.9037888839283
 31
0.0
  0
ARC
  5
939
100
AcDbEntity
  8
L1
100
AcDbCircle
 10
673.0595209125904
 20
275.7657742572991
 30
0.0
 40
2.900000000000025
100
AcDbArc
 50
0.0
 51
90.0
  0
POLYLINE
  5
93A
100
AcDbEntity
  8
L1
100
AcDb2dPolyline
 66
     1
 10
0.0
 20
0.0
 30
0.0
  0
VERTEX
  5
93B
100
AcDbEntity
  8
L1
100
AcDbVertex
100
AcDb2dVertex
 10
673.0595209125904
 20
279.2605798139092
 30
0.0
  0
VERTEX
  5
93C
100
AcDbEntity
  8
L1
100
AcDbVertex
100
AcDb2dVertex
 10
673.7311551863529
 20
279.1945550706287
 30
0.0
  0
VERTEX
  5
93D
100
AcDbEntity
  8
L1
100
AcDbVertex
100
AcDb2dVertex
 10
674.3961582116426
 20
278.9932283316615
 30
0.0
  0
VERTEX
  5
93E
100
AcDbEntity
  8
L1
100
AcDbVertex
100
AcDb2dVertex
 10
675.0082832733969
 20
278.6645000812806
 30
0.0
  0
VERTEX
  5
93F
100
AcDbEntity
  8
L1
100
AcDbVertex
100
AcDb2dVertex
 10
675.529276888134
 20
278.2355302328426
 30
0.0
  0
VERTEX
  5
940
100
AcDbEntity
  8
L1
100
AcDbVertex
100
AcDb2dVertex
 10
675.9582467365719
 20
277.7145366181055
 30
0.0
  0
VERTEX
  5
941
100
AcDbEntity
  8
L1
100
AcDbVertex
100
AcDb2dVertex
 10
676.2869749869528
 20
277.1024115563512
 30
0.0
  0
VERTEX
  5
942
100
AcDbEntity
  8
L1
100
AcDbVertex
100
AcDb2dVertex
 10
676.4883017259203
 20
276.4374085310614
 30
0.0
  0
VERTEX
  5
943
100
AcDbEntity
  8
L1
100
AcDbVertex
100
AcDb2dVertex
 10
676.5543264692006
 20
275.7657742572991
 30
0.0
  0
SEQEND
  5
944
100
AcDbEntity
  8
L1
  0
POLYLINE
  5
945
100
AcDbEntity
  8
L1
100
AcDb2dPolyline
 66
     1
 10
0.0
 20
0.0
 30
0.0
  0
VERTEX
  5
946
100
AcDbEntity
  8
L1
100
AcDbVertex
100
AcDb2dVertex
 10
673.0544633608006
 20
279.2605834362338
 30
0.0
  0
VERTEX
  5
947
100
AcDbEntity
  8
L1
100
AcDbVertex
100
AcDb2dVertex
 10
673.0569921295222
 20
279.2605825306526
 30
0.0
  0
VERTEX
  5
948
100
AcDbEntity
  8
L1
100
AcDbVertex
100
AcDb2dVertex
 10
673.0595209125904
 20
279.2605798139092
 30
0.0
  0
SEQEND
  5
949
100
AcDbEntity
  8
L1
  0
ARC
  5
94A
100
AcDbEntity
  8
L1
100
AcDbCircle
 10
673.0595209125904
 20
275.7657742572991
 30
0.0
 40
1.9
100
AcDbArc
 50
0.0
 51
90.0
  0
POLYLINE
  5
94B
100
AcDbEntity
  8
L1
100
AcDb2dPolyline
 66
     1
 10
0.0
 20
0.0
 30
0.0
  0
VERTEX
  5
94C
100
AcDbEntity
  8
L1
100
AcDbVertex
100
AcDb2dVertex
 10
676.5543264692006
 20
275.7657742572991
 30
0.0
  0
VERTEX
  5
94D
100
AcDbEntity
  8
L1
100
AcDbVertex
100
AcDb2dVertex
 10
676.5543291859439
 20
275.7632454742308
 30
0.0
  0
VERTEX
  5
94E
100
AcDbEntity
  8
L1
100
AcDbVertex
100
AcDb2dVertex
 10
676.5543300915252
 20
275.7607167055092
 30
0.0
  0
SEQEND
  5
94F
100
AcDbEntity
  8
L1
  0
LINE
  5
950
100
AcDbEntity
  8
L1
100
AcDbLine
 10
727.3571433867732
 20
275.3321060420354
 30
0.0
 11
727.3571433867732
 21
264.4267975760528
 31
0.0
  0
ARC
  5
951
100
AcDbEntity
  8
L1
100
AcDbCircle
 10
727.6571433867732
 20
264.4267975760528
 30
0.0
 40
0.299999999999996
100
AcDbArc
 50
180.0
 51
269.5000000000005
  0
LINE
  5
952
100
AcDbEntity
  8
L1
100
AcDbLine
 10
727.6545254261239
 20
264.1268089991336
 30
0.0
 11
728.3570451876162
 21
264.1206782020546
 31
0.0
  0
LINE
  5
953
100
AcDbEntity
  8
L1
100
AcDbLine
 10
728.3571433867725
 20
278.3425021302369
 30
0.0
 11
728.3571433867725
 21
278.1381310806647
 31
0.0
  0
POLYLINE
  5
954
100
AcDbEntity
  8
L1
100
AcDb2dPolyline
 66
     1
 10
0.0
 20
0.0
 30
0.0
  0
VERTEX
  5
955
100
AcDbEntity
  8
L1
100
AcDbVertex
100
AcDb2dVertex
 10
728.3571433867725
 20
278.3425021302369
 30
0.0
  0
VERTEX
  5
956
100
AcDbEntity
  8
L1
100
AcDbVertex
100
AcDb2dVertex
 10
728.3658871939175
 20
278.435600749892
 30
0.0
  0
SEQEND
  5
957
100
AcDbEntity
  8
L1
  0
POLYLINE
  5
958
100
AcDbEntity
  8
L1
100
AcDb2dPolyline
 66
     1
 10
0.0
 20
0.0
 30
0.0
  0
VERTEX
  5
959
100
AcDbEntity
  8
L1
100
AcDbVertex
100
AcDb2dVertex
 10
728.3658871939175
 20
278.435600749892
 30
0.0
  0
VERTEX
  5
95A
100
AcDbEntity
  8
L1
100
AcDbVertex
100
AcDb2dVertex
 10
728.5365221578042
 20
278.7261712944068
 30
0.0
  0
VERTEX
  5
95B
100
AcDbEntity
  8
L1
100
AcDbVertex
100
AcDb2dVertex
 10
728.8527801190234
 20
278.842483091769
 30
0.0
  0
SEQEND
  5
95C
100
AcDbEntity
  8
L1
  0
POLYLINE
  5
95D
100
AcDbEntity
  8
L1
100
AcDb2dPolyline
 66
     1
 10
0.0
 20
0.0
 30
0.0
  0
VERTEX
  5
95E
100
AcDbEntity
  8
L1
100
AcDbVertex
100
AcDb2dVertex
 10
728.3571433867733
 20
278.1379194767605
 30
0.0
  0
VERTEX
  5
95F
100
AcDbEntity
  8
L1
100
AcDbVertex
100
AcDb2dVertex
 10
728.3571433867733
 20
278.1380760174509
 30
0.0
  0
VERTEX
  5
960
100
AcDbEntity
  8
L1
100
AcDbVertex
100
AcDb2dVertex
 10
728.3571433867733
 20
278.1381309944179
 30
0.0
  0
SEQEND
  5
961
100
AcDbEntity
  8
L1
  0
POLYLINE
  5
962
100
AcDbEntity
  8
L1
100
AcDb2dPolyline
 66
     1
 10
0.0
 20
0.0
 30
0.0
  0
VERTEX
  5
963
100
AcDbEntity
  8
L1
100
AcDbVertex
100
AcDb2dVertex
 10
728.3571433867733
 20
278.1381310806651
 30
0.0
  0
VERTEX
  5
964
100
AcDbEntity
  8
L1
100
AcDbVertex
100
AcDb2dVertex
 10
728.3571433867733
 20
278.1945238893622
 30
0.0
  0
VERTEX
  5
965
100
AcDbEntity
  8
L1
100
AcDbVertex
100
AcDb2dVertex
 10
728.3571433867733
 20
278.3425021302372
 30
0.0
  0
SEQEND
  5
966
100
AcDbEntity
  8
L1
  0
POLYLINE
  5
967
100
AcDbEntity
  8
L1
100
AcDb2dPolyline
 66
     1
 10
0.0
 20
0.0
 30
0.0
  0
VERTEX
  5
968
100
AcDbEntity
  8
L1
100
AcDbVertex
100
AcDb2dVertex
 10
728.3571433867733
 20
278.3425021302372
 30
0.0
  0
VERTEX
  5
969
100
AcDbEntity
  8
L1
100
AcDbVertex
100
AcDb2dVertex
 10
728.3658871939185
 20
278.4356007498925
 30
0.0
  0
SEQEND
  5
96A
100
AcDbEntity
  8
L1
  0
POLYLINE
  5
96B
100
AcDbEntity
  8
L1
100
AcDb2dPolyline
 66
     1
 10
0.0
 20
0.0
 30
0.0
  0
VERTEX
  5
96C
100
AcDbEntity
  8
L1
100
AcDbVertex
100
AcDb2dVertex
 10
728.3658871939185
 20
278.4356007498925
 30
0.0
  0
VERTEX
  5
96D
100
AcDbEntity
  8
L1
100
AcDbVertex
100
AcDb2dVertex
 10
728.5365221578049
 20
278.7261712944071
 30
0.0
  0
VERTEX
  5
96E
100
AcDbEntity
  8
L1
100
AcDbVertex
100
AcDb2dVertex
 10
728.8527801190241
 20
278.8424830917692
 30
0.0
  0
SEQEND
  5
96F
100
AcDbEntity
  8
L1
  0
POLYLINE
  5
970
100
AcDbEntity
  8
L1
100
AcDb2dPolyline
 66
     1
 10
0.0
 20
0.0
 30
0.0
  0
VERTEX
  5
971
100
AcDbEntity
  8
L1
100
AcDbVertex
100
AcDb2dVertex
 10
727.3571433867732
 20
277.8320108496959
 30
0.0
  0
VERTEX
  5
972
100
AcDbEntity
  8
L1
100
AcDbVertex
100
AcDb2dVertex
 10
727.3571433867732
 20
277.8199733742859
 30
0.0
  0
VERTEX
  5
973
100
AcDbEntity
  8
L1
100
AcDbVertex
100
AcDb2dVertex
 10
727.3571433867732
 20
277.7839768642935
 30
0.0
  0
VERTEX
  5
974
100
AcDbEntity
  8
L1
100
AcDbVertex
100
AcDb2dVertex
 10
727.3571433867732
 20
277.7243679522026
 30
0.0
  0
VERTEX
  5
975
100
AcDbEntity
  8
L1
100
AcDbVertex
100
AcDb2dVertex
 10
727.3571433867732
 20
277.6417206488066
 30
0.0
  0
VERTEX
  5
976
100
AcDbEntity
  8
L1
100
AcDbVertex
100
AcDb2dVertex
 10
727.3571433867732
 20
277.5368308157061
 30
0.0
  0
VERTEX
  5
977
100
AcDbEntity
  8
L1
100
AcDbVertex
100
AcDb2dVertex
 10
727.3571433867732
 20
277.4107085014697
 30
0.0
  0
VERTEX
  5
978
100
AcDbEntity
  8
L1
100
AcDbVertex
100
AcDb2dVertex
 10
727.3571433867732
 20
277.2645682152557
 30
0.0
  0
VERTEX
  5
979
100
AcDbEntity
  8
L1
100
AcDbVertex
100
AcDb2dVertex
 10
727.3571433867732
 20
277.0998172315587
 30
0.0
  0
VERTEX
  5
97A
100
AcDbEntity
  8
L1
100
AcDbVertex
100
AcDb2dVertex
 10
727.3571433867732
 20
276.9180420386999
 30
0.0
  0
VERTEX
  5
97B
100
AcDbEntity
  8
L1
100
AcDbVertex
100
AcDb2dVertex
 10
727.3571433867732
 20
276.7209930615572
 30
0.0
  0
VERTEX
  5
97C
100
AcDbEntity
  8
L1
100
AcDbVertex
100
AcDb2dVertex
 10
727.3571433867732
 20
276.5105678056503
 30
0.0
  0
VERTEX
  5
97D
100
AcDbEntity
  8
L1
100
AcDbVertex
100
AcDb2dVertex
 10
727.3571433867732
 20
276.2887925848951
 30
0.0
  0
VERTEX
  5
97E
100
AcDbEntity
  8
L1
100
AcDbVertex
100
AcDb2dVertex
 10
727.3571433867732
 20
276.0578030089843
 30
0.0
  0
VERTEX
  5
97F
100
AcDbEntity
  8
L1
100
AcDbVertex
100
AcDb2dVertex
 10
727.3571433867732
 20
275.8198234182907
 30
0.0
  0
VERTEX
  5
980
100
AcDbEntity
  8
L1
100
AcDbVertex
100
AcDb2dVertex
 10
727.3571433867732
 20
275.5771454643286
 30
0.0
  0
VERTEX
  5
981
100
AcDbEntity
  8
L1
100
AcDbVertex
100
AcDb2dVertex
 10
727.3571433867732
 20
275.3321060420354
 30
0.0
  0
SEQEND
  5
982
100
AcDbEntity
  8
L1
  0
ARC
  5
983
100
AcDbEntity
  8
L1
100
AcDbCircle
 10
727.6571433867732
 20
277.8320108496958
 30
0.0
 40
0.299999999999996
100
AcDbArc
 50
90.50000000000208
 51
180.0
  0
LINE
  5
984
100
AcDbEntity
  8
L1
100
AcDbLine
 10
776.7623342078386
 20
279.2605834362166
 30
0.0
 11
773.3572956945165
 21
279.2308681152884
 31
0.0
  0
LINE
  5
985
100
AcDbEntity
  8
L1
100
AcDbLine
 10
773.3572956945165
 20
275.7310013845637
 30
0.0
 11
773.3572956945168
 21
266.7129391007162
 31
0.0
  0
ELLIPSE
  5
986
100
AcDbEntity
  8
L1
100
AcDbEllipse
 10
771.3573718483883
 20
266.7129391007162
 30
0.0
 11
0.0
 21
2.0
 31
0.0
210
0.0
220
0.0
230
1.0
 40
0.9999619230641712
 41
-3.132866339596876
 42
-1.570796326794896
  0
ARC
  5
987
100
AcDbEntity
  8
L1
100
AcDbCircle
 10
773.0572956945166
 20
278.8282348235976
 30
0.0
 40
0.3000000000000011
100
AcDbArc
 50
270.4999999999994
 51
359.9999999999972
  0
POLYLINE
  5
988
100
AcDbEntity
  8
L1
100
AcDb2dPolyline
 66
     1
 10
0.0
 20
0.0
 30
0.0
  0
VERTEX
  5
989
100
AcDbEntity
  8
L1
100
AcDbVertex
100
AcDb2dVertex
 10
773.3572956945165
 20
279.2308681152884
 30
0.0
  0
VERTEX
  5
98A
100
AcDbEntity
  8
L1
100
AcDbVertex
100
AcDb2dVertex
 10
773.3572956945165
 20
279.0595758723263
 30
0.0
  0
VERTEX
  5
98B
100
AcDbEntity
  8
L1
100
AcDbVertex
100
AcDb2dVertex
 10
773.3572956945165
 20
278.5624648093159
 30
0.0
  0
VERTEX
  5
98C
100
AcDbEntity
  8
L1
100
AcDbVertex
100
AcDb2dVertex
 10
773.3572956945165
 20
277.7881909415055
 30
0.0
  0
VERTEX
  5
98D
100
AcDbEntity
  8
L1
100
AcDbVertex
100
AcDb2dVertex
 10
773.3572956945165
 20
276.812538301724
 30
0.0
  0
VERTEX
  5
98E
100
AcDbEntity
  8
L1
100
AcDbVertex
100
AcDb2dVertex
 10
773.3572956945165
 20
275.7310013845637
 30
0.0
  0
SEQEND
  5
98F
100
AcDbEntity
  8
L1
  0
LINE
  5
990
100
AcDbEntity
  8
L1
100
AcDbLine
 10
676.5543300915252
 20
369.1883717545345
 30
0.0
 11
676.1362297470777
 21
321.2788176657201
 31
0.0
  0
LINE
  5
991
100
AcDbEntity
  8
L2
100
AcDbLine
 10
659.4569256988497
 20
369.4857988941187
 30
0.0
 11
659.0580849942157
 21
323.7831809334693
 31
0.0
  0
LINE
  5
992
100
AcDbEntity
  8
L1
100
AcDbLine
 10
675.4257460819236
 20
320.0805629728197
 30
0.0
 11
675.8219929019869
 21
365.4859512018621
 31
0.0
  0
LINE
  5
993
100
AcDbEntity
  8
L1
100
AcDbLine
 10
661.6313522963452
 20
320.7831809334693
 30
0.0
 11
662.0067619041989
 21
363.800861137037
 31
0.0
  0
LINE
  5
994
100
AcDbEntity
  8
L1
100
AcDbLine
 10
672.6258526973438
 20
319.7831809334692
 30
0.0
 11
661.7205442313612
 21
319.7831809334692
 31
0.0
  0
LINE
  5
995
100
AcDbEntity
  8
L1
100
AcDbLine
 10
661.420555654442
 20
320.0805629728197
 30
0.0
 11
661.4144248573552
 21
320.7830827352066
 31
0.0
  0
ARC
  5
996
100
AcDbEntity
  8
L1
100
AcDbCircle
 10
661.7205442313611
 20
320.0831809334693
 30
0.0
 40
0.2999999999999959
100
AcDbArc
 50
180.4999999999994
 51
270.0
  0
LINE
  5
997
100
AcDbEntity
  8
L1
100
AcDbLine
 10
675.7293474052009
 20
320.7919247406143
 30
0.0
 11
675.4319540420225
 21
320.7919247406143
 31
0.0
  0
POLYLINE
  5
998
100
AcDbEntity
  8
L1
100
AcDb2dPolyline
 66
     1
 10
0.0
 20
0.0
 30
0.0
  0
VERTEX
  5
999
100
AcDbEntity
  8
L1
100
AcDbVertex
100
AcDb2dVertex
 10
676.1362297470777
 20
321.2788176657201
 30
0.0
  0
VERTEX
  5
99A
100
AcDbEntity
  8
L1
100
AcDbVertex
100
AcDb2dVertex
 10
676.0199179497156
 20
320.9625597045009
 30
0.0
  0
VERTEX
  5
99B
100
AcDbEntity
  8
L1
100
AcDbVertex
100
AcDb2dVertex
 10
675.7293474052009
 20
320.7919247406143
 30
0.0
  0
SEQEND
  5
99C
100
AcDbEntity
  8
L1
  0
POLYLINE
  5
99D
100
AcDbEntity
  8
L1
100
AcDb2dPolyline
 66
     1
 10
0.0
 20
0.0
 30
0.0
  0
VERTEX
  5
99E
100
AcDbEntity
  8
L1
100
AcDbVertex
100
AcDb2dVertex
 10
675.1257575050042
 20
319.7831809334692
 30
0.0
  0
VERTEX
  5
99F
100
AcDbEntity
  8
L1
100
AcDbVertex
100
AcDb2dVertex
 10
675.1137200295943
 20
319.7831809334692
 30
0.0
  0
VERTEX
  5
9A0
100
AcDbEntity
  8
L1
100
AcDbVertex
100
AcDb2dVertex
 10
675.0777235196019
 20
319.7831809334692
 30
0.0
  0
VERTEX
  5
9A1
100
AcDbEntity
  8
L1
100
AcDbVertex
100
AcDb2dVertex
 10
675.018114607511
 20
319.7831809334692
 30
0.0
  0
VERTEX
  5
9A2
100
AcDbEntity
  8
L1
100
AcDbVertex
100
AcDb2dVertex
 10
674.935467304115
 20
319.7831809334692
 30
0.0
  0
VERTEX
  5
9A3
100
AcDbEntity
  8
L1
100
AcDbVertex
100
AcDb2dVertex
 10
674.8305774710145
 20
319.7831809334692
 30
0.0
  0
VERTEX
  5
9A4
100
AcDbEntity
  8
L1
100
AcDbVertex
100
AcDb2dVertex
 10
674.704455156778
 20
319.7831809334692
 30
0.0
  0
VERTEX
  5
9A5
100
AcDbEntity
  8
L1
100
AcDbVertex
100
AcDb2dVertex
 10
674.5583148705641
 20
319.7831809334692
 30
0.0
  0
VERTEX
  5
9A6
100
AcDbEntity
  8
L1
100
AcDbVertex
100
AcDb2dVertex
 10
674.3935638868671
 20
319.7831809334692
 30
0.0
  0
VERTEX
  5
9A7
100
AcDbEntity
  8
L1
100
AcDbVertex
100
AcDb2dVertex
 10
674.2117886940083
 20
319.7831809334692
 30
0.0
  0
VERTEX
  5
9A8
100
AcDbEntity
  8
L1
100
AcDbVertex
100
AcDb2dVertex
 10
674.0147397168656
 20
319.7831809334692
 30
0.0
  0
VERTEX
  5
9A9
100
AcDbEntity
  8
L1
100
AcDbVertex
100
AcDb2dVertex
 10
673.8043144609587
 20
319.7831809334692
 30
0.0
  0
VERTEX
  5
9AA
100
AcDbEntity
  8
L1
100
AcDbVertex
100
AcDb2dVertex
 10
673.5825392402034
 20
319.7831809334692
 30
0.0
  0
VERTEX
  5
9AB
100
AcDbEntity
  8
L1
100
AcDbVertex
100
AcDb2dVertex
 10
673.3515496642929
 20
319.7831809334692
 30
0.0
  0
VERTEX
  5
9AC
100
AcDbEntity
  8
L1
100
AcDbVertex
100
AcDb2dVertex
 10
673.113570073599
 20
319.7831809334692
 30
0.0
  0
VERTEX
  5
9AD
100
AcDbEntity
  8
L1
100
AcDbVertex
100
AcDb2dVertex
 10
672.8708921196369
 20
319.7831809334692
 30
0.0
  0
VERTEX
  5
9AE
100
AcDbEntity
  8
L1
100
AcDbVertex
100
AcDb2dVertex
 10
672.6258526973438
 20
319.7831809334692
 30
0.0
  0
SEQEND
  5
9AF
100
AcDbEntity
  8
L1
  0
ARC
  5
9B0
100
AcDbEntity
  8
L1
100
AcDbCircle
 10
675.1257575050042
 20
320.0831809334693
 30
0.0
 40
0.299999999999996
100
AcDbArc
 50
270.0
 51
359.4999999999992
  0
LINE
  5
9B1
100
AcDbEntity
  8
L1
100
AcDbLine
 10
664.0066857560248
 20
365.7833332412125
 30
0.0
 11
676.121981478906
 21
365.7833332412125
 31
0.0
  0
ELLIPSE
  5
9B2
100
AcDbEntity
  8
L1
100
AcDbEllipse
 10
664.0066857560248
 20
363.7834093950842
 30
0.0
 11
-2.0
 21
0.0
 31
0.0
210
0.0
220
0.0
230
1.0
 40
0.9999619230641712
 41
-1.570796326794896
 42
-0.008726313992888
  0
ARC
  5
9B3
100
AcDbEntity
  8
L1
100
AcDbCircle
 10
676.121981478906
 20
365.4833332412126
 30
0.0
 40
0.299999999999996
100
AcDbArc
 50
90.0
 51
179.5000000000014
  0
ARC
  5
9B4
100
AcDbEntity
  8
L2
100
AcDbCircle
 10
659.7569142757691
 20
369.4831809334692
 30
0.0
 40
0.2999999999999999
100
AcDbArc
 50
90.09566913482016
 51
179.5000000000001
  0
LINE
  5
9B5
100
AcDbEntity
  8
L1
100
AcDbLine
 10
675.9595209125905
 20
369.7831809334692
 30
0.0
 11
676.5543264692006
 21
369.1883753768591
 31
0.0
  0
POLYLINE
  5
9B6
100
AcDbEntity
  8
L1
100
AcDb2dPolyline
 66
     1
 10
0.0
 20
0.0
 30
0.0
  0
VERTEX
  5
9B7
100
AcDbEntity
  8
L1
100
AcDbVertex
100
AcDb2dVertex
 10
676.5543300915251
 20
369.1883717545345
 30
0.0
  0
VERTEX
  5
9B8
100
AcDbEntity
  8
L1
100
AcDbVertex
100
AcDb2dVertex
 10
676.5543291859439
 20
369.1883726601158
 30
0.0
  0
VERTEX
  5
9B9
100
AcDbEntity
  8
L1
100
AcDbVertex
100
AcDb2dVertex
 10
676.5543264692005
 20
369.188375376859
 30
0.0
  0
SEQEND
  5
9BA
100
AcDbEntity
  8
L1
  0
LINE
  5
9BB
100
AcDbEntity
  8
L1
100
AcDbLine
 10
777.3571433867732
 20
99.76577425731619
 30
0.0
 11
777.3571433867732
 21
278.6657742572819
 31
0.0
  0
LINE
  5
9BC
100
AcDbEntity
  8
L1
100
AcDbLine
 10
776.7623342078386
 20
279.2605834362166
 30
0.0
 11
776.7623342078386
 21
99.17096507838147
 31
0.0
  0
LINE
  5
9BD
100
AcDbEntity
  8
L1
100
AcDbLine
 10
777.3571433867732
 20
99.76577425731619
 30
0.0
 11
776.7623378301632
 21
99.17096870070606
 31
0.0
  0
LINE
  5
9BE
100
AcDbEntity
  8
L1
100
AcDbLine
 10
777.3571433867732
 20
115.6885631154901
 30
0.0
 11
777.3563256453494
 21
115.6885559791688
 31
0.0
  0
LINE
  5
9BF
100
AcDbEntity
  8
L1
100
AcDbLine
 10
777.356839262741
 20
112.5657716032659
 30
0.0
 11
777.3571433867732
 21
112.5657742573161
 31
0.0
  0
LINE
  5
9C0
100
AcDbEntity
  8
L1
100
AcDbLine
 10
777.3571433867732
 20
112.2107884996414
 30
0.0
 11
777.3563256453494
 21
112.2107813633201
 31
0.0
  0
POLYLINE
  5
9C1
100
AcDbEntity
  8
L1
100
AcDb2dPolyline
 66
     1
 10
0.0
 20
0.0
 30
0.0
  0
VERTEX
  5
9C2
100
AcDbEntity
  8
L1
100
AcDbVertex
100
AcDb2dVertex
 10
777.3571433867732
 20
113.1038833169299
 30
0.0
  0
VERTEX
  5
9C3
100
AcDbEntity
  8
L1
100
AcDbVertex
100
AcDb2dVertex
 10
777.3568902829071
 20
113.1038791422463
 30
0.0
  0
SEQEND
  5
9C4
100
AcDbEntity
  8
L1
  0
ARC
  5
9C5
100
AcDbEntity
  8
L1
100
AcDbCircle
 10
777.0571433867733
 20
115.9683808941376
 30
0.0
 40
0.3
100
AcDbArc
 50
0.0
 51
0.0942324045850643
  0
ARC
  5
9C6
100
AcDbEntity
  8
L1
100
AcDbCircle
 10
777.0571433867733
 20
262.4631676204604
 30
0.0
 40
0.3
100
AcDbArc
 50
359.9057675954149
 51
0.0
  0
LINE
  5
9C7
100
AcDbEntity
  8
L1
100
AcDbLine
 10
777.3571433867732
 20
262.7429853991079
 30
0.0
 11
777.3563256453494
 21
262.7429925354292
 31
0.0
  0
POLYLINE
  5
9C8
100
AcDbEntity
  8
L1
100
AcDb2dPolyline
 66
     1
 10
0.0
 20
0.0
 30
0.0
  0
VERTEX
  5
9C9
100
AcDbEntity
  8
L1
100
AcDbVertex
100
AcDb2dVertex
 10
777.3571433867732
 20
265.3276651976681
 30
0.0
  0
VERTEX
  5
9CA
100
AcDbEntity
  8
L1
100
AcDbVertex
100
AcDb2dVertex
 10
777.3568902829071
 20
265.3276693723517
 30
0.0
  0
SEQEND
  5
9CB
100
AcDbEntity
  8
L1
  0
LINE
  5
9CC
100
AcDbEntity
  8
L1
100
AcDbLine
 10
777.3571433867732
 20
266.2207600149566
 30
0.0
 11
777.3563256453494
 21
266.220767151278
 31
0.0
  0
LINE
  5
9CD
100
AcDbEntity
  8
L1
100
AcDbLine
 10
777.356839262741
 20
265.8657769113321
 30
0.0
 11
777.3571433867732
 21
265.8657742572819
 31
0.0
  0
LINE
  5
9CE
100
AcDbEntity
  8
L1
100
AcDbLine
 10
777.3571433867732
 20
278.6657742572819
 30
0.0
 11
776.7623378301632
 21
279.260579813892
 31
0.0
  0
ENDSEC
  0
SECTION
  2
OBJECTS
  0
DICTIONARY
  5
1A
100
AcDbDictionary
  3
ACAD_GROUP
350
18
  3
ACAD_MLINESTYLE
350
19
  0
DICTIONARY
  5
18
102
{ACAD_REACTORS
330
1A
102
}
100
AcDbDictionary
  0
DICTIONARY
  5
19
102
{ACAD_REACTORS
330
1A
102
}
100
AcDbDictionary
  3
STANDARD
350
1D
  0
MLINESTYLE
  5
1D
102
{ACAD_REACTORS
330
19
102
}
100
AcDbMlineStyle
  2
STANDARD
 70
     0
  3

 62
     0
 51
90.0
 52
90.0
 71
     2
 49
0.5
 62
   256
  6
BYLAYER
 49
-0.5
 62
   256
  6
BYLAYER
  0
ENDSEC
  0
EOF
