  0
SECTION
2
HEADER
9
$ACADVER
1
AC1009
  0
ENDSEC
  0
SECTION
2
TABLES
  0
TABLE
  2
LAYER
70
17
  0
LAYER
2
BOARD_OUTLINE
70
0
62
1
6
CONTINUOUS
  0
LAYER
2
LAYNR1
70
0
62
2
6
CONTINUOUS
  0
LAYER
2
PLACEMENT_OUTLINE_BOTTOM
70
0
62
3
6
CONTINUOUS
  0
LAYER
2
PADLAYER_BOTTOM
70
0
62
4
6
CONTINUOUS
  0
LAYER
2
Bottom04
70
0
62
5
6
CONTINUOUS
  0
LAYER
2
2DLINES_4
70
0
62
6
6
CONTINUOUS
  0
LAYER
2
2DLINES_1
70
0
62
7
6
CONTINUOUS
  0
LAYER
2
PLACEMENT_OUTLINE_TOP
70
0
62
8
6
CONTINUOUS
  0
LAYER
2
PADLAYER_TOP
70
0
62
9
6
CONTINUOUS
  0
LAYER
2
Top01
70
0
62
10
6
CONTINUOUS
  0
LAYER
2
TOOL_TOP
70
0
62
11
6
CONTINUOUS
  0
LAYER
2
TOOLCODE_TOP
70
0
62
12
6
CONTINUOUS
  0
LAYER
2
LAYNR12
70
0
62
13
6
CONTINUOUS
  0
LAYER
2
LAYNR13
70
0
62
14
6
CONTINUOUS
  0
LAYER
2
DRILLHOLE
70
0
62
15
6
CONTINUOUS
  0
LAYER
2
TOOL_BOT
70
0
62
1
6
CONTINUOUS
  0
LAYER
2
TOOLCODE_BOT
70
0
62
2
6
CONTINUOUS
  0
ENDTAB
  0
ENDSEC
  0
SECTION
2
BLOCKS
  0
ENDSEC
  0
SECTION
2
ENTITIES
  0
POLYLINE
 5
1
  8
BOARD_OUTLINE
 66
1
 40
0.250000
 41
0.250000
  0
VERTEX
 5
2
  8
BOARD_OUTLINE
 10
15.12000
 20
91.67000
 42
0.414214
  0
VERTEX
 5
3
  8
BOARD_OUTLINE
 10
12.12000
 20
94.67000
  0
SEQEND
  8
BOARD_OUTLINE
  0
POLYLINE
 5
4
  8
BOARD_OUTLINE
 66
1
 70
1
 40
0.125000
 41
0.125000
  0
VERTEX
 5
5
  8
BOARD_OUTLINE
 10
15.05750
 20
91.67000
 42
1.0
  0
VERTEX
 5
6
  8
BOARD_OUTLINE
 10
15.18250
 20
91.67000
 42
1.0
  0
SEQEND
  8
BOARD_OUTLINE
  0
POLYLINE
 5
7
  8
BOARD_OUTLINE
 66
1
 70
1
 40
0.125000
 41
0.125000
  0
VERTEX
 5
8
  8
BOARD_OUTLINE
 10
12.05750
 20
94.67000
 42
1.0
  0
VERTEX
 5
9
  8
BOARD_OUTLINE
 10
12.18250
 20
94.67000
 42
1.0
  0
SEQEND
  8
BOARD_OUTLINE
  0
POLYLINE
 5
A
  8
BOARD_OUTLINE
 66
1
 40
0.250000
 41
0.250000
  0
VERTEX
 5
B
  8
BOARD_OUTLINE
 10
12.12000
 20
94.67000
  0
VERTEX
 5
C
  8
BOARD_OUTLINE
 10
-58.98000
 20
94.67000
 42
0.414214
  0
SEQEND
  8
BOARD_OUTLINE
  0
POLYLINE
 5
D
  8
BOARD_OUTLINE
 66
1
 70
1
 40
0.125000
 41
0.125000
  0
VERTEX
 5
E
  8
BOARD_OUTLINE
 10
12.05750
 20
94.67000
 42
1.0
  0
VERTEX
 5
F
  8
BOARD_OUTLINE
 10
12.18250
 20
94.67000
 42
1.0
  0
SEQEND
  8
BOARD_OUTLINE
  0
POLYLINE
 5
10
  8
BOARD_OUTLINE
 66
1
 70
1
 40
0.125000
 41
0.125000
  0
VERTEX
 5
11
  8
BOARD_OUTLINE
 10
-59.04250
 20
94.67000
 42
1.0
  0
VERTEX
 5
12
  8
BOARD_OUTLINE
 10
-58.91750
 20
94.67000
 42
1.0
  0
SEQEND
  8
BOARD_OUTLINE
  0
POLYLINE
 5
13
  8
BOARD_OUTLINE
 66
1
 40
0.250000
 41
0.250000
  0
VERTEX
 5
14
  8
BOARD_OUTLINE
 10
-58.98000
 20
94.67000
 42
0.414214
  0
VERTEX
 5
15
  8
BOARD_OUTLINE
 10
-61.98000
 20
91.67000
  0
SEQEND
  8
BOARD_OUTLINE
  0
POLYLINE
 5
16
  8
BOARD_OUTLINE
 66
1
 70
1
 40
0.125000
 41
0.125000
  0
VERTEX
 5
17
  8
BOARD_OUTLINE
 10
-59.04250
 20
94.67000
 42
1.0
  0
VERTEX
 5
18
  8
BOARD_OUTLINE
 10
-58.91750
 20
94.67000
 42
1.0
  0
SEQEND
  8
BOARD_OUTLINE
  0
POLYLINE
 5
19
  8
BOARD_OUTLINE
 66
1
 70
1
 40
0.125000
 41
0.125000
  0
VERTEX
 5
1A
  8
BOARD_OUTLINE
 10
-62.04250
 20
91.67000
 42
1.0
  0
VERTEX
 5
1B
  8
BOARD_OUTLINE
 10
-61.91750
 20
91.67000
 42
1.0
  0
SEQEND
  8
BOARD_OUTLINE
  0
POLYLINE
 5
1C
  8
BOARD_OUTLINE
 66
1
 40
0.250000
 41
0.250000
  0
VERTEX
 5
1D
  8
BOARD_OUTLINE
 10
-61.98000
 20
91.67000
  0
VERTEX
 5
1E
  8
BOARD_OUTLINE
 10
-61.98000
 20
-9.83000
 42
0.414214
  0
SEQEND
  8
BOARD_OUTLINE
  0
POLYLINE
 5
1F
  8
BOARD_OUTLINE
 66
1
 70
1
 40
0.125000
 41
0.125000
  0
VERTEX
 5
20
  8
BOARD_OUTLINE
 10
-62.04250
 20
91.67000
 42
1.0
  0
VERTEX
 5
21
  8
BOARD_OUTLINE
 10
-61.91750
 20
91.67000
 42
1.0
  0
SEQEND
  8
BOARD_OUTLINE
  0
POLYLINE
 5
22
  8
BOARD_OUTLINE
 66
1
 70
1
 40
0.125000
 41
0.125000
  0
VERTEX
 5
23
  8
BOARD_OUTLINE
 10
-62.04250
 20
-9.83000
 42
1.0
  0
VERTEX
 5
24
  8
BOARD_OUTLINE
 10
-61.91750
 20
-9.83000
 42
1.0
  0
SEQEND
  8
BOARD_OUTLINE
  0
POLYLINE
 5
25
  8
BOARD_OUTLINE
 66
1
 40
0.250000
 41
0.250000
  0
VERTEX
 5
26
  8
BOARD_OUTLINE
 10
-61.98000
 20
-9.83000
 42
0.414214
  0
VERTEX
 5
27
  8
BOARD_OUTLINE
 10
-58.98000
 20
-12.83000
  0
SEQEND
  8
BOARD_OUTLINE
  0
POLYLINE
 5
28
  8
BOARD_OUTLINE
 66
1
 70
1
 40
0.125000
 41
0.125000
  0
VERTEX
 5
29
  8
BOARD_OUTLINE
 10
-62.04250
 20
-9.83000
 42
1.0
  0
VERTEX
 5
2A
  8
BOARD_OUTLINE
 10
-61.91750
 20
-9.83000
 42
1.0
  0
SEQEND
  8
BOARD_OUTLINE
  0
POLYLINE
 5
2B
  8
BOARD_OUTLINE
 66
1
 70
1
 40
0.125000
 41
0.125000
  0
VERTEX
 5
2C
  8
BOARD_OUTLINE
 10
-59.04250
 20
-12.83000
 42
1.0
  0
VERTEX
 5
2D
  8
BOARD_OUTLINE
 10
-58.91750
 20
-12.83000
 42
1.0
  0
SEQEND
  8
BOARD_OUTLINE
  0
POLYLINE
 5
2E
  8
BOARD_OUTLINE
 66
1
 40
0.250000
 41
0.250000
  0
VERTEX
 5
2F
  8
BOARD_OUTLINE
 10
-58.98000
 20
-12.83000
  0
VERTEX
 5
30
  8
BOARD_OUTLINE
 10
12.12000
 20
-12.83000
 42
0.414214
  0
SEQEND
  8
BOARD_OUTLINE
  0
POLYLINE
 5
31
  8
BOARD_OUTLINE
 66
1
 70
1
 40
0.125000
 41
0.125000
  0
VERTEX
 5
32
  8
BOARD_OUTLINE
 10
-59.04250
 20
-12.83000
 42
1.0
  0
VERTEX
 5
33
  8
BOARD_OUTLINE
 10
-58.91750
 20
-12.83000
 42
1.0
  0
SEQEND
  8
BOARD_OUTLINE
  0
POLYLINE
 5
34
  8
BOARD_OUTLINE
 66
1
 70
1
 40
0.125000
 41
0.125000
  0
VERTEX
 5
35
  8
BOARD_OUTLINE
 10
12.05750
 20
-12.83000
 42
1.0
  0
VERTEX
 5
36
  8
BOARD_OUTLINE
 10
12.18250
 20
-12.83000
 42
1.0
  0
SEQEND
  8
BOARD_OUTLINE
  0
POLYLINE
 5
37
  8
BOARD_OUTLINE
 66
1
 40
0.250000
 41
0.250000
  0
VERTEX
 5
38
  8
BOARD_OUTLINE
 10
12.12000
 20
-12.83000
 42
0.414214
  0
VERTEX
 5
39
  8
BOARD_OUTLINE
 10
15.12000
 20
-9.83000
  0
SEQEND
  8
BOARD_OUTLINE
  0
POLYLINE
 5
3A
  8
BOARD_OUTLINE
 66
1
 70
1
 40
0.125000
 41
0.125000
  0
VERTEX
 5
3B
  8
BOARD_OUTLINE
 10
12.05750
 20
-12.83000
 42
1.0
  0
VERTEX
 5
3C
  8
BOARD_OUTLINE
 10
12.18250
 20
-12.83000
 42
1.0
  0
SEQEND
  8
BOARD_OUTLINE
  0
POLYLINE
 5
3D
  8
BOARD_OUTLINE
 66
1
 70
1
 40
0.125000
 41
0.125000
  0
VERTEX
 5
3E
  8
BOARD_OUTLINE
 10
15.05750
 20
-9.83000
 42
1.0
  0
VERTEX
 5
3F
  8
BOARD_OUTLINE
 10
15.18250
 20
-9.83000
 42
1.0
  0
SEQEND
  8
BOARD_OUTLINE
  0
POLYLINE
 5
40
  8
BOARD_OUTLINE
 66
1
 40
0.250000
 41
0.250000
  0
VERTEX
 5
41
  8
BOARD_OUTLINE
 10
15.12000
 20
-9.83000
  0
VERTEX
 5
42
  8
BOARD_OUTLINE
 10
15.12000
 20
91.67000
  0
SEQEND
  8
BOARD_OUTLINE
  0
POLYLINE
 5
43
  8
BOARD_OUTLINE
 66
1
 70
1
 40
0.125000
 41
0.125000
  0
VERTEX
 5
44
  8
BOARD_OUTLINE
 10
15.05750
 20
-9.83000
 42
1.0
  0
VERTEX
 5
45
  8
BOARD_OUTLINE
 10
15.18250
 20
-9.83000
 42
1.0
  0
SEQEND
  8
BOARD_OUTLINE
  0
POLYLINE
 5
46
  8
BOARD_OUTLINE
 66
1
 70
1
 40
0.125000
 41
0.125000
  0
VERTEX
 5
47
  8
BOARD_OUTLINE
 10
15.05750
 20
91.67000
 42
1.0
  0
VERTEX
 5
48
  8
BOARD_OUTLINE
 10
15.18250
 20
91.67000
 42
1.0
  0
SEQEND
  8
BOARD_OUTLINE
  0
POLYLINE
 5
49
  8
BOARD_OUTLINE
 66
1
 40
0.250000
 41
0.250000
  0
VERTEX
 5
4A
  8
BOARD_OUTLINE
 10
15.12000
 20
91.67000
 42
0.414214
  0
VERTEX
 5
4B
  8
BOARD_OUTLINE
 10
12.12000
 20
94.67000
  0
SEQEND
  8
BOARD_OUTLINE
  0
POLYLINE
 5
4C
  8
BOARD_OUTLINE
 66
1
 70
1
 40
0.125000
 41
0.125000
  0
VERTEX
 5
4D
  8
BOARD_OUTLINE
 10
15.05750
 20
91.67000
 42
1.0
  0
VERTEX
 5
4E
  8
BOARD_OUTLINE
 10
15.18250
 20
91.67000
 42
1.0
  0
SEQEND
  8
BOARD_OUTLINE
  0
POLYLINE
 5
4F
  8
BOARD_OUTLINE
 66
1
 70
1
 40
0.125000
 41
0.125000
  0
VERTEX
 5
50
  8
BOARD_OUTLINE
 10
12.05750
 20
94.67000
 42
1.0
  0
VERTEX
 5
51
  8
BOARD_OUTLINE
 10
12.18250
 20
94.67000
 42
1.0
  0
SEQEND
  8
BOARD_OUTLINE
  0
POLYLINE
 5
52
  8
BOARD_OUTLINE
 66
1
 40
0.250000
 41
0.250000
  0
VERTEX
 5
53
  8
BOARD_OUTLINE
 10
12.12000
 20
94.67000
  0
VERTEX
 5
54
  8
BOARD_OUTLINE
 10
-58.98000
 20
94.67000
 42
0.414214
  0
SEQEND
  8
BOARD_OUTLINE
  0
POLYLINE
 5
55
  8
BOARD_OUTLINE
 66
1
 70
1
 40
0.125000
 41
0.125000
  0
VERTEX
 5
56
  8
BOARD_OUTLINE
 10
12.05750
 20
94.67000
 42
1.0
  0
VERTEX
 5
57
  8
BOARD_OUTLINE
 10
12.18250
 20
94.67000
 42
1.0
  0
SEQEND
  8
BOARD_OUTLINE
  0
POLYLINE
 5
58
  8
BOARD_OUTLINE
 66
1
 70
1
 40
0.125000
 41
0.125000
  0
VERTEX
 5
59
  8
BOARD_OUTLINE
 10
-59.04250
 20
94.67000
 42
1.0
  0
VERTEX
 5
5A
  8
BOARD_OUTLINE
 10
-58.91750
 20
94.67000
 42
1.0
  0
SEQEND
  8
BOARD_OUTLINE
  0
POLYLINE
 5
5B
  8
BOARD_OUTLINE
 66
1
 40
0.250000
 41
0.250000
  0
VERTEX
 5
5C
  8
BOARD_OUTLINE
 10
-58.98000
 20
94.67000
 42
0.414214
  0
VERTEX
 5
5D
  8
BOARD_OUTLINE
 10
-61.98000
 20
91.67000
  0
SEQEND
  8
BOARD_OUTLINE
  0
POLYLINE
 5
5E
  8
BOARD_OUTLINE
 66
1
 70
1
 40
0.125000
 41
0.125000
  0
VERTEX
 5
5F
  8
BOARD_OUTLINE
 10
-59.04250
 20
94.67000
 42
1.0
  0
VERTEX
 5
60
  8
BOARD_OUTLINE
 10
-58.91750
 20
94.67000
 42
1.0
  0
SEQEND
  8
BOARD_OUTLINE
  0
POLYLINE
 5
61
  8
BOARD_OUTLINE
 66
1
 70
1
 40
0.125000
 41
0.125000
  0
VERTEX
 5
62
  8
BOARD_OUTLINE
 10
-62.04250
 20
91.67000
 42
1.0
  0
VERTEX
 5
63
  8
BOARD_OUTLINE
 10
-61.91750
 20
91.67000
 42
1.0
  0
SEQEND
  8
BOARD_OUTLINE
  0
POLYLINE
 5
64
  8
BOARD_OUTLINE
 66
1
 40
0.250000
 41
0.250000
  0
VERTEX
 5
65
  8
BOARD_OUTLINE
 10
-61.98000
 20
91.67000
  0
VERTEX
 5
66
  8
BOARD_OUTLINE
 10
-61.98000
 20
-9.83000
 42
0.414214
  0
SEQEND
  8
BOARD_OUTLINE
  0
POLYLINE
 5
67
  8
BOARD_OUTLINE
 66
1
 70
1
 40
0.125000
 41
0.125000
  0
VERTEX
 5
68
  8
BOARD_OUTLINE
 10
-62.04250
 20
91.67000
 42
1.0
  0
VERTEX
 5
69
  8
BOARD_OUTLINE
 10
-61.91750
 20
91.67000
 42
1.0
  0
SEQEND
  8
BOARD_OUTLINE
  0
POLYLINE
 5
6A
  8
BOARD_OUTLINE
 66
1
 70
1
 40
0.125000
 41
0.125000
  0
VERTEX
 5
6B
  8
BOARD_OUTLINE
 10
-62.04250
 20
-9.83000
 42
1.0
  0
VERTEX
 5
6C
  8
BOARD_OUTLINE
 10
-61.91750
 20
-9.83000
 42
1.0
  0
SEQEND
  8
BOARD_OUTLINE
  0
POLYLINE
 5
6D
  8
BOARD_OUTLINE
 66
1
 40
0.250000
 41
0.250000
  0
VERTEX
 5
6E
  8
BOARD_OUTLINE
 10
-61.98000
 20
-9.83000
 42
0.414214
  0
VERTEX
 5
6F
  8
BOARD_OUTLINE
 10
-58.98000
 20
-12.83000
  0
SEQEND
  8
BOARD_OUTLINE
  0
POLYLINE
 5
70
  8
BOARD_OUTLINE
 66
1
 70
1
 40
0.125000
 41
0.125000
  0
VERTEX
 5
71
  8
BOARD_OUTLINE
 10
-62.04250
 20
-9.83000
 42
1.0
  0
VERTEX
 5
72
  8
BOARD_OUTLINE
 10
-61.91750
 20
-9.83000
 42
1.0
  0
SEQEND
  8
BOARD_OUTLINE
  0
POLYLINE
 5
73
  8
BOARD_OUTLINE
 66
1
 70
1
 40
0.125000
 41
0.125000
  0
VERTEX
 5
74
  8
BOARD_OUTLINE
 10
-59.04250
 20
-12.83000
 42
1.0
  0
VERTEX
 5
75
  8
BOARD_OUTLINE
 10
-58.91750
 20
-12.83000
 42
1.0
  0
SEQEND
  8
BOARD_OUTLINE
  0
POLYLINE
 5
76
  8
BOARD_OUTLINE
 66
1
 40
0.250000
 41
0.250000
  0
VERTEX
 5
77
  8
BOARD_OUTLINE
 10
-58.98000
 20
-12.83000
  0
VERTEX
 5
78
  8
BOARD_OUTLINE
 10
12.12000
 20
-12.83000
 42
0.414214
  0
SEQEND
  8
BOARD_OUTLINE
  0
POLYLINE
 5
79
  8
BOARD_OUTLINE
 66
1
 70
1
 40
0.125000
 41
0.125000
  0
VERTEX
 5
7A
  8
BOARD_OUTLINE
 10
-59.04250
 20
-12.83000
 42
1.0
  0
VERTEX
 5
7B
  8
BOARD_OUTLINE
 10
-58.91750
 20
-12.83000
 42
1.0
  0
SEQEND
  8
BOARD_OUTLINE
  0
POLYLINE
 5
7C
  8
BOARD_OUTLINE
 66
1
 70
1
 40
0.125000
 41
0.125000
  0
VERTEX
 5
7D
  8
BOARD_OUTLINE
 10
12.05750
 20
-12.83000
 42
1.0
  0
VERTEX
 5
7E
  8
BOARD_OUTLINE
 10
12.18250
 20
-12.83000
 42
1.0
  0
SEQEND
  8
BOARD_OUTLINE
  0
POLYLINE
 5
7F
  8
BOARD_OUTLINE
 66
1
 40
0.250000
 41
0.250000
  0
VERTEX
 5
80
  8
BOARD_OUTLINE
 10
12.12000
 20
-12.83000
 42
0.414214
  0
VERTEX
 5
81
  8
BOARD_OUTLINE
 10
15.12000
 20
-9.83000
  0
SEQEND
  8
BOARD_OUTLINE
  0
POLYLINE
 5
82
  8
BOARD_OUTLINE
 66
1
 70
1
 40
0.125000
 41
0.125000
  0
VERTEX
 5
83
  8
BOARD_OUTLINE
 10
12.05750
 20
-12.83000
 42
1.0
  0
VERTEX
 5
84
  8
BOARD_OUTLINE
 10
12.18250
 20
-12.83000
 42
1.0
  0
SEQEND
  8
BOARD_OUTLINE
  0
POLYLINE
 5
85
  8
BOARD_OUTLINE
 66
1
 70
1
 40
0.125000
 41
0.125000
  0
VERTEX
 5
86
  8
BOARD_OUTLINE
 10
15.05750
 20
-9.83000
 42
1.0
  0
VERTEX
 5
87
  8
BOARD_OUTLINE
 10
15.18250
 20
-9.83000
 42
1.0
  0
SEQEND
  8
BOARD_OUTLINE
  0
POLYLINE
 5
88
  8
BOARD_OUTLINE
 66
1
 40
0.250000
 41
0.250000
  0
VERTEX
 5
89
  8
BOARD_OUTLINE
 10
15.12000
 20
-9.83000
  0
VERTEX
 5
8A
  8
BOARD_OUTLINE
 10
15.12000
 20
91.67000
  0
SEQEND
  8
BOARD_OUTLINE
  0
POLYLINE
 5
8B
  8
BOARD_OUTLINE
 66
1
 70
1
 40
0.125000
 41
0.125000
  0
VERTEX
 5
8C
  8
BOARD_OUTLINE
 10
15.05750
 20
-9.83000
 42
1.0
  0
VERTEX
 5
8D
  8
BOARD_OUTLINE
 10
15.18250
 20
-9.83000
 42
1.0
  0
SEQEND
  8
BOARD_OUTLINE
  0
POLYLINE
 5
8E
  8
BOARD_OUTLINE
 66
1
 70
1
 40
0.125000
 41
0.125000
  0
VERTEX
 5
8F
  8
BOARD_OUTLINE
 10
15.05750
 20
91.67000
 42
1.0
  0
VERTEX
 5
90
  8
BOARD_OUTLINE
 10
15.18250
 20
91.67000
 42
1.0
  0
SEQEND
  8
BOARD_OUTLINE
  0
POLYLINE
 5
91
  8
LAYNR1
 66
1
 40
0.800000
 41
0.800000
  0
VERTEX
 5
92
  8
LAYNR1
 10
-43.08400
 20
-4.92500
  0
VERTEX
 5
93
  8
LAYNR1
 10
-43.08400
 20
-11.42500
  0
SEQEND
  8
LAYNR1
  0
POLYLINE
 5
94
  8
LAYNR1
 66
1
 70
1
 40
0.400000
 41
0.400000
  0
VERTEX
 5
95
  8
LAYNR1
 10
-43.28400
 20
-4.92500
 42
1.0
  0
VERTEX
 5
96
  8
LAYNR1
 10
-42.88400
 20
-4.92500
 42
1.0
  0
SEQEND
  8
LAYNR1
  0
POLYLINE
 5
97
  8
LAYNR1
 66
1
 70
1
 40
0.400000
 41
0.400000
  0
VERTEX
 5
98
  8
LAYNR1
 10
-43.28400
 20
-11.42500
 42
1.0
  0
VERTEX
 5
99
  8
LAYNR1
 10
-42.88400
 20
-11.42500
 42
1.0
  0
SEQEND
  8
LAYNR1
  0
POLYLINE
 5
9A
  8
LAYNR1
 66
1
 40
0.800000
 41
0.800000
  0
VERTEX
 5
9B
  8
LAYNR1
 10
-43.08400
 20
-11.42500
  0
VERTEX
 5
9C
  8
LAYNR1
 10
-59.88400
 20
-11.42500
  0
SEQEND
  8
LAYNR1
  0
POLYLINE
 5
9D
  8
LAYNR1
 66
1
 70
1
 40
0.400000
 41
0.400000
  0
VERTEX
 5
9E
  8
LAYNR1
 10
-43.28400
 20
-11.42500
 42
1.0
  0
VERTEX
 5
9F
  8
LAYNR1
 10
-42.88400
 20
-11.42500
 42
1.0
  0
SEQEND
  8
LAYNR1
  0
POLYLINE
 5
A0
  8
LAYNR1
 66
1
 70
1
 40
0.400000
 41
0.400000
  0
VERTEX
 5
A1
  8
LAYNR1
 10
-60.08400
 20
-11.42500
 42
1.0
  0
VERTEX
 5
A2
  8
LAYNR1
 10
-59.68400
 20
-11.42500
 42
1.0
  0
SEQEND
  8
LAYNR1
  0
POLYLINE
 5
A3
  8
LAYNR1
 66
1
 40
0.800000
 41
0.800000
  0
VERTEX
 5
A4
  8
LAYNR1
 10
-59.88400
 20
-11.42500
  0
VERTEX
 5
A5
  8
LAYNR1
 10
-59.88400
 20
-4.92500
  0
SEQEND
  8
LAYNR1
  0
POLYLINE
 5
A6
  8
LAYNR1
 66
1
 70
1
 40
0.400000
 41
0.400000
  0
VERTEX
 5
A7
  8
LAYNR1
 10
-60.08400
 20
-11.42500
 42
1.0
  0
VERTEX
 5
A8
  8
LAYNR1
 10
-59.68400
 20
-11.42500
 42
1.0
  0
SEQEND
  8
LAYNR1
  0
POLYLINE
 5
A9
  8
LAYNR1
 66
1
 70
1
 40
0.400000
 41
0.400000
  0
VERTEX
 5
AA
  8
LAYNR1
 10
-60.08400
 20
-4.92500
 42
1.0
  0
VERTEX
 5
AB
  8
LAYNR1
 10
-59.68400
 20
-4.92500
 42
1.0
  0
SEQEND
  8
LAYNR1
  0
POLYLINE
 5
AC
  8
LAYNR1
 66
1
 40
0.800000
 41
0.800000
  0
VERTEX
 5
AD
  8
LAYNR1
 10
-59.88400
 20
-4.92500
  0
VERTEX
 5
AE
  8
LAYNR1
 10
-43.08400
 20
-4.92500
  0
SEQEND
  8
LAYNR1
  0
POLYLINE
 5
AF
  8
LAYNR1
 66
1
 70
1
 40
0.400000
 41
0.400000
  0
VERTEX
 5
B0
  8
LAYNR1
 10
-60.08400
 20
-4.92500
 42
1.0
  0
VERTEX
 5
B1
  8
LAYNR1
 10
-59.68400
 20
-4.92500
 42
1.0
  0
SEQEND
  8
LAYNR1
  0
POLYLINE
 5
B2
  8
LAYNR1
 66
1
 70
1
 40
0.400000
 41
0.400000
  0
VERTEX
 5
B3
  8
LAYNR1
 10
-43.28400
 20
-4.92500
 42
1.0
  0
VERTEX
 5
B4
  8
LAYNR1
 10
-42.88400
 20
-4.92500
 42
1.0
  0
SEQEND
  8
LAYNR1
  0
POLYLINE
 5
B5
  8
LAYNR1
 66
1
 40
0.700000
 41
0.700000
  0
VERTEX
 5
B6
  8
LAYNR1
 10
-41.38400
 20
-6.77500
  0
VERTEX
 5
B7
  8
LAYNR1
 10
-41.38400
 20
-9.57500
  0
SEQEND
  8
LAYNR1
  0
POLYLINE
 5
B8
  8
LAYNR1
 66
1
 70
1
 40
0.350000
 41
0.350000
  0
VERTEX
 5
B9
  8
LAYNR1
 10
-41.55900
 20
-6.77500
 42
1.0
  0
VERTEX
 5
BA
  8
LAYNR1
 10
-41.20900
 20
-6.77500
 42
1.0
  0
SEQEND
  8
LAYNR1
  0
POLYLINE
 5
BB
  8
LAYNR1
 66
1
 70
1
 40
0.350000
 41
0.350000
  0
VERTEX
 5
BC
  8
LAYNR1
 10
-41.55900
 20
-9.57500
 42
1.0
  0
VERTEX
 5
BD
  8
LAYNR1
 10
-41.20900
 20
-9.57500
 42
1.0
  0
SEQEND
  8
LAYNR1
  0
POLYLINE
 5
BE
  8
LAYNR1
 66
1
 40
0.700000
 41
0.700000
  0
VERTEX
 5
BF
  8
LAYNR1
 10
-41.38400
 20
-9.57500
  0
VERTEX
 5
C0
  8
LAYNR1
 10
-43.08400
 20
-9.57500
  0
SEQEND
  8
LAYNR1
  0
POLYLINE
 5
C1
  8
LAYNR1
 66
1
 70
1
 40
0.350000
 41
0.350000
  0
VERTEX
 5
C2
  8
LAYNR1
 10
-41.55900
 20
-9.57500
 42
1.0
  0
VERTEX
 5
C3
  8
LAYNR1
 10
-41.20900
 20
-9.57500
 42
1.0
  0
SEQEND
  8
LAYNR1
  0
POLYLINE
 5
C4
  8
LAYNR1
 66
1
 70
1
 40
0.350000
 41
0.350000
  0
VERTEX
 5
C5
  8
LAYNR1
 10
-43.25900
 20
-9.57500
 42
1.0
  0
VERTEX
 5
C6
  8
LAYNR1
 10
-42.90900
 20
-9.57500
 42
1.0
  0
SEQEND
  8
LAYNR1
  0
POLYLINE
 5
C7
  8
LAYNR1
 66
1
 40
0.700000
 41
0.700000
  0
VERTEX
 5
C8
  8
LAYNR1
 10
-43.08400
 20
-9.57500
  0
VERTEX
 5
C9
  8
LAYNR1
 10
-43.08400
 20
-6.77500
  0
SEQEND
  8
LAYNR1
  0
POLYLINE
 5
CA
  8
LAYNR1
 66
1
 70
1
 40
0.350000
 41
0.350000
  0
VERTEX
 5
CB
  8
LAYNR1
 10
-43.25900
 20
-9.57500
 42
1.0
  0
VERTEX
 5
CC
  8
LAYNR1
 10
-42.90900
 20
-9.57500
 42
1.0
  0
SEQEND
  8
LAYNR1
  0
POLYLINE
 5
CD
  8
LAYNR1
 66
1
 70
1
 40
0.350000
 41
0.350000
  0
VERTEX
 5
CE
  8
LAYNR1
 10
-43.25900
 20
-6.77500
 42
1.0
  0
VERTEX
 5
CF
  8
LAYNR1
 10
-42.90900
 20
-6.77500
 42
1.0
  0
SEQEND
  8
LAYNR1
  0
POLYLINE
 5
D0
  8
LAYNR1
 66
1
 40
0.700000
 41
0.700000
  0
VERTEX
 5
D1
  8
LAYNR1
 10
-43.08400
 20
-6.77500
  0
VERTEX
 5
D2
  8
LAYNR1
 10
-41.38400
 20
-6.77500
  0
SEQEND
  8
LAYNR1
  0
POLYLINE
 5
D3
  8
LAYNR1
 66
1
 70
1
 40
0.350000
 41
0.350000
  0
VERTEX
 5
D4
  8
LAYNR1
 10
-43.25900
 20
-6.77500
 42
1.0
  0
VERTEX
 5
D5
  8
LAYNR1
 10
-42.90900
 20
-6.77500
 42
1.0
  0
SEQEND
  8
LAYNR1
  0
POLYLINE
 5
D6
  8
LAYNR1
 66
1
 70
1
 40
0.350000
 41
0.350000
  0
VERTEX
 5
D7
  8
LAYNR1
 10
-41.55900
 20
-6.77500
 42
1.0
  0
VERTEX
 5
D8
  8
LAYNR1
 10
-41.20900
 20
-6.77500
 42
1.0
  0
SEQEND
  8
LAYNR1
  0
TEXT
  8
LAYNR1
 10
-43.70000
 20
93.72000
 40
1.571438
  1
LBAT
 73
 2
 11
-43.70000
 21
93.72000
  50
270.000001
  0
TEXT
  8
LAYNR1
 10
-7.71000
 20
-0.93000
 40
3.571450
  1
-
 72
 1
 73
 2
 11
-7.71000
 21
-0.93000
  50
180.000019
  0
TEXT
  8
LAYNR1
 10
5.72000
 20
0.08000
 40
2.857160
  1
+
 72
 1
 73
 2
 11
5.72000
 21
0.08000
  50
89.999982
  0
TEXT
  8
LAYNR1
 10
3.78000
 20
-0.93000
 40
3.571450
  1
-
 72
 1
 73
 2
 11
3.78000
 21
-0.93000
  50
180.000019
  0
TEXT
  8
LAYNR1
 10
-5.78000
 20
0.08000
 40
2.857160
  1
+
 72
 1
 73
 2
 11
-5.78000
 21
0.08000
  50
89.999982
  0
TEXT
  8
LAYNR1
 10
-2.91500
 20
93.52000
 40
1.785725
  1
6-24V
 72
 1
 73
 2
 11
-2.91500
 21
93.52000
  0
TEXT
  8
LAYNR1
 10
-46.14000
 20
92.66000
 40
1.571438
  1
PLD
 73
 2
 11
-46.14000
 21
92.66000
  50
270.000001
  0
TEXT
  8
LAYNR1
 10
0.00000
 20
0.00000
 40
3.928595
  1
5V
 72
 1
 73
 2
 11
0.00000
 21
0.00000
  0
TEXT
  8
LAYNR1
 10
-26.43000
 20
72.27000
 40
2.857160
  1
B1
 72
 1
 73
 2
 11
-26.43000
 21
72.27000
  50
270.000001
  0
TEXT
  8
LAYNR1
 10
-26.43000
 20
52.97000
 40
2.857160
  1
B2
 72
 1
 73
 2
 11
-26.43000
 21
52.97000
  50
270.000001
  0
TEXT
  8
LAYNR1
 10
-26.43000
 20
32.37000
 40
2.857160
  1
B3
 72
 1
 73
 2
 11
-26.43000
 21
32.37000
  50
270.000001
  0
TEXT
  8
LAYNR1
 10
-26.43000
 20
13.27000
 40
2.857160
  1
B4
 72
 1
 73
 2
 11
-26.43000
 21
13.27000
  50
270.000001
  0
TEXT
  8
LAYNR1
 10
-43.36000
 20
0.00000
 40
3.928595
  1
12V
 72
 1
 73
 2
 11
-43.36000
 21
0.00000
  0
TEXT
  8
LAYNR1
 10
-29.80000
 20
1.97000
 40
2.857160
  1
+
 72
 1
 73
 2
 11
-29.80000
 21
1.97000
  50
89.999982
  0
TEXT
  8
LAYNR1
 10
-38.46000
 20
0.97000
 40
3.571450
  1
-
 72
 1
 73
 2
 11
-38.46000
 21
0.97000
  50
180.000019
  0
TEXT
  8
LAYNR1
 10
-25.46000
 20
0.97000
 40
3.571450
  1
-
 72
 1
 73
 2
 11
-25.46000
 21
0.97000
  50
180.000019
  0
TEXT
  8
LAYNR1
 10
-16.80000
 20
1.97000
 40
2.857160
  1
+
 72
 1
 73
 2
 11
-16.80000
 21
1.97000
  50
89.999982
  0
TEXT
  8
LAYNR1
 10
-40.38000
 20
88.67000
 40
1.571438
  1
AL_ON
 72
 1
 73
 2
 11
-40.38000
 21
88.67000
  50
270.000001
  0
TEXT
  8
LAYNR1
 10
-32.68000
 20
90.50000
 40
1.571438
  1
12V
 72
 1
 73
 2
 11
-32.68000
 21
90.50000
  50
270.000001
  0
TEXT
  8
LAYNR1
 10
-32.68000
 20
86.95000
 40
1.571438
  1
OFF
 72
 1
 73
 2
 11
-32.68000
 21
86.95000
  50
270.000001
  0
POLYLINE
 5
D9
  8
PLACEMENT_OUTLINE_BOTTOM
 66
1
 40
0.100000
 41
0.100000
  0
VERTEX
 5
DA
  8
PLACEMENT_OUTLINE_BOTTOM
 10
-14.03300
 20
17.25500
  0
VERTEX
 5
DB
  8
PLACEMENT_OUTLINE_BOTTOM
 10
-16.82700
 20
17.25500
  0
SEQEND
  8
PLACEMENT_OUTLINE_BOTTOM
  0
POLYLINE
 5
DC
  8
PLACEMENT_OUTLINE_BOTTOM
 66
1
 70
1
 40
0.050000
 41
0.050000
  0
VERTEX
 5
DD
  8
PLACEMENT_OUTLINE_BOTTOM
 10
-14.05800
 20
17.25500
 42
1.0
  0
VERTEX
 5
DE
  8
PLACEMENT_OUTLINE_BOTTOM
 10
-14.00800
 20
17.25500
 42
1.0
  0
SEQEND
  8
PLACEMENT_OUTLINE_BOTTOM
  0
POLYLINE
 5
DF
  8
PLACEMENT_OUTLINE_BOTTOM
 66
1
 70
1
 40
0.050000
 41
0.050000
  0
VERTEX
 5
E0
  8
PLACEMENT_OUTLINE_BOTTOM
 10
-16.85200
 20
17.25500
 42
1.0
  0
VERTEX
 5
E1
  8
PLACEMENT_OUTLINE_BOTTOM
 10
-16.80200
 20
17.25500
 42
1.0
  0
SEQEND
  8
PLACEMENT_OUTLINE_BOTTOM
  0
POLYLINE
 5
E2
  8
PLACEMENT_OUTLINE_BOTTOM
 66
1
 40
0.100000
 41
0.100000
  0
VERTEX
 5
E3
  8
PLACEMENT_OUTLINE_BOTTOM
 10
-16.82700
 20
17.25500
  0
VERTEX
 5
E4
  8
PLACEMENT_OUTLINE_BOTTOM
 10
-16.82700
 20
18.52500
  0
SEQEND
  8
PLACEMENT_OUTLINE_BOTTOM
  0
POLYLINE
 5
E5
  8
PLACEMENT_OUTLINE_BOTTOM
 66
1
 70
1
 40
0.050000
 41
0.050000
  0
VERTEX
 5
E6
  8
PLACEMENT_OUTLINE_BOTTOM
 10
-16.85200
 20
17.25500
 42
1.0
  0
VERTEX
 5
E7
  8
PLACEMENT_OUTLINE_BOTTOM
 10
-16.80200
 20
17.25500
 42
1.0
  0
SEQEND
  8
PLACEMENT_OUTLINE_BOTTOM
  0
POLYLINE
 5
E8
  8
PLACEMENT_OUTLINE_BOTTOM
 66
1
 70
1
 40
0.050000
 41
0.050000
  0
VERTEX
 5
E9
  8
PLACEMENT_OUTLINE_BOTTOM
 10
-16.85200
 20
18.52500
 42
1.0
  0
VERTEX
 5
EA
  8
PLACEMENT_OUTLINE_BOTTOM
 10
-16.80200
 20
18.52500
 42
1.0
  0
SEQEND
  8
PLACEMENT_OUTLINE_BOTTOM
  0
POLYLINE
 5
EB
  8
PLACEMENT_OUTLINE_BOTTOM
 66
1
 40
0.100000
 41
0.100000
  0
VERTEX
 5
EC
  8
PLACEMENT_OUTLINE_BOTTOM
 10
-16.82700
 20
18.52500
  0
VERTEX
 5
ED
  8
PLACEMENT_OUTLINE_BOTTOM
 10
-14.03300
 20
18.52500
  0
SEQEND
  8
PLACEMENT_OUTLINE_BOTTOM
  0
POLYLINE
 5
EE
  8
PLACEMENT_OUTLINE_BOTTOM
 66
1
 70
1
 40
0.050000
 41
0.050000
  0
VERTEX
 5
EF
  8
PLACEMENT_OUTLINE_BOTTOM
 10
-16.85200
 20
18.52500
 42
1.0
  0
VERTEX
 5
F0
  8
PLACEMENT_OUTLINE_BOTTOM
 10
-16.80200
 20
18.52500
 42
1.0
  0
SEQEND
  8
PLACEMENT_OUTLINE_BOTTOM
  0
POLYLINE
 5
F1
  8
PLACEMENT_OUTLINE_BOTTOM
 66
1
 70
1
 40
0.050000
 41
0.050000
  0
VERTEX
 5
F2
  8
PLACEMENT_OUTLINE_BOTTOM
 10
-14.05800
 20
18.52500
 42
1.0
  0
VERTEX
 5
F3
  8
PLACEMENT_OUTLINE_BOTTOM
 10
-14.00800
 20
18.52500
 42
1.0
  0
SEQEND
  8
PLACEMENT_OUTLINE_BOTTOM
  0
POLYLINE
 5
F4
  8
PLACEMENT_OUTLINE_BOTTOM
 66
1
 40
0.100000
 41
0.100000
  0
VERTEX
 5
F5
  8
PLACEMENT_OUTLINE_BOTTOM
 10
-14.03300
 20
18.52500
  0
VERTEX
 5
F6
  8
PLACEMENT_OUTLINE_BOTTOM
 10
-14.03300
 20
17.25500
  0
SEQEND
  8
PLACEMENT_OUTLINE_BOTTOM
  0
POLYLINE
 5
F7
  8
PLACEMENT_OUTLINE_BOTTOM
 66
1
 70
1
 40
0.050000
 41
0.050000
  0
VERTEX
 5
F8
  8
PLACEMENT_OUTLINE_BOTTOM
 10
-14.05800
 20
18.52500
 42
1.0
  0
VERTEX
 5
F9
  8
PLACEMENT_OUTLINE_BOTTOM
 10
-14.00800
 20
18.52500
 42
1.0
  0
SEQEND
  8
PLACEMENT_OUTLINE_BOTTOM
  0
POLYLINE
 5
FA
  8
PLACEMENT_OUTLINE_BOTTOM
 66
1
 70
1
 40
0.050000
 41
0.050000
  0
VERTEX
 5
FB
  8
PLACEMENT_OUTLINE_BOTTOM
 10
-14.05800
 20
17.25500
 42
1.0
  0
VERTEX
 5
FC
  8
PLACEMENT_OUTLINE_BOTTOM
 10
-14.00800
 20
17.25500
 42
1.0
  0
SEQEND
  8
PLACEMENT_OUTLINE_BOTTOM
  0
SOLID
 5
FD
  8
PADLAYER_BOTTOM
 10
-15.73480
 20
18.34720
 11
-16.64920
 21
18.34720
 12
-15.73480
 22
17.43280
 13
-16.64920
 23
17.43280
  0
SOLID
 5
FE
  8
PADLAYER_BOTTOM
 10
-14.21080
 20
18.34720
 11
-15.12520
 21
18.34720
 12
-14.21080
 22
17.43280
 13
-15.12520
 23
17.43280
  0
POLYLINE
 5
FF
  8
PLACEMENT_OUTLINE_BOTTOM
 66
1
 40
0.299970
 41
0.299970
  0
VERTEX
 5
100
  8
PLACEMENT_OUTLINE_BOTTOM
 10
-15.29300
 20
23.24500
  0
VERTEX
 5
101
  8
PLACEMENT_OUTLINE_BOTTOM
 10
-18.08700
 20
23.24500
  0
SEQEND
  8
PLACEMENT_OUTLINE_BOTTOM
  0
POLYLINE
 5
102
  8
PLACEMENT_OUTLINE_BOTTOM
 66
1
 70
1
 40
0.149985
 41
0.149985
  0
VERTEX
 5
103
  8
PLACEMENT_OUTLINE_BOTTOM
 10
-15.36799
 20
23.24500
 42
1.0
  0
VERTEX
 5
104
  8
PLACEMENT_OUTLINE_BOTTOM
 10
-15.21801
 20
23.24500
 42
1.0
  0
SEQEND
  8
PLACEMENT_OUTLINE_BOTTOM
  0
POLYLINE
 5
105
  8
PLACEMENT_OUTLINE_BOTTOM
 66
1
 70
1
 40
0.149985
 41
0.149985
  0
VERTEX
 5
106
  8
PLACEMENT_OUTLINE_BOTTOM
 10
-18.16199
 20
23.24500
 42
1.0
  0
VERTEX
 5
107
  8
PLACEMENT_OUTLINE_BOTTOM
 10
-18.01201
 20
23.24500
 42
1.0
  0
SEQEND
  8
PLACEMENT_OUTLINE_BOTTOM
  0
POLYLINE
 5
108
  8
PLACEMENT_OUTLINE_BOTTOM
 66
1
 40
0.299970
 41
0.299970
  0
VERTEX
 5
109
  8
PLACEMENT_OUTLINE_BOTTOM
 10
-18.08700
 20
23.24500
  0
VERTEX
 5
10A
  8
PLACEMENT_OUTLINE_BOTTOM
 10
-18.08700
 20
24.51500
  0
SEQEND
  8
PLACEMENT_OUTLINE_BOTTOM
  0
POLYLINE
 5
10B
  8
PLACEMENT_OUTLINE_BOTTOM
 66
1
 70
1
 40
0.149985
 41
0.149985
  0
VERTEX
 5
10C
  8
PLACEMENT_OUTLINE_BOTTOM
 10
-18.16199
 20
23.24500
 42
1.0
  0
VERTEX
 5
10D
  8
PLACEMENT_OUTLINE_BOTTOM
 10
-18.01201
 20
23.24500
 42
1.0
  0
SEQEND
  8
PLACEMENT_OUTLINE_BOTTOM
  0
POLYLINE
 5
10E
  8
PLACEMENT_OUTLINE_BOTTOM
 66
1
 70
1
 40
0.149985
 41
0.149985
  0
VERTEX
 5
10F
  8
PLACEMENT_OUTLINE_BOTTOM
 10
-18.16199
 20
24.51500
 42
1.0
  0
VERTEX
 5
110
  8
PLACEMENT_OUTLINE_BOTTOM
 10
-18.01201
 20
24.51500
 42
1.0
  0
SEQEND
  8
PLACEMENT_OUTLINE_BOTTOM
  0
POLYLINE
 5
111
  8
PLACEMENT_OUTLINE_BOTTOM
 66
1
 40
0.299970
 41
0.299970
  0
VERTEX
 5
112
  8
PLACEMENT_OUTLINE_BOTTOM
 10
-18.08700
 20
24.51500
  0
VERTEX
 5
113
  8
PLACEMENT_OUTLINE_BOTTOM
 10
-15.29300
 20
24.51500
  0
SEQEND
  8
PLACEMENT_OUTLINE_BOTTOM
  0
POLYLINE
 5
114
  8
PLACEMENT_OUTLINE_BOTTOM
 66
1
 70
1
 40
0.149985
 41
0.149985
  0
VERTEX
 5
115
  8
PLACEMENT_OUTLINE_BOTTOM
 10
-18.16199
 20
24.51500
 42
1.0
  0
VERTEX
 5
116
  8
PLACEMENT_OUTLINE_BOTTOM
 10
-18.01201
 20
24.51500
 42
1.0
  0
SEQEND
  8
PLACEMENT_OUTLINE_BOTTOM
  0
POLYLINE
 5
117
  8
PLACEMENT_OUTLINE_BOTTOM
 66
1
 70
1
 40
0.149985
 41
0.149985
  0
VERTEX
 5
118
  8
PLACEMENT_OUTLINE_BOTTOM
 10
-15.36799
 20
24.51500
 42
1.0
  0
VERTEX
 5
119
  8
PLACEMENT_OUTLINE_BOTTOM
 10
-15.21801
 20
24.51500
 42
1.0
  0
SEQEND
  8
PLACEMENT_OUTLINE_BOTTOM
  0
POLYLINE
 5
11A
  8
PLACEMENT_OUTLINE_BOTTOM
 66
1
 40
0.299970
 41
0.299970
  0
VERTEX
 5
11B
  8
PLACEMENT_OUTLINE_BOTTOM
 10
-15.29300
 20
24.51500
  0
VERTEX
 5
11C
  8
PLACEMENT_OUTLINE_BOTTOM
 10
-15.29300
 20
23.24500
  0
SEQEND
  8
PLACEMENT_OUTLINE_BOTTOM
  0
POLYLINE
 5
11D
  8
PLACEMENT_OUTLINE_BOTTOM
 66
1
 70
1
 40
0.149985
 41
0.149985
  0
VERTEX
 5
11E
  8
PLACEMENT_OUTLINE_BOTTOM
 10
-15.36799
 20
24.51500
 42
1.0
  0
VERTEX
 5
11F
  8
PLACEMENT_OUTLINE_BOTTOM
 10
-15.21801
 20
24.51500
 42
1.0
  0
SEQEND
  8
PLACEMENT_OUTLINE_BOTTOM
  0
POLYLINE
 5
120
  8
PLACEMENT_OUTLINE_BOTTOM
 66
1
 70
1
 40
0.149985
 41
0.149985
  0
VERTEX
 5
121
  8
PLACEMENT_OUTLINE_BOTTOM
 10
-15.36799
 20
23.24500
 42
1.0
  0
VERTEX
 5
122
  8
PLACEMENT_OUTLINE_BOTTOM
 10
-15.21801
 20
23.24500
 42
1.0
  0
SEQEND
  8
PLACEMENT_OUTLINE_BOTTOM
  0
SOLID
 5
123
  8
PADLAYER_BOTTOM
 10
-16.99480
 20
24.33720
 11
-17.90920
 21
24.33720
 12
-16.99480
 22
23.42280
 13
-17.90920
 23
23.42280
  0
SOLID
 5
124
  8
PADLAYER_BOTTOM
 10
-15.47080
 20
24.33720
 11
-16.38520
 21
24.33720
 12
-15.47080
 22
23.42280
 13
-16.38520
 23
23.42280
  0
POLYLINE
 5
125
  8
PLACEMENT_OUTLINE_BOTTOM
 66
1
 40
0.299970
 41
0.299970
  0
VERTEX
 5
126
  8
PLACEMENT_OUTLINE_BOTTOM
 10
-13.63300
 20
21.75500
  0
VERTEX
 5
127
  8
PLACEMENT_OUTLINE_BOTTOM
 10
-16.42700
 20
21.75500
  0
SEQEND
  8
PLACEMENT_OUTLINE_BOTTOM
  0
POLYLINE
 5
128
  8
PLACEMENT_OUTLINE_BOTTOM
 66
1
 70
1
 40
0.149985
 41
0.149985
  0
VERTEX
 5
129
  8
PLACEMENT_OUTLINE_BOTTOM
 10
-13.70799
 20
21.75500
 42
1.0
  0
VERTEX
 5
12A
  8
PLACEMENT_OUTLINE_BOTTOM
 10
-13.55801
 20
21.75500
 42
1.0
  0
SEQEND
  8
PLACEMENT_OUTLINE_BOTTOM
  0
POLYLINE
 5
12B
  8
PLACEMENT_OUTLINE_BOTTOM
 66
1
 70
1
 40
0.149985
 41
0.149985
  0
VERTEX
 5
12C
  8
PLACEMENT_OUTLINE_BOTTOM
 10
-16.50199
 20
21.75500
 42
1.0
  0
VERTEX
 5
12D
  8
PLACEMENT_OUTLINE_BOTTOM
 10
-16.35201
 20
21.75500
 42
1.0
  0
SEQEND
  8
PLACEMENT_OUTLINE_BOTTOM
  0
POLYLINE
 5
12E
  8
PLACEMENT_OUTLINE_BOTTOM
 66
1
 40
0.299970
 41
0.299970
  0
VERTEX
 5
12F
  8
PLACEMENT_OUTLINE_BOTTOM
 10
-16.42700
 20
21.75500
  0
VERTEX
 5
130
  8
PLACEMENT_OUTLINE_BOTTOM
 10
-16.42700
 20
23.02500
  0
SEQEND
  8
PLACEMENT_OUTLINE_BOTTOM
  0
POLYLINE
 5
131
  8
PLACEMENT_OUTLINE_BOTTOM
 66
1
 70
1
 40
0.149985
 41
0.149985
  0
VERTEX
 5
132
  8
PLACEMENT_OUTLINE_BOTTOM
 10
-16.50199
 20
21.75500
 42
1.0
  0
VERTEX
 5
133
  8
PLACEMENT_OUTLINE_BOTTOM
 10
-16.35201
 20
21.75500
 42
1.0
  0
SEQEND
  8
PLACEMENT_OUTLINE_BOTTOM
  0
POLYLINE
 5
134
  8
PLACEMENT_OUTLINE_BOTTOM
 66
1
 70
1
 40
0.149985
 41
0.149985
  0
VERTEX
 5
135
  8
PLACEMENT_OUTLINE_BOTTOM
 10
-16.50199
 20
23.02500
 42
1.0
  0
VERTEX
 5
136
  8
PLACEMENT_OUTLINE_BOTTOM
 10
-16.35201
 20
23.02500
 42
1.0
  0
SEQEND
  8
PLACEMENT_OUTLINE_BOTTOM
  0
POLYLINE
 5
137
  8
PLACEMENT_OUTLINE_BOTTOM
 66
1
 40
0.299970
 41
0.299970
  0
VERTEX
 5
138
  8
PLACEMENT_OUTLINE_BOTTOM
 10
-16.42700
 20
23.02500
  0
VERTEX
 5
139
  8
PLACEMENT_OUTLINE_BOTTOM
 10
-13.63300
 20
23.02500
  0
SEQEND
  8
PLACEMENT_OUTLINE_BOTTOM
  0
POLYLINE
 5
13A
  8
PLACEMENT_OUTLINE_BOTTOM
 66
1
 70
1
 40
0.149985
 41
0.149985
  0
VERTEX
 5
13B
  8
PLACEMENT_OUTLINE_BOTTOM
 10
-16.50199
 20
23.02500
 42
1.0
  0
VERTEX
 5
13C
  8
PLACEMENT_OUTLINE_BOTTOM
 10
-16.35201
 20
23.02500
 42
1.0
  0
SEQEND
  8
PLACEMENT_OUTLINE_BOTTOM
  0
POLYLINE
 5
13D
  8
PLACEMENT_OUTLINE_BOTTOM
 66
1
 70
1
 40
0.149985
 41
0.149985
  0
VERTEX
 5
13E
  8
PLACEMENT_OUTLINE_BOTTOM
 10
-13.70799
 20
23.02500
 42
1.0
  0
VERTEX
 5
13F
  8
PLACEMENT_OUTLINE_BOTTOM
 10
-13.55801
 20
23.02500
 42
1.0
  0
SEQEND
  8
PLACEMENT_OUTLINE_BOTTOM
  0
POLYLINE
 5
140
  8
PLACEMENT_OUTLINE_BOTTOM
 66
1
 40
0.299970
 41
0.299970
  0
VERTEX
 5
141
  8
PLACEMENT_OUTLINE_BOTTOM
 10
-13.63300
 20
23.02500
  0
VERTEX
 5
142
  8
PLACEMENT_OUTLINE_BOTTOM
 10
-13.63300
 20
21.75500
  0
SEQEND
  8
PLACEMENT_OUTLINE_BOTTOM
  0
POLYLINE
 5
143
  8
PLACEMENT_OUTLINE_BOTTOM
 66
1
 70
1
 40
0.149985
 41
0.149985
  0
VERTEX
 5
144
  8
PLACEMENT_OUTLINE_BOTTOM
 10
-13.70799
 20
23.02500
 42
1.0
  0
VERTEX
 5
145
  8
PLACEMENT_OUTLINE_BOTTOM
 10
-13.55801
 20
23.02500
 42
1.0
  0
SEQEND
  8
PLACEMENT_OUTLINE_BOTTOM
  0
POLYLINE
 5
146
  8
PLACEMENT_OUTLINE_BOTTOM
 66
1
 70
1
 40
0.149985
 41
0.149985
  0
VERTEX
 5
147
  8
PLACEMENT_OUTLINE_BOTTOM
 10
-13.70799
 20
21.75500
 42
1.0
  0
VERTEX
 5
148
  8
PLACEMENT_OUTLINE_BOTTOM
 10
-13.55801
 20
21.75500
 42
1.0
  0
SEQEND
  8
PLACEMENT_OUTLINE_BOTTOM
  0
SOLID
 5
149
  8
PADLAYER_BOTTOM
 10
-15.33480
 20
22.84720
 11
-16.24920
 21
22.84720
 12
-15.33480
 22
21.93280
 13
-16.24920
 23
21.93280
  0
SOLID
 5
14A
  8
PADLAYER_BOTTOM
 10
-13.81080
 20
22.84720
 11
-14.72520
 21
22.84720
 12
-13.81080
 22
21.93280
 13
-14.72520
 23
21.93280
  0
POLYLINE
 5
14B
  8
PLACEMENT_OUTLINE_BOTTOM
 66
1
 40
0.299970
 41
0.299970
  0
VERTEX
 5
14C
  8
PLACEMENT_OUTLINE_BOTTOM
 10
-12.21400
 20
46.97900
  0
VERTEX
 5
14D
  8
PLACEMENT_OUTLINE_BOTTOM
 10
-9.42000
 20
46.97900
  0
SEQEND
  8
PLACEMENT_OUTLINE_BOTTOM
  0
POLYLINE
 5
14E
  8
PLACEMENT_OUTLINE_BOTTOM
 66
1
 70
1
 40
0.149985
 41
0.149985
  0
VERTEX
 5
14F
  8
PLACEMENT_OUTLINE_BOTTOM
 10
-12.28899
 20
46.97900
 42
1.0
  0
VERTEX
 5
150
  8
PLACEMENT_OUTLINE_BOTTOM
 10
-12.13901
 20
46.97900
 42
1.0
  0
SEQEND
  8
PLACEMENT_OUTLINE_BOTTOM
  0
POLYLINE
 5
151
  8
PLACEMENT_OUTLINE_BOTTOM
 66
1
 70
1
 40
0.149985
 41
0.149985
  0
VERTEX
 5
152
  8
PLACEMENT_OUTLINE_BOTTOM
 10
-9.49499
 20
46.97900
 42
1.0
  0
VERTEX
 5
153
  8
PLACEMENT_OUTLINE_BOTTOM
 10
-9.34501
 20
46.97900
 42
1.0
  0
SEQEND
  8
PLACEMENT_OUTLINE_BOTTOM
  0
POLYLINE
 5
154
  8
PLACEMENT_OUTLINE_BOTTOM
 66
1
 40
0.299970
 41
0.299970
  0
VERTEX
 5
155
  8
PLACEMENT_OUTLINE_BOTTOM
 10
-9.42000
 20
46.97900
  0
VERTEX
 5
156
  8
PLACEMENT_OUTLINE_BOTTOM
 10
-9.42000
 20
45.70900
  0
SEQEND
  8
PLACEMENT_OUTLINE_BOTTOM
  0
POLYLINE
 5
157
  8
PLACEMENT_OUTLINE_BOTTOM
 66
1
 70
1
 40
0.149985
 41
0.149985
  0
VERTEX
 5
158
  8
PLACEMENT_OUTLINE_BOTTOM
 10
-9.49499
 20
46.97900
 42
1.0
  0
VERTEX
 5
159
  8
PLACEMENT_OUTLINE_BOTTOM
 10
-9.34501
 20
46.97900
 42
1.0
  0
SEQEND
  8
PLACEMENT_OUTLINE_BOTTOM
  0
POLYLINE
 5
15A
  8
PLACEMENT_OUTLINE_BOTTOM
 66
1
 70
1
 40
0.149985
 41
0.149985
  0
VERTEX
 5
15B
  8
PLACEMENT_OUTLINE_BOTTOM
 10
-9.49499
 20
45.70900
 42
1.0
  0
VERTEX
 5
15C
  8
PLACEMENT_OUTLINE_BOTTOM
 10
-9.34501
 20
45.70900
 42
1.0
  0
SEQEND
  8
PLACEMENT_OUTLINE_BOTTOM
  0
POLYLINE
 5
15D
  8
PLACEMENT_OUTLINE_BOTTOM
 66
1
 40
0.299970
 41
0.299970
  0
VERTEX
 5
15E
  8
PLACEMENT_OUTLINE_BOTTOM
 10
-9.42000
 20
45.70900
  0
VERTEX
 5
15F
  8
PLACEMENT_OUTLINE_BOTTOM
 10
-12.21400
 20
45.70900
  0
SEQEND
  8
PLACEMENT_OUTLINE_BOTTOM
  0
POLYLINE
 5
160
  8
PLACEMENT_OUTLINE_BOTTOM
 66
1
 70
1
 40
0.149985
 41
0.149985
  0
VERTEX
 5
161
  8
PLACEMENT_OUTLINE_BOTTOM
 10
-9.49499
 20
45.70900
 42
1.0
  0
VERTEX
 5
162
  8
PLACEMENT_OUTLINE_BOTTOM
 10
-9.34501
 20
45.70900
 42
1.0
  0
SEQEND
  8
PLACEMENT_OUTLINE_BOTTOM
  0
POLYLINE
 5
163
  8
PLACEMENT_OUTLINE_BOTTOM
 66
1
 70
1
 40
0.149985
 41
0.149985
  0
VERTEX
 5
164
  8
PLACEMENT_OUTLINE_BOTTOM
 10
-12.28899
 20
45.70900
 42
1.0
  0
VERTEX
 5
165
  8
PLACEMENT_OUTLINE_BOTTOM
 10
-12.13901
 20
45.70900
 42
1.0
  0
SEQEND
  8
PLACEMENT_OUTLINE_BOTTOM
  0
POLYLINE
 5
166
  8
PLACEMENT_OUTLINE_BOTTOM
 66
1
 40
0.299970
 41
0.299970
  0
VERTEX
 5
167
  8
PLACEMENT_OUTLINE_BOTTOM
 10
-12.21400
 20
45.70900
  0
VERTEX
 5
168
  8
PLACEMENT_OUTLINE_BOTTOM
 10
-12.21400
 20
46.97900
  0
SEQEND
  8
PLACEMENT_OUTLINE_BOTTOM
  0
POLYLINE
 5
169
  8
PLACEMENT_OUTLINE_BOTTOM
 66
1
 70
1
 40
0.149985
 41
0.149985
  0
VERTEX
 5
16A
  8
PLACEMENT_OUTLINE_BOTTOM
 10
-12.28899
 20
45.70900
 42
1.0
  0
VERTEX
 5
16B
  8
PLACEMENT_OUTLINE_BOTTOM
 10
-12.13901
 20
45.70900
 42
1.0
  0
SEQEND
  8
PLACEMENT_OUTLINE_BOTTOM
  0
POLYLINE
 5
16C
  8
PLACEMENT_OUTLINE_BOTTOM
 66
1
 70
1
 40
0.149985
 41
0.149985
  0
VERTEX
 5
16D
  8
PLACEMENT_OUTLINE_BOTTOM
 10
-12.28899
 20
46.97900
 42
1.0
  0
VERTEX
 5
16E
  8
PLACEMENT_OUTLINE_BOTTOM
 10
-12.13901
 20
46.97900
 42
1.0
  0
SEQEND
  8
PLACEMENT_OUTLINE_BOTTOM
  0
SOLID
 5
16F
  8
PADLAYER_BOTTOM
 10
-10.51220
 20
45.88680
 11
-9.59780
 21
45.88680
 12
-10.51220
 22
46.80120
 13
-9.59780
 23
46.80120
  0
SOLID
 5
170
  8
PADLAYER_BOTTOM
 10
-12.03620
 20
45.88680
 11
-11.12180
 21
45.88680
 12
-12.03620
 22
46.80120
 13
-11.12180
 23
46.80120
  0
POLYLINE
 5
171
  8
PLACEMENT_OUTLINE_BOTTOM
 66
1
 40
0.299970
 41
0.299970
  0
VERTEX
 5
172
  8
PLACEMENT_OUTLINE_BOTTOM
 10
-1.60300
 20
44.91600
  0
VERTEX
 5
173
  8
PLACEMENT_OUTLINE_BOTTOM
 10
-4.39700
 20
44.91600
  0
SEQEND
  8
PLACEMENT_OUTLINE_BOTTOM
  0
POLYLINE
 5
174
  8
PLACEMENT_OUTLINE_BOTTOM
 66
1
 70
1
 40
0.149985
 41
0.149985
  0
VERTEX
 5
175
  8
PLACEMENT_OUTLINE_BOTTOM
 10
-1.67799
 20
44.91600
 42
1.0
  0
VERTEX
 5
176
  8
PLACEMENT_OUTLINE_BOTTOM
 10
-1.52801
 20
44.91600
 42
1.0
  0
SEQEND
  8
PLACEMENT_OUTLINE_BOTTOM
  0
POLYLINE
 5
177
  8
PLACEMENT_OUTLINE_BOTTOM
 66
1
 70
1
 40
0.149985
 41
0.149985
  0
VERTEX
 5
178
  8
PLACEMENT_OUTLINE_BOTTOM
 10
-4.47199
 20
44.91600
 42
1.0
  0
VERTEX
 5
179
  8
PLACEMENT_OUTLINE_BOTTOM
 10
-4.32201
 20
44.91600
 42
1.0
  0
SEQEND
  8
PLACEMENT_OUTLINE_BOTTOM
  0
POLYLINE
 5
17A
  8
PLACEMENT_OUTLINE_BOTTOM
 66
1
 40
0.299970
 41
0.299970
  0
VERTEX
 5
17B
  8
PLACEMENT_OUTLINE_BOTTOM
 10
-4.39700
 20
44.91600
  0
VERTEX
 5
17C
  8
PLACEMENT_OUTLINE_BOTTOM
 10
-4.39700
 20
46.18600
  0
SEQEND
  8
PLACEMENT_OUTLINE_BOTTOM
  0
POLYLINE
 5
17D
  8
PLACEMENT_OUTLINE_BOTTOM
 66
1
 70
1
 40
0.149985
 41
0.149985
  0
VERTEX
 5
17E
  8
PLACEMENT_OUTLINE_BOTTOM
 10
-4.47199
 20
44.91600
 42
1.0
  0
VERTEX
 5
17F
  8
PLACEMENT_OUTLINE_BOTTOM
 10
-4.32201
 20
44.91600
 42
1.0
  0
SEQEND
  8
PLACEMENT_OUTLINE_BOTTOM
  0
POLYLINE
 5
180
  8
PLACEMENT_OUTLINE_BOTTOM
 66
1
 70
1
 40
0.149985
 41
0.149985
  0
VERTEX
 5
181
  8
PLACEMENT_OUTLINE_BOTTOM
 10
-4.47199
 20
46.18600
 42
1.0
  0
VERTEX
 5
182
  8
PLACEMENT_OUTLINE_BOTTOM
 10
-4.32201
 20
46.18600
 42
1.0
  0
SEQEND
  8
PLACEMENT_OUTLINE_BOTTOM
  0
POLYLINE
 5
183
  8
PLACEMENT_OUTLINE_BOTTOM
 66
1
 40
0.299970
 41
0.299970
  0
VERTEX
 5
184
  8
PLACEMENT_OUTLINE_BOTTOM
 10
-4.39700
 20
46.18600
  0
VERTEX
 5
185
  8
PLACEMENT_OUTLINE_BOTTOM
 10
-1.60300
 20
46.18600
  0
SEQEND
  8
PLACEMENT_OUTLINE_BOTTOM
  0
POLYLINE
 5
186
  8
PLACEMENT_OUTLINE_BOTTOM
 66
1
 70
1
 40
0.149985
 41
0.149985
  0
VERTEX
 5
187
  8
PLACEMENT_OUTLINE_BOTTOM
 10
-4.47199
 20
46.18600
 42
1.0
  0
VERTEX
 5
188
  8
PLACEMENT_OUTLINE_BOTTOM
 10
-4.32201
 20
46.18600
 42
1.0
  0
SEQEND
  8
PLACEMENT_OUTLINE_BOTTOM
  0
POLYLINE
 5
189
  8
PLACEMENT_OUTLINE_BOTTOM
 66
1
 70
1
 40
0.149985
 41
0.149985
  0
VERTEX
 5
18A
  8
PLACEMENT_OUTLINE_BOTTOM
 10
-1.67799
 20
46.18600
 42
1.0
  0
VERTEX
 5
18B
  8
PLACEMENT_OUTLINE_BOTTOM
 10
-1.52801
 20
46.18600
 42
1.0
  0
SEQEND
  8
PLACEMENT_OUTLINE_BOTTOM
  0
POLYLINE
 5
18C
  8
PLACEMENT_OUTLINE_BOTTOM
 66
1
 40
0.299970
 41
0.299970
  0
VERTEX
 5
18D
  8
PLACEMENT_OUTLINE_BOTTOM
 10
-1.60300
 20
46.18600
  0
VERTEX
 5
18E
  8
PLACEMENT_OUTLINE_BOTTOM
 10
-1.60300
 20
44.91600
  0
SEQEND
  8
PLACEMENT_OUTLINE_BOTTOM
  0
POLYLINE
 5
18F
  8
PLACEMENT_OUTLINE_BOTTOM
 66
1
 70
1
 40
0.149985
 41
0.149985
  0
VERTEX
 5
190
  8
PLACEMENT_OUTLINE_BOTTOM
 10
-1.67799
 20
46.18600
 42
1.0
  0
VERTEX
 5
191
  8
PLACEMENT_OUTLINE_BOTTOM
 10
-1.52801
 20
46.18600
 42
1.0
  0
SEQEND
  8
PLACEMENT_OUTLINE_BOTTOM
  0
POLYLINE
 5
192
  8
PLACEMENT_OUTLINE_BOTTOM
 66
1
 70
1
 40
0.149985
 41
0.149985
  0
VERTEX
 5
193
  8
PLACEMENT_OUTLINE_BOTTOM
 10
-1.67799
 20
44.91600
 42
1.0
  0
VERTEX
 5
194
  8
PLACEMENT_OUTLINE_BOTTOM
 10
-1.52801
 20
44.91600
 42
1.0
  0
SEQEND
  8
PLACEMENT_OUTLINE_BOTTOM
  0
SOLID
 5
195
  8
PADLAYER_BOTTOM
 10
-3.30480
 20
46.00820
 11
-4.21920
 21
46.00820
 12
-3.30480
 22
45.09380
 13
-4.21920
 23
45.09380
  0
SOLID
 5
196
  8
PADLAYER_BOTTOM
 10
-1.78080
 20
46.00820
 11
-2.69520
 21
46.00820
 12
-1.78080
 22
45.09380
 13
-2.69520
 23
45.09380
  0
POLYLINE
 5
197
  8
PLACEMENT_OUTLINE_BOTTOM
 66
1
 40
0.299970
 41
0.299970
  0
VERTEX
 5
198
  8
PLACEMENT_OUTLINE_BOTTOM
 10
-14.03300
 20
18.75500
  0
VERTEX
 5
199
  8
PLACEMENT_OUTLINE_BOTTOM
 10
-16.82700
 20
18.75500
  0
SEQEND
  8
PLACEMENT_OUTLINE_BOTTOM
  0
POLYLINE
 5
19A
  8
PLACEMENT_OUTLINE_BOTTOM
 66
1
 70
1
 40
0.149985
 41
0.149985
  0
VERTEX
 5
19B
  8
PLACEMENT_OUTLINE_BOTTOM
 10
-14.10799
 20
18.75500
 42
1.0
  0
VERTEX
 5
19C
  8
PLACEMENT_OUTLINE_BOTTOM
 10
-13.95801
 20
18.75500
 42
1.0
  0
SEQEND
  8
PLACEMENT_OUTLINE_BOTTOM
  0
POLYLINE
 5
19D
  8
PLACEMENT_OUTLINE_BOTTOM
 66
1
 70
1
 40
0.149985
 41
0.149985
  0
VERTEX
 5
19E
  8
PLACEMENT_OUTLINE_BOTTOM
 10
-16.90199
 20
18.75500
 42
1.0
  0
VERTEX
 5
19F
  8
PLACEMENT_OUTLINE_BOTTOM
 10
-16.75201
 20
18.75500
 42
1.0
  0
SEQEND
  8
PLACEMENT_OUTLINE_BOTTOM
  0
POLYLINE
 5
1A0
  8
PLACEMENT_OUTLINE_BOTTOM
 66
1
 40
0.299970
 41
0.299970
  0
VERTEX
 5
1A1
  8
PLACEMENT_OUTLINE_BOTTOM
 10
-16.82700
 20
18.75500
  0
VERTEX
 5
1A2
  8
PLACEMENT_OUTLINE_BOTTOM
 10
-16.82700
 20
20.02500
  0
SEQEND
  8
PLACEMENT_OUTLINE_BOTTOM
  0
POLYLINE
 5
1A3
  8
PLACEMENT_OUTLINE_BOTTOM
 66
1
 70
1
 40
0.149985
 41
0.149985
  0
VERTEX
 5
1A4
  8
PLACEMENT_OUTLINE_BOTTOM
 10
-16.90199
 20
18.75500
 42
1.0
  0
VERTEX
 5
1A5
  8
PLACEMENT_OUTLINE_BOTTOM
 10
-16.75201
 20
18.75500
 42
1.0
  0
SEQEND
  8
PLACEMENT_OUTLINE_BOTTOM
  0
POLYLINE
 5
1A6
  8
PLACEMENT_OUTLINE_BOTTOM
 66
1
 70
1
 40
0.149985
 41
0.149985
  0
VERTEX
 5
1A7
  8
PLACEMENT_OUTLINE_BOTTOM
 10
-16.90199
 20
20.02500
 42
1.0
  0
VERTEX
 5
1A8
  8
PLACEMENT_OUTLINE_BOTTOM
 10
-16.75201
 20
20.02500
 42
1.0
  0
SEQEND
  8
PLACEMENT_OUTLINE_BOTTOM
  0
POLYLINE
 5
1A9
  8
PLACEMENT_OUTLINE_BOTTOM
 66
1
 40
0.299970
 41
0.299970
  0
VERTEX
 5
1AA
  8
PLACEMENT_OUTLINE_BOTTOM
 10
-16.82700
 20
20.02500
  0
VERTEX
 5
1AB
  8
PLACEMENT_OUTLINE_BOTTOM
 10
-14.03300
 20
20.02500
  0
SEQEND
  8
PLACEMENT_OUTLINE_BOTTOM
  0
POLYLINE
 5
1AC
  8
PLACEMENT_OUTLINE_BOTTOM
 66
1
 70
1
 40
0.149985
 41
0.149985
  0
VERTEX
 5
1AD
  8
PLACEMENT_OUTLINE_BOTTOM
 10
-16.90199
 20
20.02500
 42
1.0
  0
VERTEX
 5
1AE
  8
PLACEMENT_OUTLINE_BOTTOM
 10
-16.75201
 20
20.02500
 42
1.0
  0
SEQEND
  8
PLACEMENT_OUTLINE_BOTTOM
  0
POLYLINE
 5
1AF
  8
PLACEMENT_OUTLINE_BOTTOM
 66
1
 70
1
 40
0.149985
 41
0.149985
  0
VERTEX
 5
1B0
  8
PLACEMENT_OUTLINE_BOTTOM
 10
-14.10799
 20
20.02500
 42
1.0
  0
VERTEX
 5
1B1
  8
PLACEMENT_OUTLINE_BOTTOM
 10
-13.95801
 20
20.02500
 42
1.0
  0
SEQEND
  8
PLACEMENT_OUTLINE_BOTTOM
  0
POLYLINE
 5
1B2
  8
PLACEMENT_OUTLINE_BOTTOM
 66
1
 40
0.299970
 41
0.299970
  0
VERTEX
 5
1B3
  8
PLACEMENT_OUTLINE_BOTTOM
 10
-14.03300
 20
20.02500
  0
VERTEX
 5
1B4
  8
PLACEMENT_OUTLINE_BOTTOM
 10
-14.03300
 20
18.75500
  0
SEQEND
  8
PLACEMENT_OUTLINE_BOTTOM
  0
POLYLINE
 5
1B5
  8
PLACEMENT_OUTLINE_BOTTOM
 66
1
 70
1
 40
0.149985
 41
0.149985
  0
VERTEX
 5
1B6
  8
PLACEMENT_OUTLINE_BOTTOM
 10
-14.10799
 20
20.02500
 42
1.0
  0
VERTEX
 5
1B7
  8
PLACEMENT_OUTLINE_BOTTOM
 10
-13.95801
 20
20.02500
 42
1.0
  0
SEQEND
  8
PLACEMENT_OUTLINE_BOTTOM
  0
POLYLINE
 5
1B8
  8
PLACEMENT_OUTLINE_BOTTOM
 66
1
 70
1
 40
0.149985
 41
0.149985
  0
VERTEX
 5
1B9
  8
PLACEMENT_OUTLINE_BOTTOM
 10
-14.10799
 20
18.75500
 42
1.0
  0
VERTEX
 5
1BA
  8
PLACEMENT_OUTLINE_BOTTOM
 10
-13.95801
 20
18.75500
 42
1.0
  0
SEQEND
  8
PLACEMENT_OUTLINE_BOTTOM
  0
SOLID
 5
1BB
  8
PADLAYER_BOTTOM
 10
-15.73480
 20
19.84720
 11
-16.64920
 21
19.84720
 12
-15.73480
 22
18.93280
 13
-16.64920
 23
18.93280
  0
SOLID
 5
1BC
  8
PADLAYER_BOTTOM
 10
-14.21080
 20
19.84720
 11
-15.12520
 21
19.84720
 12
-14.21080
 22
18.93280
 13
-15.12520
 23
18.93280
  0
POLYLINE
 5
1BD
  8
PLACEMENT_OUTLINE_BOTTOM
 66
1
 40
0.299970
 41
0.299970
  0
VERTEX
 5
1BE
  8
PLACEMENT_OUTLINE_BOTTOM
 10
-13.73300
 20
20.25500
  0
VERTEX
 5
1BF
  8
PLACEMENT_OUTLINE_BOTTOM
 10
-16.52700
 20
20.25500
  0
SEQEND
  8
PLACEMENT_OUTLINE_BOTTOM
  0
POLYLINE
 5
1C0
  8
PLACEMENT_OUTLINE_BOTTOM
 66
1
 70
1
 40
0.149985
 41
0.149985
  0
VERTEX
 5
1C1
  8
PLACEMENT_OUTLINE_BOTTOM
 10
-13.80799
 20
20.25500
 42
1.0
  0
VERTEX
 5
1C2
  8
PLACEMENT_OUTLINE_BOTTOM
 10
-13.65801
 20
20.25500
 42
1.0
  0
SEQEND
  8
PLACEMENT_OUTLINE_BOTTOM
  0
POLYLINE
 5
1C3
  8
PLACEMENT_OUTLINE_BOTTOM
 66
1
 70
1
 40
0.149985
 41
0.149985
  0
VERTEX
 5
1C4
  8
PLACEMENT_OUTLINE_BOTTOM
 10
-16.60199
 20
20.25500
 42
1.0
  0
VERTEX
 5
1C5
  8
PLACEMENT_OUTLINE_BOTTOM
 10
-16.45201
 20
20.25500
 42
1.0
  0
SEQEND
  8
PLACEMENT_OUTLINE_BOTTOM
  0
POLYLINE
 5
1C6
  8
PLACEMENT_OUTLINE_BOTTOM
 66
1
 40
0.299970
 41
0.299970
  0
VERTEX
 5
1C7
  8
PLACEMENT_OUTLINE_BOTTOM
 10
-16.52700
 20
20.25500
  0
VERTEX
 5
1C8
  8
PLACEMENT_OUTLINE_BOTTOM
 10
-16.52700
 20
21.52500
  0
SEQEND
  8
PLACEMENT_OUTLINE_BOTTOM
  0
POLYLINE
 5
1C9
  8
PLACEMENT_OUTLINE_BOTTOM
 66
1
 70
1
 40
0.149985
 41
0.149985
  0
VERTEX
 5
1CA
  8
PLACEMENT_OUTLINE_BOTTOM
 10
-16.60199
 20
20.25500
 42
1.0
  0
VERTEX
 5
1CB
  8
PLACEMENT_OUTLINE_BOTTOM
 10
-16.45201
 20
20.25500
 42
1.0
  0
SEQEND
  8
PLACEMENT_OUTLINE_BOTTOM
  0
POLYLINE
 5
1CC
  8
PLACEMENT_OUTLINE_BOTTOM
 66
1
 70
1
 40
0.149985
 41
0.149985
  0
VERTEX
 5
1CD
  8
PLACEMENT_OUTLINE_BOTTOM
 10
-16.60199
 20
21.52500
 42
1.0
  0
VERTEX
 5
1CE
  8
PLACEMENT_OUTLINE_BOTTOM
 10
-16.45201
 20
21.52500
 42
1.0
  0
SEQEND
  8
PLACEMENT_OUTLINE_BOTTOM
  0
POLYLINE
 5
1CF
  8
PLACEMENT_OUTLINE_BOTTOM
 66
1
 40
0.299970
 41
0.299970
  0
VERTEX
 5
1D0
  8
PLACEMENT_OUTLINE_BOTTOM
 10
-16.52700
 20
21.52500
  0
VERTEX
 5
1D1
  8
PLACEMENT_OUTLINE_BOTTOM
 10
-13.73300
 20
21.52500
  0
SEQEND
  8
PLACEMENT_OUTLINE_BOTTOM
  0
POLYLINE
 5
1D2
  8
PLACEMENT_OUTLINE_BOTTOM
 66
1
 70
1
 40
0.149985
 41
0.149985
  0
VERTEX
 5
1D3
  8
PLACEMENT_OUTLINE_BOTTOM
 10
-16.60199
 20
21.52500
 42
1.0
  0
VERTEX
 5
1D4
  8
PLACEMENT_OUTLINE_BOTTOM
 10
-16.45201
 20
21.52500
 42
1.0
  0
SEQEND
  8
PLACEMENT_OUTLINE_BOTTOM
  0
POLYLINE
 5
1D5
  8
PLACEMENT_OUTLINE_BOTTOM
 66
1
 70
1
 40
0.149985
 41
0.149985
  0
VERTEX
 5
1D6
  8
PLACEMENT_OUTLINE_BOTTOM
 10
-13.80799
 20
21.52500
 42
1.0
  0
VERTEX
 5
1D7
  8
PLACEMENT_OUTLINE_BOTTOM
 10
-13.65801
 20
21.52500
 42
1.0
  0
SEQEND
  8
PLACEMENT_OUTLINE_BOTTOM
  0
POLYLINE
 5
1D8
  8
PLACEMENT_OUTLINE_BOTTOM
 66
1
 40
0.299970
 41
0.299970
  0
VERTEX
 5
1D9
  8
PLACEMENT_OUTLINE_BOTTOM
 10
-13.73300
 20
21.52500
  0
VERTEX
 5
1DA
  8
PLACEMENT_OUTLINE_BOTTOM
 10
-13.73300
 20
20.25500
  0
SEQEND
  8
PLACEMENT_OUTLINE_BOTTOM
  0
POLYLINE
 5
1DB
  8
PLACEMENT_OUTLINE_BOTTOM
 66
1
 70
1
 40
0.149985
 41
0.149985
  0
VERTEX
 5
1DC
  8
PLACEMENT_OUTLINE_BOTTOM
 10
-13.80799
 20
21.52500
 42
1.0
  0
VERTEX
 5
1DD
  8
PLACEMENT_OUTLINE_BOTTOM
 10
-13.65801
 20
21.52500
 42
1.0
  0
SEQEND
  8
PLACEMENT_OUTLINE_BOTTOM
  0
POLYLINE
 5
1DE
  8
PLACEMENT_OUTLINE_BOTTOM
 66
1
 70
1
 40
0.149985
 41
0.149985
  0
VERTEX
 5
1DF
  8
PLACEMENT_OUTLINE_BOTTOM
 10
-13.80799
 20
20.25500
 42
1.0
  0
VERTEX
 5
1E0
  8
PLACEMENT_OUTLINE_BOTTOM
 10
-13.65801
 20
20.25500
 42
1.0
  0
SEQEND
  8
PLACEMENT_OUTLINE_BOTTOM
  0
SOLID
 5
1E1
  8
PADLAYER_BOTTOM
 10
-15.43480
 20
21.34720
 11
-16.34920
 21
21.34720
 12
-15.43480
 22
20.43280
 13
-16.34920
 23
20.43280
  0
SOLID
 5
1E2
  8
PADLAYER_BOTTOM
 10
-13.91080
 20
21.34720
 11
-14.82520
 21
21.34720
 12
-13.91080
 22
20.43280
 13
-14.82520
 23
20.43280
  0
POLYLINE
 5
1E3
  8
Bottom04
 66
1
 70
1
 40
0.000000
 41
0.000000
  0
VERTEX
 5
1E4
  8
Bottom04
 10
-9.45700
 20
58.57670
 42
0.414214
  0
VERTEX
 5
1E5
  8
Bottom04
 10
-9.46970
 20
58.56400
  0
VERTEX
 5
1E6
  8
Bottom04
 10
-9.46970
 20
55.37400
 42
0.414214
  0
VERTEX
 5
1E7
  8
Bottom04
 10
-9.45700
 20
55.36130
  0
VERTEX
 5
1E8
  8
Bottom04
 10
-7.95700
 20
55.36130
 42
0.414214
  0
VERTEX
 5
1E9
  8
Bottom04
 10
-7.94430
 20
55.37400
  0
VERTEX
 5
1EA
  8
Bottom04
 10
-7.94430
 20
58.56400
 42
0.414214
  0
VERTEX
 5
1EB
  8
Bottom04
 10
-7.95700
 20
58.57670
  0
VERTEX
 5
1EC
  8
Bottom04
 10
-9.45700
 20
58.57670
  0
SEQEND
  8
Bottom04
  0
POLYLINE
 5
1ED
  8
2DLINES_4
 66
1
 40
0.152400
 41
0.152400
  0
VERTEX
 5
1EE
  8
2DLINES_4
 10
-8.06700
 20
56.96400
  0
VERTEX
 5
1EF
  8
2DLINES_4
 10
-9.36700
 20
56.96400
  0
SEQEND
  8
2DLINES_4
  0
POLYLINE
 5
1F0
  8
2DLINES_4
 66
1
 70
1
 40
0.076200
 41
0.076200
  0
VERTEX
 5
1F1
  8
2DLINES_4
 10
-8.10510
 20
56.96400
 42
1.0
  0
VERTEX
 5
1F2
  8
2DLINES_4
 10
-8.02890
 20
56.96400
 42
1.0
  0
SEQEND
  8
2DLINES_4
  0
POLYLINE
 5
1F3
  8
2DLINES_4
 66
1
 70
1
 40
0.076200
 41
0.076200
  0
VERTEX
 5
1F4
  8
2DLINES_4
 10
-9.40510
 20
56.96400
 42
1.0
  0
VERTEX
 5
1F5
  8
2DLINES_4
 10
-9.32890
 20
56.96400
 42
1.0
  0
SEQEND
  8
2DLINES_4
  0
POLYLINE
 5
1F6
  8
PLACEMENT_OUTLINE_BOTTOM
 66
1
 40
0.025400
 41
0.025400
  0
VERTEX
 5
1F7
  8
PLACEMENT_OUTLINE_BOTTOM
 10
-7.96700
 20
58.56400
  0
VERTEX
 5
1F8
  8
PLACEMENT_OUTLINE_BOTTOM
 10
-9.46700
 20
58.56400
  0
SEQEND
  8
PLACEMENT_OUTLINE_BOTTOM
  0
POLYLINE
 5
1F9
  8
PLACEMENT_OUTLINE_BOTTOM
 66
1
 70
1
 40
0.012700
 41
0.012700
  0
VERTEX
 5
1FA
  8
PLACEMENT_OUTLINE_BOTTOM
 10
-7.97335
 20
58.56400
 42
1.0
  0
VERTEX
 5
1FB
  8
PLACEMENT_OUTLINE_BOTTOM
 10
-7.96065
 20
58.56400
 42
1.0
  0
SEQEND
  8
PLACEMENT_OUTLINE_BOTTOM
  0
POLYLINE
 5
1FC
  8
PLACEMENT_OUTLINE_BOTTOM
 66
1
 70
1
 40
0.012700
 41
0.012700
  0
VERTEX
 5
1FD
  8
PLACEMENT_OUTLINE_BOTTOM
 10
-9.47335
 20
58.56400
 42
1.0
  0
VERTEX
 5
1FE
  8
PLACEMENT_OUTLINE_BOTTOM
 10
-9.46065
 20
58.56400
 42
1.0
  0
SEQEND
  8
PLACEMENT_OUTLINE_BOTTOM
  0
POLYLINE
 5
1FF
  8
PLACEMENT_OUTLINE_BOTTOM
 66
1
 40
0.025400
 41
0.025400
  0
VERTEX
 5
200
  8
PLACEMENT_OUTLINE_BOTTOM
 10
-9.46700
 20
58.56400
  0
VERTEX
 5
201
  8
PLACEMENT_OUTLINE_BOTTOM
 10
-9.46700
 20
55.36400
  0
SEQEND
  8
PLACEMENT_OUTLINE_BOTTOM
  0
POLYLINE
 5
202
  8
PLACEMENT_OUTLINE_BOTTOM
 66
1
 70
1
 40
0.012700
 41
0.012700
  0
VERTEX
 5
203
  8
PLACEMENT_OUTLINE_BOTTOM
 10
-9.47335
 20
58.56400
 42
1.0
  0
VERTEX
 5
204
  8
PLACEMENT_OUTLINE_BOTTOM
 10
-9.46065
 20
58.56400
 42
1.0
  0
SEQEND
  8
PLACEMENT_OUTLINE_BOTTOM
  0
POLYLINE
 5
205
  8
PLACEMENT_OUTLINE_BOTTOM
 66
1
 70
1
 40
0.012700
 41
0.012700
  0
VERTEX
 5
206
  8
PLACEMENT_OUTLINE_BOTTOM
 10
-9.47335
 20
55.36400
 42
1.0
  0
VERTEX
 5
207
  8
PLACEMENT_OUTLINE_BOTTOM
 10
-9.46065
 20
55.36400
 42
1.0
  0
SEQEND
  8
PLACEMENT_OUTLINE_BOTTOM
  0
POLYLINE
 5
208
  8
PLACEMENT_OUTLINE_BOTTOM
 66
1
 40
0.025400
 41
0.025400
  0
VERTEX
 5
209
  8
PLACEMENT_OUTLINE_BOTTOM
 10
-9.46700
 20
55.36400
  0
VERTEX
 5
20A
  8
PLACEMENT_OUTLINE_BOTTOM
 10
-7.96700
 20
55.36400
  0
SEQEND
  8
PLACEMENT_OUTLINE_BOTTOM
  0
POLYLINE
 5
20B
  8
PLACEMENT_OUTLINE_BOTTOM
 66
1
 70
1
 40
0.012700
 41
0.012700
  0
VERTEX
 5
20C
  8
PLACEMENT_OUTLINE_BOTTOM
 10
-9.47335
 20
55.36400
 42
1.0
  0
VERTEX
 5
20D
  8
PLACEMENT_OUTLINE_BOTTOM
 10
-9.46065
 20
55.36400
 42
1.0
  0
SEQEND
  8
PLACEMENT_OUTLINE_BOTTOM
  0
POLYLINE
 5
20E
  8
PLACEMENT_OUTLINE_BOTTOM
 66
1
 70
1
 40
0.012700
 41
0.012700
  0
VERTEX
 5
20F
  8
PLACEMENT_OUTLINE_BOTTOM
 10
-7.97335
 20
55.36400
 42
1.0
  0
VERTEX
 5
210
  8
PLACEMENT_OUTLINE_BOTTOM
 10
-7.96065
 20
55.36400
 42
1.0
  0
SEQEND
  8
PLACEMENT_OUTLINE_BOTTOM
  0
POLYLINE
 5
211
  8
PLACEMENT_OUTLINE_BOTTOM
 66
1
 40
0.025400
 41
0.025400
  0
VERTEX
 5
212
  8
PLACEMENT_OUTLINE_BOTTOM
 10
-7.96700
 20
55.36400
  0
VERTEX
 5
213
  8
PLACEMENT_OUTLINE_BOTTOM
 10
-7.96700
 20
58.56400
  0
SEQEND
  8
PLACEMENT_OUTLINE_BOTTOM
  0
POLYLINE
 5
214
  8
PLACEMENT_OUTLINE_BOTTOM
 66
1
 70
1
 40
0.012700
 41
0.012700
  0
VERTEX
 5
215
  8
PLACEMENT_OUTLINE_BOTTOM
 10
-7.97335
 20
55.36400
 42
1.0
  0
VERTEX
 5
216
  8
PLACEMENT_OUTLINE_BOTTOM
 10
-7.96065
 20
55.36400
 42
1.0
  0
SEQEND
  8
PLACEMENT_OUTLINE_BOTTOM
  0
POLYLINE
 5
217
  8
PLACEMENT_OUTLINE_BOTTOM
 66
1
 70
1
 40
0.012700
 41
0.012700
  0
VERTEX
 5
218
  8
PLACEMENT_OUTLINE_BOTTOM
 10
-7.97335
 20
58.56400
 42
1.0
  0
VERTEX
 5
219
  8
PLACEMENT_OUTLINE_BOTTOM
 10
-7.96065
 20
58.56400
 42
1.0
  0
SEQEND
  8
PLACEMENT_OUTLINE_BOTTOM
  0
SOLID
 5
21A
  8
PADLAYER_BOTTOM
 10
-7.96700
 20
58.56400
 11
-9.46700
 21
58.56400
 12
-7.96700
 22
57.26400
 13
-9.46700
 23
57.26400
  0
SOLID
 5
21B
  8
PADLAYER_BOTTOM
 10
-7.96700
 20
56.66400
 11
-9.46700
 21
56.66400
 12
-7.96700
 22
55.36400
 13
-9.46700
 23
55.36400
  0
POLYLINE
 5
21C
  8
Bottom04
 66
1
 70
1
 40
0.000000
 41
0.000000
  0
VERTEX
 5
21D
  8
Bottom04
 10
-19.63730
 20
60.66600
 42
0.414214
  0
VERTEX
 5
21E
  8
Bottom04
 10
-19.65000
 20
60.67870
  0
VERTEX
 5
21F
  8
Bottom04
 10
-22.84000
 20
60.67870
 42
0.414214
  0
VERTEX
 5
220
  8
Bottom04
 10
-22.85270
 20
60.66600
  0
VERTEX
 5
221
  8
Bottom04
 10
-22.85270
 20
59.16600
 42
0.414214
  0
VERTEX
 5
222
  8
Bottom04
 10
-22.84000
 20
59.15330
  0
VERTEX
 5
223
  8
Bottom04
 10
-19.65000
 20
59.15330
 42
0.414214
  0
VERTEX
 5
224
  8
Bottom04
 10
-19.63730
 20
59.16600
  0
VERTEX
 5
225
  8
Bottom04
 10
-19.63730
 20
60.66600
  0
SEQEND
  8
Bottom04
  0
POLYLINE
 5
226
  8
2DLINES_4
 66
1
 40
0.152400
 41
0.152400
  0
VERTEX
 5
227
  8
2DLINES_4
 10
-21.25000
 20
59.27600
  0
VERTEX
 5
228
  8
2DLINES_4
 10
-21.25000
 20
60.57600
  0
SEQEND
  8
2DLINES_4
  0
POLYLINE
 5
229
  8
2DLINES_4
 66
1
 70
1
 40
0.076200
 41
0.076200
  0
VERTEX
 5
22A
  8
2DLINES_4
 10
-21.28810
 20
59.27600
 42
1.0
  0
VERTEX
 5
22B
  8
2DLINES_4
 10
-21.21190
 20
59.27600
 42
1.0
  0
SEQEND
  8
2DLINES_4
  0
POLYLINE
 5
22C
  8
2DLINES_4
 66
1
 70
1
 40
0.076200
 41
0.076200
  0
VERTEX
 5
22D
  8
2DLINES_4
 10
-21.28810
 20
60.57600
 42
1.0
  0
VERTEX
 5
22E
  8
2DLINES_4
 10
-21.21190
 20
60.57600
 42
1.0
  0
SEQEND
  8
2DLINES_4
  0
POLYLINE
 5
22F
  8
PLACEMENT_OUTLINE_BOTTOM
 66
1
 40
0.025400
 41
0.025400
  0
VERTEX
 5
230
  8
PLACEMENT_OUTLINE_BOTTOM
 10
-19.65000
 20
59.17600
  0
VERTEX
 5
231
  8
PLACEMENT_OUTLINE_BOTTOM
 10
-19.65000
 20
60.67600
  0
SEQEND
  8
PLACEMENT_OUTLINE_BOTTOM
  0
POLYLINE
 5
232
  8
PLACEMENT_OUTLINE_BOTTOM
 66
1
 70
1
 40
0.012700
 41
0.012700
  0
VERTEX
 5
233
  8
PLACEMENT_OUTLINE_BOTTOM
 10
-19.65635
 20
59.17600
 42
1.0
  0
VERTEX
 5
234
  8
PLACEMENT_OUTLINE_BOTTOM
 10
-19.64365
 20
59.17600
 42
1.0
  0
SEQEND
  8
PLACEMENT_OUTLINE_BOTTOM
  0
POLYLINE
 5
235
  8
PLACEMENT_OUTLINE_BOTTOM
 66
1
 70
1
 40
0.012700
 41
0.012700
  0
VERTEX
 5
236
  8
PLACEMENT_OUTLINE_BOTTOM
 10
-19.65635
 20
60.67600
 42
1.0
  0
VERTEX
 5
237
  8
PLACEMENT_OUTLINE_BOTTOM
 10
-19.64365
 20
60.67600
 42
1.0
  0
SEQEND
  8
PLACEMENT_OUTLINE_BOTTOM
  0
POLYLINE
 5
238
  8
PLACEMENT_OUTLINE_BOTTOM
 66
1
 40
0.025400
 41
0.025400
  0
VERTEX
 5
239
  8
PLACEMENT_OUTLINE_BOTTOM
 10
-19.65000
 20
60.67600
  0
VERTEX
 5
23A
  8
PLACEMENT_OUTLINE_BOTTOM
 10
-22.85000
 20
60.67600
  0
SEQEND
  8
PLACEMENT_OUTLINE_BOTTOM
  0
POLYLINE
 5
23B
  8
PLACEMENT_OUTLINE_BOTTOM
 66
1
 70
1
 40
0.012700
 41
0.012700
  0
VERTEX
 5
23C
  8
PLACEMENT_OUTLINE_BOTTOM
 10
-19.65635
 20
60.67600
 42
1.0
  0
VERTEX
 5
23D
  8
PLACEMENT_OUTLINE_BOTTOM
 10
-19.64365
 20
60.67600
 42
1.0
  0
SEQEND
  8
PLACEMENT_OUTLINE_BOTTOM
  0
POLYLINE
 5
23E
  8
PLACEMENT_OUTLINE_BOTTOM
 66
1
 70
1
 40
0.012700
 41
0.012700
  0
VERTEX
 5
23F
  8
PLACEMENT_OUTLINE_BOTTOM
 10
-22.85635
 20
60.67600
 42
1.0
  0
VERTEX
 5
240
  8
PLACEMENT_OUTLINE_BOTTOM
 10
-22.84365
 20
60.67600
 42
1.0
  0
SEQEND
  8
PLACEMENT_OUTLINE_BOTTOM
  0
POLYLINE
 5
241
  8
PLACEMENT_OUTLINE_BOTTOM
 66
1
 40
0.025400
 41
0.025400
  0
VERTEX
 5
242
  8
PLACEMENT_OUTLINE_BOTTOM
 10
-22.85000
 20
60.67600
  0
VERTEX
 5
243
  8
PLACEMENT_OUTLINE_BOTTOM
 10
-22.85000
 20
59.17600
  0
SEQEND
  8
PLACEMENT_OUTLINE_BOTTOM
  0
POLYLINE
 5
244
  8
PLACEMENT_OUTLINE_BOTTOM
 66
1
 70
1
 40
0.012700
 41
0.012700
  0
VERTEX
 5
245
  8
PLACEMENT_OUTLINE_BOTTOM
 10
-22.85635
 20
60.67600
 42
1.0
  0
VERTEX
 5
246
  8
PLACEMENT_OUTLINE_BOTTOM
 10
-22.84365
 20
60.67600
 42
1.0
  0
SEQEND
  8
PLACEMENT_OUTLINE_BOTTOM
  0
POLYLINE
 5
247
  8
PLACEMENT_OUTLINE_BOTTOM
 66
1
 70
1
 40
0.012700
 41
0.012700
  0
VERTEX
 5
248
  8
PLACEMENT_OUTLINE_BOTTOM
 10
-22.85635
 20
59.17600
 42
1.0
  0
VERTEX
 5
249
  8
PLACEMENT_OUTLINE_BOTTOM
 10
-22.84365
 20
59.17600
 42
1.0
  0
SEQEND
  8
PLACEMENT_OUTLINE_BOTTOM
  0
POLYLINE
 5
24A
  8
PLACEMENT_OUTLINE_BOTTOM
 66
1
 40
0.025400
 41
0.025400
  0
VERTEX
 5
24B
  8
PLACEMENT_OUTLINE_BOTTOM
 10
-22.85000
 20
59.17600
  0
VERTEX
 5
24C
  8
PLACEMENT_OUTLINE_BOTTOM
 10
-19.65000
 20
59.17600
  0
SEQEND
  8
PLACEMENT_OUTLINE_BOTTOM
  0
POLYLINE
 5
24D
  8
PLACEMENT_OUTLINE_BOTTOM
 66
1
 70
1
 40
0.012700
 41
0.012700
  0
VERTEX
 5
24E
  8
PLACEMENT_OUTLINE_BOTTOM
 10
-22.85635
 20
59.17600
 42
1.0
  0
VERTEX
 5
24F
  8
PLACEMENT_OUTLINE_BOTTOM
 10
-22.84365
 20
59.17600
 42
1.0
  0
SEQEND
  8
PLACEMENT_OUTLINE_BOTTOM
  0
POLYLINE
 5
250
  8
PLACEMENT_OUTLINE_BOTTOM
 66
1
 70
1
 40
0.012700
 41
0.012700
  0
VERTEX
 5
251
  8
PLACEMENT_OUTLINE_BOTTOM
 10
-19.65635
 20
59.17600
 42
1.0
  0
VERTEX
 5
252
  8
PLACEMENT_OUTLINE_BOTTOM
 10
-19.64365
 20
59.17600
 42
1.0
  0
SEQEND
  8
PLACEMENT_OUTLINE_BOTTOM
  0
SOLID
 5
253
  8
PADLAYER_BOTTOM
 10
-19.65000
 20
59.17600
 11
-19.65000
 21
60.67600
 12
-20.95000
 22
59.17600
 13
-20.95000
 23
60.67600
  0
SOLID
 5
254
  8
PADLAYER_BOTTOM
 10
-21.55000
 20
59.17600
 11
-21.55000
 21
60.67600
 12
-22.85000
 22
59.17600
 13
-22.85000
 23
60.67600
  0
POLYLINE
 5
255
  8
PLACEMENT_OUTLINE_BOTTOM
 66
1
 40
0.100000
 41
0.100000
  0
VERTEX
 5
256
  8
PLACEMENT_OUTLINE_BOTTOM
 10
-16.58500
 20
23.02700
  0
VERTEX
 5
257
  8
PLACEMENT_OUTLINE_BOTTOM
 10
-16.58500
 20
20.23300
  0
SEQEND
  8
PLACEMENT_OUTLINE_BOTTOM
  0
POLYLINE
 5
258
  8
PLACEMENT_OUTLINE_BOTTOM
 66
1
 70
1
 40
0.050000
 41
0.050000
  0
VERTEX
 5
259
  8
PLACEMENT_OUTLINE_BOTTOM
 10
-16.61000
 20
23.02700
 42
1.0
  0
VERTEX
 5
25A
  8
PLACEMENT_OUTLINE_BOTTOM
 10
-16.56000
 20
23.02700
 42
1.0
  0
SEQEND
  8
PLACEMENT_OUTLINE_BOTTOM
  0
POLYLINE
 5
25B
  8
PLACEMENT_OUTLINE_BOTTOM
 66
1
 70
1
 40
0.050000
 41
0.050000
  0
VERTEX
 5
25C
  8
PLACEMENT_OUTLINE_BOTTOM
 10
-16.61000
 20
20.23300
 42
1.0
  0
VERTEX
 5
25D
  8
PLACEMENT_OUTLINE_BOTTOM
 10
-16.56000
 20
20.23300
 42
1.0
  0
SEQEND
  8
PLACEMENT_OUTLINE_BOTTOM
  0
POLYLINE
 5
25E
  8
PLACEMENT_OUTLINE_BOTTOM
 66
1
 40
0.100000
 41
0.100000
  0
VERTEX
 5
25F
  8
PLACEMENT_OUTLINE_BOTTOM
 10
-16.58500
 20
20.23300
  0
VERTEX
 5
260
  8
PLACEMENT_OUTLINE_BOTTOM
 10
-17.85500
 20
20.23300
  0
SEQEND
  8
PLACEMENT_OUTLINE_BOTTOM
  0
POLYLINE
 5
261
  8
PLACEMENT_OUTLINE_BOTTOM
 66
1
 70
1
 40
0.050000
 41
0.050000
  0
VERTEX
 5
262
  8
PLACEMENT_OUTLINE_BOTTOM
 10
-16.61000
 20
20.23300
 42
1.0
  0
VERTEX
 5
263
  8
PLACEMENT_OUTLINE_BOTTOM
 10
-16.56000
 20
20.23300
 42
1.0
  0
SEQEND
  8
PLACEMENT_OUTLINE_BOTTOM
  0
POLYLINE
 5
264
  8
PLACEMENT_OUTLINE_BOTTOM
 66
1
 70
1
 40
0.050000
 41
0.050000
  0
VERTEX
 5
265
  8
PLACEMENT_OUTLINE_BOTTOM
 10
-17.88000
 20
20.23300
 42
1.0
  0
VERTEX
 5
266
  8
PLACEMENT_OUTLINE_BOTTOM
 10
-17.83000
 20
20.23300
 42
1.0
  0
SEQEND
  8
PLACEMENT_OUTLINE_BOTTOM
  0
POLYLINE
 5
267
  8
PLACEMENT_OUTLINE_BOTTOM
 66
1
 40
0.100000
 41
0.100000
  0
VERTEX
 5
268
  8
PLACEMENT_OUTLINE_BOTTOM
 10
-17.85500
 20
20.23300
  0
VERTEX
 5
269
  8
PLACEMENT_OUTLINE_BOTTOM
 10
-17.85500
 20
23.02700
  0
SEQEND
  8
PLACEMENT_OUTLINE_BOTTOM
  0
POLYLINE
 5
26A
  8
PLACEMENT_OUTLINE_BOTTOM
 66
1
 70
1
 40
0.050000
 41
0.050000
  0
VERTEX
 5
26B
  8
PLACEMENT_OUTLINE_BOTTOM
 10
-17.88000
 20
20.23300
 42
1.0
  0
VERTEX
 5
26C
  8
PLACEMENT_OUTLINE_BOTTOM
 10
-17.83000
 20
20.23300
 42
1.0
  0
SEQEND
  8
PLACEMENT_OUTLINE_BOTTOM
  0
POLYLINE
 5
26D
  8
PLACEMENT_OUTLINE_BOTTOM
 66
1
 70
1
 40
0.050000
 41
0.050000
  0
VERTEX
 5
26E
  8
PLACEMENT_OUTLINE_BOTTOM
 10
-17.88000
 20
23.02700
 42
1.0
  0
VERTEX
 5
26F
  8
PLACEMENT_OUTLINE_BOTTOM
 10
-17.83000
 20
23.02700
 42
1.0
  0
SEQEND
  8
PLACEMENT_OUTLINE_BOTTOM
  0
POLYLINE
 5
270
  8
PLACEMENT_OUTLINE_BOTTOM
 66
1
 40
0.100000
 41
0.100000
  0
VERTEX
 5
271
  8
PLACEMENT_OUTLINE_BOTTOM
 10
-17.85500
 20
23.02700
  0
VERTEX
 5
272
  8
PLACEMENT_OUTLINE_BOTTOM
 10
-16.58500
 20
23.02700
  0
SEQEND
  8
PLACEMENT_OUTLINE_BOTTOM
  0
POLYLINE
 5
273
  8
PLACEMENT_OUTLINE_BOTTOM
 66
1
 70
1
 40
0.050000
 41
0.050000
  0
VERTEX
 5
274
  8
PLACEMENT_OUTLINE_BOTTOM
 10
-17.88000
 20
23.02700
 42
1.0
  0
VERTEX
 5
275
  8
PLACEMENT_OUTLINE_BOTTOM
 10
-17.83000
 20
23.02700
 42
1.0
  0
SEQEND
  8
PLACEMENT_OUTLINE_BOTTOM
  0
POLYLINE
 5
276
  8
PLACEMENT_OUTLINE_BOTTOM
 66
1
 70
1
 40
0.050000
 41
0.050000
  0
VERTEX
 5
277
  8
PLACEMENT_OUTLINE_BOTTOM
 10
-16.61000
 20
23.02700
 42
1.0
  0
VERTEX
 5
278
  8
PLACEMENT_OUTLINE_BOTTOM
 10
-16.56000
 20
23.02700
 42
1.0
  0
SEQEND
  8
PLACEMENT_OUTLINE_BOTTOM
  0
SOLID
 5
279
  8
PADLAYER_BOTTOM
 10
-17.67720
 20
21.32520
 11
-17.67720
 21
20.41080
 12
-16.76280
 22
21.32520
 13
-16.76280
 23
20.41080
  0
SOLID
 5
27A
  8
PADLAYER_BOTTOM
 10
-17.67720
 20
22.84920
 11
-17.67720
 21
21.93480
 12
-16.76280
 22
22.84920
 13
-16.76280
 23
21.93480
  0
POLYLINE
 5
27B
  8
PLACEMENT_OUTLINE_BOTTOM
 66
1
 40
0.299970
 41
0.299970
  0
VERTEX
 5
27C
  8
PLACEMENT_OUTLINE_BOTTOM
 10
-14.03300
 20
15.75500
  0
VERTEX
 5
27D
  8
PLACEMENT_OUTLINE_BOTTOM
 10
-16.82700
 20
15.75500
  0
SEQEND
  8
PLACEMENT_OUTLINE_BOTTOM
  0
POLYLINE
 5
27E
  8
PLACEMENT_OUTLINE_BOTTOM
 66
1
 70
1
 40
0.149985
 41
0.149985
  0
VERTEX
 5
27F
  8
PLACEMENT_OUTLINE_BOTTOM
 10
-14.10799
 20
15.75500
 42
1.0
  0
VERTEX
 5
280
  8
PLACEMENT_OUTLINE_BOTTOM
 10
-13.95801
 20
15.75500
 42
1.0
  0
SEQEND
  8
PLACEMENT_OUTLINE_BOTTOM
  0
POLYLINE
 5
281
  8
PLACEMENT_OUTLINE_BOTTOM
 66
1
 70
1
 40
0.149985
 41
0.149985
  0
VERTEX
 5
282
  8
PLACEMENT_OUTLINE_BOTTOM
 10
-16.90199
 20
15.75500
 42
1.0
  0
VERTEX
 5
283
  8
PLACEMENT_OUTLINE_BOTTOM
 10
-16.75201
 20
15.75500
 42
1.0
  0
SEQEND
  8
PLACEMENT_OUTLINE_BOTTOM
  0
POLYLINE
 5
284
  8
PLACEMENT_OUTLINE_BOTTOM
 66
1
 40
0.299970
 41
0.299970
  0
VERTEX
 5
285
  8
PLACEMENT_OUTLINE_BOTTOM
 10
-16.82700
 20
15.75500
  0
VERTEX
 5
286
  8
PLACEMENT_OUTLINE_BOTTOM
 10
-16.82700
 20
17.02500
  0
SEQEND
  8
PLACEMENT_OUTLINE_BOTTOM
  0
POLYLINE
 5
287
  8
PLACEMENT_OUTLINE_BOTTOM
 66
1
 70
1
 40
0.149985
 41
0.149985
  0
VERTEX
 5
288
  8
PLACEMENT_OUTLINE_BOTTOM
 10
-16.90199
 20
15.75500
 42
1.0
  0
VERTEX
 5
289
  8
PLACEMENT_OUTLINE_BOTTOM
 10
-16.75201
 20
15.75500
 42
1.0
  0
SEQEND
  8
PLACEMENT_OUTLINE_BOTTOM
  0
POLYLINE
 5
28A
  8
PLACEMENT_OUTLINE_BOTTOM
 66
1
 70
1
 40
0.149985
 41
0.149985
  0
VERTEX
 5
28B
  8
PLACEMENT_OUTLINE_BOTTOM
 10
-16.90199
 20
17.02500
 42
1.0
  0
VERTEX
 5
28C
  8
PLACEMENT_OUTLINE_BOTTOM
 10
-16.75201
 20
17.02500
 42
1.0
  0
SEQEND
  8
PLACEMENT_OUTLINE_BOTTOM
  0
POLYLINE
 5
28D
  8
PLACEMENT_OUTLINE_BOTTOM
 66
1
 40
0.299970
 41
0.299970
  0
VERTEX
 5
28E
  8
PLACEMENT_OUTLINE_BOTTOM
 10
-16.82700
 20
17.02500
  0
VERTEX
 5
28F
  8
PLACEMENT_OUTLINE_BOTTOM
 10
-14.03300
 20
17.02500
  0
SEQEND
  8
PLACEMENT_OUTLINE_BOTTOM
  0
POLYLINE
 5
290
  8
PLACEMENT_OUTLINE_BOTTOM
 66
1
 70
1
 40
0.149985
 41
0.149985
  0
VERTEX
 5
291
  8
PLACEMENT_OUTLINE_BOTTOM
 10
-16.90199
 20
17.02500
 42
1.0
  0
VERTEX
 5
292
  8
PLACEMENT_OUTLINE_BOTTOM
 10
-16.75201
 20
17.02500
 42
1.0
  0
SEQEND
  8
PLACEMENT_OUTLINE_BOTTOM
  0
POLYLINE
 5
293
  8
PLACEMENT_OUTLINE_BOTTOM
 66
1
 70
1
 40
0.149985
 41
0.149985
  0
VERTEX
 5
294
  8
PLACEMENT_OUTLINE_BOTTOM
 10
-14.10799
 20
17.02500
 42
1.0
  0
VERTEX
 5
295
  8
PLACEMENT_OUTLINE_BOTTOM
 10
-13.95801
 20
17.02500
 42
1.0
  0
SEQEND
  8
PLACEMENT_OUTLINE_BOTTOM
  0
POLYLINE
 5
296
  8
PLACEMENT_OUTLINE_BOTTOM
 66
1
 40
0.299970
 41
0.299970
  0
VERTEX
 5
297
  8
PLACEMENT_OUTLINE_BOTTOM
 10
-14.03300
 20
17.02500
  0
VERTEX
 5
298
  8
PLACEMENT_OUTLINE_BOTTOM
 10
-14.03300
 20
15.75500
  0
SEQEND
  8
PLACEMENT_OUTLINE_BOTTOM
  0
POLYLINE
 5
299
  8
PLACEMENT_OUTLINE_BOTTOM
 66
1
 70
1
 40
0.149985
 41
0.149985
  0
VERTEX
 5
29A
  8
PLACEMENT_OUTLINE_BOTTOM
 10
-14.10799
 20
17.02500
 42
1.0
  0
VERTEX
 5
29B
  8
PLACEMENT_OUTLINE_BOTTOM
 10
-13.95801
 20
17.02500
 42
1.0
  0
SEQEND
  8
PLACEMENT_OUTLINE_BOTTOM
  0
POLYLINE
 5
29C
  8
PLACEMENT_OUTLINE_BOTTOM
 66
1
 70
1
 40
0.149985
 41
0.149985
  0
VERTEX
 5
29D
  8
PLACEMENT_OUTLINE_BOTTOM
 10
-14.10799
 20
15.75500
 42
1.0
  0
VERTEX
 5
29E
  8
PLACEMENT_OUTLINE_BOTTOM
 10
-13.95801
 20
15.75500
 42
1.0
  0
SEQEND
  8
PLACEMENT_OUTLINE_BOTTOM
  0
SOLID
 5
29F
  8
PADLAYER_BOTTOM
 10
-15.73480
 20
16.84720
 11
-16.64920
 21
16.84720
 12
-15.73480
 22
15.93280
 13
-16.64920
 23
15.93280
  0
SOLID
 5
2A0
  8
PADLAYER_BOTTOM
 10
-14.21080
 20
16.84720
 11
-15.12520
 21
16.84720
 12
-14.21080
 22
15.93280
 13
-15.12520
 23
15.93280
  0
POLYLINE
 5
2A1
  8
2DLINES_1
 66
1
 40
0.150000
 41
0.150000
  0
VERTEX
 5
2A2
  8
2DLINES_1
 10
-48.78000
 20
92.07000
  0
VERTEX
 5
2A3
  8
2DLINES_1
 10
-48.78000
 20
86.07000
  0
SEQEND
  8
2DLINES_1
  0
POLYLINE
 5
2A4
  8
2DLINES_1
 66
1
 70
1
 40
0.075000
 41
0.075000
  0
VERTEX
 5
2A5
  8
2DLINES_1
 10
-48.81750
 20
92.07000
 42
1.0
  0
VERTEX
 5
2A6
  8
2DLINES_1
 10
-48.74250
 20
92.07000
 42
1.0
  0
SEQEND
  8
2DLINES_1
  0
POLYLINE
 5
2A7
  8
2DLINES_1
 66
1
 70
1
 40
0.075000
 41
0.075000
  0
VERTEX
 5
2A8
  8
2DLINES_1
 10
-48.81750
 20
86.07000
 42
1.0
  0
VERTEX
 5
2A9
  8
2DLINES_1
 10
-48.74250
 20
86.07000
 42
1.0
  0
SEQEND
  8
2DLINES_1
  0
POLYLINE
 5
2AA
  8
2DLINES_1
 66
1
 40
0.150000
 41
0.150000
  0
VERTEX
 5
2AB
  8
2DLINES_1
 10
-48.78000
 20
86.07000
  0
VERTEX
 5
2AC
  8
2DLINES_1
 10
-54.78000
 20
86.07000
  0
SEQEND
  8
2DLINES_1
  0
POLYLINE
 5
2AD
  8
2DLINES_1
 66
1
 70
1
 40
0.075000
 41
0.075000
  0
VERTEX
 5
2AE
  8
2DLINES_1
 10
-48.81750
 20
86.07000
 42
1.0
  0
VERTEX
 5
2AF
  8
2DLINES_1
 10
-48.74250
 20
86.07000
 42
1.0
  0
SEQEND
  8
2DLINES_1
  0
POLYLINE
 5
2B0
  8
2DLINES_1
 66
1
 70
1
 40
0.075000
 41
0.075000
  0
VERTEX
 5
2B1
  8
2DLINES_1
 10
-54.81750
 20
86.07000
 42
1.0
  0
VERTEX
 5
2B2
  8
2DLINES_1
 10
-54.74250
 20
86.07000
 42
1.0
  0
SEQEND
  8
2DLINES_1
  0
POLYLINE
 5
2B3
  8
2DLINES_1
 66
1
 40
0.150000
 41
0.150000
  0
VERTEX
 5
2B4
  8
2DLINES_1
 10
-54.78000
 20
86.07000
  0
VERTEX
 5
2B5
  8
2DLINES_1
 10
-54.78000
 20
92.07000
  0
SEQEND
  8
2DLINES_1
  0
POLYLINE
 5
2B6
  8
2DLINES_1
 66
1
 70
1
 40
0.075000
 41
0.075000
  0
VERTEX
 5
2B7
  8
2DLINES_1
 10
-54.81750
 20
86.07000
 42
1.0
  0
VERTEX
 5
2B8
  8
2DLINES_1
 10
-54.74250
 20
86.07000
 42
1.0
  0
SEQEND
  8
2DLINES_1
  0
POLYLINE
 5
2B9
  8
2DLINES_1
 66
1
 70
1
 40
0.075000
 41
0.075000
  0
VERTEX
 5
2BA
  8
2DLINES_1
 10
-54.81750
 20
92.07000
 42
1.0
  0
VERTEX
 5
2BB
  8
2DLINES_1
 10
-54.74250
 20
92.07000
 42
1.0
  0
SEQEND
  8
2DLINES_1
  0
POLYLINE
 5
2BC
  8
2DLINES_1
 66
1
 40
0.150000
 41
0.150000
  0
VERTEX
 5
2BD
  8
2DLINES_1
 10
-54.78000
 20
92.07000
  0
VERTEX
 5
2BE
  8
2DLINES_1
 10
-48.78000
 20
92.07000
  0
SEQEND
  8
2DLINES_1
  0
POLYLINE
 5
2BF
  8
2DLINES_1
 66
1
 70
1
 40
0.075000
 41
0.075000
  0
VERTEX
 5
2C0
  8
2DLINES_1
 10
-54.81750
 20
92.07000
 42
1.0
  0
VERTEX
 5
2C1
  8
2DLINES_1
 10
-54.74250
 20
92.07000
 42
1.0
  0
SEQEND
  8
2DLINES_1
  0
POLYLINE
 5
2C2
  8
2DLINES_1
 66
1
 70
1
 40
0.075000
 41
0.075000
  0
VERTEX
 5
2C3
  8
2DLINES_1
 10
-48.81750
 20
92.07000
 42
1.0
  0
VERTEX
 5
2C4
  8
2DLINES_1
 10
-48.74250
 20
92.07000
 42
1.0
  0
SEQEND
  8
2DLINES_1
  0
POLYLINE
 5
2C5
  8
PLACEMENT_OUTLINE_TOP
 66
1
 40
0.150000
 41
0.150000
  0
VERTEX
 5
2C6
  8
PLACEMENT_OUTLINE_TOP
 10
-48.78000
 20
92.07000
  0
VERTEX
 5
2C7
  8
PLACEMENT_OUTLINE_TOP
 10
-48.78000
 20
86.07000
  0
SEQEND
  8
PLACEMENT_OUTLINE_TOP
  0
POLYLINE
 5
2C8
  8
PLACEMENT_OUTLINE_TOP
 66
1
 70
1
 40
0.075000
 41
0.075000
  0
VERTEX
 5
2C9
  8
PLACEMENT_OUTLINE_TOP
 10
-48.81750
 20
92.07000
 42
1.0
  0
VERTEX
 5
2CA
  8
PLACEMENT_OUTLINE_TOP
 10
-48.74250
 20
92.07000
 42
1.0
  0
SEQEND
  8
PLACEMENT_OUTLINE_TOP
  0
POLYLINE
 5
2CB
  8
PLACEMENT_OUTLINE_TOP
 66
1
 70
1
 40
0.075000
 41
0.075000
  0
VERTEX
 5
2CC
  8
PLACEMENT_OUTLINE_TOP
 10
-48.81750
 20
86.07000
 42
1.0
  0
VERTEX
 5
2CD
  8
PLACEMENT_OUTLINE_TOP
 10
-48.74250
 20
86.07000
 42
1.0
  0
SEQEND
  8
PLACEMENT_OUTLINE_TOP
  0
POLYLINE
 5
2CE
  8
PLACEMENT_OUTLINE_TOP
 66
1
 40
0.150000
 41
0.150000
  0
VERTEX
 5
2CF
  8
PLACEMENT_OUTLINE_TOP
 10
-48.78000
 20
86.07000
  0
VERTEX
 5
2D0
  8
PLACEMENT_OUTLINE_TOP
 10
-54.78000
 20
86.07000
  0
SEQEND
  8
PLACEMENT_OUTLINE_TOP
  0
POLYLINE
 5
2D1
  8
PLACEMENT_OUTLINE_TOP
 66
1
 70
1
 40
0.075000
 41
0.075000
  0
VERTEX
 5
2D2
  8
PLACEMENT_OUTLINE_TOP
 10
-48.81750
 20
86.07000
 42
1.0
  0
VERTEX
 5
2D3
  8
PLACEMENT_OUTLINE_TOP
 10
-48.74250
 20
86.07000
 42
1.0
  0
SEQEND
  8
PLACEMENT_OUTLINE_TOP
  0
POLYLINE
 5
2D4
  8
PLACEMENT_OUTLINE_TOP
 66
1
 70
1
 40
0.075000
 41
0.075000
  0
VERTEX
 5
2D5
  8
PLACEMENT_OUTLINE_TOP
 10
-54.81750
 20
86.07000
 42
1.0
  0
VERTEX
 5
2D6
  8
PLACEMENT_OUTLINE_TOP
 10
-54.74250
 20
86.07000
 42
1.0
  0
SEQEND
  8
PLACEMENT_OUTLINE_TOP
  0
POLYLINE
 5
2D7
  8
PLACEMENT_OUTLINE_TOP
 66
1
 40
0.150000
 41
0.150000
  0
VERTEX
 5
2D8
  8
PLACEMENT_OUTLINE_TOP
 10
-54.78000
 20
86.07000
  0
VERTEX
 5
2D9
  8
PLACEMENT_OUTLINE_TOP
 10
-54.78000
 20
92.07000
  0
SEQEND
  8
PLACEMENT_OUTLINE_TOP
  0
POLYLINE
 5
2DA
  8
PLACEMENT_OUTLINE_TOP
 66
1
 70
1
 40
0.075000
 41
0.075000
  0
VERTEX
 5
2DB
  8
PLACEMENT_OUTLINE_TOP
 10
-54.81750
 20
86.07000
 42
1.0
  0
VERTEX
 5
2DC
  8
PLACEMENT_OUTLINE_TOP
 10
-54.74250
 20
86.07000
 42
1.0
  0
SEQEND
  8
PLACEMENT_OUTLINE_TOP
  0
POLYLINE
 5
2DD
  8
PLACEMENT_OUTLINE_TOP
 66
1
 70
1
 40
0.075000
 41
0.075000
  0
VERTEX
 5
2DE
  8
PLACEMENT_OUTLINE_TOP
 10
-54.81750
 20
92.07000
 42
1.0
  0
VERTEX
 5
2DF
  8
PLACEMENT_OUTLINE_TOP
 10
-54.74250
 20
92.07000
 42
1.0
  0
SEQEND
  8
PLACEMENT_OUTLINE_TOP
  0
POLYLINE
 5
2E0
  8
PLACEMENT_OUTLINE_TOP
 66
1
 40
0.150000
 41
0.150000
  0
VERTEX
 5
2E1
  8
PLACEMENT_OUTLINE_TOP
 10
-54.78000
 20
92.07000
  0
VERTEX
 5
2E2
  8
PLACEMENT_OUTLINE_TOP
 10
-48.78000
 20
92.07000
  0
SEQEND
  8
PLACEMENT_OUTLINE_TOP
  0
POLYLINE
 5
2E3
  8
PLACEMENT_OUTLINE_TOP
 66
1
 70
1
 40
0.075000
 41
0.075000
  0
VERTEX
 5
2E4
  8
PLACEMENT_OUTLINE_TOP
 10
-54.81750
 20
92.07000
 42
1.0
  0
VERTEX
 5
2E5
  8
PLACEMENT_OUTLINE_TOP
 10
-54.74250
 20
92.07000
 42
1.0
  0
SEQEND
  8
PLACEMENT_OUTLINE_TOP
  0
POLYLINE
 5
2E6
  8
PLACEMENT_OUTLINE_TOP
 66
1
 70
1
 40
0.075000
 41
0.075000
  0
VERTEX
 5
2E7
  8
PLACEMENT_OUTLINE_TOP
 10
-48.81750
 20
92.07000
 42
1.0
  0
VERTEX
 5
2E8
  8
PLACEMENT_OUTLINE_TOP
 10
-48.74250
 20
92.07000
 42
1.0
  0
SEQEND
  8
PLACEMENT_OUTLINE_TOP
  0
SOLID
 5
2E9
  8
PADLAYER_TOP
 10
-50.20500
 20
93.77000
 11
-50.20500
 21
91.77000
 12
-48.80500
 22
93.77000
 13
-48.80500
 23
91.77000
  0
SOLID
 5
2EA
  8
PADLAYER_TOP
 10
-54.78000
 20
93.77000
 11
-54.78000
 21
91.77000
 12
-53.33000
 22
93.77000
 13
-53.33000
 23
91.77000
  0
SOLID
 5
2EB
  8
PADLAYER_TOP
 10
-50.23000
 20
86.37000
 11
-50.23000
 21
84.37000
 12
-48.78000
 22
86.37000
 13
-48.78000
 23
84.37000
  0
SOLID
 5
2EC
  8
PADLAYER_TOP
 10
-54.78000
 20
86.37000
 11
-54.78000
 21
84.37000
 12
-53.33000
 22
86.37000
 13
-53.33000
 23
84.37000
  0
POLYLINE
 5
2ED
  8
2DLINES_4
 66
1
 40
0.152400
 41
0.152400
  0
VERTEX
 5
2EE
  8
2DLINES_4
 10
-18.38000
 20
16.40000
  0
VERTEX
 5
2EF
  8
2DLINES_4
 10
-17.48000
 20
16.40000
  0
SEQEND
  8
2DLINES_4
  0
POLYLINE
 5
2F0
  8
2DLINES_4
 66
1
 70
1
 40
0.076200
 41
0.076200
  0
VERTEX
 5
2F1
  8
2DLINES_4
 10
-18.41810
 20
16.40000
 42
1.0
  0
VERTEX
 5
2F2
  8
2DLINES_4
 10
-18.34190
 20
16.40000
 42
1.0
  0
SEQEND
  8
2DLINES_4
  0
POLYLINE
 5
2F3
  8
2DLINES_4
 66
1
 70
1
 40
0.076200
 41
0.076200
  0
VERTEX
 5
2F4
  8
2DLINES_4
 10
-17.51810
 20
16.40000
 42
1.0
  0
VERTEX
 5
2F5
  8
2DLINES_4
 10
-17.44190
 20
16.40000
 42
1.0
  0
SEQEND
  8
2DLINES_4
  0
POLYLINE
 5
2F6
  8
2DLINES_4
 66
1
 40
0.152400
 41
0.152400
  0
VERTEX
 5
2F7
  8
2DLINES_4
 10
-17.48000
 20
16.40000
  0
VERTEX
 5
2F8
  8
2DLINES_4
 10
-17.48000
 20
14.00000
  0
SEQEND
  8
2DLINES_4
  0
POLYLINE
 5
2F9
  8
2DLINES_4
 66
1
 70
1
 40
0.076200
 41
0.076200
  0
VERTEX
 5
2FA
  8
2DLINES_4
 10
-17.51810
 20
16.40000
 42
1.0
  0
VERTEX
 5
2FB
  8
2DLINES_4
 10
-17.44190
 20
16.40000
 42
1.0
  0
SEQEND
  8
2DLINES_4
  0
POLYLINE
 5
2FC
  8
2DLINES_4
 66
1
 70
1
 40
0.076200
 41
0.076200
  0
VERTEX
 5
2FD
  8
2DLINES_4
 10
-17.51810
 20
14.00000
 42
1.0
  0
VERTEX
 5
2FE
  8
2DLINES_4
 10
-17.44190
 20
14.00000
 42
1.0
  0
SEQEND
  8
2DLINES_4
  0
POLYLINE
 5
2FF
  8
2DLINES_4
 66
1
 40
0.152400
 41
0.152400
  0
VERTEX
 5
300
  8
2DLINES_4
 10
-19.78000
 20
16.40000
  0
VERTEX
 5
301
  8
2DLINES_4
 10
-20.68000
 20
16.40000
  0
SEQEND
  8
2DLINES_4
  0
POLYLINE
 5
302
  8
2DLINES_4
 66
1
 70
1
 40
0.076200
 41
0.076200
  0
VERTEX
 5
303
  8
2DLINES_4
 10
-19.81810
 20
16.40000
 42
1.0
  0
VERTEX
 5
304
  8
2DLINES_4
 10
-19.74190
 20
16.40000
 42
1.0
  0
SEQEND
  8
2DLINES_4
  0
POLYLINE
 5
305
  8
2DLINES_4
 66
1
 70
1
 40
0.076200
 41
0.076200
  0
VERTEX
 5
306
  8
2DLINES_4
 10
-20.71810
 20
16.40000
 42
1.0
  0
VERTEX
 5
307
  8
2DLINES_4
 10
-20.64190
 20
16.40000
 42
1.0
  0
SEQEND
  8
2DLINES_4
  0
POLYLINE
 5
308
  8
2DLINES_4
 66
1
 40
0.152400
 41
0.152400
  0
VERTEX
 5
309
  8
2DLINES_4
 10
-20.68000
 20
16.40000
  0
VERTEX
 5
30A
  8
2DLINES_4
 10
-20.68000
 20
14.00000
  0
SEQEND
  8
2DLINES_4
  0
POLYLINE
 5
30B
  8
2DLINES_4
 66
1
 70
1
 40
0.076200
 41
0.076200
  0
VERTEX
 5
30C
  8
2DLINES_4
 10
-20.71810
 20
16.40000
 42
1.0
  0
VERTEX
 5
30D
  8
2DLINES_4
 10
-20.64190
 20
16.40000
 42
1.0
  0
SEQEND
  8
2DLINES_4
  0
POLYLINE
 5
30E
  8
2DLINES_4
 66
1
 70
1
 40
0.076200
 41
0.076200
  0
VERTEX
 5
30F
  8
2DLINES_4
 10
-20.71810
 20
14.00000
 42
1.0
  0
VERTEX
 5
310
  8
2DLINES_4
 10
-20.64190
 20
14.00000
 42
1.0
  0
SEQEND
  8
2DLINES_4
  0
POLYLINE
 5
311
  8
PLACEMENT_OUTLINE_BOTTOM
 66
1
 40
0.254000
 41
0.254000
  0
VERTEX
 5
312
  8
PLACEMENT_OUTLINE_BOTTOM
 10
-17.17500
 20
14.88250
  0
VERTEX
 5
313
  8
PLACEMENT_OUTLINE_BOTTOM
 10
-17.17500
 20
12.97750
  0
SEQEND
  8
PLACEMENT_OUTLINE_BOTTOM
  0
POLYLINE
 5
314
  8
PLACEMENT_OUTLINE_BOTTOM
 66
1
 70
1
 40
0.127000
 41
0.127000
  0
VERTEX
 5
315
  8
PLACEMENT_OUTLINE_BOTTOM
 10
-17.23850
 20
14.88250
 42
1.0
  0
VERTEX
 5
316
  8
PLACEMENT_OUTLINE_BOTTOM
 10
-17.11150
 20
14.88250
 42
1.0
  0
SEQEND
  8
PLACEMENT_OUTLINE_BOTTOM
  0
POLYLINE
 5
317
  8
PLACEMENT_OUTLINE_BOTTOM
 66
1
 70
1
 40
0.127000
 41
0.127000
  0
VERTEX
 5
318
  8
PLACEMENT_OUTLINE_BOTTOM
 10
-17.23850
 20
12.97750
 42
1.0
  0
VERTEX
 5
319
  8
PLACEMENT_OUTLINE_BOTTOM
 10
-17.11150
 20
12.97750
 42
1.0
  0
SEQEND
  8
PLACEMENT_OUTLINE_BOTTOM
  0
POLYLINE
 5
31A
  8
PLACEMENT_OUTLINE_BOTTOM
 66
1
 40
0.254000
 41
0.254000
  0
VERTEX
 5
31B
  8
PLACEMENT_OUTLINE_BOTTOM
 10
-17.17500
 20
12.97750
  0
VERTEX
 5
31C
  8
PLACEMENT_OUTLINE_BOTTOM
 10
-20.98500
 20
12.97750
  0
SEQEND
  8
PLACEMENT_OUTLINE_BOTTOM
  0
POLYLINE
 5
31D
  8
PLACEMENT_OUTLINE_BOTTOM
 66
1
 70
1
 40
0.127000
 41
0.127000
  0
VERTEX
 5
31E
  8
PLACEMENT_OUTLINE_BOTTOM
 10
-17.23850
 20
12.97750
 42
1.0
  0
VERTEX
 5
31F
  8
PLACEMENT_OUTLINE_BOTTOM
 10
-17.11150
 20
12.97750
 42
1.0
  0
SEQEND
  8
PLACEMENT_OUTLINE_BOTTOM
  0
POLYLINE
 5
320
  8
PLACEMENT_OUTLINE_BOTTOM
 66
1
 70
1
 40
0.127000
 41
0.127000
  0
VERTEX
 5
321
  8
PLACEMENT_OUTLINE_BOTTOM
 10
-21.04850
 20
12.97750
 42
1.0
  0
VERTEX
 5
322
  8
PLACEMENT_OUTLINE_BOTTOM
 10
-20.92150
 20
12.97750
 42
1.0
  0
SEQEND
  8
PLACEMENT_OUTLINE_BOTTOM
  0
POLYLINE
 5
323
  8
PLACEMENT_OUTLINE_BOTTOM
 66
1
 40
0.254000
 41
0.254000
  0
VERTEX
 5
324
  8
PLACEMENT_OUTLINE_BOTTOM
 10
-20.98500
 20
12.97750
  0
VERTEX
 5
325
  8
PLACEMENT_OUTLINE_BOTTOM
 10
-20.98500
 20
17.42250
  0
SEQEND
  8
PLACEMENT_OUTLINE_BOTTOM
  0
POLYLINE
 5
326
  8
PLACEMENT_OUTLINE_BOTTOM
 66
1
 70
1
 40
0.127000
 41
0.127000
  0
VERTEX
 5
327
  8
PLACEMENT_OUTLINE_BOTTOM
 10
-21.04850
 20
12.97750
 42
1.0
  0
VERTEX
 5
328
  8
PLACEMENT_OUTLINE_BOTTOM
 10
-20.92150
 20
12.97750
 42
1.0
  0
SEQEND
  8
PLACEMENT_OUTLINE_BOTTOM
  0
POLYLINE
 5
329
  8
PLACEMENT_OUTLINE_BOTTOM
 66
1
 70
1
 40
0.127000
 41
0.127000
  0
VERTEX
 5
32A
  8
PLACEMENT_OUTLINE_BOTTOM
 10
-21.04850
 20
17.42250
 42
1.0
  0
VERTEX
 5
32B
  8
PLACEMENT_OUTLINE_BOTTOM
 10
-20.92150
 20
17.42250
 42
1.0
  0
SEQEND
  8
PLACEMENT_OUTLINE_BOTTOM
  0
POLYLINE
 5
32C
  8
PLACEMENT_OUTLINE_BOTTOM
 66
1
 40
0.254000
 41
0.254000
  0
VERTEX
 5
32D
  8
PLACEMENT_OUTLINE_BOTTOM
 10
-20.98500
 20
17.42250
  0
VERTEX
 5
32E
  8
PLACEMENT_OUTLINE_BOTTOM
 10
-17.17500
 20
17.42250
  0
SEQEND
  8
PLACEMENT_OUTLINE_BOTTOM
  0
POLYLINE
 5
32F
  8
PLACEMENT_OUTLINE_BOTTOM
 66
1
 70
1
 40
0.127000
 41
0.127000
  0
VERTEX
 5
330
  8
PLACEMENT_OUTLINE_BOTTOM
 10
-21.04850
 20
17.42250
 42
1.0
  0
VERTEX
 5
331
  8
PLACEMENT_OUTLINE_BOTTOM
 10
-20.92150
 20
17.42250
 42
1.0
  0
SEQEND
  8
PLACEMENT_OUTLINE_BOTTOM
  0
POLYLINE
 5
332
  8
PLACEMENT_OUTLINE_BOTTOM
 66
1
 70
1
 40
0.127000
 41
0.127000
  0
VERTEX
 5
333
  8
PLACEMENT_OUTLINE_BOTTOM
 10
-17.23850
 20
17.42250
 42
1.0
  0
VERTEX
 5
334
  8
PLACEMENT_OUTLINE_BOTTOM
 10
-17.11150
 20
17.42250
 42
1.0
  0
SEQEND
  8
PLACEMENT_OUTLINE_BOTTOM
  0
POLYLINE
 5
335
  8
PLACEMENT_OUTLINE_BOTTOM
 66
1
 40
0.254000
 41
0.254000
  0
VERTEX
 5
336
  8
PLACEMENT_OUTLINE_BOTTOM
 10
-17.17500
 20
17.42250
  0
VERTEX
 5
337
  8
PLACEMENT_OUTLINE_BOTTOM
 10
-17.17500
 20
14.88250
  0
SEQEND
  8
PLACEMENT_OUTLINE_BOTTOM
  0
POLYLINE
 5
338
  8
PLACEMENT_OUTLINE_BOTTOM
 66
1
 70
1
 40
0.127000
 41
0.127000
  0
VERTEX
 5
339
  8
PLACEMENT_OUTLINE_BOTTOM
 10
-17.23850
 20
17.42250
 42
1.0
  0
VERTEX
 5
33A
  8
PLACEMENT_OUTLINE_BOTTOM
 10
-17.11150
 20
17.42250
 42
1.0
  0
SEQEND
  8
PLACEMENT_OUTLINE_BOTTOM
  0
POLYLINE
 5
33B
  8
PLACEMENT_OUTLINE_BOTTOM
 66
1
 70
1
 40
0.127000
 41
0.127000
  0
VERTEX
 5
33C
  8
PLACEMENT_OUTLINE_BOTTOM
 10
-17.23850
 20
14.88250
 42
1.0
  0
VERTEX
 5
33D
  8
PLACEMENT_OUTLINE_BOTTOM
 10
-17.11150
 20
14.88250
 42
1.0
  0
SEQEND
  8
PLACEMENT_OUTLINE_BOTTOM
  0
SOLID
 5
33E
  8
PADLAYER_BOTTOM
 10
-17.74900
 20
13.42850
 11
-17.74900
 21
14.57150
 12
-18.51100
 22
13.42850
 13
-18.51100
 23
14.57150
  0
SOLID
 5
33F
  8
PADLAYER_BOTTOM
 10
-19.64900
 20
13.42850
 11
-19.64900
 21
14.57150
 12
-20.41100
 22
13.42850
 13
-20.41100
 23
14.57150
  0
SOLID
 5
340
  8
PADLAYER_BOTTOM
 10
-18.69900
 20
15.82850
 11
-18.69900
 21
16.97150
 12
-19.46100
 22
15.82850
 13
-19.46100
 23
16.97150
  0
POLYLINE
 5
341
  8
2DLINES_1
 66
1
 40
0.200000
 41
0.200000
  0
VERTEX
 5
342
  8
2DLINES_1
 10
-61.98000
 20
82.97000
  0
VERTEX
 5
343
  8
2DLINES_1
 10
15.12000
 20
82.97000
  0
SEQEND
  8
2DLINES_1
  0
POLYLINE
 5
344
  8
2DLINES_1
 66
1
 70
1
 40
0.100000
 41
0.100000
  0
VERTEX
 5
345
  8
2DLINES_1
 10
-62.03000
 20
82.97000
 42
1.0
  0
VERTEX
 5
346
  8
2DLINES_1
 10
-61.93000
 20
82.97000
 42
1.0
  0
SEQEND
  8
2DLINES_1
  0
POLYLINE
 5
347
  8
2DLINES_1
 66
1
 70
1
 40
0.100000
 41
0.100000
  0
VERTEX
 5
348
  8
2DLINES_1
 10
15.07000
 20
82.97000
 42
1.0
  0
VERTEX
 5
349
  8
2DLINES_1
 10
15.17000
 20
82.97000
 42
1.0
  0
SEQEND
  8
2DLINES_1
  0
POLYLINE
 5
34A
  8
2DLINES_1
 66
1
 40
0.200000
 41
0.200000
  0
VERTEX
 5
34B
  8
2DLINES_1
 10
15.12000
 20
82.97000
  0
VERTEX
 5
34C
  8
2DLINES_1
 10
15.12000
 20
43.07000
  0
SEQEND
  8
2DLINES_1
  0
POLYLINE
 5
34D
  8
2DLINES_1
 66
1
 70
1
 40
0.100000
 41
0.100000
  0
VERTEX
 5
34E
  8
2DLINES_1
 10
15.07000
 20
82.97000
 42
1.0
  0
VERTEX
 5
34F
  8
2DLINES_1
 10
15.17000
 20
82.97000
 42
1.0
  0
SEQEND
  8
2DLINES_1
  0
POLYLINE
 5
350
  8
2DLINES_1
 66
1
 70
1
 40
0.100000
 41
0.100000
  0
VERTEX
 5
351
  8
2DLINES_1
 10
15.07000
 20
43.07000
 42
1.0
  0
VERTEX
 5
352
  8
2DLINES_1
 10
15.17000
 20
43.07000
 42
1.0
  0
SEQEND
  8
2DLINES_1
  0
POLYLINE
 5
353
  8
2DLINES_1
 66
1
 40
0.200000
 41
0.200000
  0
VERTEX
 5
354
  8
2DLINES_1
 10
15.12000
 20
43.07000
  0
VERTEX
 5
355
  8
2DLINES_1
 10
-61.98000
 20
43.07000
  0
SEQEND
  8
2DLINES_1
  0
POLYLINE
 5
356
  8
2DLINES_1
 66
1
 70
1
 40
0.100000
 41
0.100000
  0
VERTEX
 5
357
  8
2DLINES_1
 10
15.07000
 20
43.07000
 42
1.0
  0
VERTEX
 5
358
  8
2DLINES_1
 10
15.17000
 20
43.07000
 42
1.0
  0
SEQEND
  8
2DLINES_1
  0
POLYLINE
 5
359
  8
2DLINES_1
 66
1
 70
1
 40
0.100000
 41
0.100000
  0
VERTEX
 5
35A
  8
2DLINES_1
 10
-62.03000
 20
43.07000
 42
1.0
  0
VERTEX
 5
35B
  8
2DLINES_1
 10
-61.93000
 20
43.07000
 42
1.0
  0
SEQEND
  8
2DLINES_1
  0
POLYLINE
 5
35C
  8
2DLINES_1
 66
1
 40
0.200000
 41
0.200000
  0
VERTEX
 5
35D
  8
2DLINES_1
 10
-61.98000
 20
43.07000
  0
VERTEX
 5
35E
  8
2DLINES_1
 10
-61.98000
 20
82.97000
  0
SEQEND
  8
2DLINES_1
  0
POLYLINE
 5
35F
  8
2DLINES_1
 66
1
 70
1
 40
0.100000
 41
0.100000
  0
VERTEX
 5
360
  8
2DLINES_1
 10
-62.03000
 20
43.07000
 42
1.0
  0
VERTEX
 5
361
  8
2DLINES_1
 10
-61.93000
 20
43.07000
 42
1.0
  0
SEQEND
  8
2DLINES_1
  0
POLYLINE
 5
362
  8
2DLINES_1
 66
1
 70
1
 40
0.100000
 41
0.100000
  0
VERTEX
 5
363
  8
2DLINES_1
 10
-62.03000
 20
82.97000
 42
1.0
  0
VERTEX
 5
364
  8
2DLINES_1
 10
-61.93000
 20
82.97000
 42
1.0
  0
SEQEND
  8
2DLINES_1
  0
POLYLINE
 5
365
  8
LAYNR1
 66
1
 40
0.300000
 41
0.300000
  0
VERTEX
 5
366
  8
LAYNR1
 10
-52.43000
 20
72.57000
 42
1.000000
  0
VERTEX
 5
367
  8
LAYNR1
 10
-45.43000
 20
72.57000
 42
1.000000
  0
VERTEX
 5
368
  8
LAYNR1
 10
-52.43000
 20
72.57000
  0
SEQEND
  8
LAYNR1
  0
POLYLINE
 5
369
  8
LAYNR1
 66
1
 40
0.300000
 41
0.300000
  0
VERTEX
 5
36A
  8
LAYNR1
 10
-1.43000
 20
72.57000
 42
1.000000
  0
VERTEX
 5
36B
  8
LAYNR1
 10
5.57000
 20
72.57000
 42
1.000000
  0
VERTEX
 5
36C
  8
LAYNR1
 10
-1.43000
 20
72.57000
  0
SEQEND
  8
LAYNR1
  0
POLYLINE
 5
36D
  8
LAYNR1
 66
1
 40
0.300000
 41
0.300000
  0
VERTEX
 5
36E
  8
LAYNR1
 10
-52.43000
 20
53.32990
 42
1.000000
  0
VERTEX
 5
36F
  8
LAYNR1
 10
-45.43000
 20
53.32990
 42
1.000000
  0
VERTEX
 5
370
  8
LAYNR1
 10
-52.43000
 20
53.32990
  0
SEQEND
  8
LAYNR1
  0
POLYLINE
 5
371
  8
LAYNR1
 66
1
 40
0.300000
 41
0.300000
  0
VERTEX
 5
372
  8
LAYNR1
 10
-1.43000
 20
53.32990
 42
1.000000
  0
VERTEX
 5
373
  8
LAYNR1
 10
5.57000
 20
53.32990
 42
1.000000
  0
VERTEX
 5
374
  8
LAYNR1
 10
-1.43000
 20
53.32990
  0
SEQEND
  8
LAYNR1
  0
POLYLINE
 5
375
  8
Top01
 66
1
 40
0.000000
 41
0.000000
  0
VERTEX
 5
376
  8
Top01
 10
-62.63500
 20
72.57000
 42
1.000000
  0
VERTEX
 5
377
  8
Top01
 10
-57.03500
 20
72.57000
 42
1.000000
  0
VERTEX
 5
378
  8
Top01
 10
-62.63500
 20
72.57000
  0
SEQEND
  8
Top01
  0
POLYLINE
 5
379
  8
Bottom04
 66
1
 40
0.000000
 41
0.000000
  0
VERTEX
 5
37A
  8
Bottom04
 10
-62.63500
 20
72.57000
 42
1.000000
  0
VERTEX
 5
37B
  8
Bottom04
 10
-57.03500
 20
72.57000
 42
1.000000
  0
VERTEX
 5
37C
  8
Bottom04
 10
-62.63500
 20
72.57000
  0
SEQEND
  8
Bottom04
  0
POLYLINE
 5
37D
  8
Top01
 66
1
 40
0.000000
 41
0.000000
  0
VERTEX
 5
37E
  8
Top01
 10
-62.63500
 20
53.47000
 42
1.000000
  0
VERTEX
 5
37F
  8
Top01
 10
-57.03500
 20
53.47000
 42
1.000000
  0
VERTEX
 5
380
  8
Top01
 10
-62.63500
 20
53.47000
  0
SEQEND
  8
Top01
  0
POLYLINE
 5
381
  8
Bottom04
 66
1
 40
0.000000
 41
0.000000
  0
VERTEX
 5
382
  8
Bottom04
 10
-62.63500
 20
53.47000
 42
1.000000
  0
VERTEX
 5
383
  8
Bottom04
 10
-57.03500
 20
53.47000
 42
1.000000
  0
VERTEX
 5
384
  8
Bottom04
 10
-62.63500
 20
53.47000
  0
SEQEND
  8
Bottom04
  0
POLYLINE
 5
385
  8
Top01
 66
1
 40
0.000000
 41
0.000000
  0
VERTEX
 5
386
  8
Top01
 10
10.17500
 20
72.57000
 42
1.000000
  0
VERTEX
 5
387
  8
Top01
 10
15.77500
 20
72.57000
 42
1.000000
  0
VERTEX
 5
388
  8
Top01
 10
10.17500
 20
72.57000
  0
SEQEND
  8
Top01
  0
POLYLINE
 5
389
  8
Bottom04
 66
1
 40
0.000000
 41
0.000000
  0
VERTEX
 5
38A
  8
Bottom04
 10
10.17500
 20
72.57000
 42
1.000000
  0
VERTEX
 5
38B
  8
Bottom04
 10
15.77500
 20
72.57000
 42
1.000000
  0
VERTEX
 5
38C
  8
Bottom04
 10
10.17500
 20
72.57000
  0
SEQEND
  8
Bottom04
  0
POLYLINE
 5
38D
  8
Top01
 66
1
 40
0.000000
 41
0.000000
  0
VERTEX
 5
38E
  8
Top01
 10
10.17500
 20
53.47000
 42
1.000000
  0
VERTEX
 5
38F
  8
Top01
 10
15.77500
 20
53.47000
 42
1.000000
  0
VERTEX
 5
390
  8
Top01
 10
10.17500
 20
53.47000
  0
SEQEND
  8
Top01
  0
POLYLINE
 5
391
  8
Bottom04
 66
1
 40
0.000000
 41
0.000000
  0
VERTEX
 5
392
  8
Bottom04
 10
10.17500
 20
53.47000
 42
1.000000
  0
VERTEX
 5
393
  8
Bottom04
 10
15.77500
 20
53.47000
 42
1.000000
  0
VERTEX
 5
394
  8
Bottom04
 10
10.17500
 20
53.47000
  0
SEQEND
  8
Bottom04
  0
POLYLINE
 5
395
  8
PLACEMENT_OUTLINE_TOP
 66
1
 40
0.200000
 41
0.200000
  0
VERTEX
 5
396
  8
PLACEMENT_OUTLINE_TOP
 10
-61.98000
 20
82.97000
  0
VERTEX
 5
397
  8
PLACEMENT_OUTLINE_TOP
 10
15.12000
 20
82.97000
  0
SEQEND
  8
PLACEMENT_OUTLINE_TOP
  0
POLYLINE
 5
398
  8
PLACEMENT_OUTLINE_TOP
 66
1
 70
1
 40
0.100000
 41
0.100000
  0
VERTEX
 5
399
  8
PLACEMENT_OUTLINE_TOP
 10
-62.03000
 20
82.97000
 42
1.0
  0
VERTEX
 5
39A
  8
PLACEMENT_OUTLINE_TOP
 10
-61.93000
 20
82.97000
 42
1.0
  0
SEQEND
  8
PLACEMENT_OUTLINE_TOP
  0
POLYLINE
 5
39B
  8
PLACEMENT_OUTLINE_TOP
 66
1
 70
1
 40
0.100000
 41
0.100000
  0
VERTEX
 5
39C
  8
PLACEMENT_OUTLINE_TOP
 10
15.07000
 20
82.97000
 42
1.0
  0
VERTEX
 5
39D
  8
PLACEMENT_OUTLINE_TOP
 10
15.17000
 20
82.97000
 42
1.0
  0
SEQEND
  8
PLACEMENT_OUTLINE_TOP
  0
POLYLINE
 5
39E
  8
PLACEMENT_OUTLINE_TOP
 66
1
 40
0.200000
 41
0.200000
  0
VERTEX
 5
39F
  8
PLACEMENT_OUTLINE_TOP
 10
15.12000
 20
82.97000
  0
VERTEX
 5
3A0
  8
PLACEMENT_OUTLINE_TOP
 10
15.12000
 20
43.07000
  0
SEQEND
  8
PLACEMENT_OUTLINE_TOP
  0
POLYLINE
 5
3A1
  8
PLACEMENT_OUTLINE_TOP
 66
1
 70
1
 40
0.100000
 41
0.100000
  0
VERTEX
 5
3A2
  8
PLACEMENT_OUTLINE_TOP
 10
15.07000
 20
82.97000
 42
1.0
  0
VERTEX
 5
3A3
  8
PLACEMENT_OUTLINE_TOP
 10
15.17000
 20
82.97000
 42
1.0
  0
SEQEND
  8
PLACEMENT_OUTLINE_TOP
  0
POLYLINE
 5
3A4
  8
PLACEMENT_OUTLINE_TOP
 66
1
 70
1
 40
0.100000
 41
0.100000
  0
VERTEX
 5
3A5
  8
PLACEMENT_OUTLINE_TOP
 10
15.07000
 20
43.07000
 42
1.0
  0
VERTEX
 5
3A6
  8
PLACEMENT_OUTLINE_TOP
 10
15.17000
 20
43.07000
 42
1.0
  0
SEQEND
  8
PLACEMENT_OUTLINE_TOP
  0
POLYLINE
 5
3A7
  8
PLACEMENT_OUTLINE_TOP
 66
1
 40
0.200000
 41
0.200000
  0
VERTEX
 5
3A8
  8
PLACEMENT_OUTLINE_TOP
 10
15.12000
 20
43.07000
  0
VERTEX
 5
3A9
  8
PLACEMENT_OUTLINE_TOP
 10
-61.98000
 20
43.07000
  0
SEQEND
  8
PLACEMENT_OUTLINE_TOP
  0
POLYLINE
 5
3AA
  8
PLACEMENT_OUTLINE_TOP
 66
1
 70
1
 40
0.100000
 41
0.100000
  0
VERTEX
 5
3AB
  8
PLACEMENT_OUTLINE_TOP
 10
15.07000
 20
43.07000
 42
1.0
  0
VERTEX
 5
3AC
  8
PLACEMENT_OUTLINE_TOP
 10
15.17000
 20
43.07000
 42
1.0
  0
SEQEND
  8
PLACEMENT_OUTLINE_TOP
  0
POLYLINE
 5
3AD
  8
PLACEMENT_OUTLINE_TOP
 66
1
 70
1
 40
0.100000
 41
0.100000
  0
VERTEX
 5
3AE
  8
PLACEMENT_OUTLINE_TOP
 10
-62.03000
 20
43.07000
 42
1.0
  0
VERTEX
 5
3AF
  8
PLACEMENT_OUTLINE_TOP
 10
-61.93000
 20
43.07000
 42
1.0
  0
SEQEND
  8
PLACEMENT_OUTLINE_TOP
  0
POLYLINE
 5
3B0
  8
PLACEMENT_OUTLINE_TOP
 66
1
 40
0.200000
 41
0.200000
  0
VERTEX
 5
3B1
  8
PLACEMENT_OUTLINE_TOP
 10
-61.98000
 20
43.07000
  0
VERTEX
 5
3B2
  8
PLACEMENT_OUTLINE_TOP
 10
-61.98000
 20
82.97000
  0
SEQEND
  8
PLACEMENT_OUTLINE_TOP
  0
POLYLINE
 5
3B3
  8
PLACEMENT_OUTLINE_TOP
 66
1
 70
1
 40
0.100000
 41
0.100000
  0
VERTEX
 5
3B4
  8
PLACEMENT_OUTLINE_TOP
 10
-62.03000
 20
43.07000
 42
1.0
  0
VERTEX
 5
3B5
  8
PLACEMENT_OUTLINE_TOP
 10
-61.93000
 20
43.07000
 42
1.0
  0
SEQEND
  8
PLACEMENT_OUTLINE_TOP
  0
POLYLINE
 5
3B6
  8
PLACEMENT_OUTLINE_TOP
 66
1
 70
1
 40
0.100000
 41
0.100000
  0
VERTEX
 5
3B7
  8
PLACEMENT_OUTLINE_TOP
 10
-62.03000
 20
82.97000
 42
1.0
  0
VERTEX
 5
3B8
  8
PLACEMENT_OUTLINE_TOP
 10
-61.93000
 20
82.97000
 42
1.0
  0
SEQEND
  8
PLACEMENT_OUTLINE_TOP
  0
TEXT
  8
LAYNR1
 10
-52.33000
 20
72.28000
 40
12.857220
  1
-
 72
 1
 73
 2
 11
-52.33000
 21
72.28000
  50
89.999982
  0
TEXT
  8
LAYNR1
 10
0.77000
 20
53.47000
 40
9.285769
  1
+
 72
 1
 73
 2
 11
0.77000
 21
53.47000
  50
89.999982
  0
TEXT
  8
LAYNR1
 10
-52.33000
 20
53.18000
 40
12.857220
  1
-
 72
 1
 73
 2
 11
-52.33000
 21
53.18000
  50
89.999982
  0
TEXT
  8
LAYNR1
 10
0.77000
 20
72.57000
 40
9.285769
  1
+
 72
 1
 73
 2
 11
0.77000
 21
72.57000
  50
89.999982
  0
POLYLINE
 5
3B9
  8
PADLAYER_TOP
 66
1
 70
1
 40
1.800000
 41
1.800000
  0
VERTEX
 5
3BA
  8
PADLAYER_TOP
 10
-60.73500
 20
72.57000
 42
1.0
  0
VERTEX
 5
3BB
  8
PADLAYER_TOP
 10
-58.93500
 20
72.57000
 42
1.0
  0
SEQEND
  8
PADLAYER_TOP
  0
POLYLINE
 5
3BC
  8
PADLAYER_BOTTOM
 66
1
 70
1
 40
1.800000
 41
1.800000
  0
VERTEX
 5
3BD
  8
PADLAYER_BOTTOM
 10
-60.73500
 20
72.57000
 42
1.0
  0
VERTEX
 5
3BE
  8
PADLAYER_BOTTOM
 10
-58.93500
 20
72.57000
 42
1.0
  0
SEQEND
  8
PADLAYER_BOTTOM
  0
POLYLINE
 5
3BF
  8
TOOL_TOP
 66
1
 40
0.200000
 41
0.200000
  0
VERTEX
 5
3C0
  8
TOOL_TOP
 10
-60.73500
 20
72.57000
 42
1.000000
  0
VERTEX
 5
3C1
  8
TOOL_TOP
 10
-58.93500
 20
72.57000
 42
1.000000
  0
VERTEX
 5
3C2
  8
TOOL_TOP
 10
-60.73500
 20
72.57000
  0
SEQEND
  8
TOOL_TOP
  0
TEXT
  8
TOOLCODE_TOP
 10
-60.78000
 20
72.12000
 40
0.900000
  1
T00
  0
POLYLINE
 5
3C3
  8
PADLAYER_TOP
 66
1
 70
1
 40
1.800000
 41
1.800000
  0
VERTEX
 5
3C4
  8
PADLAYER_TOP
 10
12.07500
 20
72.57000
 42
1.0
  0
VERTEX
 5
3C5
  8
PADLAYER_TOP
 10
13.87500
 20
72.57000
 42
1.0
  0
SEQEND
  8
PADLAYER_TOP
  0
POLYLINE
 5
3C6
  8
PADLAYER_BOTTOM
 66
1
 70
1
 40
1.800000
 41
1.800000
  0
VERTEX
 5
3C7
  8
PADLAYER_BOTTOM
 10
12.07500
 20
72.57000
 42
1.0
  0
VERTEX
 5
3C8
  8
PADLAYER_BOTTOM
 10
13.87500
 20
72.57000
 42
1.0
  0
SEQEND
  8
PADLAYER_BOTTOM
  0
POLYLINE
 5
3C9
  8
TOOL_TOP
 66
1
 40
0.200000
 41
0.200000
  0
VERTEX
 5
3CA
  8
TOOL_TOP
 10
12.07500
 20
72.57000
 42
1.000000
  0
VERTEX
 5
3CB
  8
TOOL_TOP
 10
13.87500
 20
72.57000
 42
1.000000
  0
VERTEX
 5
3CC
  8
TOOL_TOP
 10
12.07500
 20
72.57000
  0
SEQEND
  8
TOOL_TOP
  0
TEXT
  8
TOOLCODE_TOP
 10
12.03000
 20
72.12000
 40
0.900000
  1
T00
  0
POLYLINE
 5
3CD
  8
PADLAYER_TOP
 66
1
 70
1
 40
1.800000
 41
1.800000
  0
VERTEX
 5
3CE
  8
PADLAYER_TOP
 10
-60.73500
 20
53.47000
 42
1.0
  0
VERTEX
 5
3CF
  8
PADLAYER_TOP
 10
-58.93500
 20
53.47000
 42
1.0
  0
SEQEND
  8
PADLAYER_TOP
  0
POLYLINE
 5
3D0
  8
PADLAYER_BOTTOM
 66
1
 70
1
 40
1.800000
 41
1.800000
  0
VERTEX
 5
3D1
  8
PADLAYER_BOTTOM
 10
-60.73500
 20
53.47000
 42
1.0
  0
VERTEX
 5
3D2
  8
PADLAYER_BOTTOM
 10
-58.93500
 20
53.47000
 42
1.0
  0
SEQEND
  8
PADLAYER_BOTTOM
  0
POLYLINE
 5
3D3
  8
TOOL_TOP
 66
1
 40
0.200000
 41
0.200000
  0
VERTEX
 5
3D4
  8
TOOL_TOP
 10
-60.73500
 20
53.47000
 42
1.000000
  0
VERTEX
 5
3D5
  8
TOOL_TOP
 10
-58.93500
 20
53.47000
 42
1.000000
  0
VERTEX
 5
3D6
  8
TOOL_TOP
 10
-60.73500
 20
53.47000
  0
SEQEND
  8
TOOL_TOP
  0
TEXT
  8
TOOLCODE_TOP
 10
-60.78000
 20
53.02000
 40
0.900000
  1
T00
  0
POLYLINE
 5
3D7
  8
PADLAYER_TOP
 66
1
 70
1
 40
1.800000
 41
1.800000
  0
VERTEX
 5
3D8
  8
PADLAYER_TOP
 10
12.07500
 20
53.47000
 42
1.0
  0
VERTEX
 5
3D9
  8
PADLAYER_TOP
 10
13.87500
 20
53.47000
 42
1.0
  0
SEQEND
  8
PADLAYER_TOP
  0
POLYLINE
 5
3DA
  8
PADLAYER_BOTTOM
 66
1
 70
1
 40
1.800000
 41
1.800000
  0
VERTEX
 5
3DB
  8
PADLAYER_BOTTOM
 10
12.07500
 20
53.47000
 42
1.0
  0
VERTEX
 5
3DC
  8
PADLAYER_BOTTOM
 10
13.87500
 20
53.47000
 42
1.0
  0
SEQEND
  8
PADLAYER_BOTTOM
  0
POLYLINE
 5
3DD
  8
TOOL_TOP
 66
1
 40
0.200000
 41
0.200000
  0
VERTEX
 5
3DE
  8
TOOL_TOP
 10
12.07500
 20
53.47000
 42
1.000000
  0
VERTEX
 5
3DF
  8
TOOL_TOP
 10
13.87500
 20
53.47000
 42
1.000000
  0
VERTEX
 5
3E0
  8
TOOL_TOP
 10
12.07500
 20
53.47000
  0
SEQEND
  8
TOOL_TOP
  0
TEXT
  8
TOOLCODE_TOP
 10
12.03000
 20
53.02000
 40
0.900000
  1
T00
  0
POLYLINE
 5
3E1
  8
TOOL_TOP
 66
1
 40
0.200000
 41
0.200000
  0
VERTEX
 5
3E2
  8
TOOL_TOP
 10
-52.83000
 20
45.52000
 42
1.000000
  0
VERTEX
 5
3E3
  8
TOOL_TOP
 10
-49.23000
 20
45.52000
 42
1.000000
  0
VERTEX
 5
3E4
  8
TOOL_TOP
 10
-52.83000
 20
45.52000
  0
SEQEND
  8
TOOL_TOP
  0
TEXT
  8
TOOLCODE_TOP
 10
-52.92000
 20
44.62000
 40
1.800000
  1
T00
  0
POLYLINE
 5
3E5
  8
TOOL_TOP
 66
1
 40
0.200000
 41
0.200000
  0
VERTEX
 5
3E6
  8
TOOL_TOP
 10
2.37000
 20
80.52000
 42
1.000000
  0
VERTEX
 5
3E7
  8
TOOL_TOP
 10
5.97000
 20
80.52000
 42
1.000000
  0
VERTEX
 5
3E8
  8
TOOL_TOP
 10
2.37000
 20
80.52000
  0
SEQEND
  8
TOOL_TOP
  0
TEXT
  8
TOOLCODE_TOP
 10
2.28000
 20
79.62000
 40
1.800000
  1
T00
  0
POLYLINE
 5
3E9
  8
TOOL_TOP
 66
1
 40
0.200000
 41
0.200000
  0
VERTEX
 5
3EA
  8
TOOL_TOP
 10
11.28000
 20
45.62000
 42
1.000000
  0
VERTEX
 5
3EB
  8
TOOL_TOP
 10
13.66000
 20
45.62000
 42
1.000000
  0
VERTEX
 5
3EC
  8
TOOL_TOP
 10
11.28000
 20
45.62000
  0
SEQEND
  8
TOOL_TOP
  0
TEXT
  8
TOOLCODE_TOP
 10
11.22050
 20
45.02500
 40
1.190000
  1
T00
  0
POLYLINE
 5
3ED
  8
PLACEMENT_OUTLINE_BOTTOM
 66
1
 40
0.025400
 41
0.025400
  0
VERTEX
 5
3EE
  8
PLACEMENT_OUTLINE_BOTTOM
 10
-6.07700
 20
47.78400
  0
VERTEX
 5
3EF
  8
PLACEMENT_OUTLINE_BOTTOM
 10
-6.07700
 20
54.28400
  0
SEQEND
  8
PLACEMENT_OUTLINE_BOTTOM
  0
POLYLINE
 5
3F0
  8
PLACEMENT_OUTLINE_BOTTOM
 66
1
 70
1
 40
0.012700
 41
0.012700
  0
VERTEX
 5
3F1
  8
PLACEMENT_OUTLINE_BOTTOM
 10
-6.08335
 20
47.78400
 42
1.0
  0
VERTEX
 5
3F2
  8
PLACEMENT_OUTLINE_BOTTOM
 10
-6.07065
 20
47.78400
 42
1.0
  0
SEQEND
  8
PLACEMENT_OUTLINE_BOTTOM
  0
POLYLINE
 5
3F3
  8
PLACEMENT_OUTLINE_BOTTOM
 66
1
 70
1
 40
0.012700
 41
0.012700
  0
VERTEX
 5
3F4
  8
PLACEMENT_OUTLINE_BOTTOM
 10
-6.08335
 20
54.28400
 42
1.0
  0
VERTEX
 5
3F5
  8
PLACEMENT_OUTLINE_BOTTOM
 10
-6.07065
 20
54.28400
 42
1.0
  0
SEQEND
  8
PLACEMENT_OUTLINE_BOTTOM
  0
POLYLINE
 5
3F6
  8
PLACEMENT_OUTLINE_BOTTOM
 66
1
 40
0.025400
 41
0.025400
  0
VERTEX
 5
3F7
  8
PLACEMENT_OUTLINE_BOTTOM
 10
-6.07700
 20
54.28400
  0
VERTEX
 5
3F8
  8
PLACEMENT_OUTLINE_BOTTOM
 10
-12.57700
 20
54.28400
  0
SEQEND
  8
PLACEMENT_OUTLINE_BOTTOM
  0
POLYLINE
 5
3F9
  8
PLACEMENT_OUTLINE_BOTTOM
 66
1
 70
1
 40
0.012700
 41
0.012700
  0
VERTEX
 5
3FA
  8
PLACEMENT_OUTLINE_BOTTOM
 10
-6.08335
 20
54.28400
 42
1.0
  0
VERTEX
 5
3FB
  8
PLACEMENT_OUTLINE_BOTTOM
 10
-6.07065
 20
54.28400
 42
1.0
  0
SEQEND
  8
PLACEMENT_OUTLINE_BOTTOM
  0
POLYLINE
 5
3FC
  8
PLACEMENT_OUTLINE_BOTTOM
 66
1
 70
1
 40
0.012700
 41
0.012700
  0
VERTEX
 5
3FD
  8
PLACEMENT_OUTLINE_BOTTOM
 10
-12.58335
 20
54.28400
 42
1.0
  0
VERTEX
 5
3FE
  8
PLACEMENT_OUTLINE_BOTTOM
 10
-12.57065
 20
54.28400
 42
1.0
  0
SEQEND
  8
PLACEMENT_OUTLINE_BOTTOM
  0
POLYLINE
 5
3FF
  8
PLACEMENT_OUTLINE_BOTTOM
 66
1
 40
0.025400
 41
0.025400
  0
VERTEX
 5
400
  8
PLACEMENT_OUTLINE_BOTTOM
 10
-12.57700
 20
54.28400
  0
VERTEX
 5
401
  8
PLACEMENT_OUTLINE_BOTTOM
 10
-12.57700
 20
47.78400
  0
SEQEND
  8
PLACEMENT_OUTLINE_BOTTOM
  0
POLYLINE
 5
402
  8
PLACEMENT_OUTLINE_BOTTOM
 66
1
 70
1
 40
0.012700
 41
0.012700
  0
VERTEX
 5
403
  8
PLACEMENT_OUTLINE_BOTTOM
 10
-12.58335
 20
54.28400
 42
1.0
  0
VERTEX
 5
404
  8
PLACEMENT_OUTLINE_BOTTOM
 10
-12.57065
 20
54.28400
 42
1.0
  0
SEQEND
  8
PLACEMENT_OUTLINE_BOTTOM
  0
POLYLINE
 5
405
  8
PLACEMENT_OUTLINE_BOTTOM
 66
1
 70
1
 40
0.012700
 41
0.012700
  0
VERTEX
 5
406
  8
PLACEMENT_OUTLINE_BOTTOM
 10
-12.58335
 20
47.78400
 42
1.0
  0
VERTEX
 5
407
  8
PLACEMENT_OUTLINE_BOTTOM
 10
-12.57065
 20
47.78400
 42
1.0
  0
SEQEND
  8
PLACEMENT_OUTLINE_BOTTOM
  0
POLYLINE
 5
408
  8
PLACEMENT_OUTLINE_BOTTOM
 66
1
 40
0.025400
 41
0.025400
  0
VERTEX
 5
409
  8
PLACEMENT_OUTLINE_BOTTOM
 10
-12.57700
 20
47.78400
  0
VERTEX
 5
40A
  8
PLACEMENT_OUTLINE_BOTTOM
 10
-6.07700
 20
47.78400
  0
SEQEND
  8
PLACEMENT_OUTLINE_BOTTOM
  0
POLYLINE
 5
40B
  8
PLACEMENT_OUTLINE_BOTTOM
 66
1
 70
1
 40
0.012700
 41
0.012700
  0
VERTEX
 5
40C
  8
PLACEMENT_OUTLINE_BOTTOM
 10
-12.58335
 20
47.78400
 42
1.0
  0
VERTEX
 5
40D
  8
PLACEMENT_OUTLINE_BOTTOM
 10
-12.57065
 20
47.78400
 42
1.0
  0
SEQEND
  8
PLACEMENT_OUTLINE_BOTTOM
  0
POLYLINE
 5
40E
  8
PLACEMENT_OUTLINE_BOTTOM
 66
1
 70
1
 40
0.012700
 41
0.012700
  0
VERTEX
 5
40F
  8
PLACEMENT_OUTLINE_BOTTOM
 10
-6.08335
 20
47.78400
 42
1.0
  0
VERTEX
 5
410
  8
PLACEMENT_OUTLINE_BOTTOM
 10
-6.07065
 20
47.78400
 42
1.0
  0
SEQEND
  8
PLACEMENT_OUTLINE_BOTTOM
  0
SOLID
 5
411
  8
PADLAYER_BOTTOM
 10
-7.42700
 20
47.93400
 11
-7.42700
 21
48.83400
 12
-7.72700
 22
47.93400
 13
-7.72700
 23
48.83400
  0
POLYLINE
 5
412
  8
PADLAYER_BOTTOM
 66
1
 70
1
 40
0.150000
 41
0.150000
  0
VERTEX
 5
413
  8
PADLAYER_BOTTOM
 10
-7.65200
 20
47.93400
 42
1.0
  0
VERTEX
 5
414
  8
PADLAYER_BOTTOM
 10
-7.50200
 20
47.93400
 42
1.0
  0
SEQEND
  8
PADLAYER_BOTTOM
  0
POLYLINE
 5
415
  8
PADLAYER_BOTTOM
 66
1
 70
1
 40
0.150000
 41
0.150000
  0
VERTEX
 5
416
  8
PADLAYER_BOTTOM
 10
-7.65200
 20
48.83400
 42
1.0
  0
VERTEX
 5
417
  8
PADLAYER_BOTTOM
 10
-7.50200
 20
48.83400
 42
1.0
  0
SEQEND
  8
PADLAYER_BOTTOM
  0
SOLID
 5
418
  8
PADLAYER_BOTTOM
 10
-7.92700
 20
47.93400
 11
-7.92700
 21
48.83400
 12
-8.22700
 22
47.93400
 13
-8.22700
 23
48.83400
  0
POLYLINE
 5
419
  8
PADLAYER_BOTTOM
 66
1
 70
1
 40
0.150000
 41
0.150000
  0
VERTEX
 5
41A
  8
PADLAYER_BOTTOM
 10
-8.15200
 20
47.93400
 42
1.0
  0
VERTEX
 5
41B
  8
PADLAYER_BOTTOM
 10
-8.00200
 20
47.93400
 42
1.0
  0
SEQEND
  8
PADLAYER_BOTTOM
  0
POLYLINE
 5
41C
  8
PADLAYER_BOTTOM
 66
1
 70
1
 40
0.150000
 41
0.150000
  0
VERTEX
 5
41D
  8
PADLAYER_BOTTOM
 10
-8.15200
 20
48.83400
 42
1.0
  0
VERTEX
 5
41E
  8
PADLAYER_BOTTOM
 10
-8.00200
 20
48.83400
 42
1.0
  0
SEQEND
  8
PADLAYER_BOTTOM
  0
SOLID
 5
41F
  8
PADLAYER_BOTTOM
 10
-8.42700
 20
47.93400
 11
-8.42700
 21
48.83400
 12
-8.72700
 22
47.93400
 13
-8.72700
 23
48.83400
  0
POLYLINE
 5
420
  8
PADLAYER_BOTTOM
 66
1
 70
1
 40
0.150000
 41
0.150000
  0
VERTEX
 5
421
  8
PADLAYER_BOTTOM
 10
-8.65200
 20
47.93400
 42
1.0
  0
VERTEX
 5
422
  8
PADLAYER_BOTTOM
 10
-8.50200
 20
47.93400
 42
1.0
  0
SEQEND
  8
PADLAYER_BOTTOM
  0
POLYLINE
 5
423
  8
PADLAYER_BOTTOM
 66
1
 70
1
 40
0.150000
 41
0.150000
  0
VERTEX
 5
424
  8
PADLAYER_BOTTOM
 10
-8.65200
 20
48.83400
 42
1.0
  0
VERTEX
 5
425
  8
PADLAYER_BOTTOM
 10
-8.50200
 20
48.83400
 42
1.0
  0
SEQEND
  8
PADLAYER_BOTTOM
  0
SOLID
 5
426
  8
PADLAYER_BOTTOM
 10
-8.92700
 20
47.93400
 11
-8.92700
 21
48.83400
 12
-9.22700
 22
47.93400
 13
-9.22700
 23
48.83400
  0
POLYLINE
 5
427
  8
PADLAYER_BOTTOM
 66
1
 70
1
 40
0.150000
 41
0.150000
  0
VERTEX
 5
428
  8
PADLAYER_BOTTOM
 10
-9.15200
 20
47.93400
 42
1.0
  0
VERTEX
 5
429
  8
PADLAYER_BOTTOM
 10
-9.00200
 20
47.93400
 42
1.0
  0
SEQEND
  8
PADLAYER_BOTTOM
  0
POLYLINE
 5
42A
  8
PADLAYER_BOTTOM
 66
1
 70
1
 40
0.150000
 41
0.150000
  0
VERTEX
 5
42B
  8
PADLAYER_BOTTOM
 10
-9.15200
 20
48.83400
 42
1.0
  0
VERTEX
 5
42C
  8
PADLAYER_BOTTOM
 10
-9.00200
 20
48.83400
 42
1.0
  0
SEQEND
  8
PADLAYER_BOTTOM
  0
SOLID
 5
42D
  8
PADLAYER_BOTTOM
 10
-9.42700
 20
47.93400
 11
-9.42700
 21
48.83400
 12
-9.72700
 22
47.93400
 13
-9.72700
 23
48.83400
  0
POLYLINE
 5
42E
  8
PADLAYER_BOTTOM
 66
1
 70
1
 40
0.150000
 41
0.150000
  0
VERTEX
 5
42F
  8
PADLAYER_BOTTOM
 10
-9.65200
 20
47.93400
 42
1.0
  0
VERTEX
 5
430
  8
PADLAYER_BOTTOM
 10
-9.50200
 20
47.93400
 42
1.0
  0
SEQEND
  8
PADLAYER_BOTTOM
  0
POLYLINE
 5
431
  8
PADLAYER_BOTTOM
 66
1
 70
1
 40
0.150000
 41
0.150000
  0
VERTEX
 5
432
  8
PADLAYER_BOTTOM
 10
-9.65200
 20
48.83400
 42
1.0
  0
VERTEX
 5
433
  8
PADLAYER_BOTTOM
 10
-9.50200
 20
48.83400
 42
1.0
  0
SEQEND
  8
PADLAYER_BOTTOM
  0
SOLID
 5
434
  8
PADLAYER_BOTTOM
 10
-9.92700
 20
47.93400
 11
-9.92700
 21
48.83400
 12
-10.22700
 22
47.93400
 13
-10.22700
 23
48.83400
  0
POLYLINE
 5
435
  8
PADLAYER_BOTTOM
 66
1
 70
1
 40
0.150000
 41
0.150000
  0
VERTEX
 5
436
  8
PADLAYER_BOTTOM
 10
-10.15200
 20
47.93400
 42
1.0
  0
VERTEX
 5
437
  8
PADLAYER_BOTTOM
 10
-10.00200
 20
47.93400
 42
1.0
  0
SEQEND
  8
PADLAYER_BOTTOM
  0
POLYLINE
 5
438
  8
PADLAYER_BOTTOM
 66
1
 70
1
 40
0.150000
 41
0.150000
  0
VERTEX
 5
439
  8
PADLAYER_BOTTOM
 10
-10.15200
 20
48.83400
 42
1.0
  0
VERTEX
 5
43A
  8
PADLAYER_BOTTOM
 10
-10.00200
 20
48.83400
 42
1.0
  0
SEQEND
  8
PADLAYER_BOTTOM
  0
SOLID
 5
43B
  8
PADLAYER_BOTTOM
 10
-10.42700
 20
47.93400
 11
-10.42700
 21
48.83400
 12
-10.72700
 22
47.93400
 13
-10.72700
 23
48.83400
  0
POLYLINE
 5
43C
  8
PADLAYER_BOTTOM
 66
1
 70
1
 40
0.150000
 41
0.150000
  0
VERTEX
 5
43D
  8
PADLAYER_BOTTOM
 10
-10.65200
 20
47.93400
 42
1.0
  0
VERTEX
 5
43E
  8
PADLAYER_BOTTOM
 10
-10.50200
 20
47.93400
 42
1.0
  0
SEQEND
  8
PADLAYER_BOTTOM
  0
POLYLINE
 5
43F
  8
PADLAYER_BOTTOM
 66
1
 70
1
 40
0.150000
 41
0.150000
  0
VERTEX
 5
440
  8
PADLAYER_BOTTOM
 10
-10.65200
 20
48.83400
 42
1.0
  0
VERTEX
 5
441
  8
PADLAYER_BOTTOM
 10
-10.50200
 20
48.83400
 42
1.0
  0
SEQEND
  8
PADLAYER_BOTTOM
  0
SOLID
 5
442
  8
PADLAYER_BOTTOM
 10
-10.92700
 20
47.93400
 11
-10.92700
 21
48.83400
 12
-11.22700
 22
47.93400
 13
-11.22700
 23
48.83400
  0
POLYLINE
 5
443
  8
PADLAYER_BOTTOM
 66
1
 70
1
 40
0.150000
 41
0.150000
  0
VERTEX
 5
444
  8
PADLAYER_BOTTOM
 10
-11.15200
 20
47.93400
 42
1.0
  0
VERTEX
 5
445
  8
PADLAYER_BOTTOM
 10
-11.00200
 20
47.93400
 42
1.0
  0
SEQEND
  8
PADLAYER_BOTTOM
  0
POLYLINE
 5
446
  8
PADLAYER_BOTTOM
 66
1
 70
1
 40
0.150000
 41
0.150000
  0
VERTEX
 5
447
  8
PADLAYER_BOTTOM
 10
-11.15200
 20
48.83400
 42
1.0
  0
VERTEX
 5
448
  8
PADLAYER_BOTTOM
 10
-11.00200
 20
48.83400
 42
1.0
  0
SEQEND
  8
PADLAYER_BOTTOM
  0
SOLID
 5
449
  8
PADLAYER_BOTTOM
 10
-12.42700
 20
49.13400
 11
-11.52700
 21
49.13400
 12
-12.42700
 22
49.43400
 13
-11.52700
 23
49.43400
  0
POLYLINE
 5
44A
  8
PADLAYER_BOTTOM
 66
1
 70
1
 40
0.150000
 41
0.150000
  0
VERTEX
 5
44B
  8
PADLAYER_BOTTOM
 10
-12.50200
 20
49.28400
 42
1.0
  0
VERTEX
 5
44C
  8
PADLAYER_BOTTOM
 10
-12.35200
 20
49.28400
 42
1.0
  0
SEQEND
  8
PADLAYER_BOTTOM
  0
POLYLINE
 5
44D
  8
PADLAYER_BOTTOM
 66
1
 70
1
 40
0.150000
 41
0.150000
  0
VERTEX
 5
44E
  8
PADLAYER_BOTTOM
 10
-11.60200
 20
49.28400
 42
1.0
  0
VERTEX
 5
44F
  8
PADLAYER_BOTTOM
 10
-11.45200
 20
49.28400
 42
1.0
  0
SEQEND
  8
PADLAYER_BOTTOM
  0
SOLID
 5
450
  8
PADLAYER_BOTTOM
 10
-12.42700
 20
49.63400
 11
-11.52700
 21
49.63400
 12
-12.42700
 22
49.93400
 13
-11.52700
 23
49.93400
  0
POLYLINE
 5
451
  8
PADLAYER_BOTTOM
 66
1
 70
1
 40
0.150000
 41
0.150000
  0
VERTEX
 5
452
  8
PADLAYER_BOTTOM
 10
-12.50200
 20
49.78400
 42
1.0
  0
VERTEX
 5
453
  8
PADLAYER_BOTTOM
 10
-12.35200
 20
49.78400
 42
1.0
  0
SEQEND
  8
PADLAYER_BOTTOM
  0
POLYLINE
 5
454
  8
PADLAYER_BOTTOM
 66
1
 70
1
 40
0.150000
 41
0.150000
  0
VERTEX
 5
455
  8
PADLAYER_BOTTOM
 10
-11.60200
 20
49.78400
 42
1.0
  0
VERTEX
 5
456
  8
PADLAYER_BOTTOM
 10
-11.45200
 20
49.78400
 42
1.0
  0
SEQEND
  8
PADLAYER_BOTTOM
  0
SOLID
 5
457
  8
PADLAYER_BOTTOM
 10
-12.42700
 20
50.13400
 11
-11.52700
 21
50.13400
 12
-12.42700
 22
50.43400
 13
-11.52700
 23
50.43400
  0
POLYLINE
 5
458
  8
PADLAYER_BOTTOM
 66
1
 70
1
 40
0.150000
 41
0.150000
  0
VERTEX
 5
459
  8
PADLAYER_BOTTOM
 10
-12.50200
 20
50.28400
 42
1.0
  0
VERTEX
 5
45A
  8
PADLAYER_BOTTOM
 10
-12.35200
 20
50.28400
 42
1.0
  0
SEQEND
  8
PADLAYER_BOTTOM
  0
POLYLINE
 5
45B
  8
PADLAYER_BOTTOM
 66
1
 70
1
 40
0.150000
 41
0.150000
  0
VERTEX
 5
45C
  8
PADLAYER_BOTTOM
 10
-11.60200
 20
50.28400
 42
1.0
  0
VERTEX
 5
45D
  8
PADLAYER_BOTTOM
 10
-11.45200
 20
50.28400
 42
1.0
  0
SEQEND
  8
PADLAYER_BOTTOM
  0
SOLID
 5
45E
  8
PADLAYER_BOTTOM
 10
-12.42700
 20
50.63400
 11
-11.52700
 21
50.63400
 12
-12.42700
 22
50.93400
 13
-11.52700
 23
50.93400
  0
POLYLINE
 5
45F
  8
PADLAYER_BOTTOM
 66
1
 70
1
 40
0.150000
 41
0.150000
  0
VERTEX
 5
460
  8
PADLAYER_BOTTOM
 10
-12.50200
 20
50.78400
 42
1.0
  0
VERTEX
 5
461
  8
PADLAYER_BOTTOM
 10
-12.35200
 20
50.78400
 42
1.0
  0
SEQEND
  8
PADLAYER_BOTTOM
  0
POLYLINE
 5
462
  8
PADLAYER_BOTTOM
 66
1
 70
1
 40
0.150000
 41
0.150000
  0
VERTEX
 5
463
  8
PADLAYER_BOTTOM
 10
-11.60200
 20
50.78400
 42
1.0
  0
VERTEX
 5
464
  8
PADLAYER_BOTTOM
 10
-11.45200
 20
50.78400
 42
1.0
  0
SEQEND
  8
PADLAYER_BOTTOM
  0
SOLID
 5
465
  8
PADLAYER_BOTTOM
 10
-12.42700
 20
51.13400
 11
-11.52700
 21
51.13400
 12
-12.42700
 22
51.43400
 13
-11.52700
 23
51.43400
  0
POLYLINE
 5
466
  8
PADLAYER_BOTTOM
 66
1
 70
1
 40
0.150000
 41
0.150000
  0
VERTEX
 5
467
  8
PADLAYER_BOTTOM
 10
-12.50200
 20
51.28400
 42
1.0
  0
VERTEX
 5
468
  8
PADLAYER_BOTTOM
 10
-12.35200
 20
51.28400
 42
1.0
  0
SEQEND
  8
PADLAYER_BOTTOM
  0
POLYLINE
 5
469
  8
PADLAYER_BOTTOM
 66
1
 70
1
 40
0.150000
 41
0.150000
  0
VERTEX
 5
46A
  8
PADLAYER_BOTTOM
 10
-11.60200
 20
51.28400
 42
1.0
  0
VERTEX
 5
46B
  8
PADLAYER_BOTTOM
 10
-11.45200
 20
51.28400
 42
1.0
  0
SEQEND
  8
PADLAYER_BOTTOM
  0
SOLID
 5
46C
  8
PADLAYER_BOTTOM
 10
-12.42700
 20
51.63400
 11
-11.52700
 21
51.63400
 12
-12.42700
 22
51.93400
 13
-11.52700
 23
51.93400
  0
POLYLINE
 5
46D
  8
PADLAYER_BOTTOM
 66
1
 70
1
 40
0.150000
 41
0.150000
  0
VERTEX
 5
46E
  8
PADLAYER_BOTTOM
 10
-12.50200
 20
51.78400
 42
1.0
  0
VERTEX
 5
46F
  8
PADLAYER_BOTTOM
 10
-12.35200
 20
51.78400
 42
1.0
  0
SEQEND
  8
PADLAYER_BOTTOM
  0
POLYLINE
 5
470
  8
PADLAYER_BOTTOM
 66
1
 70
1
 40
0.150000
 41
0.150000
  0
VERTEX
 5
471
  8
PADLAYER_BOTTOM
 10
-11.60200
 20
51.78400
 42
1.0
  0
VERTEX
 5
472
  8
PADLAYER_BOTTOM
 10
-11.45200
 20
51.78400
 42
1.0
  0
SEQEND
  8
PADLAYER_BOTTOM
  0
SOLID
 5
473
  8
PADLAYER_BOTTOM
 10
-12.42700
 20
52.13400
 11
-11.52700
 21
52.13400
 12
-12.42700
 22
52.43400
 13
-11.52700
 23
52.43400
  0
POLYLINE
 5
474
  8
PADLAYER_BOTTOM
 66
1
 70
1
 40
0.150000
 41
0.150000
  0
VERTEX
 5
475
  8
PADLAYER_BOTTOM
 10
-12.50200
 20
52.28400
 42
1.0
  0
VERTEX
 5
476
  8
PADLAYER_BOTTOM
 10
-12.35200
 20
52.28400
 42
1.0
  0
SEQEND
  8
PADLAYER_BOTTOM
  0
POLYLINE
 5
477
  8
PADLAYER_BOTTOM
 66
1
 70
1
 40
0.150000
 41
0.150000
  0
VERTEX
 5
478
  8
PADLAYER_BOTTOM
 10
-11.60200
 20
52.28400
 42
1.0
  0
VERTEX
 5
479
  8
PADLAYER_BOTTOM
 10
-11.45200
 20
52.28400
 42
1.0
  0
SEQEND
  8
PADLAYER_BOTTOM
  0
SOLID
 5
47A
  8
PADLAYER_BOTTOM
 10
-12.42700
 20
52.63400
 11
-11.52700
 21
52.63400
 12
-12.42700
 22
52.93400
 13
-11.52700
 23
52.93400
  0
POLYLINE
 5
47B
  8
PADLAYER_BOTTOM
 66
1
 70
1
 40
0.150000
 41
0.150000
  0
VERTEX
 5
47C
  8
PADLAYER_BOTTOM
 10
-12.50200
 20
52.78400
 42
1.0
  0
VERTEX
 5
47D
  8
PADLAYER_BOTTOM
 10
-12.35200
 20
52.78400
 42
1.0
  0
SEQEND
  8
PADLAYER_BOTTOM
  0
POLYLINE
 5
47E
  8
PADLAYER_BOTTOM
 66
1
 70
1
 40
0.150000
 41
0.150000
  0
VERTEX
 5
47F
  8
PADLAYER_BOTTOM
 10
-11.60200
 20
52.78400
 42
1.0
  0
VERTEX
 5
480
  8
PADLAYER_BOTTOM
 10
-11.45200
 20
52.78400
 42
1.0
  0
SEQEND
  8
PADLAYER_BOTTOM
  0
SOLID
 5
481
  8
PADLAYER_BOTTOM
 10
-10.92700
 20
53.23400
 11
-10.92700
 21
54.13400
 12
-11.22700
 22
53.23400
 13
-11.22700
 23
54.13400
  0
POLYLINE
 5
482
  8
PADLAYER_BOTTOM
 66
1
 70
1
 40
0.150000
 41
0.150000
  0
VERTEX
 5
483
  8
PADLAYER_BOTTOM
 10
-11.15200
 20
53.23400
 42
1.0
  0
VERTEX
 5
484
  8
PADLAYER_BOTTOM
 10
-11.00200
 20
53.23400
 42
1.0
  0
SEQEND
  8
PADLAYER_BOTTOM
  0
POLYLINE
 5
485
  8
PADLAYER_BOTTOM
 66
1
 70
1
 40
0.150000
 41
0.150000
  0
VERTEX
 5
486
  8
PADLAYER_BOTTOM
 10
-11.15200
 20
54.13400
 42
1.0
  0
VERTEX
 5
487
  8
PADLAYER_BOTTOM
 10
-11.00200
 20
54.13400
 42
1.0
  0
SEQEND
  8
PADLAYER_BOTTOM
  0
SOLID
 5
488
  8
PADLAYER_BOTTOM
 10
-10.42700
 20
53.23400
 11
-10.42700
 21
54.13400
 12
-10.72700
 22
53.23400
 13
-10.72700
 23
54.13400
  0
POLYLINE
 5
489
  8
PADLAYER_BOTTOM
 66
1
 70
1
 40
0.150000
 41
0.150000
  0
VERTEX
 5
48A
  8
PADLAYER_BOTTOM
 10
-10.65200
 20
53.23400
 42
1.0
  0
VERTEX
 5
48B
  8
PADLAYER_BOTTOM
 10
-10.50200
 20
53.23400
 42
1.0
  0
SEQEND
  8
PADLAYER_BOTTOM
  0
POLYLINE
 5
48C
  8
PADLAYER_BOTTOM
 66
1
 70
1
 40
0.150000
 41
0.150000
  0
VERTEX
 5
48D
  8
PADLAYER_BOTTOM
 10
-10.65200
 20
54.13400
 42
1.0
  0
VERTEX
 5
48E
  8
PADLAYER_BOTTOM
 10
-10.50200
 20
54.13400
 42
1.0
  0
SEQEND
  8
PADLAYER_BOTTOM
  0
SOLID
 5
48F
  8
PADLAYER_BOTTOM
 10
-9.92700
 20
53.23400
 11
-9.92700
 21
54.13400
 12
-10.22700
 22
53.23400
 13
-10.22700
 23
54.13400
  0
POLYLINE
 5
490
  8
PADLAYER_BOTTOM
 66
1
 70
1
 40
0.150000
 41
0.150000
  0
VERTEX
 5
491
  8
PADLAYER_BOTTOM
 10
-10.15200
 20
53.23400
 42
1.0
  0
VERTEX
 5
492
  8
PADLAYER_BOTTOM
 10
-10.00200
 20
53.23400
 42
1.0
  0
SEQEND
  8
PADLAYER_BOTTOM
  0
POLYLINE
 5
493
  8
PADLAYER_BOTTOM
 66
1
 70
1
 40
0.150000
 41
0.150000
  0
VERTEX
 5
494
  8
PADLAYER_BOTTOM
 10
-10.15200
 20
54.13400
 42
1.0
  0
VERTEX
 5
495
  8
PADLAYER_BOTTOM
 10
-10.00200
 20
54.13400
 42
1.0
  0
SEQEND
  8
PADLAYER_BOTTOM
  0
SOLID
 5
496
  8
PADLAYER_BOTTOM
 10
-9.42700
 20
53.23400
 11
-9.42700
 21
54.13400
 12
-9.72700
 22
53.23400
 13
-9.72700
 23
54.13400
  0
POLYLINE
 5
497
  8
PADLAYER_BOTTOM
 66
1
 70
1
 40
0.150000
 41
0.150000
  0
VERTEX
 5
498
  8
PADLAYER_BOTTOM
 10
-9.65200
 20
53.23400
 42
1.0
  0
VERTEX
 5
499
  8
PADLAYER_BOTTOM
 10
-9.50200
 20
53.23400
 42
1.0
  0
SEQEND
  8
PADLAYER_BOTTOM
  0
POLYLINE
 5
49A
  8
PADLAYER_BOTTOM
 66
1
 70
1
 40
0.150000
 41
0.150000
  0
VERTEX
 5
49B
  8
PADLAYER_BOTTOM
 10
-9.65200
 20
54.13400
 42
1.0
  0
VERTEX
 5
49C
  8
PADLAYER_BOTTOM
 10
-9.50200
 20
54.13400
 42
1.0
  0
SEQEND
  8
PADLAYER_BOTTOM
  0
SOLID
 5
49D
  8
PADLAYER_BOTTOM
 10
-8.92700
 20
53.23400
 11
-8.92700
 21
54.13400
 12
-9.22700
 22
53.23400
 13
-9.22700
 23
54.13400
  0
POLYLINE
 5
49E
  8
PADLAYER_BOTTOM
 66
1
 70
1
 40
0.150000
 41
0.150000
  0
VERTEX
 5
49F
  8
PADLAYER_BOTTOM
 10
-9.15200
 20
53.23400
 42
1.0
  0
VERTEX
 5
4A0
  8
PADLAYER_BOTTOM
 10
-9.00200
 20
53.23400
 42
1.0
  0
SEQEND
  8
PADLAYER_BOTTOM
  0
POLYLINE
 5
4A1
  8
PADLAYER_BOTTOM
 66
1
 70
1
 40
0.150000
 41
0.150000
  0
VERTEX
 5
4A2
  8
PADLAYER_BOTTOM
 10
-9.15200
 20
54.13400
 42
1.0
  0
VERTEX
 5
4A3
  8
PADLAYER_BOTTOM
 10
-9.00200
 20
54.13400
 42
1.0
  0
SEQEND
  8
PADLAYER_BOTTOM
  0
SOLID
 5
4A4
  8
PADLAYER_BOTTOM
 10
-8.42700
 20
53.23400
 11
-8.42700
 21
54.13400
 12
-8.72700
 22
53.23400
 13
-8.72700
 23
54.13400
  0
POLYLINE
 5
4A5
  8
PADLAYER_BOTTOM
 66
1
 70
1
 40
0.150000
 41
0.150000
  0
VERTEX
 5
4A6
  8
PADLAYER_BOTTOM
 10
-8.65200
 20
53.23400
 42
1.0
  0
VERTEX
 5
4A7
  8
PADLAYER_BOTTOM
 10
-8.50200
 20
53.23400
 42
1.0
  0
SEQEND
  8
PADLAYER_BOTTOM
  0
POLYLINE
 5
4A8
  8
PADLAYER_BOTTOM
 66
1
 70
1
 40
0.150000
 41
0.150000
  0
VERTEX
 5
4A9
  8
PADLAYER_BOTTOM
 10
-8.65200
 20
54.13400
 42
1.0
  0
VERTEX
 5
4AA
  8
PADLAYER_BOTTOM
 10
-8.50200
 20
54.13400
 42
1.0
  0
SEQEND
  8
PADLAYER_BOTTOM
  0
SOLID
 5
4AB
  8
PADLAYER_BOTTOM
 10
-7.92700
 20
53.23400
 11
-7.92700
 21
54.13400
 12
-8.22700
 22
53.23400
 13
-8.22700
 23
54.13400
  0
POLYLINE
 5
4AC
  8
PADLAYER_BOTTOM
 66
1
 70
1
 40
0.150000
 41
0.150000
  0
VERTEX
 5
4AD
  8
PADLAYER_BOTTOM
 10
-8.15200
 20
53.23400
 42
1.0
  0
VERTEX
 5
4AE
  8
PADLAYER_BOTTOM
 10
-8.00200
 20
53.23400
 42
1.0
  0
SEQEND
  8
PADLAYER_BOTTOM
  0
POLYLINE
 5
4AF
  8
PADLAYER_BOTTOM
 66
1
 70
1
 40
0.150000
 41
0.150000
  0
VERTEX
 5
4B0
  8
PADLAYER_BOTTOM
 10
-8.15200
 20
54.13400
 42
1.0
  0
VERTEX
 5
4B1
  8
PADLAYER_BOTTOM
 10
-8.00200
 20
54.13400
 42
1.0
  0
SEQEND
  8
PADLAYER_BOTTOM
  0
SOLID
 5
4B2
  8
PADLAYER_BOTTOM
 10
-7.42700
 20
53.23400
 11
-7.42700
 21
54.13400
 12
-7.72700
 22
53.23400
 13
-7.72700
 23
54.13400
  0
POLYLINE
 5
4B3
  8
PADLAYER_BOTTOM
 66
1
 70
1
 40
0.150000
 41
0.150000
  0
VERTEX
 5
4B4
  8
PADLAYER_BOTTOM
 10
-7.65200
 20
53.23400
 42
1.0
  0
VERTEX
 5
4B5
  8
PADLAYER_BOTTOM
 10
-7.50200
 20
53.23400
 42
1.0
  0
SEQEND
  8
PADLAYER_BOTTOM
  0
POLYLINE
 5
4B6
  8
PADLAYER_BOTTOM
 66
1
 70
1
 40
0.150000
 41
0.150000
  0
VERTEX
 5
4B7
  8
PADLAYER_BOTTOM
 10
-7.65200
 20
54.13400
 42
1.0
  0
VERTEX
 5
4B8
  8
PADLAYER_BOTTOM
 10
-7.50200
 20
54.13400
 42
1.0
  0
SEQEND
  8
PADLAYER_BOTTOM
  0
SOLID
 5
4B9
  8
PADLAYER_BOTTOM
 10
-7.12700
 20
52.63400
 11
-6.22700
 21
52.63400
 12
-7.12700
 22
52.93400
 13
-6.22700
 23
52.93400
  0
POLYLINE
 5
4BA
  8
PADLAYER_BOTTOM
 66
1
 70
1
 40
0.150000
 41
0.150000
  0
VERTEX
 5
4BB
  8
PADLAYER_BOTTOM
 10
-7.20200
 20
52.78400
 42
1.0
  0
VERTEX
 5
4BC
  8
PADLAYER_BOTTOM
 10
-7.05200
 20
52.78400
 42
1.0
  0
SEQEND
  8
PADLAYER_BOTTOM
  0
POLYLINE
 5
4BD
  8
PADLAYER_BOTTOM
 66
1
 70
1
 40
0.150000
 41
0.150000
  0
VERTEX
 5
4BE
  8
PADLAYER_BOTTOM
 10
-6.30200
 20
52.78400
 42
1.0
  0
VERTEX
 5
4BF
  8
PADLAYER_BOTTOM
 10
-6.15200
 20
52.78400
 42
1.0
  0
SEQEND
  8
PADLAYER_BOTTOM
  0
SOLID
 5
4C0
  8
PADLAYER_BOTTOM
 10
-7.12700
 20
52.13400
 11
-6.22700
 21
52.13400
 12
-7.12700
 22
52.43400
 13
-6.22700
 23
52.43400
  0
POLYLINE
 5
4C1
  8
PADLAYER_BOTTOM
 66
1
 70
1
 40
0.150000
 41
0.150000
  0
VERTEX
 5
4C2
  8
PADLAYER_BOTTOM
 10
-7.20200
 20
52.28400
 42
1.0
  0
VERTEX
 5
4C3
  8
PADLAYER_BOTTOM
 10
-7.05200
 20
52.28400
 42
1.0
  0
SEQEND
  8
PADLAYER_BOTTOM
  0
POLYLINE
 5
4C4
  8
PADLAYER_BOTTOM
 66
1
 70
1
 40
0.150000
 41
0.150000
  0
VERTEX
 5
4C5
  8
PADLAYER_BOTTOM
 10
-6.30200
 20
52.28400
 42
1.0
  0
VERTEX
 5
4C6
  8
PADLAYER_BOTTOM
 10
-6.15200
 20
52.28400
 42
1.0
  0
SEQEND
  8
PADLAYER_BOTTOM
  0
SOLID
 5
4C7
  8
PADLAYER_BOTTOM
 10
-7.12700
 20
51.63400
 11
-6.22700
 21
51.63400
 12
-7.12700
 22
51.93400
 13
-6.22700
 23
51.93400
  0
POLYLINE
 5
4C8
  8
PADLAYER_BOTTOM
 66
1
 70
1
 40
0.150000
 41
0.150000
  0
VERTEX
 5
4C9
  8
PADLAYER_BOTTOM
 10
-7.20200
 20
51.78400
 42
1.0
  0
VERTEX
 5
4CA
  8
PADLAYER_BOTTOM
 10
-7.05200
 20
51.78400
 42
1.0
  0
SEQEND
  8
PADLAYER_BOTTOM
  0
POLYLINE
 5
4CB
  8
PADLAYER_BOTTOM
 66
1
 70
1
 40
0.150000
 41
0.150000
  0
VERTEX
 5
4CC
  8
PADLAYER_BOTTOM
 10
-6.30200
 20
51.78400
 42
1.0
  0
VERTEX
 5
4CD
  8
PADLAYER_BOTTOM
 10
-6.15200
 20
51.78400
 42
1.0
  0
SEQEND
  8
PADLAYER_BOTTOM
  0
SOLID
 5
4CE
  8
PADLAYER_BOTTOM
 10
-7.12700
 20
51.13400
 11
-6.22700
 21
51.13400
 12
-7.12700
 22
51.43400
 13
-6.22700
 23
51.43400
  0
POLYLINE
 5
4CF
  8
PADLAYER_BOTTOM
 66
1
 70
1
 40
0.150000
 41
0.150000
  0
VERTEX
 5
4D0
  8
PADLAYER_BOTTOM
 10
-7.20200
 20
51.28400
 42
1.0
  0
VERTEX
 5
4D1
  8
PADLAYER_BOTTOM
 10
-7.05200
 20
51.28400
 42
1.0
  0
SEQEND
  8
PADLAYER_BOTTOM
  0
POLYLINE
 5
4D2
  8
PADLAYER_BOTTOM
 66
1
 70
1
 40
0.150000
 41
0.150000
  0
VERTEX
 5
4D3
  8
PADLAYER_BOTTOM
 10
-6.30200
 20
51.28400
 42
1.0
  0
VERTEX
 5
4D4
  8
PADLAYER_BOTTOM
 10
-6.15200
 20
51.28400
 42
1.0
  0
SEQEND
  8
PADLAYER_BOTTOM
  0
SOLID
 5
4D5
  8
PADLAYER_BOTTOM
 10
-7.12700
 20
50.63400
 11
-6.22700
 21
50.63400
 12
-7.12700
 22
50.93400
 13
-6.22700
 23
50.93400
  0
POLYLINE
 5
4D6
  8
PADLAYER_BOTTOM
 66
1
 70
1
 40
0.150000
 41
0.150000
  0
VERTEX
 5
4D7
  8
PADLAYER_BOTTOM
 10
-7.20200
 20
50.78400
 42
1.0
  0
VERTEX
 5
4D8
  8
PADLAYER_BOTTOM
 10
-7.05200
 20
50.78400
 42
1.0
  0
SEQEND
  8
PADLAYER_BOTTOM
  0
POLYLINE
 5
4D9
  8
PADLAYER_BOTTOM
 66
1
 70
1
 40
0.150000
 41
0.150000
  0
VERTEX
 5
4DA
  8
PADLAYER_BOTTOM
 10
-6.30200
 20
50.78400
 42
1.0
  0
VERTEX
 5
4DB
  8
PADLAYER_BOTTOM
 10
-6.15200
 20
50.78400
 42
1.0
  0
SEQEND
  8
PADLAYER_BOTTOM
  0
SOLID
 5
4DC
  8
PADLAYER_BOTTOM
 10
-7.12700
 20
50.13400
 11
-6.22700
 21
50.13400
 12
-7.12700
 22
50.43400
 13
-6.22700
 23
50.43400
  0
POLYLINE
 5
4DD
  8
PADLAYER_BOTTOM
 66
1
 70
1
 40
0.150000
 41
0.150000
  0
VERTEX
 5
4DE
  8
PADLAYER_BOTTOM
 10
-7.20200
 20
50.28400
 42
1.0
  0
VERTEX
 5
4DF
  8
PADLAYER_BOTTOM
 10
-7.05200
 20
50.28400
 42
1.0
  0
SEQEND
  8
PADLAYER_BOTTOM
  0
POLYLINE
 5
4E0
  8
PADLAYER_BOTTOM
 66
1
 70
1
 40
0.150000
 41
0.150000
  0
VERTEX
 5
4E1
  8
PADLAYER_BOTTOM
 10
-6.30200
 20
50.28400
 42
1.0
  0
VERTEX
 5
4E2
  8
PADLAYER_BOTTOM
 10
-6.15200
 20
50.28400
 42
1.0
  0
SEQEND
  8
PADLAYER_BOTTOM
  0
SOLID
 5
4E3
  8
PADLAYER_BOTTOM
 10
-7.12700
 20
49.63400
 11
-6.22700
 21
49.63400
 12
-7.12700
 22
49.93400
 13
-6.22700
 23
49.93400
  0
POLYLINE
 5
4E4
  8
PADLAYER_BOTTOM
 66
1
 70
1
 40
0.150000
 41
0.150000
  0
VERTEX
 5
4E5
  8
PADLAYER_BOTTOM
 10
-7.20200
 20
49.78400
 42
1.0
  0
VERTEX
 5
4E6
  8
PADLAYER_BOTTOM
 10
-7.05200
 20
49.78400
 42
1.0
  0
SEQEND
  8
PADLAYER_BOTTOM
  0
POLYLINE
 5
4E7
  8
PADLAYER_BOTTOM
 66
1
 70
1
 40
0.150000
 41
0.150000
  0
VERTEX
 5
4E8
  8
PADLAYER_BOTTOM
 10
-6.30200
 20
49.78400
 42
1.0
  0
VERTEX
 5
4E9
  8
PADLAYER_BOTTOM
 10
-6.15200
 20
49.78400
 42
1.0
  0
SEQEND
  8
PADLAYER_BOTTOM
  0
SOLID
 5
4EA
  8
PADLAYER_BOTTOM
 10
-7.12700
 20
49.13400
 11
-6.22700
 21
49.13400
 12
-7.12700
 22
49.43400
 13
-6.22700
 23
49.43400
  0
POLYLINE
 5
4EB
  8
PADLAYER_BOTTOM
 66
1
 70
1
 40
0.150000
 41
0.150000
  0
VERTEX
 5
4EC
  8
PADLAYER_BOTTOM
 10
-7.20200
 20
49.28400
 42
1.0
  0
VERTEX
 5
4ED
  8
PADLAYER_BOTTOM
 10
-7.05200
 20
49.28400
 42
1.0
  0
SEQEND
  8
PADLAYER_BOTTOM
  0
POLYLINE
 5
4EE
  8
PADLAYER_BOTTOM
 66
1
 70
1
 40
0.150000
 41
0.150000
  0
VERTEX
 5
4EF
  8
PADLAYER_BOTTOM
 10
-6.30200
 20
49.28400
 42
1.0
  0
VERTEX
 5
4F0
  8
PADLAYER_BOTTOM
 10
-6.15200
 20
49.28400
 42
1.0
  0
SEQEND
  8
PADLAYER_BOTTOM
  0
SOLID
 5
4F1
  8
PADLAYER_BOTTOM
 10
-11.07700
 20
49.28400
 11
-7.57700
 21
49.28400
 12
-11.07700
 22
52.78400
 13
-7.57700
 23
52.78400
  0
POLYLINE
 5
4F2
  8
2DLINES_4
 66
1
 40
0.152400
 41
0.152400
  0
VERTEX
 5
4F3
  8
2DLINES_4
 10
-6.70000
 20
41.28000
  0
VERTEX
 5
4F4
  8
2DLINES_4
 10
-18.20000
 20
41.28000
  0
SEQEND
  8
2DLINES_4
  0
POLYLINE
 5
4F5
  8
2DLINES_4
 66
1
 70
1
 40
0.076200
 41
0.076200
  0
VERTEX
 5
4F6
  8
2DLINES_4
 10
-6.73810
 20
41.28000
 42
1.0
  0
VERTEX
 5
4F7
  8
2DLINES_4
 10
-6.66190
 20
41.28000
 42
1.0
  0
SEQEND
  8
2DLINES_4
  0
POLYLINE
 5
4F8
  8
2DLINES_4
 66
1
 70
1
 40
0.076200
 41
0.076200
  0
VERTEX
 5
4F9
  8
2DLINES_4
 10
-18.23810
 20
41.28000
 42
1.0
  0
VERTEX
 5
4FA
  8
2DLINES_4
 10
-18.16190
 20
41.28000
 42
1.0
  0
SEQEND
  8
2DLINES_4
  0
POLYLINE
 5
4FB
  8
2DLINES_4
 66
1
 40
0.152400
 41
0.152400
  0
VERTEX
 5
4FC
  8
2DLINES_4
 10
-18.20000
 20
41.28000
  0
VERTEX
 5
4FD
  8
2DLINES_4
 10
-18.20000
 20
30.78000
  0
SEQEND
  8
2DLINES_4
  0
POLYLINE
 5
4FE
  8
2DLINES_4
 66
1
 70
1
 40
0.076200
 41
0.076200
  0
VERTEX
 5
4FF
  8
2DLINES_4
 10
-18.23810
 20
41.28000
 42
1.0
  0
VERTEX
 5
500
  8
2DLINES_4
 10
-18.16190
 20
41.28000
 42
1.0
  0
SEQEND
  8
2DLINES_4
  0
POLYLINE
 5
501
  8
2DLINES_4
 66
1
 70
1
 40
0.076200
 41
0.076200
  0
VERTEX
 5
502
  8
2DLINES_4
 10
-18.23810
 20
30.78000
 42
1.0
  0
VERTEX
 5
503
  8
2DLINES_4
 10
-18.16190
 20
30.78000
 42
1.0
  0
SEQEND
  8
2DLINES_4
  0
POLYLINE
 5
504
  8
2DLINES_4
 66
1
 40
0.152400
 41
0.152400
  0
VERTEX
 5
505
  8
2DLINES_4
 10
-18.20000
 20
30.78000
  0
VERTEX
 5
506
  8
2DLINES_4
 10
-6.70000
 20
30.78000
  0
SEQEND
  8
2DLINES_4
  0
POLYLINE
 5
507
  8
2DLINES_4
 66
1
 70
1
 40
0.076200
 41
0.076200
  0
VERTEX
 5
508
  8
2DLINES_4
 10
-18.23810
 20
30.78000
 42
1.0
  0
VERTEX
 5
509
  8
2DLINES_4
 10
-18.16190
 20
30.78000
 42
1.0
  0
SEQEND
  8
2DLINES_4
  0
POLYLINE
 5
50A
  8
2DLINES_4
 66
1
 70
1
 40
0.076200
 41
0.076200
  0
VERTEX
 5
50B
  8
2DLINES_4
 10
-6.73810
 20
30.78000
 42
1.0
  0
VERTEX
 5
50C
  8
2DLINES_4
 10
-6.66190
 20
30.78000
 42
1.0
  0
SEQEND
  8
2DLINES_4
  0
POLYLINE
 5
50D
  8
2DLINES_4
 66
1
 40
0.152400
 41
0.152400
  0
VERTEX
 5
50E
  8
2DLINES_4
 10
-6.70000
 20
30.78000
  0
VERTEX
 5
50F
  8
2DLINES_4
 10
-6.70000
 20
41.28000
  0
SEQEND
  8
2DLINES_4
  0
POLYLINE
 5
510
  8
2DLINES_4
 66
1
 70
1
 40
0.076200
 41
0.076200
  0
VERTEX
 5
511
  8
2DLINES_4
 10
-6.73810
 20
30.78000
 42
1.0
  0
VERTEX
 5
512
  8
2DLINES_4
 10
-6.66190
 20
30.78000
 42
1.0
  0
SEQEND
  8
2DLINES_4
  0
POLYLINE
 5
513
  8
2DLINES_4
 66
1
 70
1
 40
0.076200
 41
0.076200
  0
VERTEX
 5
514
  8
2DLINES_4
 10
-6.73810
 20
41.28000
 42
1.0
  0
VERTEX
 5
515
  8
2DLINES_4
 10
-6.66190
 20
41.28000
 42
1.0
  0
SEQEND
  8
2DLINES_4
  0
POLYLINE
 5
516
  8
PLACEMENT_OUTLINE_BOTTOM
 66
1
 40
0.152400
 41
0.152400
  0
VERTEX
 5
517
  8
PLACEMENT_OUTLINE_BOTTOM
 10
-6.70000
 20
41.28000
  0
VERTEX
 5
518
  8
PLACEMENT_OUTLINE_BOTTOM
 10
-18.20000
 20
41.28000
  0
SEQEND
  8
PLACEMENT_OUTLINE_BOTTOM
  0
POLYLINE
 5
519
  8
PLACEMENT_OUTLINE_BOTTOM
 66
1
 70
1
 40
0.076200
 41
0.076200
  0
VERTEX
 5
51A
  8
PLACEMENT_OUTLINE_BOTTOM
 10
-6.73810
 20
41.28000
 42
1.0
  0
VERTEX
 5
51B
  8
PLACEMENT_OUTLINE_BOTTOM
 10
-6.66190
 20
41.28000
 42
1.0
  0
SEQEND
  8
PLACEMENT_OUTLINE_BOTTOM
  0
POLYLINE
 5
51C
  8
PLACEMENT_OUTLINE_BOTTOM
 66
1
 70
1
 40
0.076200
 41
0.076200
  0
VERTEX
 5
51D
  8
PLACEMENT_OUTLINE_BOTTOM
 10
-18.23810
 20
41.28000
 42
1.0
  0
VERTEX
 5
51E
  8
PLACEMENT_OUTLINE_BOTTOM
 10
-18.16190
 20
41.28000
 42
1.0
  0
SEQEND
  8
PLACEMENT_OUTLINE_BOTTOM
  0
POLYLINE
 5
51F
  8
PLACEMENT_OUTLINE_BOTTOM
 66
1
 40
0.152400
 41
0.152400
  0
VERTEX
 5
520
  8
PLACEMENT_OUTLINE_BOTTOM
 10
-18.20000
 20
41.28000
  0
VERTEX
 5
521
  8
PLACEMENT_OUTLINE_BOTTOM
 10
-18.20000
 20
30.78000
  0
SEQEND
  8
PLACEMENT_OUTLINE_BOTTOM
  0
POLYLINE
 5
522
  8
PLACEMENT_OUTLINE_BOTTOM
 66
1
 70
1
 40
0.076200
 41
0.076200
  0
VERTEX
 5
523
  8
PLACEMENT_OUTLINE_BOTTOM
 10
-18.23810
 20
41.28000
 42
1.0
  0
VERTEX
 5
524
  8
PLACEMENT_OUTLINE_BOTTOM
 10
-18.16190
 20
41.28000
 42
1.0
  0
SEQEND
  8
PLACEMENT_OUTLINE_BOTTOM
  0
POLYLINE
 5
525
  8
PLACEMENT_OUTLINE_BOTTOM
 66
1
 70
1
 40
0.076200
 41
0.076200
  0
VERTEX
 5
526
  8
PLACEMENT_OUTLINE_BOTTOM
 10
-18.23810
 20
30.78000
 42
1.0
  0
VERTEX
 5
527
  8
PLACEMENT_OUTLINE_BOTTOM
 10
-18.16190
 20
30.78000
 42
1.0
  0
SEQEND
  8
PLACEMENT_OUTLINE_BOTTOM
  0
POLYLINE
 5
528
  8
PLACEMENT_OUTLINE_BOTTOM
 66
1
 40
0.152400
 41
0.152400
  0
VERTEX
 5
529
  8
PLACEMENT_OUTLINE_BOTTOM
 10
-18.20000
 20
30.78000
  0
VERTEX
 5
52A
  8
PLACEMENT_OUTLINE_BOTTOM
 10
-6.70000
 20
30.78000
  0
SEQEND
  8
PLACEMENT_OUTLINE_BOTTOM
  0
POLYLINE
 5
52B
  8
PLACEMENT_OUTLINE_BOTTOM
 66
1
 70
1
 40
0.076200
 41
0.076200
  0
VERTEX
 5
52C
  8
PLACEMENT_OUTLINE_BOTTOM
 10
-18.23810
 20
30.78000
 42
1.0
  0
VERTEX
 5
52D
  8
PLACEMENT_OUTLINE_BOTTOM
 10
-18.16190
 20
30.78000
 42
1.0
  0
SEQEND
  8
PLACEMENT_OUTLINE_BOTTOM
  0
POLYLINE
 5
52E
  8
PLACEMENT_OUTLINE_BOTTOM
 66
1
 70
1
 40
0.076200
 41
0.076200
  0
VERTEX
 5
52F
  8
PLACEMENT_OUTLINE_BOTTOM
 10
-6.73810
 20
30.78000
 42
1.0
  0
VERTEX
 5
530
  8
PLACEMENT_OUTLINE_BOTTOM
 10
-6.66190
 20
30.78000
 42
1.0
  0
SEQEND
  8
PLACEMENT_OUTLINE_BOTTOM
  0
POLYLINE
 5
531
  8
PLACEMENT_OUTLINE_BOTTOM
 66
1
 40
0.152400
 41
0.152400
  0
VERTEX
 5
532
  8
PLACEMENT_OUTLINE_BOTTOM
 10
-6.70000
 20
30.78000
  0
VERTEX
 5
533
  8
PLACEMENT_OUTLINE_BOTTOM
 10
-6.70000
 20
41.28000
  0
SEQEND
  8
PLACEMENT_OUTLINE_BOTTOM
  0
POLYLINE
 5
534
  8
PLACEMENT_OUTLINE_BOTTOM
 66
1
 70
1
 40
0.076200
 41
0.076200
  0
VERTEX
 5
535
  8
PLACEMENT_OUTLINE_BOTTOM
 10
-6.73810
 20
30.78000
 42
1.0
  0
VERTEX
 5
536
  8
PLACEMENT_OUTLINE_BOTTOM
 10
-6.66190
 20
30.78000
 42
1.0
  0
SEQEND
  8
PLACEMENT_OUTLINE_BOTTOM
  0
POLYLINE
 5
537
  8
PLACEMENT_OUTLINE_BOTTOM
 66
1
 70
1
 40
0.076200
 41
0.076200
  0
VERTEX
 5
538
  8
PLACEMENT_OUTLINE_BOTTOM
 10
-6.73810
 20
41.28000
 42
1.0
  0
VERTEX
 5
539
  8
PLACEMENT_OUTLINE_BOTTOM
 10
-6.66190
 20
41.28000
 42
1.0
  0
SEQEND
  8
PLACEMENT_OUTLINE_BOTTOM
  0
SOLID
 5
53A
  8
PADLAYER_BOTTOM
 10
-5.95000
 20
34.03000
 11
-5.95000
 21
38.03000
 12
-9.45000
 22
34.03000
 13
-9.45000
 23
38.03000
  0
SOLID
 5
53B
  8
PADLAYER_BOTTOM
 10
-15.45000
 20
34.03000
 11
-15.45000
 21
38.03000
 12
-18.95000
 22
34.03000
 13
-18.95000
 23
38.03000
  0
POLYLINE
 5
53C
  8
2DLINES_4
 66
1
 40
0.152400
 41
0.152400
  0
VERTEX
 5
53D
  8
2DLINES_4
 10
-0.37700
 20
49.08400
  0
VERTEX
 5
53E
  8
2DLINES_4
 10
-0.37700
 20
48.18400
  0
SEQEND
  8
2DLINES_4
  0
POLYLINE
 5
53F
  8
2DLINES_4
 66
1
 70
1
 40
0.076200
 41
0.076200
  0
VERTEX
 5
540
  8
2DLINES_4
 10
-0.41510
 20
49.08400
 42
1.0
  0
VERTEX
 5
541
  8
2DLINES_4
 10
-0.33890
 20
49.08400
 42
1.0
  0
SEQEND
  8
2DLINES_4
  0
POLYLINE
 5
542
  8
2DLINES_4
 66
1
 70
1
 40
0.076200
 41
0.076200
  0
VERTEX
 5
543
  8
2DLINES_4
 10
-0.41510
 20
48.18400
 42
1.0
  0
VERTEX
 5
544
  8
2DLINES_4
 10
-0.33890
 20
48.18400
 42
1.0
  0
SEQEND
  8
2DLINES_4
  0
POLYLINE
 5
545
  8
2DLINES_4
 66
1
 40
0.152400
 41
0.152400
  0
VERTEX
 5
546
  8
2DLINES_4
 10
-0.37700
 20
48.18400
  0
VERTEX
 5
547
  8
2DLINES_4
 10
-2.77700
 20
48.18400
  0
SEQEND
  8
2DLINES_4
  0
POLYLINE
 5
548
  8
2DLINES_4
 66
1
 70
1
 40
0.076200
 41
0.076200
  0
VERTEX
 5
549
  8
2DLINES_4
 10
-0.41510
 20
48.18400
 42
1.0
  0
VERTEX
 5
54A
  8
2DLINES_4
 10
-0.33890
 20
48.18400
 42
1.0
  0
SEQEND
  8
2DLINES_4
  0
POLYLINE
 5
54B
  8
2DLINES_4
 66
1
 70
1
 40
0.076200
 41
0.076200
  0
VERTEX
 5
54C
  8
2DLINES_4
 10
-2.81510
 20
48.18400
 42
1.0
  0
VERTEX
 5
54D
  8
2DLINES_4
 10
-2.73890
 20
48.18400
 42
1.0
  0
SEQEND
  8
2DLINES_4
  0
POLYLINE
 5
54E
  8
2DLINES_4
 66
1
 40
0.152400
 41
0.152400
  0
VERTEX
 5
54F
  8
2DLINES_4
 10
-0.37700
 20
50.48400
  0
VERTEX
 5
550
  8
2DLINES_4
 10
-0.37700
 20
51.38400
  0
SEQEND
  8
2DLINES_4
  0
POLYLINE
 5
551
  8
2DLINES_4
 66
1
 70
1
 40
0.076200
 41
0.076200
  0
VERTEX
 5
552
  8
2DLINES_4
 10
-0.41510
 20
50.48400
 42
1.0
  0
VERTEX
 5
553
  8
2DLINES_4
 10
-0.33890
 20
50.48400
 42
1.0
  0
SEQEND
  8
2DLINES_4
  0
POLYLINE
 5
554
  8
2DLINES_4
 66
1
 70
1
 40
0.076200
 41
0.076200
  0
VERTEX
 5
555
  8
2DLINES_4
 10
-0.41510
 20
51.38400
 42
1.0
  0
VERTEX
 5
556
  8
2DLINES_4
 10
-0.33890
 20
51.38400
 42
1.0
  0
SEQEND
  8
2DLINES_4
  0
POLYLINE
 5
557
  8
2DLINES_4
 66
1
 40
0.152400
 41
0.152400
  0
VERTEX
 5
558
  8
2DLINES_4
 10
-0.37700
 20
51.38400
  0
VERTEX
 5
559
  8
2DLINES_4
 10
-2.77700
 20
51.38400
  0
SEQEND
  8
2DLINES_4
  0
POLYLINE
 5
55A
  8
2DLINES_4
 66
1
 70
1
 40
0.076200
 41
0.076200
  0
VERTEX
 5
55B
  8
2DLINES_4
 10
-0.41510
 20
51.38400
 42
1.0
  0
VERTEX
 5
55C
  8
2DLINES_4
 10
-0.33890
 20
51.38400
 42
1.0
  0
SEQEND
  8
2DLINES_4
  0
POLYLINE
 5
55D
  8
2DLINES_4
 66
1
 70
1
 40
0.076200
 41
0.076200
  0
VERTEX
 5
55E
  8
2DLINES_4
 10
-2.81510
 20
51.38400
 42
1.0
  0
VERTEX
 5
55F
  8
2DLINES_4
 10
-2.73890
 20
51.38400
 42
1.0
  0
SEQEND
  8
2DLINES_4
  0
POLYLINE
 5
560
  8
PLACEMENT_OUTLINE_BOTTOM
 66
1
 40
0.254000
 41
0.254000
  0
VERTEX
 5
561
  8
PLACEMENT_OUTLINE_BOTTOM
 10
-1.89450
 20
47.87900
  0
VERTEX
 5
562
  8
PLACEMENT_OUTLINE_BOTTOM
 10
-3.79950
 20
47.87900
  0
SEQEND
  8
PLACEMENT_OUTLINE_BOTTOM
  0
POLYLINE
 5
563
  8
PLACEMENT_OUTLINE_BOTTOM
 66
1
 70
1
 40
0.127000
 41
0.127000
  0
VERTEX
 5
564
  8
PLACEMENT_OUTLINE_BOTTOM
 10
-1.95800
 20
47.87900
 42
1.0
  0
VERTEX
 5
565
  8
PLACEMENT_OUTLINE_BOTTOM
 10
-1.83100
 20
47.87900
 42
1.0
  0
SEQEND
  8
PLACEMENT_OUTLINE_BOTTOM
  0
POLYLINE
 5
566
  8
PLACEMENT_OUTLINE_BOTTOM
 66
1
 70
1
 40
0.127000
 41
0.127000
  0
VERTEX
 5
567
  8
PLACEMENT_OUTLINE_BOTTOM
 10
-3.86300
 20
47.87900
 42
1.0
  0
VERTEX
 5
568
  8
PLACEMENT_OUTLINE_BOTTOM
 10
-3.73600
 20
47.87900
 42
1.0
  0
SEQEND
  8
PLACEMENT_OUTLINE_BOTTOM
  0
POLYLINE
 5
569
  8
PLACEMENT_OUTLINE_BOTTOM
 66
1
 40
0.254000
 41
0.254000
  0
VERTEX
 5
56A
  8
PLACEMENT_OUTLINE_BOTTOM
 10
-3.79950
 20
47.87900
  0
VERTEX
 5
56B
  8
PLACEMENT_OUTLINE_BOTTOM
 10
-3.79950
 20
51.68900
  0
SEQEND
  8
PLACEMENT_OUTLINE_BOTTOM
  0
POLYLINE
 5
56C
  8
PLACEMENT_OUTLINE_BOTTOM
 66
1
 70
1
 40
0.127000
 41
0.127000
  0
VERTEX
 5
56D
  8
PLACEMENT_OUTLINE_BOTTOM
 10
-3.86300
 20
47.87900
 42
1.0
  0
VERTEX
 5
56E
  8
PLACEMENT_OUTLINE_BOTTOM
 10
-3.73600
 20
47.87900
 42
1.0
  0
SEQEND
  8
PLACEMENT_OUTLINE_BOTTOM
  0
POLYLINE
 5
56F
  8
PLACEMENT_OUTLINE_BOTTOM
 66
1
 70
1
 40
0.127000
 41
0.127000
  0
VERTEX
 5
570
  8
PLACEMENT_OUTLINE_BOTTOM
 10
-3.86300
 20
51.68900
 42
1.0
  0
VERTEX
 5
571
  8
PLACEMENT_OUTLINE_BOTTOM
 10
-3.73600
 20
51.68900
 42
1.0
  0
SEQEND
  8
PLACEMENT_OUTLINE_BOTTOM
  0
POLYLINE
 5
572
  8
PLACEMENT_OUTLINE_BOTTOM
 66
1
 40
0.254000
 41
0.254000
  0
VERTEX
 5
573
  8
PLACEMENT_OUTLINE_BOTTOM
 10
-3.79950
 20
51.68900
  0
VERTEX
 5
574
  8
PLACEMENT_OUTLINE_BOTTOM
 10
0.64550
 20
51.68900
  0
SEQEND
  8
PLACEMENT_OUTLINE_BOTTOM
  0
POLYLINE
 5
575
  8
PLACEMENT_OUTLINE_BOTTOM
 66
1
 70
1
 40
0.127000
 41
0.127000
  0
VERTEX
 5
576
  8
PLACEMENT_OUTLINE_BOTTOM
 10
-3.86300
 20
51.68900
 42
1.0
  0
VERTEX
 5
577
  8
PLACEMENT_OUTLINE_BOTTOM
 10
-3.73600
 20
51.68900
 42
1.0
  0
SEQEND
  8
PLACEMENT_OUTLINE_BOTTOM
  0
POLYLINE
 5
578
  8
PLACEMENT_OUTLINE_BOTTOM
 66
1
 70
1
 40
0.127000
 41
0.127000
  0
VERTEX
 5
579
  8
PLACEMENT_OUTLINE_BOTTOM
 10
0.58200
 20
51.68900
 42
1.0
  0
VERTEX
 5
57A
  8
PLACEMENT_OUTLINE_BOTTOM
 10
0.70900
 20
51.68900
 42
1.0
  0
SEQEND
  8
PLACEMENT_OUTLINE_BOTTOM
  0
POLYLINE
 5
57B
  8
PLACEMENT_OUTLINE_BOTTOM
 66
1
 40
0.254000
 41
0.254000
  0
VERTEX
 5
57C
  8
PLACEMENT_OUTLINE_BOTTOM
 10
0.64550
 20
51.68900
  0
VERTEX
 5
57D
  8
PLACEMENT_OUTLINE_BOTTOM
 10
0.64550
 20
47.87900
  0
SEQEND
  8
PLACEMENT_OUTLINE_BOTTOM
  0
POLYLINE
 5
57E
  8
PLACEMENT_OUTLINE_BOTTOM
 66
1
 70
1
 40
0.127000
 41
0.127000
  0
VERTEX
 5
57F
  8
PLACEMENT_OUTLINE_BOTTOM
 10
0.58200
 20
51.68900
 42
1.0
  0
VERTEX
 5
580
  8
PLACEMENT_OUTLINE_BOTTOM
 10
0.70900
 20
51.68900
 42
1.0
  0
SEQEND
  8
PLACEMENT_OUTLINE_BOTTOM
  0
POLYLINE
 5
581
  8
PLACEMENT_OUTLINE_BOTTOM
 66
1
 70
1
 40
0.127000
 41
0.127000
  0
VERTEX
 5
582
  8
PLACEMENT_OUTLINE_BOTTOM
 10
0.58200
 20
47.87900
 42
1.0
  0
VERTEX
 5
583
  8
PLACEMENT_OUTLINE_BOTTOM
 10
0.70900
 20
47.87900
 42
1.0
  0
SEQEND
  8
PLACEMENT_OUTLINE_BOTTOM
  0
POLYLINE
 5
584
  8
PLACEMENT_OUTLINE_BOTTOM
 66
1
 40
0.254000
 41
0.254000
  0
VERTEX
 5
585
  8
PLACEMENT_OUTLINE_BOTTOM
 10
0.64550
 20
47.87900
  0
VERTEX
 5
586
  8
PLACEMENT_OUTLINE_BOTTOM
 10
-1.89450
 20
47.87900
  0
SEQEND
  8
PLACEMENT_OUTLINE_BOTTOM
  0
POLYLINE
 5
587
  8
PLACEMENT_OUTLINE_BOTTOM
 66
1
 70
1
 40
0.127000
 41
0.127000
  0
VERTEX
 5
588
  8
PLACEMENT_OUTLINE_BOTTOM
 10
0.58200
 20
47.87900
 42
1.0
  0
VERTEX
 5
589
  8
PLACEMENT_OUTLINE_BOTTOM
 10
0.70900
 20
47.87900
 42
1.0
  0
SEQEND
  8
PLACEMENT_OUTLINE_BOTTOM
  0
POLYLINE
 5
58A
  8
PLACEMENT_OUTLINE_BOTTOM
 66
1
 70
1
 40
0.127000
 41
0.127000
  0
VERTEX
 5
58B
  8
PLACEMENT_OUTLINE_BOTTOM
 10
-1.95800
 20
47.87900
 42
1.0
  0
VERTEX
 5
58C
  8
PLACEMENT_OUTLINE_BOTTOM
 10
-1.83100
 20
47.87900
 42
1.0
  0
SEQEND
  8
PLACEMENT_OUTLINE_BOTTOM
  0
SOLID
 5
58D
  8
PADLAYER_BOTTOM
 10
-3.34850
 20
48.45300
 11
-2.20550
 21
48.45300
 12
-3.34850
 22
49.21500
 13
-2.20550
 23
49.21500
  0
SOLID
 5
58E
  8
PADLAYER_BOTTOM
 10
-3.34850
 20
50.35300
 11
-2.20550
 21
50.35300
 12
-3.34850
 22
51.11500
 13
-2.20550
 23
51.11500
  0
SOLID
 5
58F
  8
PADLAYER_BOTTOM
 10
-0.94850
 20
49.40300
 11
0.19450
 21
49.40300
 12
-0.94850
 22
50.16500
 13
0.19450
 23
50.16500
  0
POLYLINE
 5
590
  8
2DLINES_4
 66
1
 40
0.152400
 41
0.152400
  0
VERTEX
 5
591
  8
2DLINES_4
 10
-0.37700
 20
52.91400
  0
VERTEX
 5
592
  8
2DLINES_4
 10
-0.37700
 20
52.01400
  0
SEQEND
  8
2DLINES_4
  0
POLYLINE
 5
593
  8
2DLINES_4
 66
1
 70
1
 40
0.076200
 41
0.076200
  0
VERTEX
 5
594
  8
2DLINES_4
 10
-0.41510
 20
52.91400
 42
1.0
  0
VERTEX
 5
595
  8
2DLINES_4
 10
-0.33890
 20
52.91400
 42
1.0
  0
SEQEND
  8
2DLINES_4
  0
POLYLINE
 5
596
  8
2DLINES_4
 66
1
 70
1
 40
0.076200
 41
0.076200
  0
VERTEX
 5
597
  8
2DLINES_4
 10
-0.41510
 20
52.01400
 42
1.0
  0
VERTEX
 5
598
  8
2DLINES_4
 10
-0.33890
 20
52.01400
 42
1.0
  0
SEQEND
  8
2DLINES_4
  0
POLYLINE
 5
599
  8
2DLINES_4
 66
1
 40
0.152400
 41
0.152400
  0
VERTEX
 5
59A
  8
2DLINES_4
 10
-0.37700
 20
52.01400
  0
VERTEX
 5
59B
  8
2DLINES_4
 10
-2.77700
 20
52.01400
  0
SEQEND
  8
2DLINES_4
  0
POLYLINE
 5
59C
  8
2DLINES_4
 66
1
 70
1
 40
0.076200
 41
0.076200
  0
VERTEX
 5
59D
  8
2DLINES_4
 10
-0.41510
 20
52.01400
 42
1.0
  0
VERTEX
 5
59E
  8
2DLINES_4
 10
-0.33890
 20
52.01400
 42
1.0
  0
SEQEND
  8
2DLINES_4
  0
POLYLINE
 5
59F
  8
2DLINES_4
 66
1
 70
1
 40
0.076200
 41
0.076200
  0
VERTEX
 5
5A0
  8
2DLINES_4
 10
-2.81510
 20
52.01400
 42
1.0
  0
VERTEX
 5
5A1
  8
2DLINES_4
 10
-2.73890
 20
52.01400
 42
1.0
  0
SEQEND
  8
2DLINES_4
  0
POLYLINE
 5
5A2
  8
2DLINES_4
 66
1
 40
0.152400
 41
0.152400
  0
VERTEX
 5
5A3
  8
2DLINES_4
 10
-0.37700
 20
54.31400
  0
VERTEX
 5
5A4
  8
2DLINES_4
 10
-0.37700
 20
55.21400
  0
SEQEND
  8
2DLINES_4
  0
POLYLINE
 5
5A5
  8
2DLINES_4
 66
1
 70
1
 40
0.076200
 41
0.076200
  0
VERTEX
 5
5A6
  8
2DLINES_4
 10
-0.41510
 20
54.31400
 42
1.0
  0
VERTEX
 5
5A7
  8
2DLINES_4
 10
-0.33890
 20
54.31400
 42
1.0
  0
SEQEND
  8
2DLINES_4
  0
POLYLINE
 5
5A8
  8
2DLINES_4
 66
1
 70
1
 40
0.076200
 41
0.076200
  0
VERTEX
 5
5A9
  8
2DLINES_4
 10
-0.41510
 20
55.21400
 42
1.0
  0
VERTEX
 5
5AA
  8
2DLINES_4
 10
-0.33890
 20
55.21400
 42
1.0
  0
SEQEND
  8
2DLINES_4
  0
POLYLINE
 5
5AB
  8
2DLINES_4
 66
1
 40
0.152400
 41
0.152400
  0
VERTEX
 5
5AC
  8
2DLINES_4
 10
-0.37700
 20
55.21400
  0
VERTEX
 5
5AD
  8
2DLINES_4
 10
-2.77700
 20
55.21400
  0
SEQEND
  8
2DLINES_4
  0
POLYLINE
 5
5AE
  8
2DLINES_4
 66
1
 70
1
 40
0.076200
 41
0.076200
  0
VERTEX
 5
5AF
  8
2DLINES_4
 10
-0.41510
 20
55.21400
 42
1.0
  0
VERTEX
 5
5B0
  8
2DLINES_4
 10
-0.33890
 20
55.21400
 42
1.0
  0
SEQEND
  8
2DLINES_4
  0
POLYLINE
 5
5B1
  8
2DLINES_4
 66
1
 70
1
 40
0.076200
 41
0.076200
  0
VERTEX
 5
5B2
  8
2DLINES_4
 10
-2.81510
 20
55.21400
 42
1.0
  0
VERTEX
 5
5B3
  8
2DLINES_4
 10
-2.73890
 20
55.21400
 42
1.0
  0
SEQEND
  8
2DLINES_4
  0
POLYLINE
 5
5B4
  8
PLACEMENT_OUTLINE_BOTTOM
 66
1
 40
0.254000
 41
0.254000
  0
VERTEX
 5
5B5
  8
PLACEMENT_OUTLINE_BOTTOM
 10
-1.89450
 20
51.70900
  0
VERTEX
 5
5B6
  8
PLACEMENT_OUTLINE_BOTTOM
 10
-3.79950
 20
51.70900
  0
SEQEND
  8
PLACEMENT_OUTLINE_BOTTOM
  0
POLYLINE
 5
5B7
  8
PLACEMENT_OUTLINE_BOTTOM
 66
1
 70
1
 40
0.127000
 41
0.127000
  0
VERTEX
 5
5B8
  8
PLACEMENT_OUTLINE_BOTTOM
 10
-1.95800
 20
51.70900
 42
1.0
  0
VERTEX
 5
5B9
  8
PLACEMENT_OUTLINE_BOTTOM
 10
-1.83100
 20
51.70900
 42
1.0
  0
SEQEND
  8
PLACEMENT_OUTLINE_BOTTOM
  0
POLYLINE
 5
5BA
  8
PLACEMENT_OUTLINE_BOTTOM
 66
1
 70
1
 40
0.127000
 41
0.127000
  0
VERTEX
 5
5BB
  8
PLACEMENT_OUTLINE_BOTTOM
 10
-3.86300
 20
51.70900
 42
1.0
  0
VERTEX
 5
5BC
  8
PLACEMENT_OUTLINE_BOTTOM
 10
-3.73600
 20
51.70900
 42
1.0
  0
SEQEND
  8
PLACEMENT_OUTLINE_BOTTOM
  0
POLYLINE
 5
5BD
  8
PLACEMENT_OUTLINE_BOTTOM
 66
1
 40
0.254000
 41
0.254000
  0
VERTEX
 5
5BE
  8
PLACEMENT_OUTLINE_BOTTOM
 10
-3.79950
 20
51.70900
  0
VERTEX
 5
5BF
  8
PLACEMENT_OUTLINE_BOTTOM
 10
-3.79950
 20
55.51900
  0
SEQEND
  8
PLACEMENT_OUTLINE_BOTTOM
  0
POLYLINE
 5
5C0
  8
PLACEMENT_OUTLINE_BOTTOM
 66
1
 70
1
 40
0.127000
 41
0.127000
  0
VERTEX
 5
5C1
  8
PLACEMENT_OUTLINE_BOTTOM
 10
-3.86300
 20
51.70900
 42
1.0
  0
VERTEX
 5
5C2
  8
PLACEMENT_OUTLINE_BOTTOM
 10
-3.73600
 20
51.70900
 42
1.0
  0
SEQEND
  8
PLACEMENT_OUTLINE_BOTTOM
  0
POLYLINE
 5
5C3
  8
PLACEMENT_OUTLINE_BOTTOM
 66
1
 70
1
 40
0.127000
 41
0.127000
  0
VERTEX
 5
5C4
  8
PLACEMENT_OUTLINE_BOTTOM
 10
-3.86300
 20
55.51900
 42
1.0
  0
VERTEX
 5
5C5
  8
PLACEMENT_OUTLINE_BOTTOM
 10
-3.73600
 20
55.51900
 42
1.0
  0
SEQEND
  8
PLACEMENT_OUTLINE_BOTTOM
  0
POLYLINE
 5
5C6
  8
PLACEMENT_OUTLINE_BOTTOM
 66
1
 40
0.254000
 41
0.254000
  0
VERTEX
 5
5C7
  8
PLACEMENT_OUTLINE_BOTTOM
 10
-3.79950
 20
55.51900
  0
VERTEX
 5
5C8
  8
PLACEMENT_OUTLINE_BOTTOM
 10
0.64550
 20
55.51900
  0
SEQEND
  8
PLACEMENT_OUTLINE_BOTTOM
  0
POLYLINE
 5
5C9
  8
PLACEMENT_OUTLINE_BOTTOM
 66
1
 70
1
 40
0.127000
 41
0.127000
  0
VERTEX
 5
5CA
  8
PLACEMENT_OUTLINE_BOTTOM
 10
-3.86300
 20
55.51900
 42
1.0
  0
VERTEX
 5
5CB
  8
PLACEMENT_OUTLINE_BOTTOM
 10
-3.73600
 20
55.51900
 42
1.0
  0
SEQEND
  8
PLACEMENT_OUTLINE_BOTTOM
  0
POLYLINE
 5
5CC
  8
PLACEMENT_OUTLINE_BOTTOM
 66
1
 70
1
 40
0.127000
 41
0.127000
  0
VERTEX
 5
5CD
  8
PLACEMENT_OUTLINE_BOTTOM
 10
0.58200
 20
55.51900
 42
1.0
  0
VERTEX
 5
5CE
  8
PLACEMENT_OUTLINE_BOTTOM
 10
0.70900
 20
55.51900
 42
1.0
  0
SEQEND
  8
PLACEMENT_OUTLINE_BOTTOM
  0
POLYLINE
 5
5CF
  8
PLACEMENT_OUTLINE_BOTTOM
 66
1
 40
0.254000
 41
0.254000
  0
VERTEX
 5
5D0
  8
PLACEMENT_OUTLINE_BOTTOM
 10
0.64550
 20
55.51900
  0
VERTEX
 5
5D1
  8
PLACEMENT_OUTLINE_BOTTOM
 10
0.64550
 20
51.70900
  0
SEQEND
  8
PLACEMENT_OUTLINE_BOTTOM
  0
POLYLINE
 5
5D2
  8
PLACEMENT_OUTLINE_BOTTOM
 66
1
 70
1
 40
0.127000
 41
0.127000
  0
VERTEX
 5
5D3
  8
PLACEMENT_OUTLINE_BOTTOM
 10
0.58200
 20
55.51900
 42
1.0
  0
VERTEX
 5
5D4
  8
PLACEMENT_OUTLINE_BOTTOM
 10
0.70900
 20
55.51900
 42
1.0
  0
SEQEND
  8
PLACEMENT_OUTLINE_BOTTOM
  0
POLYLINE
 5
5D5
  8
PLACEMENT_OUTLINE_BOTTOM
 66
1
 70
1
 40
0.127000
 41
0.127000
  0
VERTEX
 5
5D6
  8
PLACEMENT_OUTLINE_BOTTOM
 10
0.58200
 20
51.70900
 42
1.0
  0
VERTEX
 5
5D7
  8
PLACEMENT_OUTLINE_BOTTOM
 10
0.70900
 20
51.70900
 42
1.0
  0
SEQEND
  8
PLACEMENT_OUTLINE_BOTTOM
  0
POLYLINE
 5
5D8
  8
PLACEMENT_OUTLINE_BOTTOM
 66
1
 40
0.254000
 41
0.254000
  0
VERTEX
 5
5D9
  8
PLACEMENT_OUTLINE_BOTTOM
 10
0.64550
 20
51.70900
  0
VERTEX
 5
5DA
  8
PLACEMENT_OUTLINE_BOTTOM
 10
-1.89450
 20
51.70900
  0
SEQEND
  8
PLACEMENT_OUTLINE_BOTTOM
  0
POLYLINE
 5
5DB
  8
PLACEMENT_OUTLINE_BOTTOM
 66
1
 70
1
 40
0.127000
 41
0.127000
  0
VERTEX
 5
5DC
  8
PLACEMENT_OUTLINE_BOTTOM
 10
0.58200
 20
51.70900
 42
1.0
  0
VERTEX
 5
5DD
  8
PLACEMENT_OUTLINE_BOTTOM
 10
0.70900
 20
51.70900
 42
1.0
  0
SEQEND
  8
PLACEMENT_OUTLINE_BOTTOM
  0
POLYLINE
 5
5DE
  8
PLACEMENT_OUTLINE_BOTTOM
 66
1
 70
1
 40
0.127000
 41
0.127000
  0
VERTEX
 5
5DF
  8
PLACEMENT_OUTLINE_BOTTOM
 10
-1.95800
 20
51.70900
 42
1.0
  0
VERTEX
 5
5E0
  8
PLACEMENT_OUTLINE_BOTTOM
 10
-1.83100
 20
51.70900
 42
1.0
  0
SEQEND
  8
PLACEMENT_OUTLINE_BOTTOM
  0
SOLID
 5
5E1
  8
PADLAYER_BOTTOM
 10
-3.34850
 20
52.28300
 11
-2.20550
 21
52.28300
 12
-3.34850
 22
53.04500
 13
-2.20550
 23
53.04500
  0
SOLID
 5
5E2
  8
PADLAYER_BOTTOM
 10
-3.34850
 20
54.18300
 11
-2.20550
 21
54.18300
 12
-3.34850
 22
54.94500
 13
-2.20550
 23
54.94500
  0
SOLID
 5
5E3
  8
PADLAYER_BOTTOM
 10
-0.94850
 20
53.23300
 11
0.19450
 21
53.23300
 12
-0.94850
 22
53.99500
 13
0.19450
 23
53.99500
  0
POLYLINE
 5
5E4
  8
PLACEMENT_OUTLINE_BOTTOM
 66
1
 40
0.025400
 41
0.025400
  0
VERTEX
 5
5E5
  8
PLACEMENT_OUTLINE_BOTTOM
 10
-10.00000
 20
27.48000
  0
VERTEX
 5
5E6
  8
PLACEMENT_OUTLINE_BOTTOM
 10
-14.90000
 20
27.48000
  0
SEQEND
  8
PLACEMENT_OUTLINE_BOTTOM
  0
POLYLINE
 5
5E7
  8
PLACEMENT_OUTLINE_BOTTOM
 66
1
 70
1
 40
0.012700
 41
0.012700
  0
VERTEX
 5
5E8
  8
PLACEMENT_OUTLINE_BOTTOM
 10
-10.00635
 20
27.48000
 42
1.0
  0
VERTEX
 5
5E9
  8
PLACEMENT_OUTLINE_BOTTOM
 10
-9.99365
 20
27.48000
 42
1.0
  0
SEQEND
  8
PLACEMENT_OUTLINE_BOTTOM
  0
POLYLINE
 5
5EA
  8
PLACEMENT_OUTLINE_BOTTOM
 66
1
 70
1
 40
0.012700
 41
0.012700
  0
VERTEX
 5
5EB
  8
PLACEMENT_OUTLINE_BOTTOM
 10
-14.90635
 20
27.48000
 42
1.0
  0
VERTEX
 5
5EC
  8
PLACEMENT_OUTLINE_BOTTOM
 10
-14.89365
 20
27.48000
 42
1.0
  0
SEQEND
  8
PLACEMENT_OUTLINE_BOTTOM
  0
POLYLINE
 5
5ED
  8
PLACEMENT_OUTLINE_BOTTOM
 66
1
 40
0.025400
 41
0.025400
  0
VERTEX
 5
5EE
  8
PLACEMENT_OUTLINE_BOTTOM
 10
-14.90000
 20
27.48000
  0
VERTEX
 5
5EF
  8
PLACEMENT_OUTLINE_BOTTOM
 10
-14.90000
 20
23.58000
  0
SEQEND
  8
PLACEMENT_OUTLINE_BOTTOM
  0
POLYLINE
 5
5F0
  8
PLACEMENT_OUTLINE_BOTTOM
 66
1
 70
1
 40
0.012700
 41
0.012700
  0
VERTEX
 5
5F1
  8
PLACEMENT_OUTLINE_BOTTOM
 10
-14.90635
 20
27.48000
 42
1.0
  0
VERTEX
 5
5F2
  8
PLACEMENT_OUTLINE_BOTTOM
 10
-14.89365
 20
27.48000
 42
1.0
  0
SEQEND
  8
PLACEMENT_OUTLINE_BOTTOM
  0
POLYLINE
 5
5F3
  8
PLACEMENT_OUTLINE_BOTTOM
 66
1
 70
1
 40
0.012700
 41
0.012700
  0
VERTEX
 5
5F4
  8
PLACEMENT_OUTLINE_BOTTOM
 10
-14.90635
 20
23.58000
 42
1.0
  0
VERTEX
 5
5F5
  8
PLACEMENT_OUTLINE_BOTTOM
 10
-14.89365
 20
23.58000
 42
1.0
  0
SEQEND
  8
PLACEMENT_OUTLINE_BOTTOM
  0
POLYLINE
 5
5F6
  8
PLACEMENT_OUTLINE_BOTTOM
 66
1
 40
0.025400
 41
0.025400
  0
VERTEX
 5
5F7
  8
PLACEMENT_OUTLINE_BOTTOM
 10
-14.90000
 20
23.58000
  0
VERTEX
 5
5F8
  8
PLACEMENT_OUTLINE_BOTTOM
 10
-10.00000
 20
23.58000
  0
SEQEND
  8
PLACEMENT_OUTLINE_BOTTOM
  0
POLYLINE
 5
5F9
  8
PLACEMENT_OUTLINE_BOTTOM
 66
1
 70
1
 40
0.012700
 41
0.012700
  0
VERTEX
 5
5FA
  8
PLACEMENT_OUTLINE_BOTTOM
 10
-14.90635
 20
23.58000
 42
1.0
  0
VERTEX
 5
5FB
  8
PLACEMENT_OUTLINE_BOTTOM
 10
-14.89365
 20
23.58000
 42
1.0
  0
SEQEND
  8
PLACEMENT_OUTLINE_BOTTOM
  0
POLYLINE
 5
5FC
  8
PLACEMENT_OUTLINE_BOTTOM
 66
1
 70
1
 40
0.012700
 41
0.012700
  0
VERTEX
 5
5FD
  8
PLACEMENT_OUTLINE_BOTTOM
 10
-10.00635
 20
23.58000
 42
1.0
  0
VERTEX
 5
5FE
  8
PLACEMENT_OUTLINE_BOTTOM
 10
-9.99365
 20
23.58000
 42
1.0
  0
SEQEND
  8
PLACEMENT_OUTLINE_BOTTOM
  0
POLYLINE
 5
5FF
  8
PLACEMENT_OUTLINE_BOTTOM
 66
1
 40
0.025400
 41
0.025400
  0
VERTEX
 5
600
  8
PLACEMENT_OUTLINE_BOTTOM
 10
-10.00000
 20
23.58000
  0
VERTEX
 5
601
  8
PLACEMENT_OUTLINE_BOTTOM
 10
-10.00000
 20
27.48000
  0
SEQEND
  8
PLACEMENT_OUTLINE_BOTTOM
  0
POLYLINE
 5
602
  8
PLACEMENT_OUTLINE_BOTTOM
 66
1
 70
1
 40
0.012700
 41
0.012700
  0
VERTEX
 5
603
  8
PLACEMENT_OUTLINE_BOTTOM
 10
-10.00635
 20
23.58000
 42
1.0
  0
VERTEX
 5
604
  8
PLACEMENT_OUTLINE_BOTTOM
 10
-9.99365
 20
23.58000
 42
1.0
  0
SEQEND
  8
PLACEMENT_OUTLINE_BOTTOM
  0
POLYLINE
 5
605
  8
PLACEMENT_OUTLINE_BOTTOM
 66
1
 70
1
 40
0.012700
 41
0.012700
  0
VERTEX
 5
606
  8
PLACEMENT_OUTLINE_BOTTOM
 10
-10.00635
 20
27.48000
 42
1.0
  0
VERTEX
 5
607
  8
PLACEMENT_OUTLINE_BOTTOM
 10
-9.99365
 20
27.48000
 42
1.0
  0
SEQEND
  8
PLACEMENT_OUTLINE_BOTTOM
  0
SOLID
 5
608
  8
PADLAYER_BOTTOM
 10
-14.30000
 20
26.40000
 11
-14.90000
 21
26.40000
 12
-14.30000
 22
26.16000
 13
-14.90000
 23
26.16000
  0
SOLID
 5
609
  8
PADLAYER_BOTTOM
 10
-14.08000
 20
26.88000
 11
-14.08000
 21
27.48000
 12
-14.32000
 22
26.88000
 13
-14.32000
 23
27.48000
  0
SOLID
 5
60A
  8
PADLAYER_BOTTOM
 10
-13.58000
 20
26.88000
 11
-13.58000
 21
27.48000
 12
-13.82000
 22
26.88000
 13
-13.82000
 23
27.48000
  0
SOLID
 5
60B
  8
PADLAYER_BOTTOM
 10
-13.08000
 20
26.88000
 11
-13.08000
 21
27.48000
 12
-13.32000
 22
26.88000
 13
-13.32000
 23
27.48000
  0
SOLID
 5
60C
  8
PADLAYER_BOTTOM
 10
-12.58000
 20
26.88000
 11
-12.58000
 21
27.48000
 12
-12.82000
 22
26.88000
 13
-12.82000
 23
27.48000
  0
SOLID
 5
60D
  8
PADLAYER_BOTTOM
 10
-12.08000
 20
26.88000
 11
-12.08000
 21
27.48000
 12
-12.32000
 22
26.88000
 13
-12.32000
 23
27.48000
  0
SOLID
 5
60E
  8
PADLAYER_BOTTOM
 10
-11.58000
 20
26.88000
 11
-11.58000
 21
27.48000
 12
-11.82000
 22
26.88000
 13
-11.82000
 23
27.48000
  0
SOLID
 5
60F
  8
PADLAYER_BOTTOM
 10
-11.08000
 20
26.88000
 11
-11.08000
 21
27.48000
 12
-11.32000
 22
26.88000
 13
-11.32000
 23
27.48000
  0
SOLID
 5
610
  8
PADLAYER_BOTTOM
 10
-10.58000
 20
26.88000
 11
-10.58000
 21
27.48000
 12
-10.82000
 22
26.88000
 13
-10.82000
 23
27.48000
  0
SOLID
 5
611
  8
PADLAYER_BOTTOM
 10
-10.00000
 20
26.40000
 11
-10.60000
 21
26.40000
 12
-10.00000
 22
26.16000
 13
-10.60000
 23
26.16000
  0
SOLID
 5
612
  8
PADLAYER_BOTTOM
 10
-10.00000
 20
24.90000
 11
-10.60000
 21
24.90000
 12
-10.00000
 22
24.66000
 13
-10.60000
 23
24.66000
  0
SOLID
 5
613
  8
PADLAYER_BOTTOM
 10
-10.58000
 20
23.58000
 11
-10.58000
 21
24.18000
 12
-10.82000
 22
23.58000
 13
-10.82000
 23
24.18000
  0
SOLID
 5
614
  8
PADLAYER_BOTTOM
 10
-11.08000
 20
23.58000
 11
-11.08000
 21
24.18000
 12
-11.32000
 22
23.58000
 13
-11.32000
 23
24.18000
  0
SOLID
 5
615
  8
PADLAYER_BOTTOM
 10
-11.58000
 20
23.58000
 11
-11.58000
 21
24.18000
 12
-11.82000
 22
23.58000
 13
-11.82000
 23
24.18000
  0
SOLID
 5
616
  8
PADLAYER_BOTTOM
 10
-12.08000
 20
23.58000
 11
-12.08000
 21
24.18000
 12
-12.32000
 22
23.58000
 13
-12.32000
 23
24.18000
  0
SOLID
 5
617
  8
PADLAYER_BOTTOM
 10
-12.58000
 20
23.58000
 11
-12.58000
 21
24.18000
 12
-12.82000
 22
23.58000
 13
-12.82000
 23
24.18000
  0
SOLID
 5
618
  8
PADLAYER_BOTTOM
 10
-13.08000
 20
23.58000
 11
-13.08000
 21
24.18000
 12
-13.32000
 22
23.58000
 13
-13.32000
 23
24.18000
  0
SOLID
 5
619
  8
PADLAYER_BOTTOM
 10
-13.58000
 20
23.58000
 11
-13.58000
 21
24.18000
 12
-13.82000
 22
23.58000
 13
-13.82000
 23
24.18000
  0
SOLID
 5
61A
  8
PADLAYER_BOTTOM
 10
-14.08000
 20
23.58000
 11
-14.08000
 21
24.18000
 12
-14.32000
 22
23.58000
 13
-14.32000
 23
24.18000
  0
SOLID
 5
61B
  8
PADLAYER_BOTTOM
 10
-14.30000
 20
24.90000
 11
-14.90000
 21
24.90000
 12
-14.30000
 22
24.66000
 13
-14.90000
 23
24.66000
  0
SOLID
 5
61C
  8
PADLAYER_BOTTOM
 10
-10.92500
 20
26.55500
 11
-13.97500
 21
26.55500
 12
-10.92500
 22
24.50500
 13
-13.97500
 23
24.50500
  0
POLYLINE
 5
61D
  8
PLACEMENT_OUTLINE_BOTTOM
 66
1
 40
0.100000
 41
0.100000
  0
VERTEX
 5
61E
  8
PLACEMENT_OUTLINE_BOTTOM
 10
-15.29300
 20
25.64500
  0
VERTEX
 5
61F
  8
PLACEMENT_OUTLINE_BOTTOM
 10
-18.08700
 20
25.64500
  0
SEQEND
  8
PLACEMENT_OUTLINE_BOTTOM
  0
POLYLINE
 5
620
  8
PLACEMENT_OUTLINE_BOTTOM
 66
1
 70
1
 40
0.050000
 41
0.050000
  0
VERTEX
 5
621
  8
PLACEMENT_OUTLINE_BOTTOM
 10
-15.31800
 20
25.64500
 42
1.0
  0
VERTEX
 5
622
  8
PLACEMENT_OUTLINE_BOTTOM
 10
-15.26800
 20
25.64500
 42
1.0
  0
SEQEND
  8
PLACEMENT_OUTLINE_BOTTOM
  0
POLYLINE
 5
623
  8
PLACEMENT_OUTLINE_BOTTOM
 66
1
 70
1
 40
0.050000
 41
0.050000
  0
VERTEX
 5
624
  8
PLACEMENT_OUTLINE_BOTTOM
 10
-18.11200
 20
25.64500
 42
1.0
  0
VERTEX
 5
625
  8
PLACEMENT_OUTLINE_BOTTOM
 10
-18.06200
 20
25.64500
 42
1.0
  0
SEQEND
  8
PLACEMENT_OUTLINE_BOTTOM
  0
POLYLINE
 5
626
  8
PLACEMENT_OUTLINE_BOTTOM
 66
1
 40
0.100000
 41
0.100000
  0
VERTEX
 5
627
  8
PLACEMENT_OUTLINE_BOTTOM
 10
-18.08700
 20
25.64500
  0
VERTEX
 5
628
  8
PLACEMENT_OUTLINE_BOTTOM
 10
-18.08700
 20
26.91500
  0
SEQEND
  8
PLACEMENT_OUTLINE_BOTTOM
  0
POLYLINE
 5
629
  8
PLACEMENT_OUTLINE_BOTTOM
 66
1
 70
1
 40
0.050000
 41
0.050000
  0
VERTEX
 5
62A
  8
PLACEMENT_OUTLINE_BOTTOM
 10
-18.11200
 20
25.64500
 42
1.0
  0
VERTEX
 5
62B
  8
PLACEMENT_OUTLINE_BOTTOM
 10
-18.06200
 20
25.64500
 42
1.0
  0
SEQEND
  8
PLACEMENT_OUTLINE_BOTTOM
  0
POLYLINE
 5
62C
  8
PLACEMENT_OUTLINE_BOTTOM
 66
1
 70
1
 40
0.050000
 41
0.050000
  0
VERTEX
 5
62D
  8
PLACEMENT_OUTLINE_BOTTOM
 10
-18.11200
 20
26.91500
 42
1.0
  0
VERTEX
 5
62E
  8
PLACEMENT_OUTLINE_BOTTOM
 10
-18.06200
 20
26.91500
 42
1.0
  0
SEQEND
  8
PLACEMENT_OUTLINE_BOTTOM
  0
POLYLINE
 5
62F
  8
PLACEMENT_OUTLINE_BOTTOM
 66
1
 40
0.100000
 41
0.100000
  0
VERTEX
 5
630
  8
PLACEMENT_OUTLINE_BOTTOM
 10
-18.08700
 20
26.91500
  0
VERTEX
 5
631
  8
PLACEMENT_OUTLINE_BOTTOM
 10
-15.29300
 20
26.91500
  0
SEQEND
  8
PLACEMENT_OUTLINE_BOTTOM
  0
POLYLINE
 5
632
  8
PLACEMENT_OUTLINE_BOTTOM
 66
1
 70
1
 40
0.050000
 41
0.050000
  0
VERTEX
 5
633
  8
PLACEMENT_OUTLINE_BOTTOM
 10
-18.11200
 20
26.91500
 42
1.0
  0
VERTEX
 5
634
  8
PLACEMENT_OUTLINE_BOTTOM
 10
-18.06200
 20
26.91500
 42
1.0
  0
SEQEND
  8
PLACEMENT_OUTLINE_BOTTOM
  0
POLYLINE
 5
635
  8
PLACEMENT_OUTLINE_BOTTOM
 66
1
 70
1
 40
0.050000
 41
0.050000
  0
VERTEX
 5
636
  8
PLACEMENT_OUTLINE_BOTTOM
 10
-15.31800
 20
26.91500
 42
1.0
  0
VERTEX
 5
637
  8
PLACEMENT_OUTLINE_BOTTOM
 10
-15.26800
 20
26.91500
 42
1.0
  0
SEQEND
  8
PLACEMENT_OUTLINE_BOTTOM
  0
POLYLINE
 5
638
  8
PLACEMENT_OUTLINE_BOTTOM
 66
1
 40
0.100000
 41
0.100000
  0
VERTEX
 5
639
  8
PLACEMENT_OUTLINE_BOTTOM
 10
-15.29300
 20
26.91500
  0
VERTEX
 5
63A
  8
PLACEMENT_OUTLINE_BOTTOM
 10
-15.29300
 20
25.64500
  0
SEQEND
  8
PLACEMENT_OUTLINE_BOTTOM
  0
POLYLINE
 5
63B
  8
PLACEMENT_OUTLINE_BOTTOM
 66
1
 70
1
 40
0.050000
 41
0.050000
  0
VERTEX
 5
63C
  8
PLACEMENT_OUTLINE_BOTTOM
 10
-15.31800
 20
26.91500
 42
1.0
  0
VERTEX
 5
63D
  8
PLACEMENT_OUTLINE_BOTTOM
 10
-15.26800
 20
26.91500
 42
1.0
  0
SEQEND
  8
PLACEMENT_OUTLINE_BOTTOM
  0
POLYLINE
 5
63E
  8
PLACEMENT_OUTLINE_BOTTOM
 66
1
 70
1
 40
0.050000
 41
0.050000
  0
VERTEX
 5
63F
  8
PLACEMENT_OUTLINE_BOTTOM
 10
-15.31800
 20
25.64500
 42
1.0
  0
VERTEX
 5
640
  8
PLACEMENT_OUTLINE_BOTTOM
 10
-15.26800
 20
25.64500
 42
1.0
  0
SEQEND
  8
PLACEMENT_OUTLINE_BOTTOM
  0
SOLID
 5
641
  8
PADLAYER_BOTTOM
 10
-16.99480
 20
26.73720
 11
-17.90920
 21
26.73720
 12
-16.99480
 22
25.82280
 13
-17.90920
 23
25.82280
  0
SOLID
 5
642
  8
PADLAYER_BOTTOM
 10
-15.47080
 20
26.73720
 11
-16.38520
 21
26.73720
 12
-15.47080
 22
25.82280
 13
-16.38520
 23
25.82280
  0
POLYLINE
 5
643
  8
PLACEMENT_OUTLINE_BOTTOM
 66
1
 40
0.100000
 41
0.100000
  0
VERTEX
 5
644
  8
PLACEMENT_OUTLINE_BOTTOM
 10
-11.89700
 20
29.42500
  0
VERTEX
 5
645
  8
PLACEMENT_OUTLINE_BOTTOM
 10
-9.10300
 20
29.42500
  0
SEQEND
  8
PLACEMENT_OUTLINE_BOTTOM
  0
POLYLINE
 5
646
  8
PLACEMENT_OUTLINE_BOTTOM
 66
1
 70
1
 40
0.050000
 41
0.050000
  0
VERTEX
 5
647
  8
PLACEMENT_OUTLINE_BOTTOM
 10
-11.92200
 20
29.42500
 42
1.0
  0
VERTEX
 5
648
  8
PLACEMENT_OUTLINE_BOTTOM
 10
-11.87200
 20
29.42500
 42
1.0
  0
SEQEND
  8
PLACEMENT_OUTLINE_BOTTOM
  0
POLYLINE
 5
649
  8
PLACEMENT_OUTLINE_BOTTOM
 66
1
 70
1
 40
0.050000
 41
0.050000
  0
VERTEX
 5
64A
  8
PLACEMENT_OUTLINE_BOTTOM
 10
-9.12800
 20
29.42500
 42
1.0
  0
VERTEX
 5
64B
  8
PLACEMENT_OUTLINE_BOTTOM
 10
-9.07800
 20
29.42500
 42
1.0
  0
SEQEND
  8
PLACEMENT_OUTLINE_BOTTOM
  0
POLYLINE
 5
64C
  8
PLACEMENT_OUTLINE_BOTTOM
 66
1
 40
0.100000
 41
0.100000
  0
VERTEX
 5
64D
  8
PLACEMENT_OUTLINE_BOTTOM
 10
-9.10300
 20
29.42500
  0
VERTEX
 5
64E
  8
PLACEMENT_OUTLINE_BOTTOM
 10
-9.10300
 20
28.15500
  0
SEQEND
  8
PLACEMENT_OUTLINE_BOTTOM
  0
POLYLINE
 5
64F
  8
PLACEMENT_OUTLINE_BOTTOM
 66
1
 70
1
 40
0.050000
 41
0.050000
  0
VERTEX
 5
650
  8
PLACEMENT_OUTLINE_BOTTOM
 10
-9.12800
 20
29.42500
 42
1.0
  0
VERTEX
 5
651
  8
PLACEMENT_OUTLINE_BOTTOM
 10
-9.07800
 20
29.42500
 42
1.0
  0
SEQEND
  8
PLACEMENT_OUTLINE_BOTTOM
  0
POLYLINE
 5
652
  8
PLACEMENT_OUTLINE_BOTTOM
 66
1
 70
1
 40
0.050000
 41
0.050000
  0
VERTEX
 5
653
  8
PLACEMENT_OUTLINE_BOTTOM
 10
-9.12800
 20
28.15500
 42
1.0
  0
VERTEX
 5
654
  8
PLACEMENT_OUTLINE_BOTTOM
 10
-9.07800
 20
28.15500
 42
1.0
  0
SEQEND
  8
PLACEMENT_OUTLINE_BOTTOM
  0
POLYLINE
 5
655
  8
PLACEMENT_OUTLINE_BOTTOM
 66
1
 40
0.100000
 41
0.100000
  0
VERTEX
 5
656
  8
PLACEMENT_OUTLINE_BOTTOM
 10
-9.10300
 20
28.15500
  0
VERTEX
 5
657
  8
PLACEMENT_OUTLINE_BOTTOM
 10
-11.89700
 20
28.15500
  0
SEQEND
  8
PLACEMENT_OUTLINE_BOTTOM
  0
POLYLINE
 5
658
  8
PLACEMENT_OUTLINE_BOTTOM
 66
1
 70
1
 40
0.050000
 41
0.050000
  0
VERTEX
 5
659
  8
PLACEMENT_OUTLINE_BOTTOM
 10
-9.12800
 20
28.15500
 42
1.0
  0
VERTEX
 5
65A
  8
PLACEMENT_OUTLINE_BOTTOM
 10
-9.07800
 20
28.15500
 42
1.0
  0
SEQEND
  8
PLACEMENT_OUTLINE_BOTTOM
  0
POLYLINE
 5
65B
  8
PLACEMENT_OUTLINE_BOTTOM
 66
1
 70
1
 40
0.050000
 41
0.050000
  0
VERTEX
 5
65C
  8
PLACEMENT_OUTLINE_BOTTOM
 10
-11.92200
 20
28.15500
 42
1.0
  0
VERTEX
 5
65D
  8
PLACEMENT_OUTLINE_BOTTOM
 10
-11.87200
 20
28.15500
 42
1.0
  0
SEQEND
  8
PLACEMENT_OUTLINE_BOTTOM
  0
POLYLINE
 5
65E
  8
PLACEMENT_OUTLINE_BOTTOM
 66
1
 40
0.100000
 41
0.100000
  0
VERTEX
 5
65F
  8
PLACEMENT_OUTLINE_BOTTOM
 10
-11.89700
 20
28.15500
  0
VERTEX
 5
660
  8
PLACEMENT_OUTLINE_BOTTOM
 10
-11.89700
 20
29.42500
  0
SEQEND
  8
PLACEMENT_OUTLINE_BOTTOM
  0
POLYLINE
 5
661
  8
PLACEMENT_OUTLINE_BOTTOM
 66
1
 70
1
 40
0.050000
 41
0.050000
  0
VERTEX
 5
662
  8
PLACEMENT_OUTLINE_BOTTOM
 10
-11.92200
 20
28.15500
 42
1.0
  0
VERTEX
 5
663
  8
PLACEMENT_OUTLINE_BOTTOM
 10
-11.87200
 20
28.15500
 42
1.0
  0
SEQEND
  8
PLACEMENT_OUTLINE_BOTTOM
  0
POLYLINE
 5
664
  8
PLACEMENT_OUTLINE_BOTTOM
 66
1
 70
1
 40
0.050000
 41
0.050000
  0
VERTEX
 5
665
  8
PLACEMENT_OUTLINE_BOTTOM
 10
-11.92200
 20
29.42500
 42
1.0
  0
VERTEX
 5
666
  8
PLACEMENT_OUTLINE_BOTTOM
 10
-11.87200
 20
29.42500
 42
1.0
  0
SEQEND
  8
PLACEMENT_OUTLINE_BOTTOM
  0
SOLID
 5
667
  8
PADLAYER_BOTTOM
 10
-10.19520
 20
28.33280
 11
-9.28080
 21
28.33280
 12
-10.19520
 22
29.24720
 13
-9.28080
 23
29.24720
  0
SOLID
 5
668
  8
PADLAYER_BOTTOM
 10
-11.71920
 20
28.33280
 11
-10.80480
 21
28.33280
 12
-11.71920
 22
29.24720
 13
-10.80480
 23
29.24720
  0
POLYLINE
 5
669
  8
PLACEMENT_OUTLINE_BOTTOM
 66
1
 40
0.299970
 41
0.299970
  0
VERTEX
 5
66A
  8
PLACEMENT_OUTLINE_BOTTOM
 10
-12.07300
 20
28.15500
  0
VERTEX
 5
66B
  8
PLACEMENT_OUTLINE_BOTTOM
 10
-14.86700
 20
28.15500
  0
SEQEND
  8
PLACEMENT_OUTLINE_BOTTOM
  0
POLYLINE
 5
66C
  8
PLACEMENT_OUTLINE_BOTTOM
 66
1
 70
1
 40
0.149985
 41
0.149985
  0
VERTEX
 5
66D
  8
PLACEMENT_OUTLINE_BOTTOM
 10
-12.14799
 20
28.15500
 42
1.0
  0
VERTEX
 5
66E
  8
PLACEMENT_OUTLINE_BOTTOM
 10
-11.99801
 20
28.15500
 42
1.0
  0
SEQEND
  8
PLACEMENT_OUTLINE_BOTTOM
  0
POLYLINE
 5
66F
  8
PLACEMENT_OUTLINE_BOTTOM
 66
1
 70
1
 40
0.149985
 41
0.149985
  0
VERTEX
 5
670
  8
PLACEMENT_OUTLINE_BOTTOM
 10
-14.94199
 20
28.15500
 42
1.0
  0
VERTEX
 5
671
  8
PLACEMENT_OUTLINE_BOTTOM
 10
-14.79201
 20
28.15500
 42
1.0
  0
SEQEND
  8
PLACEMENT_OUTLINE_BOTTOM
  0
POLYLINE
 5
672
  8
PLACEMENT_OUTLINE_BOTTOM
 66
1
 40
0.299970
 41
0.299970
  0
VERTEX
 5
673
  8
PLACEMENT_OUTLINE_BOTTOM
 10
-14.86700
 20
28.15500
  0
VERTEX
 5
674
  8
PLACEMENT_OUTLINE_BOTTOM
 10
-14.86700
 20
29.42500
  0
SEQEND
  8
PLACEMENT_OUTLINE_BOTTOM
  0
POLYLINE
 5
675
  8
PLACEMENT_OUTLINE_BOTTOM
 66
1
 70
1
 40
0.149985
 41
0.149985
  0
VERTEX
 5
676
  8
PLACEMENT_OUTLINE_BOTTOM
 10
-14.94199
 20
28.15500
 42
1.0
  0
VERTEX
 5
677
  8
PLACEMENT_OUTLINE_BOTTOM
 10
-14.79201
 20
28.15500
 42
1.0
  0
SEQEND
  8
PLACEMENT_OUTLINE_BOTTOM
  0
POLYLINE
 5
678
  8
PLACEMENT_OUTLINE_BOTTOM
 66
1
 70
1
 40
0.149985
 41
0.149985
  0
VERTEX
 5
679
  8
PLACEMENT_OUTLINE_BOTTOM
 10
-14.94199
 20
29.42500
 42
1.0
  0
VERTEX
 5
67A
  8
PLACEMENT_OUTLINE_BOTTOM
 10
-14.79201
 20
29.42500
 42
1.0
  0
SEQEND
  8
PLACEMENT_OUTLINE_BOTTOM
  0
POLYLINE
 5
67B
  8
PLACEMENT_OUTLINE_BOTTOM
 66
1
 40
0.299970
 41
0.299970
  0
VERTEX
 5
67C
  8
PLACEMENT_OUTLINE_BOTTOM
 10
-14.86700
 20
29.42500
  0
VERTEX
 5
67D
  8
PLACEMENT_OUTLINE_BOTTOM
 10
-12.07300
 20
29.42500
  0
SEQEND
  8
PLACEMENT_OUTLINE_BOTTOM
  0
POLYLINE
 5
67E
  8
PLACEMENT_OUTLINE_BOTTOM
 66
1
 70
1
 40
0.149985
 41
0.149985
  0
VERTEX
 5
67F
  8
PLACEMENT_OUTLINE_BOTTOM
 10
-14.94199
 20
29.42500
 42
1.0
  0
VERTEX
 5
680
  8
PLACEMENT_OUTLINE_BOTTOM
 10
-14.79201
 20
29.42500
 42
1.0
  0
SEQEND
  8
PLACEMENT_OUTLINE_BOTTOM
  0
POLYLINE
 5
681
  8
PLACEMENT_OUTLINE_BOTTOM
 66
1
 70
1
 40
0.149985
 41
0.149985
  0
VERTEX
 5
682
  8
PLACEMENT_OUTLINE_BOTTOM
 10
-12.14799
 20
29.42500
 42
1.0
  0
VERTEX
 5
683
  8
PLACEMENT_OUTLINE_BOTTOM
 10
-11.99801
 20
29.42500
 42
1.0
  0
SEQEND
  8
PLACEMENT_OUTLINE_BOTTOM
  0
POLYLINE
 5
684
  8
PLACEMENT_OUTLINE_BOTTOM
 66
1
 40
0.299970
 41
0.299970
  0
VERTEX
 5
685
  8
PLACEMENT_OUTLINE_BOTTOM
 10
-12.07300
 20
29.42500
  0
VERTEX
 5
686
  8
PLACEMENT_OUTLINE_BOTTOM
 10
-12.07300
 20
28.15500
  0
SEQEND
  8
PLACEMENT_OUTLINE_BOTTOM
  0
POLYLINE
 5
687
  8
PLACEMENT_OUTLINE_BOTTOM
 66
1
 70
1
 40
0.149985
 41
0.149985
  0
VERTEX
 5
688
  8
PLACEMENT_OUTLINE_BOTTOM
 10
-12.14799
 20
29.42500
 42
1.0
  0
VERTEX
 5
689
  8
PLACEMENT_OUTLINE_BOTTOM
 10
-11.99801
 20
29.42500
 42
1.0
  0
SEQEND
  8
PLACEMENT_OUTLINE_BOTTOM
  0
POLYLINE
 5
68A
  8
PLACEMENT_OUTLINE_BOTTOM
 66
1
 70
1
 40
0.149985
 41
0.149985
  0
VERTEX
 5
68B
  8
PLACEMENT_OUTLINE_BOTTOM
 10
-12.14799
 20
28.15500
 42
1.0
  0
VERTEX
 5
68C
  8
PLACEMENT_OUTLINE_BOTTOM
 10
-11.99801
 20
28.15500
 42
1.0
  0
SEQEND
  8
PLACEMENT_OUTLINE_BOTTOM
  0
SOLID
 5
68D
  8
PADLAYER_BOTTOM
 10
-13.77480
 20
29.24720
 11
-14.68920
 21
29.24720
 12
-13.77480
 22
28.33280
 13
-14.68920
 23
28.33280
  0
SOLID
 5
68E
  8
PADLAYER_BOTTOM
 10
-12.25080
 20
29.24720
 11
-13.16520
 21
29.24720
 12
-12.25080
 22
28.33280
 13
-13.16520
 23
28.33280
  0
POLYLINE
 5
68F
  8
PLACEMENT_OUTLINE_BOTTOM
 66
1
 40
0.100000
 41
0.100000
  0
VERTEX
 5
690
  8
PLACEMENT_OUTLINE_BOTTOM
 10
-9.50700
 20
27.28500
  0
VERTEX
 5
691
  8
PLACEMENT_OUTLINE_BOTTOM
 10
-6.71300
 20
27.28500
  0
SEQEND
  8
PLACEMENT_OUTLINE_BOTTOM
  0
POLYLINE
 5
692
  8
PLACEMENT_OUTLINE_BOTTOM
 66
1
 70
1
 40
0.050000
 41
0.050000
  0
VERTEX
 5
693
  8
PLACEMENT_OUTLINE_BOTTOM
 10
-9.53200
 20
27.28500
 42
1.0
  0
VERTEX
 5
694
  8
PLACEMENT_OUTLINE_BOTTOM
 10
-9.48200
 20
27.28500
 42
1.0
  0
SEQEND
  8
PLACEMENT_OUTLINE_BOTTOM
  0
POLYLINE
 5
695
  8
PLACEMENT_OUTLINE_BOTTOM
 66
1
 70
1
 40
0.050000
 41
0.050000
  0
VERTEX
 5
696
  8
PLACEMENT_OUTLINE_BOTTOM
 10
-6.73800
 20
27.28500
 42
1.0
  0
VERTEX
 5
697
  8
PLACEMENT_OUTLINE_BOTTOM
 10
-6.68800
 20
27.28500
 42
1.0
  0
SEQEND
  8
PLACEMENT_OUTLINE_BOTTOM
  0
POLYLINE
 5
698
  8
PLACEMENT_OUTLINE_BOTTOM
 66
1
 40
0.100000
 41
0.100000
  0
VERTEX
 5
699
  8
PLACEMENT_OUTLINE_BOTTOM
 10
-6.71300
 20
27.28500
  0
VERTEX
 5
69A
  8
PLACEMENT_OUTLINE_BOTTOM
 10
-6.71300
 20
26.01500
  0
SEQEND
  8
PLACEMENT_OUTLINE_BOTTOM
  0
POLYLINE
 5
69B
  8
PLACEMENT_OUTLINE_BOTTOM
 66
1
 70
1
 40
0.050000
 41
0.050000
  0
VERTEX
 5
69C
  8
PLACEMENT_OUTLINE_BOTTOM
 10
-6.73800
 20
27.28500
 42
1.0
  0
VERTEX
 5
69D
  8
PLACEMENT_OUTLINE_BOTTOM
 10
-6.68800
 20
27.28500
 42
1.0
  0
SEQEND
  8
PLACEMENT_OUTLINE_BOTTOM
  0
POLYLINE
 5
69E
  8
PLACEMENT_OUTLINE_BOTTOM
 66
1
 70
1
 40
0.050000
 41
0.050000
  0
VERTEX
 5
69F
  8
PLACEMENT_OUTLINE_BOTTOM
 10
-6.73800
 20
26.01500
 42
1.0
  0
VERTEX
 5
6A0
  8
PLACEMENT_OUTLINE_BOTTOM
 10
-6.68800
 20
26.01500
 42
1.0
  0
SEQEND
  8
PLACEMENT_OUTLINE_BOTTOM
  0
POLYLINE
 5
6A1
  8
PLACEMENT_OUTLINE_BOTTOM
 66
1
 40
0.100000
 41
0.100000
  0
VERTEX
 5
6A2
  8
PLACEMENT_OUTLINE_BOTTOM
 10
-6.71300
 20
26.01500
  0
VERTEX
 5
6A3
  8
PLACEMENT_OUTLINE_BOTTOM
 10
-9.50700
 20
26.01500
  0
SEQEND
  8
PLACEMENT_OUTLINE_BOTTOM
  0
POLYLINE
 5
6A4
  8
PLACEMENT_OUTLINE_BOTTOM
 66
1
 70
1
 40
0.050000
 41
0.050000
  0
VERTEX
 5
6A5
  8
PLACEMENT_OUTLINE_BOTTOM
 10
-6.73800
 20
26.01500
 42
1.0
  0
VERTEX
 5
6A6
  8
PLACEMENT_OUTLINE_BOTTOM
 10
-6.68800
 20
26.01500
 42
1.0
  0
SEQEND
  8
PLACEMENT_OUTLINE_BOTTOM
  0
POLYLINE
 5
6A7
  8
PLACEMENT_OUTLINE_BOTTOM
 66
1
 70
1
 40
0.050000
 41
0.050000
  0
VERTEX
 5
6A8
  8
PLACEMENT_OUTLINE_BOTTOM
 10
-9.53200
 20
26.01500
 42
1.0
  0
VERTEX
 5
6A9
  8
PLACEMENT_OUTLINE_BOTTOM
 10
-9.48200
 20
26.01500
 42
1.0
  0
SEQEND
  8
PLACEMENT_OUTLINE_BOTTOM
  0
POLYLINE
 5
6AA
  8
PLACEMENT_OUTLINE_BOTTOM
 66
1
 40
0.100000
 41
0.100000
  0
VERTEX
 5
6AB
  8
PLACEMENT_OUTLINE_BOTTOM
 10
-9.50700
 20
26.01500
  0
VERTEX
 5
6AC
  8
PLACEMENT_OUTLINE_BOTTOM
 10
-9.50700
 20
27.28500
  0
SEQEND
  8
PLACEMENT_OUTLINE_BOTTOM
  0
POLYLINE
 5
6AD
  8
PLACEMENT_OUTLINE_BOTTOM
 66
1
 70
1
 40
0.050000
 41
0.050000
  0
VERTEX
 5
6AE
  8
PLACEMENT_OUTLINE_BOTTOM
 10
-9.53200
 20
26.01500
 42
1.0
  0
VERTEX
 5
6AF
  8
PLACEMENT_OUTLINE_BOTTOM
 10
-9.48200
 20
26.01500
 42
1.0
  0
SEQEND
  8
PLACEMENT_OUTLINE_BOTTOM
  0
POLYLINE
 5
6B0
  8
PLACEMENT_OUTLINE_BOTTOM
 66
1
 70
1
 40
0.050000
 41
0.050000
  0
VERTEX
 5
6B1
  8
PLACEMENT_OUTLINE_BOTTOM
 10
-9.53200
 20
27.28500
 42
1.0
  0
VERTEX
 5
6B2
  8
PLACEMENT_OUTLINE_BOTTOM
 10
-9.48200
 20
27.28500
 42
1.0
  0
SEQEND
  8
PLACEMENT_OUTLINE_BOTTOM
  0
SOLID
 5
6B3
  8
PADLAYER_BOTTOM
 10
-7.80520
 20
26.19280
 11
-6.89080
 21
26.19280
 12
-7.80520
 22
27.10720
 13
-6.89080
 23
27.10720
  0
SOLID
 5
6B4
  8
PADLAYER_BOTTOM
 10
-9.32920
 20
26.19280
 11
-8.41480
 21
26.19280
 12
-9.32920
 22
27.10720
 13
-8.41480
 23
27.10720
  0
POLYLINE
 5
6B5
  8
PLACEMENT_OUTLINE_BOTTOM
 66
1
 40
0.299970
 41
0.299970
  0
VERTEX
 5
6B6
  8
PLACEMENT_OUTLINE_BOTTOM
 10
-22.47900
 20
46.84300
  0
VERTEX
 5
6B7
  8
PLACEMENT_OUTLINE_BOTTOM
 10
-19.68500
 20
46.84300
  0
SEQEND
  8
PLACEMENT_OUTLINE_BOTTOM
  0
POLYLINE
 5
6B8
  8
PLACEMENT_OUTLINE_BOTTOM
 66
1
 70
1
 40
0.149985
 41
0.149985
  0
VERTEX
 5
6B9
  8
PLACEMENT_OUTLINE_BOTTOM
 10
-22.55399
 20
46.84300
 42
1.0
  0
VERTEX
 5
6BA
  8
PLACEMENT_OUTLINE_BOTTOM
 10
-22.40401
 20
46.84300
 42
1.0
  0
SEQEND
  8
PLACEMENT_OUTLINE_BOTTOM
  0
POLYLINE
 5
6BB
  8
PLACEMENT_OUTLINE_BOTTOM
 66
1
 70
1
 40
0.149985
 41
0.149985
  0
VERTEX
 5
6BC
  8
PLACEMENT_OUTLINE_BOTTOM
 10
-19.75999
 20
46.84300
 42
1.0
  0
VERTEX
 5
6BD
  8
PLACEMENT_OUTLINE_BOTTOM
 10
-19.61001
 20
46.84300
 42
1.0
  0
SEQEND
  8
PLACEMENT_OUTLINE_BOTTOM
  0
POLYLINE
 5
6BE
  8
PLACEMENT_OUTLINE_BOTTOM
 66
1
 40
0.299970
 41
0.299970
  0
VERTEX
 5
6BF
  8
PLACEMENT_OUTLINE_BOTTOM
 10
-19.68500
 20
46.84300
  0
VERTEX
 5
6C0
  8
PLACEMENT_OUTLINE_BOTTOM
 10
-19.68500
 20
45.57300
  0
SEQEND
  8
PLACEMENT_OUTLINE_BOTTOM
  0
POLYLINE
 5
6C1
  8
PLACEMENT_OUTLINE_BOTTOM
 66
1
 70
1
 40
0.149985
 41
0.149985
  0
VERTEX
 5
6C2
  8
PLACEMENT_OUTLINE_BOTTOM
 10
-19.75999
 20
46.84300
 42
1.0
  0
VERTEX
 5
6C3
  8
PLACEMENT_OUTLINE_BOTTOM
 10
-19.61001
 20
46.84300
 42
1.0
  0
SEQEND
  8
PLACEMENT_OUTLINE_BOTTOM
  0
POLYLINE
 5
6C4
  8
PLACEMENT_OUTLINE_BOTTOM
 66
1
 70
1
 40
0.149985
 41
0.149985
  0
VERTEX
 5
6C5
  8
PLACEMENT_OUTLINE_BOTTOM
 10
-19.75999
 20
45.57300
 42
1.0
  0
VERTEX
 5
6C6
  8
PLACEMENT_OUTLINE_BOTTOM
 10
-19.61001
 20
45.57300
 42
1.0
  0
SEQEND
  8
PLACEMENT_OUTLINE_BOTTOM
  0
POLYLINE
 5
6C7
  8
PLACEMENT_OUTLINE_BOTTOM
 66
1
 40
0.299970
 41
0.299970
  0
VERTEX
 5
6C8
  8
PLACEMENT_OUTLINE_BOTTOM
 10
-19.68500
 20
45.57300
  0
VERTEX
 5
6C9
  8
PLACEMENT_OUTLINE_BOTTOM
 10
-22.47900
 20
45.57300
  0
SEQEND
  8
PLACEMENT_OUTLINE_BOTTOM
  0
POLYLINE
 5
6CA
  8
PLACEMENT_OUTLINE_BOTTOM
 66
1
 70
1
 40
0.149985
 41
0.149985
  0
VERTEX
 5
6CB
  8
PLACEMENT_OUTLINE_BOTTOM
 10
-19.75999
 20
45.57300
 42
1.0
  0
VERTEX
 5
6CC
  8
PLACEMENT_OUTLINE_BOTTOM
 10
-19.61001
 20
45.57300
 42
1.0
  0
SEQEND
  8
PLACEMENT_OUTLINE_BOTTOM
  0
POLYLINE
 5
6CD
  8
PLACEMENT_OUTLINE_BOTTOM
 66
1
 70
1
 40
0.149985
 41
0.149985
  0
VERTEX
 5
6CE
  8
PLACEMENT_OUTLINE_BOTTOM
 10
-22.55399
 20
45.57300
 42
1.0
  0
VERTEX
 5
6CF
  8
PLACEMENT_OUTLINE_BOTTOM
 10
-22.40401
 20
45.57300
 42
1.0
  0
SEQEND
  8
PLACEMENT_OUTLINE_BOTTOM
  0
POLYLINE
 5
6D0
  8
PLACEMENT_OUTLINE_BOTTOM
 66
1
 40
0.299970
 41
0.299970
  0
VERTEX
 5
6D1
  8
PLACEMENT_OUTLINE_BOTTOM
 10
-22.47900
 20
45.57300
  0
VERTEX
 5
6D2
  8
PLACEMENT_OUTLINE_BOTTOM
 10
-22.47900
 20
46.84300
  0
SEQEND
  8
PLACEMENT_OUTLINE_BOTTOM
  0
POLYLINE
 5
6D3
  8
PLACEMENT_OUTLINE_BOTTOM
 66
1
 70
1
 40
0.149985
 41
0.149985
  0
VERTEX
 5
6D4
  8
PLACEMENT_OUTLINE_BOTTOM
 10
-22.55399
 20
45.57300
 42
1.0
  0
VERTEX
 5
6D5
  8
PLACEMENT_OUTLINE_BOTTOM
 10
-22.40401
 20
45.57300
 42
1.0
  0
SEQEND
  8
PLACEMENT_OUTLINE_BOTTOM
  0
POLYLINE
 5
6D6
  8
PLACEMENT_OUTLINE_BOTTOM
 66
1
 70
1
 40
0.149985
 41
0.149985
  0
VERTEX
 5
6D7
  8
PLACEMENT_OUTLINE_BOTTOM
 10
-22.55399
 20
46.84300
 42
1.0
  0
VERTEX
 5
6D8
  8
PLACEMENT_OUTLINE_BOTTOM
 10
-22.40401
 20
46.84300
 42
1.0
  0
SEQEND
  8
PLACEMENT_OUTLINE_BOTTOM
  0
SOLID
 5
6D9
  8
PADLAYER_BOTTOM
 10
-20.77720
 20
45.75080
 11
-19.86280
 21
45.75080
 12
-20.77720
 22
46.66520
 13
-19.86280
 23
46.66520
  0
SOLID
 5
6DA
  8
PADLAYER_BOTTOM
 10
-22.30120
 20
45.75080
 11
-21.38680
 21
45.75080
 12
-22.30120
 22
46.66520
 13
-21.38680
 23
46.66520
  0
POLYLINE
 5
6DB
  8
Bottom04
 66
1
 70
1
 40
0.000000
 41
0.000000
  0
VERTEX
 5
6DC
  8
Bottom04
 10
-15.95930
 20
46.94800
 42
0.414214
  0
VERTEX
 5
6DD
  8
Bottom04
 10
-15.97200
 20
46.96070
  0
VERTEX
 5
6DE
  8
Bottom04
 10
-19.16200
 20
46.96070
 42
0.414214
  0
VERTEX
 5
6DF
  8
Bottom04
 10
-19.17470
 20
46.94800
  0
VERTEX
 5
6E0
  8
Bottom04
 10
-19.17470
 20
45.44800
 42
0.414214
  0
VERTEX
 5
6E1
  8
Bottom04
 10
-19.16200
 20
45.43530
  0
VERTEX
 5
6E2
  8
Bottom04
 10
-15.97200
 20
45.43530
 42
0.414214
  0
VERTEX
 5
6E3
  8
Bottom04
 10
-15.95930
 20
45.44800
  0
VERTEX
 5
6E4
  8
Bottom04
 10
-15.95930
 20
46.94800
  0
SEQEND
  8
Bottom04
  0
POLYLINE
 5
6E5
  8
2DLINES_4
 66
1
 40
0.152400
 41
0.152400
  0
VERTEX
 5
6E6
  8
2DLINES_4
 10
-17.57200
 20
45.55800
  0
VERTEX
 5
6E7
  8
2DLINES_4
 10
-17.57200
 20
46.85800
  0
SEQEND
  8
2DLINES_4
  0
POLYLINE
 5
6E8
  8
2DLINES_4
 66
1
 70
1
 40
0.076200
 41
0.076200
  0
VERTEX
 5
6E9
  8
2DLINES_4
 10
-17.61010
 20
45.55800
 42
1.0
  0
VERTEX
 5
6EA
  8
2DLINES_4
 10
-17.53390
 20
45.55800
 42
1.0
  0
SEQEND
  8
2DLINES_4
  0
POLYLINE
 5
6EB
  8
2DLINES_4
 66
1
 70
1
 40
0.076200
 41
0.076200
  0
VERTEX
 5
6EC
  8
2DLINES_4
 10
-17.61010
 20
46.85800
 42
1.0
  0
VERTEX
 5
6ED
  8
2DLINES_4
 10
-17.53390
 20
46.85800
 42
1.0
  0
SEQEND
  8
2DLINES_4
  0
POLYLINE
 5
6EE
  8
PLACEMENT_OUTLINE_BOTTOM
 66
1
 40
0.025400
 41
0.025400
  0
VERTEX
 5
6EF
  8
PLACEMENT_OUTLINE_BOTTOM
 10
-15.97200
 20
45.45800
  0
VERTEX
 5
6F0
  8
PLACEMENT_OUTLINE_BOTTOM
 10
-15.97200
 20
46.95800
  0
SEQEND
  8
PLACEMENT_OUTLINE_BOTTOM
  0
POLYLINE
 5
6F1
  8
PLACEMENT_OUTLINE_BOTTOM
 66
1
 70
1
 40
0.012700
 41
0.012700
  0
VERTEX
 5
6F2
  8
PLACEMENT_OUTLINE_BOTTOM
 10
-15.97835
 20
45.45800
 42
1.0
  0
VERTEX
 5
6F3
  8
PLACEMENT_OUTLINE_BOTTOM
 10
-15.96565
 20
45.45800
 42
1.0
  0
SEQEND
  8
PLACEMENT_OUTLINE_BOTTOM
  0
POLYLINE
 5
6F4
  8
PLACEMENT_OUTLINE_BOTTOM
 66
1
 70
1
 40
0.012700
 41
0.012700
  0
VERTEX
 5
6F5
  8
PLACEMENT_OUTLINE_BOTTOM
 10
-15.97835
 20
46.95800
 42
1.0
  0
VERTEX
 5
6F6
  8
PLACEMENT_OUTLINE_BOTTOM
 10
-15.96565
 20
46.95800
 42
1.0
  0
SEQEND
  8
PLACEMENT_OUTLINE_BOTTOM
  0
POLYLINE
 5
6F7
  8
PLACEMENT_OUTLINE_BOTTOM
 66
1
 40
0.025400
 41
0.025400
  0
VERTEX
 5
6F8
  8
PLACEMENT_OUTLINE_BOTTOM
 10
-15.97200
 20
46.95800
  0
VERTEX
 5
6F9
  8
PLACEMENT_OUTLINE_BOTTOM
 10
-19.17200
 20
46.95800
  0
SEQEND
  8
PLACEMENT_OUTLINE_BOTTOM
  0
POLYLINE
 5
6FA
  8
PLACEMENT_OUTLINE_BOTTOM
 66
1
 70
1
 40
0.012700
 41
0.012700
  0
VERTEX
 5
6FB
  8
PLACEMENT_OUTLINE_BOTTOM
 10
-15.97835
 20
46.95800
 42
1.0
  0
VERTEX
 5
6FC
  8
PLACEMENT_OUTLINE_BOTTOM
 10
-15.96565
 20
46.95800
 42
1.0
  0
SEQEND
  8
PLACEMENT_OUTLINE_BOTTOM
  0
POLYLINE
 5
6FD
  8
PLACEMENT_OUTLINE_BOTTOM
 66
1
 70
1
 40
0.012700
 41
0.012700
  0
VERTEX
 5
6FE
  8
PLACEMENT_OUTLINE_BOTTOM
 10
-19.17835
 20
46.95800
 42
1.0
  0
VERTEX
 5
6FF
  8
PLACEMENT_OUTLINE_BOTTOM
 10
-19.16565
 20
46.95800
 42
1.0
  0
SEQEND
  8
PLACEMENT_OUTLINE_BOTTOM
  0
POLYLINE
 5
700
  8
PLACEMENT_OUTLINE_BOTTOM
 66
1
 40
0.025400
 41
0.025400
  0
VERTEX
 5
701
  8
PLACEMENT_OUTLINE_BOTTOM
 10
-19.17200
 20
46.95800
  0
VERTEX
 5
702
  8
PLACEMENT_OUTLINE_BOTTOM
 10
-19.17200
 20
45.45800
  0
SEQEND
  8
PLACEMENT_OUTLINE_BOTTOM
  0
POLYLINE
 5
703
  8
PLACEMENT_OUTLINE_BOTTOM
 66
1
 70
1
 40
0.012700
 41
0.012700
  0
VERTEX
 5
704
  8
PLACEMENT_OUTLINE_BOTTOM
 10
-19.17835
 20
46.95800
 42
1.0
  0
VERTEX
 5
705
  8
PLACEMENT_OUTLINE_BOTTOM
 10
-19.16565
 20
46.95800
 42
1.0
  0
SEQEND
  8
PLACEMENT_OUTLINE_BOTTOM
  0
POLYLINE
 5
706
  8
PLACEMENT_OUTLINE_BOTTOM
 66
1
 70
1
 40
0.012700
 41
0.012700
  0
VERTEX
 5
707
  8
PLACEMENT_OUTLINE_BOTTOM
 10
-19.17835
 20
45.45800
 42
1.0
  0
VERTEX
 5
708
  8
PLACEMENT_OUTLINE_BOTTOM
 10
-19.16565
 20
45.45800
 42
1.0
  0
SEQEND
  8
PLACEMENT_OUTLINE_BOTTOM
  0
POLYLINE
 5
709
  8
PLACEMENT_OUTLINE_BOTTOM
 66
1
 40
0.025400
 41
0.025400
  0
VERTEX
 5
70A
  8
PLACEMENT_OUTLINE_BOTTOM
 10
-19.17200
 20
45.45800
  0
VERTEX
 5
70B
  8
PLACEMENT_OUTLINE_BOTTOM
 10
-15.97200
 20
45.45800
  0
SEQEND
  8
PLACEMENT_OUTLINE_BOTTOM
  0
POLYLINE
 5
70C
  8
PLACEMENT_OUTLINE_BOTTOM
 66
1
 70
1
 40
0.012700
 41
0.012700
  0
VERTEX
 5
70D
  8
PLACEMENT_OUTLINE_BOTTOM
 10
-19.17835
 20
45.45800
 42
1.0
  0
VERTEX
 5
70E
  8
PLACEMENT_OUTLINE_BOTTOM
 10
-19.16565
 20
45.45800
 42
1.0
  0
SEQEND
  8
PLACEMENT_OUTLINE_BOTTOM
  0
POLYLINE
 5
70F
  8
PLACEMENT_OUTLINE_BOTTOM
 66
1
 70
1
 40
0.012700
 41
0.012700
  0
VERTEX
 5
710
  8
PLACEMENT_OUTLINE_BOTTOM
 10
-15.97835
 20
45.45800
 42
1.0
  0
VERTEX
 5
711
  8
PLACEMENT_OUTLINE_BOTTOM
 10
-15.96565
 20
45.45800
 42
1.0
  0
SEQEND
  8
PLACEMENT_OUTLINE_BOTTOM
  0
SOLID
 5
712
  8
PADLAYER_BOTTOM
 10
-15.97200
 20
45.45800
 11
-15.97200
 21
46.95800
 12
-17.27200
 22
45.45800
 13
-17.27200
 23
46.95800
  0
SOLID
 5
713
  8
PADLAYER_BOTTOM
 10
-17.87200
 20
45.45800
 11
-17.87200
 21
46.95800
 12
-19.17200
 22
45.45800
 13
-19.17200
 23
46.95800
  0
POLYLINE
 5
714
  8
Bottom04
 66
1
 70
1
 40
0.000000
 41
0.000000
  0
VERTEX
 5
715
  8
Bottom04
 10
-7.45700
 20
58.57670
 42
0.414214
  0
VERTEX
 5
716
  8
Bottom04
 10
-7.46970
 20
58.56400
  0
VERTEX
 5
717
  8
Bottom04
 10
-7.46970
 20
55.37400
 42
0.414214
  0
VERTEX
 5
718
  8
Bottom04
 10
-7.45700
 20
55.36130
  0
VERTEX
 5
719
  8
Bottom04
 10
-5.95700
 20
55.36130
 42
0.414214
  0
VERTEX
 5
71A
  8
Bottom04
 10
-5.94430
 20
55.37400
  0
VERTEX
 5
71B
  8
Bottom04
 10
-5.94430
 20
58.56400
 42
0.414214
  0
VERTEX
 5
71C
  8
Bottom04
 10
-5.95700
 20
58.57670
  0
VERTEX
 5
71D
  8
Bottom04
 10
-7.45700
 20
58.57670
  0
SEQEND
  8
Bottom04
  0
POLYLINE
 5
71E
  8
2DLINES_4
 66
1
 40
0.152400
 41
0.152400
  0
VERTEX
 5
71F
  8
2DLINES_4
 10
-6.06700
 20
56.96400
  0
VERTEX
 5
720
  8
2DLINES_4
 10
-7.36700
 20
56.96400
  0
SEQEND
  8
2DLINES_4
  0
POLYLINE
 5
721
  8
2DLINES_4
 66
1
 70
1
 40
0.076200
 41
0.076200
  0
VERTEX
 5
722
  8
2DLINES_4
 10
-6.10510
 20
56.96400
 42
1.0
  0
VERTEX
 5
723
  8
2DLINES_4
 10
-6.02890
 20
56.96400
 42
1.0
  0
SEQEND
  8
2DLINES_4
  0
POLYLINE
 5
724
  8
2DLINES_4
 66
1
 70
1
 40
0.076200
 41
0.076200
  0
VERTEX
 5
725
  8
2DLINES_4
 10
-7.40510
 20
56.96400
 42
1.0
  0
VERTEX
 5
726
  8
2DLINES_4
 10
-7.32890
 20
56.96400
 42
1.0
  0
SEQEND
  8
2DLINES_4
  0
POLYLINE
 5
727
  8
PLACEMENT_OUTLINE_BOTTOM
 66
1
 40
0.025400
 41
0.025400
  0
VERTEX
 5
728
  8
PLACEMENT_OUTLINE_BOTTOM
 10
-5.96700
 20
58.56400
  0
VERTEX
 5
729
  8
PLACEMENT_OUTLINE_BOTTOM
 10
-7.46700
 20
58.56400
  0
SEQEND
  8
PLACEMENT_OUTLINE_BOTTOM
  0
POLYLINE
 5
72A
  8
PLACEMENT_OUTLINE_BOTTOM
 66
1
 70
1
 40
0.012700
 41
0.012700
  0
VERTEX
 5
72B
  8
PLACEMENT_OUTLINE_BOTTOM
 10
-5.97335
 20
58.56400
 42
1.0
  0
VERTEX
 5
72C
  8
PLACEMENT_OUTLINE_BOTTOM
 10
-5.96065
 20
58.56400
 42
1.0
  0
SEQEND
  8
PLACEMENT_OUTLINE_BOTTOM
  0
POLYLINE
 5
72D
  8
PLACEMENT_OUTLINE_BOTTOM
 66
1
 70
1
 40
0.012700
 41
0.012700
  0
VERTEX
 5
72E
  8
PLACEMENT_OUTLINE_BOTTOM
 10
-7.47335
 20
58.56400
 42
1.0
  0
VERTEX
 5
72F
  8
PLACEMENT_OUTLINE_BOTTOM
 10
-7.46065
 20
58.56400
 42
1.0
  0
SEQEND
  8
PLACEMENT_OUTLINE_BOTTOM
  0
POLYLINE
 5
730
  8
PLACEMENT_OUTLINE_BOTTOM
 66
1
 40
0.025400
 41
0.025400
  0
VERTEX
 5
731
  8
PLACEMENT_OUTLINE_BOTTOM
 10
-7.46700
 20
58.56400
  0
VERTEX
 5
732
  8
PLACEMENT_OUTLINE_BOTTOM
 10
-7.46700
 20
55.36400
  0
SEQEND
  8
PLACEMENT_OUTLINE_BOTTOM
  0
POLYLINE
 5
733
  8
PLACEMENT_OUTLINE_BOTTOM
 66
1
 70
1
 40
0.012700
 41
0.012700
  0
VERTEX
 5
734
  8
PLACEMENT_OUTLINE_BOTTOM
 10
-7.47335
 20
58.56400
 42
1.0
  0
VERTEX
 5
735
  8
PLACEMENT_OUTLINE_BOTTOM
 10
-7.46065
 20
58.56400
 42
1.0
  0
SEQEND
  8
PLACEMENT_OUTLINE_BOTTOM
  0
POLYLINE
 5
736
  8
PLACEMENT_OUTLINE_BOTTOM
 66
1
 70
1
 40
0.012700
 41
0.012700
  0
VERTEX
 5
737
  8
PLACEMENT_OUTLINE_BOTTOM
 10
-7.47335
 20
55.36400
 42
1.0
  0
VERTEX
 5
738
  8
PLACEMENT_OUTLINE_BOTTOM
 10
-7.46065
 20
55.36400
 42
1.0
  0
SEQEND
  8
PLACEMENT_OUTLINE_BOTTOM
  0
POLYLINE
 5
739
  8
PLACEMENT_OUTLINE_BOTTOM
 66
1
 40
0.025400
 41
0.025400
  0
VERTEX
 5
73A
  8
PLACEMENT_OUTLINE_BOTTOM
 10
-7.46700
 20
55.36400
  0
VERTEX
 5
73B
  8
PLACEMENT_OUTLINE_BOTTOM
 10
-5.96700
 20
55.36400
  0
SEQEND
  8
PLACEMENT_OUTLINE_BOTTOM
  0
POLYLINE
 5
73C
  8
PLACEMENT_OUTLINE_BOTTOM
 66
1
 70
1
 40
0.012700
 41
0.012700
  0
VERTEX
 5
73D
  8
PLACEMENT_OUTLINE_BOTTOM
 10
-7.47335
 20
55.36400
 42
1.0
  0
VERTEX
 5
73E
  8
PLACEMENT_OUTLINE_BOTTOM
 10
-7.46065
 20
55.36400
 42
1.0
  0
SEQEND
  8
PLACEMENT_OUTLINE_BOTTOM
  0
POLYLINE
 5
73F
  8
PLACEMENT_OUTLINE_BOTTOM
 66
1
 70
1
 40
0.012700
 41
0.012700
  0
VERTEX
 5
740
  8
PLACEMENT_OUTLINE_BOTTOM
 10
-5.97335
 20
55.36400
 42
1.0
  0
VERTEX
 5
741
  8
PLACEMENT_OUTLINE_BOTTOM
 10
-5.96065
 20
55.36400
 42
1.0
  0
SEQEND
  8
PLACEMENT_OUTLINE_BOTTOM
  0
POLYLINE
 5
742
  8
PLACEMENT_OUTLINE_BOTTOM
 66
1
 40
0.025400
 41
0.025400
  0
VERTEX
 5
743
  8
PLACEMENT_OUTLINE_BOTTOM
 10
-5.96700
 20
55.36400
  0
VERTEX
 5
744
  8
PLACEMENT_OUTLINE_BOTTOM
 10
-5.96700
 20
58.56400
  0
SEQEND
  8
PLACEMENT_OUTLINE_BOTTOM
  0
POLYLINE
 5
745
  8
PLACEMENT_OUTLINE_BOTTOM
 66
1
 70
1
 40
0.012700
 41
0.012700
  0
VERTEX
 5
746
  8
PLACEMENT_OUTLINE_BOTTOM
 10
-5.97335
 20
55.36400
 42
1.0
  0
VERTEX
 5
747
  8
PLACEMENT_OUTLINE_BOTTOM
 10
-5.96065
 20
55.36400
 42
1.0
  0
SEQEND
  8
PLACEMENT_OUTLINE_BOTTOM
  0
POLYLINE
 5
748
  8
PLACEMENT_OUTLINE_BOTTOM
 66
1
 70
1
 40
0.012700
 41
0.012700
  0
VERTEX
 5
749
  8
PLACEMENT_OUTLINE_BOTTOM
 10
-5.97335
 20
58.56400
 42
1.0
  0
VERTEX
 5
74A
  8
PLACEMENT_OUTLINE_BOTTOM
 10
-5.96065
 20
58.56400
 42
1.0
  0
SEQEND
  8
PLACEMENT_OUTLINE_BOTTOM
  0
SOLID
 5
74B
  8
PADLAYER_BOTTOM
 10
-5.96700
 20
58.56400
 11
-7.46700
 21
58.56400
 12
-5.96700
 22
57.26400
 13
-7.46700
 23
57.26400
  0
SOLID
 5
74C
  8
PADLAYER_BOTTOM
 10
-5.96700
 20
56.66400
 11
-7.46700
 21
56.66400
 12
-5.96700
 22
55.36400
 13
-7.46700
 23
55.36400
  0
POLYLINE
 5
74D
  8
Bottom04
 66
1
 70
1
 40
0.000000
 41
0.000000
  0
VERTEX
 5
74E
  8
Bottom04
 10
-11.45700
 20
58.57670
 42
0.414214
  0
VERTEX
 5
74F
  8
Bottom04
 10
-11.46970
 20
58.56400
  0
VERTEX
 5
750
  8
Bottom04
 10
-11.46970
 20
55.37400
 42
0.414214
  0
VERTEX
 5
751
  8
Bottom04
 10
-11.45700
 20
55.36130
  0
VERTEX
 5
752
  8
Bottom04
 10
-9.95700
 20
55.36130
 42
0.414214
  0
VERTEX
 5
753
  8
Bottom04
 10
-9.94430
 20
55.37400
  0
VERTEX
 5
754
  8
Bottom04
 10
-9.94430
 20
58.56400
 42
0.414214
  0
VERTEX
 5
755
  8
Bottom04
 10
-9.95700
 20
58.57670
  0
VERTEX
 5
756
  8
Bottom04
 10
-11.45700
 20
58.57670
  0
SEQEND
  8
Bottom04
  0
POLYLINE
 5
757
  8
2DLINES_4
 66
1
 40
0.152400
 41
0.152400
  0
VERTEX
 5
758
  8
2DLINES_4
 10
-10.06700
 20
56.96400
  0
VERTEX
 5
759
  8
2DLINES_4
 10
-11.36700
 20
56.96400
  0
SEQEND
  8
2DLINES_4
  0
POLYLINE
 5
75A
  8
2DLINES_4
 66
1
 70
1
 40
0.076200
 41
0.076200
  0
VERTEX
 5
75B
  8
2DLINES_4
 10
-10.10510
 20
56.96400
 42
1.0
  0
VERTEX
 5
75C
  8
2DLINES_4
 10
-10.02890
 20
56.96400
 42
1.0
  0
SEQEND
  8
2DLINES_4
  0
POLYLINE
 5
75D
  8
2DLINES_4
 66
1
 70
1
 40
0.076200
 41
0.076200
  0
VERTEX
 5
75E
  8
2DLINES_4
 10
-11.40510
 20
56.96400
 42
1.0
  0
VERTEX
 5
75F
  8
2DLINES_4
 10
-11.32890
 20
56.96400
 42
1.0
  0
SEQEND
  8
2DLINES_4
  0
POLYLINE
 5
760
  8
PLACEMENT_OUTLINE_BOTTOM
 66
1
 40
0.025400
 41
0.025400
  0
VERTEX
 5
761
  8
PLACEMENT_OUTLINE_BOTTOM
 10
-9.96700
 20
58.56400
  0
VERTEX
 5
762
  8
PLACEMENT_OUTLINE_BOTTOM
 10
-11.46700
 20
58.56400
  0
SEQEND
  8
PLACEMENT_OUTLINE_BOTTOM
  0
POLYLINE
 5
763
  8
PLACEMENT_OUTLINE_BOTTOM
 66
1
 70
1
 40
0.012700
 41
0.012700
  0
VERTEX
 5
764
  8
PLACEMENT_OUTLINE_BOTTOM
 10
-9.97335
 20
58.56400
 42
1.0
  0
VERTEX
 5
765
  8
PLACEMENT_OUTLINE_BOTTOM
 10
-9.96065
 20
58.56400
 42
1.0
  0
SEQEND
  8
PLACEMENT_OUTLINE_BOTTOM
  0
POLYLINE
 5
766
  8
PLACEMENT_OUTLINE_BOTTOM
 66
1
 70
1
 40
0.012700
 41
0.012700
  0
VERTEX
 5
767
  8
PLACEMENT_OUTLINE_BOTTOM
 10
-11.47335
 20
58.56400
 42
1.0
  0
VERTEX
 5
768
  8
PLACEMENT_OUTLINE_BOTTOM
 10
-11.46065
 20
58.56400
 42
1.0
  0
SEQEND
  8
PLACEMENT_OUTLINE_BOTTOM
  0
POLYLINE
 5
769
  8
PLACEMENT_OUTLINE_BOTTOM
 66
1
 40
0.025400
 41
0.025400
  0
VERTEX
 5
76A
  8
PLACEMENT_OUTLINE_BOTTOM
 10
-11.46700
 20
58.56400
  0
VERTEX
 5
76B
  8
PLACEMENT_OUTLINE_BOTTOM
 10
-11.46700
 20
55.36400
  0
SEQEND
  8
PLACEMENT_OUTLINE_BOTTOM
  0
POLYLINE
 5
76C
  8
PLACEMENT_OUTLINE_BOTTOM
 66
1
 70
1
 40
0.012700
 41
0.012700
  0
VERTEX
 5
76D
  8
PLACEMENT_OUTLINE_BOTTOM
 10
-11.47335
 20
58.56400
 42
1.0
  0
VERTEX
 5
76E
  8
PLACEMENT_OUTLINE_BOTTOM
 10
-11.46065
 20
58.56400
 42
1.0
  0
SEQEND
  8
PLACEMENT_OUTLINE_BOTTOM
  0
POLYLINE
 5
76F
  8
PLACEMENT_OUTLINE_BOTTOM
 66
1
 70
1
 40
0.012700
 41
0.012700
  0
VERTEX
 5
770
  8
PLACEMENT_OUTLINE_BOTTOM
 10
-11.47335
 20
55.36400
 42
1.0
  0
VERTEX
 5
771
  8
PLACEMENT_OUTLINE_BOTTOM
 10
-11.46065
 20
55.36400
 42
1.0
  0
SEQEND
  8
PLACEMENT_OUTLINE_BOTTOM
  0
POLYLINE
 5
772
  8
PLACEMENT_OUTLINE_BOTTOM
 66
1
 40
0.025400
 41
0.025400
  0
VERTEX
 5
773
  8
PLACEMENT_OUTLINE_BOTTOM
 10
-11.46700
 20
55.36400
  0
VERTEX
 5
774
  8
PLACEMENT_OUTLINE_BOTTOM
 10
-9.96700
 20
55.36400
  0
SEQEND
  8
PLACEMENT_OUTLINE_BOTTOM
  0
POLYLINE
 5
775
  8
PLACEMENT_OUTLINE_BOTTOM
 66
1
 70
1
 40
0.012700
 41
0.012700
  0
VERTEX
 5
776
  8
PLACEMENT_OUTLINE_BOTTOM
 10
-11.47335
 20
55.36400
 42
1.0
  0
VERTEX
 5
777
  8
PLACEMENT_OUTLINE_BOTTOM
 10
-11.46065
 20
55.36400
 42
1.0
  0
SEQEND
  8
PLACEMENT_OUTLINE_BOTTOM
  0
POLYLINE
 5
778
  8
PLACEMENT_OUTLINE_BOTTOM
 66
1
 70
1
 40
0.012700
 41
0.012700
  0
VERTEX
 5
779
  8
PLACEMENT_OUTLINE_BOTTOM
 10
-9.97335
 20
55.36400
 42
1.0
  0
VERTEX
 5
77A
  8
PLACEMENT_OUTLINE_BOTTOM
 10
-9.96065
 20
55.36400
 42
1.0
  0
SEQEND
  8
PLACEMENT_OUTLINE_BOTTOM
  0
POLYLINE
 5
77B
  8
PLACEMENT_OUTLINE_BOTTOM
 66
1
 40
0.025400
 41
0.025400
  0
VERTEX
 5
77C
  8
PLACEMENT_OUTLINE_BOTTOM
 10
-9.96700
 20
55.36400
  0
VERTEX
 5
77D
  8
PLACEMENT_OUTLINE_BOTTOM
 10
-9.96700
 20
58.56400
  0
SEQEND
  8
PLACEMENT_OUTLINE_BOTTOM
  0
POLYLINE
 5
77E
  8
PLACEMENT_OUTLINE_BOTTOM
 66
1
 70
1
 40
0.012700
 41
0.012700
  0
VERTEX
 5
77F
  8
PLACEMENT_OUTLINE_BOTTOM
 10
-9.97335
 20
55.36400
 42
1.0
  0
VERTEX
 5
780
  8
PLACEMENT_OUTLINE_BOTTOM
 10
-9.96065
 20
55.36400
 42
1.0
  0
SEQEND
  8
PLACEMENT_OUTLINE_BOTTOM
  0
POLYLINE
 5
781
  8
PLACEMENT_OUTLINE_BOTTOM
 66
1
 70
1
 40
0.012700
 41
0.012700
  0
VERTEX
 5
782
  8
PLACEMENT_OUTLINE_BOTTOM
 10
-9.97335
 20
58.56400
 42
1.0
  0
VERTEX
 5
783
  8
PLACEMENT_OUTLINE_BOTTOM
 10
-9.96065
 20
58.56400
 42
1.0
  0
SEQEND
  8
PLACEMENT_OUTLINE_BOTTOM
  0
SOLID
 5
784
  8
PADLAYER_BOTTOM
 10
-9.96700
 20
58.56400
 11
-11.46700
 21
58.56400
 12
-9.96700
 22
57.26400
 13
-11.46700
 23
57.26400
  0
SOLID
 5
785
  8
PADLAYER_BOTTOM
 10
-9.96700
 20
56.66400
 11
-11.46700
 21
56.66400
 12
-9.96700
 22
55.36400
 13
-11.46700
 23
55.36400
  0
POLYLINE
 5
786
  8
Bottom04
 66
1
 70
1
 40
0.000000
 41
0.000000
  0
VERTEX
 5
787
  8
Bottom04
 10
-13.45700
 20
58.57670
 42
0.414214
  0
VERTEX
 5
788
  8
Bottom04
 10
-13.46970
 20
58.56400
  0
VERTEX
 5
789
  8
Bottom04
 10
-13.46970
 20
55.37400
 42
0.414214
  0
VERTEX
 5
78A
  8
Bottom04
 10
-13.45700
 20
55.36130
  0
VERTEX
 5
78B
  8
Bottom04
 10
-11.95700
 20
55.36130
 42
0.414214
  0
VERTEX
 5
78C
  8
Bottom04
 10
-11.94430
 20
55.37400
  0
VERTEX
 5
78D
  8
Bottom04
 10
-11.94430
 20
58.56400
 42
0.414214
  0
VERTEX
 5
78E
  8
Bottom04
 10
-11.95700
 20
58.57670
  0
VERTEX
 5
78F
  8
Bottom04
 10
-13.45700
 20
58.57670
  0
SEQEND
  8
Bottom04
  0
POLYLINE
 5
790
  8
2DLINES_4
 66
1
 40
0.152400
 41
0.152400
  0
VERTEX
 5
791
  8
2DLINES_4
 10
-12.06700
 20
56.96400
  0
VERTEX
 5
792
  8
2DLINES_4
 10
-13.36700
 20
56.96400
  0
SEQEND
  8
2DLINES_4
  0
POLYLINE
 5
793
  8
2DLINES_4
 66
1
 70
1
 40
0.076200
 41
0.076200
  0
VERTEX
 5
794
  8
2DLINES_4
 10
-12.10510
 20
56.96400
 42
1.0
  0
VERTEX
 5
795
  8
2DLINES_4
 10
-12.02890
 20
56.96400
 42
1.0
  0
SEQEND
  8
2DLINES_4
  0
POLYLINE
 5
796
  8
2DLINES_4
 66
1
 70
1
 40
0.076200
 41
0.076200
  0
VERTEX
 5
797
  8
2DLINES_4
 10
-13.40510
 20
56.96400
 42
1.0
  0
VERTEX
 5
798
  8
2DLINES_4
 10
-13.32890
 20
56.96400
 42
1.0
  0
SEQEND
  8
2DLINES_4
  0
POLYLINE
 5
799
  8
PLACEMENT_OUTLINE_BOTTOM
 66
1
 40
0.025400
 41
0.025400
  0
VERTEX
 5
79A
  8
PLACEMENT_OUTLINE_BOTTOM
 10
-11.96700
 20
58.56400
  0
VERTEX
 5
79B
  8
PLACEMENT_OUTLINE_BOTTOM
 10
-13.46700
 20
58.56400
  0
SEQEND
  8
PLACEMENT_OUTLINE_BOTTOM
  0
POLYLINE
 5
79C
  8
PLACEMENT_OUTLINE_BOTTOM
 66
1
 70
1
 40
0.012700
 41
0.012700
  0
VERTEX
 5
79D
  8
PLACEMENT_OUTLINE_BOTTOM
 10
-11.97335
 20
58.56400
 42
1.0
  0
VERTEX
 5
79E
  8
PLACEMENT_OUTLINE_BOTTOM
 10
-11.96065
 20
58.56400
 42
1.0
  0
SEQEND
  8
PLACEMENT_OUTLINE_BOTTOM
  0
POLYLINE
 5
79F
  8
PLACEMENT_OUTLINE_BOTTOM
 66
1
 70
1
 40
0.012700
 41
0.012700
  0
VERTEX
 5
7A0
  8
PLACEMENT_OUTLINE_BOTTOM
 10
-13.47335
 20
58.56400
 42
1.0
  0
VERTEX
 5
7A1
  8
PLACEMENT_OUTLINE_BOTTOM
 10
-13.46065
 20
58.56400
 42
1.0
  0
SEQEND
  8
PLACEMENT_OUTLINE_BOTTOM
  0
POLYLINE
 5
7A2
  8
PLACEMENT_OUTLINE_BOTTOM
 66
1
 40
0.025400
 41
0.025400
  0
VERTEX
 5
7A3
  8
PLACEMENT_OUTLINE_BOTTOM
 10
-13.46700
 20
58.56400
  0
VERTEX
 5
7A4
  8
PLACEMENT_OUTLINE_BOTTOM
 10
-13.46700
 20
55.36400
  0
SEQEND
  8
PLACEMENT_OUTLINE_BOTTOM
  0
POLYLINE
 5
7A5
  8
PLACEMENT_OUTLINE_BOTTOM
 66
1
 70
1
 40
0.012700
 41
0.012700
  0
VERTEX
 5
7A6
  8
PLACEMENT_OUTLINE_BOTTOM
 10
-13.47335
 20
58.56400
 42
1.0
  0
VERTEX
 5
7A7
  8
PLACEMENT_OUTLINE_BOTTOM
 10
-13.46065
 20
58.56400
 42
1.0
  0
SEQEND
  8
PLACEMENT_OUTLINE_BOTTOM
  0
POLYLINE
 5
7A8
  8
PLACEMENT_OUTLINE_BOTTOM
 66
1
 70
1
 40
0.012700
 41
0.012700
  0
VERTEX
 5
7A9
  8
PLACEMENT_OUTLINE_BOTTOM
 10
-13.47335
 20
55.36400
 42
1.0
  0
VERTEX
 5
7AA
  8
PLACEMENT_OUTLINE_BOTTOM
 10
-13.46065
 20
55.36400
 42
1.0
  0
SEQEND
  8
PLACEMENT_OUTLINE_BOTTOM
  0
POLYLINE
 5
7AB
  8
PLACEMENT_OUTLINE_BOTTOM
 66
1
 40
0.025400
 41
0.025400
  0
VERTEX
 5
7AC
  8
PLACEMENT_OUTLINE_BOTTOM
 10
-13.46700
 20
55.36400
  0
VERTEX
 5
7AD
  8
PLACEMENT_OUTLINE_BOTTOM
 10
-11.96700
 20
55.36400
  0
SEQEND
  8
PLACEMENT_OUTLINE_BOTTOM
  0
POLYLINE
 5
7AE
  8
PLACEMENT_OUTLINE_BOTTOM
 66
1
 70
1
 40
0.012700
 41
0.012700
  0
VERTEX
 5
7AF
  8
PLACEMENT_OUTLINE_BOTTOM
 10
-13.47335
 20
55.36400
 42
1.0
  0
VERTEX
 5
7B0
  8
PLACEMENT_OUTLINE_BOTTOM
 10
-13.46065
 20
55.36400
 42
1.0
  0
SEQEND
  8
PLACEMENT_OUTLINE_BOTTOM
  0
POLYLINE
 5
7B1
  8
PLACEMENT_OUTLINE_BOTTOM
 66
1
 70
1
 40
0.012700
 41
0.012700
  0
VERTEX
 5
7B2
  8
PLACEMENT_OUTLINE_BOTTOM
 10
-11.97335
 20
55.36400
 42
1.0
  0
VERTEX
 5
7B3
  8
PLACEMENT_OUTLINE_BOTTOM
 10
-11.96065
 20
55.36400
 42
1.0
  0
SEQEND
  8
PLACEMENT_OUTLINE_BOTTOM
  0
POLYLINE
 5
7B4
  8
PLACEMENT_OUTLINE_BOTTOM
 66
1
 40
0.025400
 41
0.025400
  0
VERTEX
 5
7B5
  8
PLACEMENT_OUTLINE_BOTTOM
 10
-11.96700
 20
55.36400
  0
VERTEX
 5
7B6
  8
PLACEMENT_OUTLINE_BOTTOM
 10
-11.96700
 20
58.56400
  0
SEQEND
  8
PLACEMENT_OUTLINE_BOTTOM
  0
POLYLINE
 5
7B7
  8
PLACEMENT_OUTLINE_BOTTOM
 66
1
 70
1
 40
0.012700
 41
0.012700
  0
VERTEX
 5
7B8
  8
PLACEMENT_OUTLINE_BOTTOM
 10
-11.97335
 20
55.36400
 42
1.0
  0
VERTEX
 5
7B9
  8
PLACEMENT_OUTLINE_BOTTOM
 10
-11.96065
 20
55.36400
 42
1.0
  0
SEQEND
  8
PLACEMENT_OUTLINE_BOTTOM
  0
POLYLINE
 5
7BA
  8
PLACEMENT_OUTLINE_BOTTOM
 66
1
 70
1
 40
0.012700
 41
0.012700
  0
VERTEX
 5
7BB
  8
PLACEMENT_OUTLINE_BOTTOM
 10
-11.97335
 20
58.56400
 42
1.0
  0
VERTEX
 5
7BC
  8
PLACEMENT_OUTLINE_BOTTOM
 10
-11.96065
 20
58.56400
 42
1.0
  0
SEQEND
  8
PLACEMENT_OUTLINE_BOTTOM
  0
SOLID
 5
7BD
  8
PADLAYER_BOTTOM
 10
-11.96700
 20
58.56400
 11
-13.46700
 21
58.56400
 12
-11.96700
 22
57.26400
 13
-13.46700
 23
57.26400
  0
SOLID
 5
7BE
  8
PADLAYER_BOTTOM
 10
-11.96700
 20
56.66400
 11
-13.46700
 21
56.66400
 12
-11.96700
 22
55.36400
 13
-13.46700
 23
55.36400
  0
POLYLINE
 5
7BF
  8
PLACEMENT_OUTLINE_BOTTOM
 66
1
 40
0.100000
 41
0.100000
  0
VERTEX
 5
7C0
  8
PLACEMENT_OUTLINE_BOTTOM
 10
-1.60300
 20
46.33600
  0
VERTEX
 5
7C1
  8
PLACEMENT_OUTLINE_BOTTOM
 10
-4.39700
 20
46.33600
  0
SEQEND
  8
PLACEMENT_OUTLINE_BOTTOM
  0
POLYLINE
 5
7C2
  8
PLACEMENT_OUTLINE_BOTTOM
 66
1
 70
1
 40
0.050000
 41
0.050000
  0
VERTEX
 5
7C3
  8
PLACEMENT_OUTLINE_BOTTOM
 10
-1.62800
 20
46.33600
 42
1.0
  0
VERTEX
 5
7C4
  8
PLACEMENT_OUTLINE_BOTTOM
 10
-1.57800
 20
46.33600
 42
1.0
  0
SEQEND
  8
PLACEMENT_OUTLINE_BOTTOM
  0
POLYLINE
 5
7C5
  8
PLACEMENT_OUTLINE_BOTTOM
 66
1
 70
1
 40
0.050000
 41
0.050000
  0
VERTEX
 5
7C6
  8
PLACEMENT_OUTLINE_BOTTOM
 10
-4.42200
 20
46.33600
 42
1.0
  0
VERTEX
 5
7C7
  8
PLACEMENT_OUTLINE_BOTTOM
 10
-4.37200
 20
46.33600
 42
1.0
  0
SEQEND
  8
PLACEMENT_OUTLINE_BOTTOM
  0
POLYLINE
 5
7C8
  8
PLACEMENT_OUTLINE_BOTTOM
 66
1
 40
0.100000
 41
0.100000
  0
VERTEX
 5
7C9
  8
PLACEMENT_OUTLINE_BOTTOM
 10
-4.39700
 20
46.33600
  0
VERTEX
 5
7CA
  8
PLACEMENT_OUTLINE_BOTTOM
 10
-4.39700
 20
47.60600
  0
SEQEND
  8
PLACEMENT_OUTLINE_BOTTOM
  0
POLYLINE
 5
7CB
  8
PLACEMENT_OUTLINE_BOTTOM
 66
1
 70
1
 40
0.050000
 41
0.050000
  0
VERTEX
 5
7CC
  8
PLACEMENT_OUTLINE_BOTTOM
 10
-4.42200
 20
46.33600
 42
1.0
  0
VERTEX
 5
7CD
  8
PLACEMENT_OUTLINE_BOTTOM
 10
-4.37200
 20
46.33600
 42
1.0
  0
SEQEND
  8
PLACEMENT_OUTLINE_BOTTOM
  0
POLYLINE
 5
7CE
  8
PLACEMENT_OUTLINE_BOTTOM
 66
1
 70
1
 40
0.050000
 41
0.050000
  0
VERTEX
 5
7CF
  8
PLACEMENT_OUTLINE_BOTTOM
 10
-4.42200
 20
47.60600
 42
1.0
  0
VERTEX
 5
7D0
  8
PLACEMENT_OUTLINE_BOTTOM
 10
-4.37200
 20
47.60600
 42
1.0
  0
SEQEND
  8
PLACEMENT_OUTLINE_BOTTOM
  0
POLYLINE
 5
7D1
  8
PLACEMENT_OUTLINE_BOTTOM
 66
1
 40
0.100000
 41
0.100000
  0
VERTEX
 5
7D2
  8
PLACEMENT_OUTLINE_BOTTOM
 10
-4.39700
 20
47.60600
  0
VERTEX
 5
7D3
  8
PLACEMENT_OUTLINE_BOTTOM
 10
-1.60300
 20
47.60600
  0
SEQEND
  8
PLACEMENT_OUTLINE_BOTTOM
  0
POLYLINE
 5
7D4
  8
PLACEMENT_OUTLINE_BOTTOM
 66
1
 70
1
 40
0.050000
 41
0.050000
  0
VERTEX
 5
7D5
  8
PLACEMENT_OUTLINE_BOTTOM
 10
-4.42200
 20
47.60600
 42
1.0
  0
VERTEX
 5
7D6
  8
PLACEMENT_OUTLINE_BOTTOM
 10
-4.37200
 20
47.60600
 42
1.0
  0
SEQEND
  8
PLACEMENT_OUTLINE_BOTTOM
  0
POLYLINE
 5
7D7
  8
PLACEMENT_OUTLINE_BOTTOM
 66
1
 70
1
 40
0.050000
 41
0.050000
  0
VERTEX
 5
7D8
  8
PLACEMENT_OUTLINE_BOTTOM
 10
-1.62800
 20
47.60600
 42
1.0
  0
VERTEX
 5
7D9
  8
PLACEMENT_OUTLINE_BOTTOM
 10
-1.57800
 20
47.60600
 42
1.0
  0
SEQEND
  8
PLACEMENT_OUTLINE_BOTTOM
  0
POLYLINE
 5
7DA
  8
PLACEMENT_OUTLINE_BOTTOM
 66
1
 40
0.100000
 41
0.100000
  0
VERTEX
 5
7DB
  8
PLACEMENT_OUTLINE_BOTTOM
 10
-1.60300
 20
47.60600
  0
VERTEX
 5
7DC
  8
PLACEMENT_OUTLINE_BOTTOM
 10
-1.60300
 20
46.33600
  0
SEQEND
  8
PLACEMENT_OUTLINE_BOTTOM
  0
POLYLINE
 5
7DD
  8
PLACEMENT_OUTLINE_BOTTOM
 66
1
 70
1
 40
0.050000
 41
0.050000
  0
VERTEX
 5
7DE
  8
PLACEMENT_OUTLINE_BOTTOM
 10
-1.62800
 20
47.60600
 42
1.0
  0
VERTEX
 5
7DF
  8
PLACEMENT_OUTLINE_BOTTOM
 10
-1.57800
 20
47.60600
 42
1.0
  0
SEQEND
  8
PLACEMENT_OUTLINE_BOTTOM
  0
POLYLINE
 5
7E0
  8
PLACEMENT_OUTLINE_BOTTOM
 66
1
 70
1
 40
0.050000
 41
0.050000
  0
VERTEX
 5
7E1
  8
PLACEMENT_OUTLINE_BOTTOM
 10
-1.62800
 20
46.33600
 42
1.0
  0
VERTEX
 5
7E2
  8
PLACEMENT_OUTLINE_BOTTOM
 10
-1.57800
 20
46.33600
 42
1.0
  0
SEQEND
  8
PLACEMENT_OUTLINE_BOTTOM
  0
SOLID
 5
7E3
  8
PADLAYER_BOTTOM
 10
-3.30480
 20
47.42820
 11
-4.21920
 21
47.42820
 12
-3.30480
 22
46.51380
 13
-4.21920
 23
46.51380
  0
SOLID
 5
7E4
  8
PADLAYER_BOTTOM
 10
-1.78080
 20
47.42820
 11
-2.69520
 21
47.42820
 12
-1.78080
 22
46.51380
 13
-2.69520
 23
46.51380
  0
POLYLINE
 5
7E5
  8
2DLINES_4
 66
1
 40
0.152400
 41
0.152400
  0
VERTEX
 5
7E6
  8
2DLINES_4
 10
-32.31000
 20
70.92000
  0
VERTEX
 5
7E7
  8
2DLINES_4
 10
-31.41000
 20
70.92000
  0
SEQEND
  8
2DLINES_4
  0
POLYLINE
 5
7E8
  8
2DLINES_4
 66
1
 70
1
 40
0.076200
 41
0.076200
  0
VERTEX
 5
7E9
  8
2DLINES_4
 10
-32.34810
 20
70.92000
 42
1.0
  0
VERTEX
 5
7EA
  8
2DLINES_4
 10
-32.27190
 20
70.92000
 42
1.0
  0
SEQEND
  8
2DLINES_4
  0
POLYLINE
 5
7EB
  8
2DLINES_4
 66
1
 70
1
 40
0.076200
 41
0.076200
  0
VERTEX
 5
7EC
  8
2DLINES_4
 10
-31.44810
 20
70.92000
 42
1.0
  0
VERTEX
 5
7ED
  8
2DLINES_4
 10
-31.37190
 20
70.92000
 42
1.0
  0
SEQEND
  8
2DLINES_4
  0
POLYLINE
 5
7EE
  8
2DLINES_4
 66
1
 40
0.152400
 41
0.152400
  0
VERTEX
 5
7EF
  8
2DLINES_4
 10
-31.41000
 20
70.92000
  0
VERTEX
 5
7F0
  8
2DLINES_4
 10
-31.41000
 20
68.52000
  0
SEQEND
  8
2DLINES_4
  0
POLYLINE
 5
7F1
  8
2DLINES_4
 66
1
 70
1
 40
0.076200
 41
0.076200
  0
VERTEX
 5
7F2
  8
2DLINES_4
 10
-31.44810
 20
70.92000
 42
1.0
  0
VERTEX
 5
7F3
  8
2DLINES_4
 10
-31.37190
 20
70.92000
 42
1.0
  0
SEQEND
  8
2DLINES_4
  0
POLYLINE
 5
7F4
  8
2DLINES_4
 66
1
 70
1
 40
0.076200
 41
0.076200
  0
VERTEX
 5
7F5
  8
2DLINES_4
 10
-31.44810
 20
68.52000
 42
1.0
  0
VERTEX
 5
7F6
  8
2DLINES_4
 10
-31.37190
 20
68.52000
 42
1.0
  0
SEQEND
  8
2DLINES_4
  0
POLYLINE
 5
7F7
  8
2DLINES_4
 66
1
 40
0.152400
 41
0.152400
  0
VERTEX
 5
7F8
  8
2DLINES_4
 10
-33.71000
 20
70.92000
  0
VERTEX
 5
7F9
  8
2DLINES_4
 10
-34.61000
 20
70.92000
  0
SEQEND
  8
2DLINES_4
  0
POLYLINE
 5
7FA
  8
2DLINES_4
 66
1
 70
1
 40
0.076200
 41
0.076200
  0
VERTEX
 5
7FB
  8
2DLINES_4
 10
-33.74810
 20
70.92000
 42
1.0
  0
VERTEX
 5
7FC
  8
2DLINES_4
 10
-33.67190
 20
70.92000
 42
1.0
  0
SEQEND
  8
2DLINES_4
  0
POLYLINE
 5
7FD
  8
2DLINES_4
 66
1
 70
1
 40
0.076200
 41
0.076200
  0
VERTEX
 5
7FE
  8
2DLINES_4
 10
-34.64810
 20
70.92000
 42
1.0
  0
VERTEX
 5
7FF
  8
2DLINES_4
 10
-34.57190
 20
70.92000
 42
1.0
  0
SEQEND
  8
2DLINES_4
  0
POLYLINE
 5
800
  8
2DLINES_4
 66
1
 40
0.152400
 41
0.152400
  0
VERTEX
 5
801
  8
2DLINES_4
 10
-34.61000
 20
70.92000
  0
VERTEX
 5
802
  8
2DLINES_4
 10
-34.61000
 20
68.52000
  0
SEQEND
  8
2DLINES_4
  0
POLYLINE
 5
803
  8
2DLINES_4
 66
1
 70
1
 40
0.076200
 41
0.076200
  0
VERTEX
 5
804
  8
2DLINES_4
 10
-34.64810
 20
70.92000
 42
1.0
  0
VERTEX
 5
805
  8
2DLINES_4
 10
-34.57190
 20
70.92000
 42
1.0
  0
SEQEND
  8
2DLINES_4
  0
POLYLINE
 5
806
  8
2DLINES_4
 66
1
 70
1
 40
0.076200
 41
0.076200
  0
VERTEX
 5
807
  8
2DLINES_4
 10
-34.64810
 20
68.52000
 42
1.0
  0
VERTEX
 5
808
  8
2DLINES_4
 10
-34.57190
 20
68.52000
 42
1.0
  0
SEQEND
  8
2DLINES_4
  0
POLYLINE
 5
809
  8
PLACEMENT_OUTLINE_BOTTOM
 66
1
 40
0.254000
 41
0.254000
  0
VERTEX
 5
80A
  8
PLACEMENT_OUTLINE_BOTTOM
 10
-31.10500
 20
69.40250
  0
VERTEX
 5
80B
  8
PLACEMENT_OUTLINE_BOTTOM
 10
-31.10500
 20
67.49750
  0
SEQEND
  8
PLACEMENT_OUTLINE_BOTTOM
  0
POLYLINE
 5
80C
  8
PLACEMENT_OUTLINE_BOTTOM
 66
1
 70
1
 40
0.127000
 41
0.127000
  0
VERTEX
 5
80D
  8
PLACEMENT_OUTLINE_BOTTOM
 10
-31.16850
 20
69.40250
 42
1.0
  0
VERTEX
 5
80E
  8
PLACEMENT_OUTLINE_BOTTOM
 10
-31.04150
 20
69.40250
 42
1.0
  0
SEQEND
  8
PLACEMENT_OUTLINE_BOTTOM
  0
POLYLINE
 5
80F
  8
PLACEMENT_OUTLINE_BOTTOM
 66
1
 70
1
 40
0.127000
 41
0.127000
  0
VERTEX
 5
810
  8
PLACEMENT_OUTLINE_BOTTOM
 10
-31.16850
 20
67.49750
 42
1.0
  0
VERTEX
 5
811
  8
PLACEMENT_OUTLINE_BOTTOM
 10
-31.04150
 20
67.49750
 42
1.0
  0
SEQEND
  8
PLACEMENT_OUTLINE_BOTTOM
  0
POLYLINE
 5
812
  8
PLACEMENT_OUTLINE_BOTTOM
 66
1
 40
0.254000
 41
0.254000
  0
VERTEX
 5
813
  8
PLACEMENT_OUTLINE_BOTTOM
 10
-31.10500
 20
67.49750
  0
VERTEX
 5
814
  8
PLACEMENT_OUTLINE_BOTTOM
 10
-34.91500
 20
67.49750
  0
SEQEND
  8
PLACEMENT_OUTLINE_BOTTOM
  0
POLYLINE
 5
815
  8
PLACEMENT_OUTLINE_BOTTOM
 66
1
 70
1
 40
0.127000
 41
0.127000
  0
VERTEX
 5
816
  8
PLACEMENT_OUTLINE_BOTTOM
 10
-31.16850
 20
67.49750
 42
1.0
  0
VERTEX
 5
817
  8
PLACEMENT_OUTLINE_BOTTOM
 10
-31.04150
 20
67.49750
 42
1.0
  0
SEQEND
  8
PLACEMENT_OUTLINE_BOTTOM
  0
POLYLINE
 5
818
  8
PLACEMENT_OUTLINE_BOTTOM
 66
1
 70
1
 40
0.127000
 41
0.127000
  0
VERTEX
 5
819
  8
PLACEMENT_OUTLINE_BOTTOM
 10
-34.97850
 20
67.49750
 42
1.0
  0
VERTEX
 5
81A
  8
PLACEMENT_OUTLINE_BOTTOM
 10
-34.85150
 20
67.49750
 42
1.0
  0
SEQEND
  8
PLACEMENT_OUTLINE_BOTTOM
  0
POLYLINE
 5
81B
  8
PLACEMENT_OUTLINE_BOTTOM
 66
1
 40
0.254000
 41
0.254000
  0
VERTEX
 5
81C
  8
PLACEMENT_OUTLINE_BOTTOM
 10
-34.91500
 20
67.49750
  0
VERTEX
 5
81D
  8
PLACEMENT_OUTLINE_BOTTOM
 10
-34.91500
 20
71.94250
  0
SEQEND
  8
PLACEMENT_OUTLINE_BOTTOM
  0
POLYLINE
 5
81E
  8
PLACEMENT_OUTLINE_BOTTOM
 66
1
 70
1
 40
0.127000
 41
0.127000
  0
VERTEX
 5
81F
  8
PLACEMENT_OUTLINE_BOTTOM
 10
-34.97850
 20
67.49750
 42
1.0
  0
VERTEX
 5
820
  8
PLACEMENT_OUTLINE_BOTTOM
 10
-34.85150
 20
67.49750
 42
1.0
  0
SEQEND
  8
PLACEMENT_OUTLINE_BOTTOM
  0
POLYLINE
 5
821
  8
PLACEMENT_OUTLINE_BOTTOM
 66
1
 70
1
 40
0.127000
 41
0.127000
  0
VERTEX
 5
822
  8
PLACEMENT_OUTLINE_BOTTOM
 10
-34.97850
 20
71.94250
 42
1.0
  0
VERTEX
 5
823
  8
PLACEMENT_OUTLINE_BOTTOM
 10
-34.85150
 20
71.94250
 42
1.0
  0
SEQEND
  8
PLACEMENT_OUTLINE_BOTTOM
  0
POLYLINE
 5
824
  8
PLACEMENT_OUTLINE_BOTTOM
 66
1
 40
0.254000
 41
0.254000
  0
VERTEX
 5
825
  8
PLACEMENT_OUTLINE_BOTTOM
 10
-34.91500
 20
71.94250
  0
VERTEX
 5
826
  8
PLACEMENT_OUTLINE_BOTTOM
 10
-31.10500
 20
71.94250
  0
SEQEND
  8
PLACEMENT_OUTLINE_BOTTOM
  0
POLYLINE
 5
827
  8
PLACEMENT_OUTLINE_BOTTOM
 66
1
 70
1
 40
0.127000
 41
0.127000
  0
VERTEX
 5
828
  8
PLACEMENT_OUTLINE_BOTTOM
 10
-34.97850
 20
71.94250
 42
1.0
  0
VERTEX
 5
829
  8
PLACEMENT_OUTLINE_BOTTOM
 10
-34.85150
 20
71.94250
 42
1.0
  0
SEQEND
  8
PLACEMENT_OUTLINE_BOTTOM
  0
POLYLINE
 5
82A
  8
PLACEMENT_OUTLINE_BOTTOM
 66
1
 70
1
 40
0.127000
 41
0.127000
  0
VERTEX
 5
82B
  8
PLACEMENT_OUTLINE_BOTTOM
 10
-31.16850
 20
71.94250
 42
1.0
  0
VERTEX
 5
82C
  8
PLACEMENT_OUTLINE_BOTTOM
 10
-31.04150
 20
71.94250
 42
1.0
  0
SEQEND
  8
PLACEMENT_OUTLINE_BOTTOM
  0
POLYLINE
 5
82D
  8
PLACEMENT_OUTLINE_BOTTOM
 66
1
 40
0.254000
 41
0.254000
  0
VERTEX
 5
82E
  8
PLACEMENT_OUTLINE_BOTTOM
 10
-31.10500
 20
71.94250
  0
VERTEX
 5
82F
  8
PLACEMENT_OUTLINE_BOTTOM
 10
-31.10500
 20
69.40250
  0
SEQEND
  8
PLACEMENT_OUTLINE_BOTTOM
  0
POLYLINE
 5
830
  8
PLACEMENT_OUTLINE_BOTTOM
 66
1
 70
1
 40
0.127000
 41
0.127000
  0
VERTEX
 5
831
  8
PLACEMENT_OUTLINE_BOTTOM
 10
-31.16850
 20
71.94250
 42
1.0
  0
VERTEX
 5
832
  8
PLACEMENT_OUTLINE_BOTTOM
 10
-31.04150
 20
71.94250
 42
1.0
  0
SEQEND
  8
PLACEMENT_OUTLINE_BOTTOM
  0
POLYLINE
 5
833
  8
PLACEMENT_OUTLINE_BOTTOM
 66
1
 70
1
 40
0.127000
 41
0.127000
  0
VERTEX
 5
834
  8
PLACEMENT_OUTLINE_BOTTOM
 10
-31.16850
 20
69.40250
 42
1.0
  0
VERTEX
 5
835
  8
PLACEMENT_OUTLINE_BOTTOM
 10
-31.04150
 20
69.40250
 42
1.0
  0
SEQEND
  8
PLACEMENT_OUTLINE_BOTTOM
  0
SOLID
 5
836
  8
PADLAYER_BOTTOM
 10
-31.67900
 20
67.94850
 11
-31.67900
 21
69.09150
 12
-32.44100
 22
67.94850
 13
-32.44100
 23
69.09150
  0
SOLID
 5
837
  8
PADLAYER_BOTTOM
 10
-33.57900
 20
67.94850
 11
-33.57900
 21
69.09150
 12
-34.34100
 22
67.94850
 13
-34.34100
 23
69.09150
  0
SOLID
 5
838
  8
PADLAYER_BOTTOM
 10
-32.62900
 20
70.34850
 11
-32.62900
 21
71.49150
 12
-33.39100
 22
70.34850
 13
-33.39100
 23
71.49150
  0
POLYLINE
 5
839
  8
PLACEMENT_OUTLINE_BOTTOM
 66
1
 40
0.025400
 41
0.025400
  0
VERTEX
 5
83A
  8
PLACEMENT_OUTLINE_BOTTOM
 10
-31.11600
 20
81.82500
  0
VERTEX
 5
83B
  8
PLACEMENT_OUTLINE_BOTTOM
 10
-35.65100
 20
81.82500
  0
SEQEND
  8
PLACEMENT_OUTLINE_BOTTOM
  0
POLYLINE
 5
83C
  8
PLACEMENT_OUTLINE_BOTTOM
 66
1
 70
1
 40
0.012700
 41
0.012700
  0
VERTEX
 5
83D
  8
PLACEMENT_OUTLINE_BOTTOM
 10
-31.12235
 20
81.82500
 42
1.0
  0
VERTEX
 5
83E
  8
PLACEMENT_OUTLINE_BOTTOM
 10
-31.10965
 20
81.82500
 42
1.0
  0
SEQEND
  8
PLACEMENT_OUTLINE_BOTTOM
  0
POLYLINE
 5
83F
  8
PLACEMENT_OUTLINE_BOTTOM
 66
1
 70
1
 40
0.012700
 41
0.012700
  0
VERTEX
 5
840
  8
PLACEMENT_OUTLINE_BOTTOM
 10
-35.65735
 20
81.82500
 42
1.0
  0
VERTEX
 5
841
  8
PLACEMENT_OUTLINE_BOTTOM
 10
-35.64465
 20
81.82500
 42
1.0
  0
SEQEND
  8
PLACEMENT_OUTLINE_BOTTOM
  0
POLYLINE
 5
842
  8
PLACEMENT_OUTLINE_BOTTOM
 66
1
 40
0.025400
 41
0.025400
  0
VERTEX
 5
843
  8
PLACEMENT_OUTLINE_BOTTOM
 10
-35.65100
 20
81.82500
  0
VERTEX
 5
844
  8
PLACEMENT_OUTLINE_BOTTOM
 10
-35.65100
 20
75.36500
  0
SEQEND
  8
PLACEMENT_OUTLINE_BOTTOM
  0
POLYLINE
 5
845
  8
PLACEMENT_OUTLINE_BOTTOM
 66
1
 70
1
 40
0.012700
 41
0.012700
  0
VERTEX
 5
846
  8
PLACEMENT_OUTLINE_BOTTOM
 10
-35.65735
 20
81.82500
 42
1.0
  0
VERTEX
 5
847
  8
PLACEMENT_OUTLINE_BOTTOM
 10
-35.64465
 20
81.82500
 42
1.0
  0
SEQEND
  8
PLACEMENT_OUTLINE_BOTTOM
  0
POLYLINE
 5
848
  8
PLACEMENT_OUTLINE_BOTTOM
 66
1
 70
1
 40
0.012700
 41
0.012700
  0
VERTEX
 5
849
  8
PLACEMENT_OUTLINE_BOTTOM
 10
-35.65735
 20
75.36500
 42
1.0
  0
VERTEX
 5
84A
  8
PLACEMENT_OUTLINE_BOTTOM
 10
-35.64465
 20
75.36500
 42
1.0
  0
SEQEND
  8
PLACEMENT_OUTLINE_BOTTOM
  0
POLYLINE
 5
84B
  8
PLACEMENT_OUTLINE_BOTTOM
 66
1
 40
0.025400
 41
0.025400
  0
VERTEX
 5
84C
  8
PLACEMENT_OUTLINE_BOTTOM
 10
-35.65100
 20
75.36500
  0
VERTEX
 5
84D
  8
PLACEMENT_OUTLINE_BOTTOM
 10
-31.11600
 20
75.36500
  0
SEQEND
  8
PLACEMENT_OUTLINE_BOTTOM
  0
POLYLINE
 5
84E
  8
PLACEMENT_OUTLINE_BOTTOM
 66
1
 70
1
 40
0.012700
 41
0.012700
  0
VERTEX
 5
84F
  8
PLACEMENT_OUTLINE_BOTTOM
 10
-35.65735
 20
75.36500
 42
1.0
  0
VERTEX
 5
850
  8
PLACEMENT_OUTLINE_BOTTOM
 10
-35.64465
 20
75.36500
 42
1.0
  0
SEQEND
  8
PLACEMENT_OUTLINE_BOTTOM
  0
POLYLINE
 5
851
  8
PLACEMENT_OUTLINE_BOTTOM
 66
1
 70
1
 40
0.012700
 41
0.012700
  0
VERTEX
 5
852
  8
PLACEMENT_OUTLINE_BOTTOM
 10
-31.12235
 20
75.36500
 42
1.0
  0
VERTEX
 5
853
  8
PLACEMENT_OUTLINE_BOTTOM
 10
-31.10965
 20
75.36500
 42
1.0
  0
SEQEND
  8
PLACEMENT_OUTLINE_BOTTOM
  0
POLYLINE
 5
854
  8
PLACEMENT_OUTLINE_BOTTOM
 66
1
 40
0.025400
 41
0.025400
  0
VERTEX
 5
855
  8
PLACEMENT_OUTLINE_BOTTOM
 10
-31.11600
 20
75.36500
  0
VERTEX
 5
856
  8
PLACEMENT_OUTLINE_BOTTOM
 10
-31.11600
 20
81.82500
  0
SEQEND
  8
PLACEMENT_OUTLINE_BOTTOM
  0
POLYLINE
 5
857
  8
PLACEMENT_OUTLINE_BOTTOM
 66
1
 70
1
 40
0.012700
 41
0.012700
  0
VERTEX
 5
858
  8
PLACEMENT_OUTLINE_BOTTOM
 10
-31.12235
 20
75.36500
 42
1.0
  0
VERTEX
 5
859
  8
PLACEMENT_OUTLINE_BOTTOM
 10
-31.10965
 20
75.36500
 42
1.0
  0
SEQEND
  8
PLACEMENT_OUTLINE_BOTTOM
  0
POLYLINE
 5
85A
  8
PLACEMENT_OUTLINE_BOTTOM
 66
1
 70
1
 40
0.012700
 41
0.012700
  0
VERTEX
 5
85B
  8
PLACEMENT_OUTLINE_BOTTOM
 10
-31.12235
 20
81.82500
 42
1.0
  0
VERTEX
 5
85C
  8
PLACEMENT_OUTLINE_BOTTOM
 10
-31.10965
 20
81.82500
 42
1.0
  0
SEQEND
  8
PLACEMENT_OUTLINE_BOTTOM
  0
SOLID
 5
85D
  8
PADLAYER_BOTTOM
 10
-34.93100
 20
80.04500
 11
-34.93100
 21
81.82500
 12
-35.65100
 22
80.04500
 13
-35.65100
 23
81.82500
  0
SOLID
 5
85E
  8
PADLAYER_BOTTOM
 10
-33.66600
 20
80.04500
 11
-33.66600
 21
81.82500
 12
-34.38600
 22
80.04500
 13
-34.38600
 23
81.82500
  0
SOLID
 5
85F
  8
PADLAYER_BOTTOM
 10
-32.38600
 20
80.04500
 11
-32.38600
 21
81.82500
 12
-33.10600
 22
80.04500
 13
-33.10600
 23
81.82500
  0
SOLID
 5
860
  8
PADLAYER_BOTTOM
 10
-31.11600
 20
80.04500
 11
-31.11600
 21
81.82500
 12
-31.83600
 22
80.04500
 13
-31.83600
 23
81.82500
  0
SOLID
 5
861
  8
PADLAYER_BOTTOM
 10
-31.11600
 20
75.36500
 11
-31.11600
 21
77.14500
 12
-31.83600
 22
75.36500
 13
-31.83600
 23
77.14500
  0
SOLID
 5
862
  8
PADLAYER_BOTTOM
 10
-32.38600
 20
75.36500
 11
-32.38600
 21
77.14500
 12
-33.10600
 22
75.36500
 13
-33.10600
 23
77.14500
  0
SOLID
 5
863
  8
PADLAYER_BOTTOM
 10
-33.66600
 20
75.36500
 11
-33.66600
 21
77.14500
 12
-34.38600
 22
75.36500
 13
-34.38600
 23
77.14500
  0
SOLID
 5
864
  8
PADLAYER_BOTTOM
 10
-34.93100
 20
75.36500
 11
-34.93100
 21
77.14500
 12
-35.65100
 22
75.36500
 13
-35.65100
 23
77.14500
  0
POLYLINE
 5
865
  8
2DLINES_4
 66
1
 40
0.152400
 41
0.152400
  0
VERTEX
 5
866
  8
2DLINES_4
 10
-26.62600
 20
78.05500
  0
VERTEX
 5
867
  8
2DLINES_4
 10
-26.62600
 20
77.15500
  0
SEQEND
  8
2DLINES_4
  0
POLYLINE
 5
868
  8
2DLINES_4
 66
1
 70
1
 40
0.076200
 41
0.076200
  0
VERTEX
 5
869
  8
2DLINES_4
 10
-26.66410
 20
78.05500
 42
1.0
  0
VERTEX
 5
86A
  8
2DLINES_4
 10
-26.58790
 20
78.05500
 42
1.0
  0
SEQEND
  8
2DLINES_4
  0
POLYLINE
 5
86B
  8
2DLINES_4
 66
1
 70
1
 40
0.076200
 41
0.076200
  0
VERTEX
 5
86C
  8
2DLINES_4
 10
-26.66410
 20
77.15500
 42
1.0
  0
VERTEX
 5
86D
  8
2DLINES_4
 10
-26.58790
 20
77.15500
 42
1.0
  0
SEQEND
  8
2DLINES_4
  0
POLYLINE
 5
86E
  8
2DLINES_4
 66
1
 40
0.152400
 41
0.152400
  0
VERTEX
 5
86F
  8
2DLINES_4
 10
-26.62600
 20
77.15500
  0
VERTEX
 5
870
  8
2DLINES_4
 10
-29.02600
 20
77.15500
  0
SEQEND
  8
2DLINES_4
  0
POLYLINE
 5
871
  8
2DLINES_4
 66
1
 70
1
 40
0.076200
 41
0.076200
  0
VERTEX
 5
872
  8
2DLINES_4
 10
-26.66410
 20
77.15500
 42
1.0
  0
VERTEX
 5
873
  8
2DLINES_4
 10
-26.58790
 20
77.15500
 42
1.0
  0
SEQEND
  8
2DLINES_4
  0
POLYLINE
 5
874
  8
2DLINES_4
 66
1
 70
1
 40
0.076200
 41
0.076200
  0
VERTEX
 5
875
  8
2DLINES_4
 10
-29.06410
 20
77.15500
 42
1.0
  0
VERTEX
 5
876
  8
2DLINES_4
 10
-28.98790
 20
77.15500
 42
1.0
  0
SEQEND
  8
2DLINES_4
  0
POLYLINE
 5
877
  8
2DLINES_4
 66
1
 40
0.152400
 41
0.152400
  0
VERTEX
 5
878
  8
2DLINES_4
 10
-26.62600
 20
79.45500
  0
VERTEX
 5
879
  8
2DLINES_4
 10
-26.62600
 20
80.35500
  0
SEQEND
  8
2DLINES_4
  0
POLYLINE
 5
87A
  8
2DLINES_4
 66
1
 70
1
 40
0.076200
 41
0.076200
  0
VERTEX
 5
87B
  8
2DLINES_4
 10
-26.66410
 20
79.45500
 42
1.0
  0
VERTEX
 5
87C
  8
2DLINES_4
 10
-26.58790
 20
79.45500
 42
1.0
  0
SEQEND
  8
2DLINES_4
  0
POLYLINE
 5
87D
  8
2DLINES_4
 66
1
 70
1
 40
0.076200
 41
0.076200
  0
VERTEX
 5
87E
  8
2DLINES_4
 10
-26.66410
 20
80.35500
 42
1.0
  0
VERTEX
 5
87F
  8
2DLINES_4
 10
-26.58790
 20
80.35500
 42
1.0
  0
SEQEND
  8
2DLINES_4
  0
POLYLINE
 5
880
  8
2DLINES_4
 66
1
 40
0.152400
 41
0.152400
  0
VERTEX
 5
881
  8
2DLINES_4
 10
-26.62600
 20
80.35500
  0
VERTEX
 5
882
  8
2DLINES_4
 10
-29.02600
 20
80.35500
  0
SEQEND
  8
2DLINES_4
  0
POLYLINE
 5
883
  8
2DLINES_4
 66
1
 70
1
 40
0.076200
 41
0.076200
  0
VERTEX
 5
884
  8
2DLINES_4
 10
-26.66410
 20
80.35500
 42
1.0
  0
VERTEX
 5
885
  8
2DLINES_4
 10
-26.58790
 20
80.35500
 42
1.0
  0
SEQEND
  8
2DLINES_4
  0
POLYLINE
 5
886
  8
2DLINES_4
 66
1
 70
1
 40
0.076200
 41
0.076200
  0
VERTEX
 5
887
  8
2DLINES_4
 10
-29.06410
 20
80.35500
 42
1.0
  0
VERTEX
 5
888
  8
2DLINES_4
 10
-28.98790
 20
80.35500
 42
1.0
  0
SEQEND
  8
2DLINES_4
  0
POLYLINE
 5
889
  8
PLACEMENT_OUTLINE_BOTTOM
 66
1
 40
0.254000
 41
0.254000
  0
VERTEX
 5
88A
  8
PLACEMENT_OUTLINE_BOTTOM
 10
-28.14350
 20
76.85000
  0
VERTEX
 5
88B
  8
PLACEMENT_OUTLINE_BOTTOM
 10
-30.04850
 20
76.85000
  0
SEQEND
  8
PLACEMENT_OUTLINE_BOTTOM
  0
POLYLINE
 5
88C
  8
PLACEMENT_OUTLINE_BOTTOM
 66
1
 70
1
 40
0.127000
 41
0.127000
  0
VERTEX
 5
88D
  8
PLACEMENT_OUTLINE_BOTTOM
 10
-28.20700
 20
76.85000
 42
1.0
  0
VERTEX
 5
88E
  8
PLACEMENT_OUTLINE_BOTTOM
 10
-28.08000
 20
76.85000
 42
1.0
  0
SEQEND
  8
PLACEMENT_OUTLINE_BOTTOM
  0
POLYLINE
 5
88F
  8
PLACEMENT_OUTLINE_BOTTOM
 66
1
 70
1
 40
0.127000
 41
0.127000
  0
VERTEX
 5
890
  8
PLACEMENT_OUTLINE_BOTTOM
 10
-30.11200
 20
76.85000
 42
1.0
  0
VERTEX
 5
891
  8
PLACEMENT_OUTLINE_BOTTOM
 10
-29.98500
 20
76.85000
 42
1.0
  0
SEQEND
  8
PLACEMENT_OUTLINE_BOTTOM
  0
POLYLINE
 5
892
  8
PLACEMENT_OUTLINE_BOTTOM
 66
1
 40
0.254000
 41
0.254000
  0
VERTEX
 5
893
  8
PLACEMENT_OUTLINE_BOTTOM
 10
-30.04850
 20
76.85000
  0
VERTEX
 5
894
  8
PLACEMENT_OUTLINE_BOTTOM
 10
-30.04850
 20
80.66000
  0
SEQEND
  8
PLACEMENT_OUTLINE_BOTTOM
  0
POLYLINE
 5
895
  8
PLACEMENT_OUTLINE_BOTTOM
 66
1
 70
1
 40
0.127000
 41
0.127000
  0
VERTEX
 5
896
  8
PLACEMENT_OUTLINE_BOTTOM
 10
-30.11200
 20
76.85000
 42
1.0
  0
VERTEX
 5
897
  8
PLACEMENT_OUTLINE_BOTTOM
 10
-29.98500
 20
76.85000
 42
1.0
  0
SEQEND
  8
PLACEMENT_OUTLINE_BOTTOM
  0
POLYLINE
 5
898
  8
PLACEMENT_OUTLINE_BOTTOM
 66
1
 70
1
 40
0.127000
 41
0.127000
  0
VERTEX
 5
899
  8
PLACEMENT_OUTLINE_BOTTOM
 10
-30.11200
 20
80.66000
 42
1.0
  0
VERTEX
 5
89A
  8
PLACEMENT_OUTLINE_BOTTOM
 10
-29.98500
 20
80.66000
 42
1.0
  0
SEQEND
  8
PLACEMENT_OUTLINE_BOTTOM
  0
POLYLINE
 5
89B
  8
PLACEMENT_OUTLINE_BOTTOM
 66
1
 40
0.254000
 41
0.254000
  0
VERTEX
 5
89C
  8
PLACEMENT_OUTLINE_BOTTOM
 10
-30.04850
 20
80.66000
  0
VERTEX
 5
89D
  8
PLACEMENT_OUTLINE_BOTTOM
 10
-25.60350
 20
80.66000
  0
SEQEND
  8
PLACEMENT_OUTLINE_BOTTOM
  0
POLYLINE
 5
89E
  8
PLACEMENT_OUTLINE_BOTTOM
 66
1
 70
1
 40
0.127000
 41
0.127000
  0
VERTEX
 5
89F
  8
PLACEMENT_OUTLINE_BOTTOM
 10
-30.11200
 20
80.66000
 42
1.0
  0
VERTEX
 5
8A0
  8
PLACEMENT_OUTLINE_BOTTOM
 10
-29.98500
 20
80.66000
 42
1.0
  0
SEQEND
  8
PLACEMENT_OUTLINE_BOTTOM
  0
POLYLINE
 5
8A1
  8
PLACEMENT_OUTLINE_BOTTOM
 66
1
 70
1
 40
0.127000
 41
0.127000
  0
VERTEX
 5
8A2
  8
PLACEMENT_OUTLINE_BOTTOM
 10
-25.66700
 20
80.66000
 42
1.0
  0
VERTEX
 5
8A3
  8
PLACEMENT_OUTLINE_BOTTOM
 10
-25.54000
 20
80.66000
 42
1.0
  0
SEQEND
  8
PLACEMENT_OUTLINE_BOTTOM
  0
POLYLINE
 5
8A4
  8
PLACEMENT_OUTLINE_BOTTOM
 66
1
 40
0.254000
 41
0.254000
  0
VERTEX
 5
8A5
  8
PLACEMENT_OUTLINE_BOTTOM
 10
-25.60350
 20
80.66000
  0
VERTEX
 5
8A6
  8
PLACEMENT_OUTLINE_BOTTOM
 10
-25.60350
 20
76.85000
  0
SEQEND
  8
PLACEMENT_OUTLINE_BOTTOM
  0
POLYLINE
 5
8A7
  8
PLACEMENT_OUTLINE_BOTTOM
 66
1
 70
1
 40
0.127000
 41
0.127000
  0
VERTEX
 5
8A8
  8
PLACEMENT_OUTLINE_BOTTOM
 10
-25.66700
 20
80.66000
 42
1.0
  0
VERTEX
 5
8A9
  8
PLACEMENT_OUTLINE_BOTTOM
 10
-25.54000
 20
80.66000
 42
1.0
  0
SEQEND
  8
PLACEMENT_OUTLINE_BOTTOM
  0
POLYLINE
 5
8AA
  8
PLACEMENT_OUTLINE_BOTTOM
 66
1
 70
1
 40
0.127000
 41
0.127000
  0
VERTEX
 5
8AB
  8
PLACEMENT_OUTLINE_BOTTOM
 10
-25.66700
 20
76.85000
 42
1.0
  0
VERTEX
 5
8AC
  8
PLACEMENT_OUTLINE_BOTTOM
 10
-25.54000
 20
76.85000
 42
1.0
  0
SEQEND
  8
PLACEMENT_OUTLINE_BOTTOM
  0
POLYLINE
 5
8AD
  8
PLACEMENT_OUTLINE_BOTTOM
 66
1
 40
0.254000
 41
0.254000
  0
VERTEX
 5
8AE
  8
PLACEMENT_OUTLINE_BOTTOM
 10
-25.60350
 20
76.85000
  0
VERTEX
 5
8AF
  8
PLACEMENT_OUTLINE_BOTTOM
 10
-28.14350
 20
76.85000
  0
SEQEND
  8
PLACEMENT_OUTLINE_BOTTOM
  0
POLYLINE
 5
8B0
  8
PLACEMENT_OUTLINE_BOTTOM
 66
1
 70
1
 40
0.127000
 41
0.127000
  0
VERTEX
 5
8B1
  8
PLACEMENT_OUTLINE_BOTTOM
 10
-25.66700
 20
76.85000
 42
1.0
  0
VERTEX
 5
8B2
  8
PLACEMENT_OUTLINE_BOTTOM
 10
-25.54000
 20
76.85000
 42
1.0
  0
SEQEND
  8
PLACEMENT_OUTLINE_BOTTOM
  0
POLYLINE
 5
8B3
  8
PLACEMENT_OUTLINE_BOTTOM
 66
1
 70
1
 40
0.127000
 41
0.127000
  0
VERTEX
 5
8B4
  8
PLACEMENT_OUTLINE_BOTTOM
 10
-28.20700
 20
76.85000
 42
1.0
  0
VERTEX
 5
8B5
  8
PLACEMENT_OUTLINE_BOTTOM
 10
-28.08000
 20
76.85000
 42
1.0
  0
SEQEND
  8
PLACEMENT_OUTLINE_BOTTOM
  0
SOLID
 5
8B6
  8
PADLAYER_BOTTOM
 10
-29.59750
 20
77.42400
 11
-28.45450
 21
77.42400
 12
-29.59750
 22
78.18600
 13
-28.45450
 23
78.18600
  0
SOLID
 5
8B7
  8
PADLAYER_BOTTOM
 10
-29.59750
 20
79.32400
 11
-28.45450
 21
79.32400
 12
-29.59750
 22
80.08600
 13
-28.45450
 23
80.08600
  0
SOLID
 5
8B8
  8
PADLAYER_BOTTOM
 10
-27.19750
 20
78.37400
 11
-26.05450
 21
78.37400
 12
-27.19750
 22
79.13600
 13
-26.05450
 23
79.13600
  0
POLYLINE
 5
8B9
  8
PLACEMENT_OUTLINE_BOTTOM
 66
1
 40
0.299970
 41
0.299970
  0
VERTEX
 5
8BA
  8
PLACEMENT_OUTLINE_BOTTOM
 10
-26.42900
 20
75.52000
  0
VERTEX
 5
8BB
  8
PLACEMENT_OUTLINE_BOTTOM
 10
-29.22300
 20
75.52000
  0
SEQEND
  8
PLACEMENT_OUTLINE_BOTTOM
  0
POLYLINE
 5
8BC
  8
PLACEMENT_OUTLINE_BOTTOM
 66
1
 70
1
 40
0.149985
 41
0.149985
  0
VERTEX
 5
8BD
  8
PLACEMENT_OUTLINE_BOTTOM
 10
-26.50399
 20
75.52000
 42
1.0
  0
VERTEX
 5
8BE
  8
PLACEMENT_OUTLINE_BOTTOM
 10
-26.35401
 20
75.52000
 42
1.0
  0
SEQEND
  8
PLACEMENT_OUTLINE_BOTTOM
  0
POLYLINE
 5
8BF
  8
PLACEMENT_OUTLINE_BOTTOM
 66
1
 70
1
 40
0.149985
 41
0.149985
  0
VERTEX
 5
8C0
  8
PLACEMENT_OUTLINE_BOTTOM
 10
-29.29799
 20
75.52000
 42
1.0
  0
VERTEX
 5
8C1
  8
PLACEMENT_OUTLINE_BOTTOM
 10
-29.14801
 20
75.52000
 42
1.0
  0
SEQEND
  8
PLACEMENT_OUTLINE_BOTTOM
  0
POLYLINE
 5
8C2
  8
PLACEMENT_OUTLINE_BOTTOM
 66
1
 40
0.299970
 41
0.299970
  0
VERTEX
 5
8C3
  8
PLACEMENT_OUTLINE_BOTTOM
 10
-29.22300
 20
75.52000
  0
VERTEX
 5
8C4
  8
PLACEMENT_OUTLINE_BOTTOM
 10
-29.22300
 20
76.79000
  0
SEQEND
  8
PLACEMENT_OUTLINE_BOTTOM
  0
POLYLINE
 5
8C5
  8
PLACEMENT_OUTLINE_BOTTOM
 66
1
 70
1
 40
0.149985
 41
0.149985
  0
VERTEX
 5
8C6
  8
PLACEMENT_OUTLINE_BOTTOM
 10
-29.29799
 20
75.52000
 42
1.0
  0
VERTEX
 5
8C7
  8
PLACEMENT_OUTLINE_BOTTOM
 10
-29.14801
 20
75.52000
 42
1.0
  0
SEQEND
  8
PLACEMENT_OUTLINE_BOTTOM
  0
POLYLINE
 5
8C8
  8
PLACEMENT_OUTLINE_BOTTOM
 66
1
 70
1
 40
0.149985
 41
0.149985
  0
VERTEX
 5
8C9
  8
PLACEMENT_OUTLINE_BOTTOM
 10
-29.29799
 20
76.79000
 42
1.0
  0
VERTEX
 5
8CA
  8
PLACEMENT_OUTLINE_BOTTOM
 10
-29.14801
 20
76.79000
 42
1.0
  0
SEQEND
  8
PLACEMENT_OUTLINE_BOTTOM
  0
POLYLINE
 5
8CB
  8
PLACEMENT_OUTLINE_BOTTOM
 66
1
 40
0.299970
 41
0.299970
  0
VERTEX
 5
8CC
  8
PLACEMENT_OUTLINE_BOTTOM
 10
-29.22300
 20
76.79000
  0
VERTEX
 5
8CD
  8
PLACEMENT_OUTLINE_BOTTOM
 10
-26.42900
 20
76.79000
  0
SEQEND
  8
PLACEMENT_OUTLINE_BOTTOM
  0
POLYLINE
 5
8CE
  8
PLACEMENT_OUTLINE_BOTTOM
 66
1
 70
1
 40
0.149985
 41
0.149985
  0
VERTEX
 5
8CF
  8
PLACEMENT_OUTLINE_BOTTOM
 10
-29.29799
 20
76.79000
 42
1.0
  0
VERTEX
 5
8D0
  8
PLACEMENT_OUTLINE_BOTTOM
 10
-29.14801
 20
76.79000
 42
1.0
  0
SEQEND
  8
PLACEMENT_OUTLINE_BOTTOM
  0
POLYLINE
 5
8D1
  8
PLACEMENT_OUTLINE_BOTTOM
 66
1
 70
1
 40
0.149985
 41
0.149985
  0
VERTEX
 5
8D2
  8
PLACEMENT_OUTLINE_BOTTOM
 10
-26.50399
 20
76.79000
 42
1.0
  0
VERTEX
 5
8D3
  8
PLACEMENT_OUTLINE_BOTTOM
 10
-26.35401
 20
76.79000
 42
1.0
  0
SEQEND
  8
PLACEMENT_OUTLINE_BOTTOM
  0
POLYLINE
 5
8D4
  8
PLACEMENT_OUTLINE_BOTTOM
 66
1
 40
0.299970
 41
0.299970
  0
VERTEX
 5
8D5
  8
PLACEMENT_OUTLINE_BOTTOM
 10
-26.42900
 20
76.79000
  0
VERTEX
 5
8D6
  8
PLACEMENT_OUTLINE_BOTTOM
 10
-26.42900
 20
75.52000
  0
SEQEND
  8
PLACEMENT_OUTLINE_BOTTOM
  0
POLYLINE
 5
8D7
  8
PLACEMENT_OUTLINE_BOTTOM
 66
1
 70
1
 40
0.149985
 41
0.149985
  0
VERTEX
 5
8D8
  8
PLACEMENT_OUTLINE_BOTTOM
 10
-26.50399
 20
76.79000
 42
1.0
  0
VERTEX
 5
8D9
  8
PLACEMENT_OUTLINE_BOTTOM
 10
-26.35401
 20
76.79000
 42
1.0
  0
SEQEND
  8
PLACEMENT_OUTLINE_BOTTOM
  0
POLYLINE
 5
8DA
  8
PLACEMENT_OUTLINE_BOTTOM
 66
1
 70
1
 40
0.149985
 41
0.149985
  0
VERTEX
 5
8DB
  8
PLACEMENT_OUTLINE_BOTTOM
 10
-26.50399
 20
75.52000
 42
1.0
  0
VERTEX
 5
8DC
  8
PLACEMENT_OUTLINE_BOTTOM
 10
-26.35401
 20
75.52000
 42
1.0
  0
SEQEND
  8
PLACEMENT_OUTLINE_BOTTOM
  0
SOLID
 5
8DD
  8
PADLAYER_BOTTOM
 10
-28.13080
 20
76.61220
 11
-29.04520
 21
76.61220
 12
-28.13080
 22
75.69780
 13
-29.04520
 23
75.69780
  0
SOLID
 5
8DE
  8
PADLAYER_BOTTOM
 10
-26.60680
 20
76.61220
 11
-27.52120
 21
76.61220
 12
-26.60680
 22
75.69780
 13
-27.52120
 23
75.69780
  0
POLYLINE
 5
8DF
  8
PLACEMENT_OUTLINE_BOTTOM
 66
1
 40
0.299970
 41
0.299970
  0
VERTEX
 5
8E0
  8
PLACEMENT_OUTLINE_BOTTOM
 10
-36.59100
 20
81.49200
  0
VERTEX
 5
8E1
  8
PLACEMENT_OUTLINE_BOTTOM
 10
-36.59100
 20
78.69800
  0
SEQEND
  8
PLACEMENT_OUTLINE_BOTTOM
  0
POLYLINE
 5
8E2
  8
PLACEMENT_OUTLINE_BOTTOM
 66
1
 70
1
 40
0.149985
 41
0.149985
  0
VERTEX
 5
8E3
  8
PLACEMENT_OUTLINE_BOTTOM
 10
-36.66599
 20
81.49200
 42
1.0
  0
VERTEX
 5
8E4
  8
PLACEMENT_OUTLINE_BOTTOM
 10
-36.51601
 20
81.49200
 42
1.0
  0
SEQEND
  8
PLACEMENT_OUTLINE_BOTTOM
  0
POLYLINE
 5
8E5
  8
PLACEMENT_OUTLINE_BOTTOM
 66
1
 70
1
 40
0.149985
 41
0.149985
  0
VERTEX
 5
8E6
  8
PLACEMENT_OUTLINE_BOTTOM
 10
-36.66599
 20
78.69800
 42
1.0
  0
VERTEX
 5
8E7
  8
PLACEMENT_OUTLINE_BOTTOM
 10
-36.51601
 20
78.69800
 42
1.0
  0
SEQEND
  8
PLACEMENT_OUTLINE_BOTTOM
  0
POLYLINE
 5
8E8
  8
PLACEMENT_OUTLINE_BOTTOM
 66
1
 40
0.299970
 41
0.299970
  0
VERTEX
 5
8E9
  8
PLACEMENT_OUTLINE_BOTTOM
 10
-36.59100
 20
78.69800
  0
VERTEX
 5
8EA
  8
PLACEMENT_OUTLINE_BOTTOM
 10
-37.86100
 20
78.69800
  0
SEQEND
  8
PLACEMENT_OUTLINE_BOTTOM
  0
POLYLINE
 5
8EB
  8
PLACEMENT_OUTLINE_BOTTOM
 66
1
 70
1
 40
0.149985
 41
0.149985
  0
VERTEX
 5
8EC
  8
PLACEMENT_OUTLINE_BOTTOM
 10
-36.66599
 20
78.69800
 42
1.0
  0
VERTEX
 5
8ED
  8
PLACEMENT_OUTLINE_BOTTOM
 10
-36.51601
 20
78.69800
 42
1.0
  0
SEQEND
  8
PLACEMENT_OUTLINE_BOTTOM
  0
POLYLINE
 5
8EE
  8
PLACEMENT_OUTLINE_BOTTOM
 66
1
 70
1
 40
0.149985
 41
0.149985
  0
VERTEX
 5
8EF
  8
PLACEMENT_OUTLINE_BOTTOM
 10
-37.93599
 20
78.69800
 42
1.0
  0
VERTEX
 5
8F0
  8
PLACEMENT_OUTLINE_BOTTOM
 10
-37.78601
 20
78.69800
 42
1.0
  0
SEQEND
  8
PLACEMENT_OUTLINE_BOTTOM
  0
POLYLINE
 5
8F1
  8
PLACEMENT_OUTLINE_BOTTOM
 66
1
 40
0.299970
 41
0.299970
  0
VERTEX
 5
8F2
  8
PLACEMENT_OUTLINE_BOTTOM
 10
-37.86100
 20
78.69800
  0
VERTEX
 5
8F3
  8
PLACEMENT_OUTLINE_BOTTOM
 10
-37.86100
 20
81.49200
  0
SEQEND
  8
PLACEMENT_OUTLINE_BOTTOM
  0
POLYLINE
 5
8F4
  8
PLACEMENT_OUTLINE_BOTTOM
 66
1
 70
1
 40
0.149985
 41
0.149985
  0
VERTEX
 5
8F5
  8
PLACEMENT_OUTLINE_BOTTOM
 10
-37.93599
 20
78.69800
 42
1.0
  0
VERTEX
 5
8F6
  8
PLACEMENT_OUTLINE_BOTTOM
 10
-37.78601
 20
78.69800
 42
1.0
  0
SEQEND
  8
PLACEMENT_OUTLINE_BOTTOM
  0
POLYLINE
 5
8F7
  8
PLACEMENT_OUTLINE_BOTTOM
 66
1
 70
1
 40
0.149985
 41
0.149985
  0
VERTEX
 5
8F8
  8
PLACEMENT_OUTLINE_BOTTOM
 10
-37.93599
 20
81.49200
 42
1.0
  0
VERTEX
 5
8F9
  8
PLACEMENT_OUTLINE_BOTTOM
 10
-37.78601
 20
81.49200
 42
1.0
  0
SEQEND
  8
PLACEMENT_OUTLINE_BOTTOM
  0
POLYLINE
 5
8FA
  8
PLACEMENT_OUTLINE_BOTTOM
 66
1
 40
0.299970
 41
0.299970
  0
VERTEX
 5
8FB
  8
PLACEMENT_OUTLINE_BOTTOM
 10
-37.86100
 20
81.49200
  0
VERTEX
 5
8FC
  8
PLACEMENT_OUTLINE_BOTTOM
 10
-36.59100
 20
81.49200
  0
SEQEND
  8
PLACEMENT_OUTLINE_BOTTOM
  0
POLYLINE
 5
8FD
  8
PLACEMENT_OUTLINE_BOTTOM
 66
1
 70
1
 40
0.149985
 41
0.149985
  0
VERTEX
 5
8FE
  8
PLACEMENT_OUTLINE_BOTTOM
 10
-37.93599
 20
81.49200
 42
1.0
  0
VERTEX
 5
8FF
  8
PLACEMENT_OUTLINE_BOTTOM
 10
-37.78601
 20
81.49200
 42
1.0
  0
SEQEND
  8
PLACEMENT_OUTLINE_BOTTOM
  0
POLYLINE
 5
900
  8
PLACEMENT_OUTLINE_BOTTOM
 66
1
 70
1
 40
0.149985
 41
0.149985
  0
VERTEX
 5
901
  8
PLACEMENT_OUTLINE_BOTTOM
 10
-36.66599
 20
81.49200
 42
1.0
  0
VERTEX
 5
902
  8
PLACEMENT_OUTLINE_BOTTOM
 10
-36.51601
 20
81.49200
 42
1.0
  0
SEQEND
  8
PLACEMENT_OUTLINE_BOTTOM
  0
SOLID
 5
903
  8
PADLAYER_BOTTOM
 10
-37.68320
 20
79.79020
 11
-37.68320
 21
78.87580
 12
-36.76880
 22
79.79020
 13
-36.76880
 23
78.87580
  0
SOLID
 5
904
  8
PADLAYER_BOTTOM
 10
-37.68320
 20
81.31420
 11
-37.68320
 21
80.39980
 12
-36.76880
 22
81.31420
 13
-36.76880
 23
80.39980
  0
POLYLINE
 5
905
  8
PLACEMENT_OUTLINE_BOTTOM
 66
1
 40
0.299970
 41
0.299970
  0
VERTEX
 5
906
  8
PLACEMENT_OUTLINE_BOTTOM
 10
-30.79100
 20
71.95800
  0
VERTEX
 5
907
  8
PLACEMENT_OUTLINE_BOTTOM
 10
-30.79100
 20
74.75200
  0
SEQEND
  8
PLACEMENT_OUTLINE_BOTTOM
  0
POLYLINE
 5
908
  8
PLACEMENT_OUTLINE_BOTTOM
 66
1
 70
1
 40
0.149985
 41
0.149985
  0
VERTEX
 5
909
  8
PLACEMENT_OUTLINE_BOTTOM
 10
-30.86599
 20
71.95800
 42
1.0
  0
VERTEX
 5
90A
  8
PLACEMENT_OUTLINE_BOTTOM
 10
-30.71601
 20
71.95800
 42
1.0
  0
SEQEND
  8
PLACEMENT_OUTLINE_BOTTOM
  0
POLYLINE
 5
90B
  8
PLACEMENT_OUTLINE_BOTTOM
 66
1
 70
1
 40
0.149985
 41
0.149985
  0
VERTEX
 5
90C
  8
PLACEMENT_OUTLINE_BOTTOM
 10
-30.86599
 20
74.75200
 42
1.0
  0
VERTEX
 5
90D
  8
PLACEMENT_OUTLINE_BOTTOM
 10
-30.71601
 20
74.75200
 42
1.0
  0
SEQEND
  8
PLACEMENT_OUTLINE_BOTTOM
  0
POLYLINE
 5
90E
  8
PLACEMENT_OUTLINE_BOTTOM
 66
1
 40
0.299970
 41
0.299970
  0
VERTEX
 5
90F
  8
PLACEMENT_OUTLINE_BOTTOM
 10
-30.79100
 20
74.75200
  0
VERTEX
 5
910
  8
PLACEMENT_OUTLINE_BOTTOM
 10
-29.52100
 20
74.75200
  0
SEQEND
  8
PLACEMENT_OUTLINE_BOTTOM
  0
POLYLINE
 5
911
  8
PLACEMENT_OUTLINE_BOTTOM
 66
1
 70
1
 40
0.149985
 41
0.149985
  0
VERTEX
 5
912
  8
PLACEMENT_OUTLINE_BOTTOM
 10
-30.86599
 20
74.75200
 42
1.0
  0
VERTEX
 5
913
  8
PLACEMENT_OUTLINE_BOTTOM
 10
-30.71601
 20
74.75200
 42
1.0
  0
SEQEND
  8
PLACEMENT_OUTLINE_BOTTOM
  0
POLYLINE
 5
914
  8
PLACEMENT_OUTLINE_BOTTOM
 66
1
 70
1
 40
0.149985
 41
0.149985
  0
VERTEX
 5
915
  8
PLACEMENT_OUTLINE_BOTTOM
 10
-29.59599
 20
74.75200
 42
1.0
  0
VERTEX
 5
916
  8
PLACEMENT_OUTLINE_BOTTOM
 10
-29.44601
 20
74.75200
 42
1.0
  0
SEQEND
  8
PLACEMENT_OUTLINE_BOTTOM
  0
POLYLINE
 5
917
  8
PLACEMENT_OUTLINE_BOTTOM
 66
1
 40
0.299970
 41
0.299970
  0
VERTEX
 5
918
  8
PLACEMENT_OUTLINE_BOTTOM
 10
-29.52100
 20
74.75200
  0
VERTEX
 5
919
  8
PLACEMENT_OUTLINE_BOTTOM
 10
-29.52100
 20
71.95800
  0
SEQEND
  8
PLACEMENT_OUTLINE_BOTTOM
  0
POLYLINE
 5
91A
  8
PLACEMENT_OUTLINE_BOTTOM
 66
1
 70
1
 40
0.149985
 41
0.149985
  0
VERTEX
 5
91B
  8
PLACEMENT_OUTLINE_BOTTOM
 10
-29.59599
 20
74.75200
 42
1.0
  0
VERTEX
 5
91C
  8
PLACEMENT_OUTLINE_BOTTOM
 10
-29.44601
 20
74.75200
 42
1.0
  0
SEQEND
  8
PLACEMENT_OUTLINE_BOTTOM
  0
POLYLINE
 5
91D
  8
PLACEMENT_OUTLINE_BOTTOM
 66
1
 70
1
 40
0.149985
 41
0.149985
  0
VERTEX
 5
91E
  8
PLACEMENT_OUTLINE_BOTTOM
 10
-29.59599
 20
71.95800
 42
1.0
  0
VERTEX
 5
91F
  8
PLACEMENT_OUTLINE_BOTTOM
 10
-29.44601
 20
71.95800
 42
1.0
  0
SEQEND
  8
PLACEMENT_OUTLINE_BOTTOM
  0
POLYLINE
 5
920
  8
PLACEMENT_OUTLINE_BOTTOM
 66
1
 40
0.299970
 41
0.299970
  0
VERTEX
 5
921
  8
PLACEMENT_OUTLINE_BOTTOM
 10
-29.52100
 20
71.95800
  0
VERTEX
 5
922
  8
PLACEMENT_OUTLINE_BOTTOM
 10
-30.79100
 20
71.95800
  0
SEQEND
  8
PLACEMENT_OUTLINE_BOTTOM
  0
POLYLINE
 5
923
  8
PLACEMENT_OUTLINE_BOTTOM
 66
1
 70
1
 40
0.149985
 41
0.149985
  0
VERTEX
 5
924
  8
PLACEMENT_OUTLINE_BOTTOM
 10
-29.59599
 20
71.95800
 42
1.0
  0
VERTEX
 5
925
  8
PLACEMENT_OUTLINE_BOTTOM
 10
-29.44601
 20
71.95800
 42
1.0
  0
SEQEND
  8
PLACEMENT_OUTLINE_BOTTOM
  0
POLYLINE
 5
926
  8
PLACEMENT_OUTLINE_BOTTOM
 66
1
 70
1
 40
0.149985
 41
0.149985
  0
VERTEX
 5
927
  8
PLACEMENT_OUTLINE_BOTTOM
 10
-30.86599
 20
71.95800
 42
1.0
  0
VERTEX
 5
928
  8
PLACEMENT_OUTLINE_BOTTOM
 10
-30.71601
 20
71.95800
 42
1.0
  0
SEQEND
  8
PLACEMENT_OUTLINE_BOTTOM
  0
SOLID
 5
929
  8
PADLAYER_BOTTOM
 10
-29.69880
 20
73.65980
 11
-29.69880
 21
74.57420
 12
-30.61320
 22
73.65980
 13
-30.61320
 23
74.57420
  0
SOLID
 5
92A
  8
PADLAYER_BOTTOM
 10
-29.69880
 20
72.13580
 11
-29.69880
 21
73.05020
 12
-30.61320
 22
72.13580
 13
-30.61320
 23
73.05020
  0
POLYLINE
 5
92B
  8
PLACEMENT_OUTLINE_BOTTOM
 66
1
 40
0.299970
 41
0.299970
  0
VERTEX
 5
92C
  8
PLACEMENT_OUTLINE_BOTTOM
 10
-31.98900
 20
73.56000
  0
VERTEX
 5
92D
  8
PLACEMENT_OUTLINE_BOTTOM
 10
-34.78300
 20
73.56000
  0
SEQEND
  8
PLACEMENT_OUTLINE_BOTTOM
  0
POLYLINE
 5
92E
  8
PLACEMENT_OUTLINE_BOTTOM
 66
1
 70
1
 40
0.149985
 41
0.149985
  0
VERTEX
 5
92F
  8
PLACEMENT_OUTLINE_BOTTOM
 10
-32.06399
 20
73.56000
 42
1.0
  0
VERTEX
 5
930
  8
PLACEMENT_OUTLINE_BOTTOM
 10
-31.91401
 20
73.56000
 42
1.0
  0
SEQEND
  8
PLACEMENT_OUTLINE_BOTTOM
  0
POLYLINE
 5
931
  8
PLACEMENT_OUTLINE_BOTTOM
 66
1
 70
1
 40
0.149985
 41
0.149985
  0
VERTEX
 5
932
  8
PLACEMENT_OUTLINE_BOTTOM
 10
-34.85799
 20
73.56000
 42
1.0
  0
VERTEX
 5
933
  8
PLACEMENT_OUTLINE_BOTTOM
 10
-34.70801
 20
73.56000
 42
1.0
  0
SEQEND
  8
PLACEMENT_OUTLINE_BOTTOM
  0
POLYLINE
 5
934
  8
PLACEMENT_OUTLINE_BOTTOM
 66
1
 40
0.299970
 41
0.299970
  0
VERTEX
 5
935
  8
PLACEMENT_OUTLINE_BOTTOM
 10
-34.78300
 20
73.56000
  0
VERTEX
 5
936
  8
PLACEMENT_OUTLINE_BOTTOM
 10
-34.78300
 20
74.83000
  0
SEQEND
  8
PLACEMENT_OUTLINE_BOTTOM
  0
POLYLINE
 5
937
  8
PLACEMENT_OUTLINE_BOTTOM
 66
1
 70
1
 40
0.149985
 41
0.149985
  0
VERTEX
 5
938
  8
PLACEMENT_OUTLINE_BOTTOM
 10
-34.85799
 20
73.56000
 42
1.0
  0
VERTEX
 5
939
  8
PLACEMENT_OUTLINE_BOTTOM
 10
-34.70801
 20
73.56000
 42
1.0
  0
SEQEND
  8
PLACEMENT_OUTLINE_BOTTOM
  0
POLYLINE
 5
93A
  8
PLACEMENT_OUTLINE_BOTTOM
 66
1
 70
1
 40
0.149985
 41
0.149985
  0
VERTEX
 5
93B
  8
PLACEMENT_OUTLINE_BOTTOM
 10
-34.85799
 20
74.83000
 42
1.0
  0
VERTEX
 5
93C
  8
PLACEMENT_OUTLINE_BOTTOM
 10
-34.70801
 20
74.83000
 42
1.0
  0
SEQEND
  8
PLACEMENT_OUTLINE_BOTTOM
  0
POLYLINE
 5
93D
  8
PLACEMENT_OUTLINE_BOTTOM
 66
1
 40
0.299970
 41
0.299970
  0
VERTEX
 5
93E
  8
PLACEMENT_OUTLINE_BOTTOM
 10
-34.78300
 20
74.83000
  0
VERTEX
 5
93F
  8
PLACEMENT_OUTLINE_BOTTOM
 10
-31.98900
 20
74.83000
  0
SEQEND
  8
PLACEMENT_OUTLINE_BOTTOM
  0
POLYLINE
 5
940
  8
PLACEMENT_OUTLINE_BOTTOM
 66
1
 70
1
 40
0.149985
 41
0.149985
  0
VERTEX
 5
941
  8
PLACEMENT_OUTLINE_BOTTOM
 10
-34.85799
 20
74.83000
 42
1.0
  0
VERTEX
 5
942
  8
PLACEMENT_OUTLINE_BOTTOM
 10
-34.70801
 20
74.83000
 42
1.0
  0
SEQEND
  8
PLACEMENT_OUTLINE_BOTTOM
  0
POLYLINE
 5
943
  8
PLACEMENT_OUTLINE_BOTTOM
 66
1
 70
1
 40
0.149985
 41
0.149985
  0
VERTEX
 5
944
  8
PLACEMENT_OUTLINE_BOTTOM
 10
-32.06399
 20
74.83000
 42
1.0
  0
VERTEX
 5
945
  8
PLACEMENT_OUTLINE_BOTTOM
 10
-31.91401
 20
74.83000
 42
1.0
  0
SEQEND
  8
PLACEMENT_OUTLINE_BOTTOM
  0
POLYLINE
 5
946
  8
PLACEMENT_OUTLINE_BOTTOM
 66
1
 40
0.299970
 41
0.299970
  0
VERTEX
 5
947
  8
PLACEMENT_OUTLINE_BOTTOM
 10
-31.98900
 20
74.83000
  0
VERTEX
 5
948
  8
PLACEMENT_OUTLINE_BOTTOM
 10
-31.98900
 20
73.56000
  0
SEQEND
  8
PLACEMENT_OUTLINE_BOTTOM
  0
POLYLINE
 5
949
  8
PLACEMENT_OUTLINE_BOTTOM
 66
1
 70
1
 40
0.149985
 41
0.149985
  0
VERTEX
 5
94A
  8
PLACEMENT_OUTLINE_BOTTOM
 10
-32.06399
 20
74.83000
 42
1.0
  0
VERTEX
 5
94B
  8
PLACEMENT_OUTLINE_BOTTOM
 10
-31.91401
 20
74.83000
 42
1.0
  0
SEQEND
  8
PLACEMENT_OUTLINE_BOTTOM
  0
POLYLINE
 5
94C
  8
PLACEMENT_OUTLINE_BOTTOM
 66
1
 70
1
 40
0.149985
 41
0.149985
  0
VERTEX
 5
94D
  8
PLACEMENT_OUTLINE_BOTTOM
 10
-32.06399
 20
73.56000
 42
1.0
  0
VERTEX
 5
94E
  8
PLACEMENT_OUTLINE_BOTTOM
 10
-31.91401
 20
73.56000
 42
1.0
  0
SEQEND
  8
PLACEMENT_OUTLINE_BOTTOM
  0
SOLID
 5
94F
  8
PADLAYER_BOTTOM
 10
-33.69080
 20
74.65220
 11
-34.60520
 21
74.65220
 12
-33.69080
 22
73.73780
 13
-34.60520
 23
73.73780
  0
SOLID
 5
950
  8
PADLAYER_BOTTOM
 10
-32.16680
 20
74.65220
 11
-33.08120
 21
74.65220
 12
-32.16680
 22
73.73780
 13
-33.08120
 23
73.73780
  0
POLYLINE
 5
951
  8
PLACEMENT_OUTLINE_BOTTOM
 66
1
 40
0.299970
 41
0.299970
  0
VERTEX
 5
952
  8
PLACEMENT_OUTLINE_BOTTOM
 10
-29.22100
 20
75.29600
  0
VERTEX
 5
953
  8
PLACEMENT_OUTLINE_BOTTOM
 10
-26.42700
 20
75.29600
  0
SEQEND
  8
PLACEMENT_OUTLINE_BOTTOM
  0
POLYLINE
 5
954
  8
PLACEMENT_OUTLINE_BOTTOM
 66
1
 70
1
 40
0.149985
 41
0.149985
  0
VERTEX
 5
955
  8
PLACEMENT_OUTLINE_BOTTOM
 10
-29.29599
 20
75.29600
 42
1.0
  0
VERTEX
 5
956
  8
PLACEMENT_OUTLINE_BOTTOM
 10
-29.14601
 20
75.29600
 42
1.0
  0
SEQEND
  8
PLACEMENT_OUTLINE_BOTTOM
  0
POLYLINE
 5
957
  8
PLACEMENT_OUTLINE_BOTTOM
 66
1
 70
1
 40
0.149985
 41
0.149985
  0
VERTEX
 5
958
  8
PLACEMENT_OUTLINE_BOTTOM
 10
-26.50199
 20
75.29600
 42
1.0
  0
VERTEX
 5
959
  8
PLACEMENT_OUTLINE_BOTTOM
 10
-26.35201
 20
75.29600
 42
1.0
  0
SEQEND
  8
PLACEMENT_OUTLINE_BOTTOM
  0
POLYLINE
 5
95A
  8
PLACEMENT_OUTLINE_BOTTOM
 66
1
 40
0.299970
 41
0.299970
  0
VERTEX
 5
95B
  8
PLACEMENT_OUTLINE_BOTTOM
 10
-26.42700
 20
75.29600
  0
VERTEX
 5
95C
  8
PLACEMENT_OUTLINE_BOTTOM
 10
-26.42700
 20
74.02600
  0
SEQEND
  8
PLACEMENT_OUTLINE_BOTTOM
  0
POLYLINE
 5
95D
  8
PLACEMENT_OUTLINE_BOTTOM
 66
1
 70
1
 40
0.149985
 41
0.149985
  0
VERTEX
 5
95E
  8
PLACEMENT_OUTLINE_BOTTOM
 10
-26.50199
 20
75.29600
 42
1.0
  0
VERTEX
 5
95F
  8
PLACEMENT_OUTLINE_BOTTOM
 10
-26.35201
 20
75.29600
 42
1.0
  0
SEQEND
  8
PLACEMENT_OUTLINE_BOTTOM
  0
POLYLINE
 5
960
  8
PLACEMENT_OUTLINE_BOTTOM
 66
1
 70
1
 40
0.149985
 41
0.149985
  0
VERTEX
 5
961
  8
PLACEMENT_OUTLINE_BOTTOM
 10
-26.50199
 20
74.02600
 42
1.0
  0
VERTEX
 5
962
  8
PLACEMENT_OUTLINE_BOTTOM
 10
-26.35201
 20
74.02600
 42
1.0
  0
SEQEND
  8
PLACEMENT_OUTLINE_BOTTOM
  0
POLYLINE
 5
963
  8
PLACEMENT_OUTLINE_BOTTOM
 66
1
 40
0.299970
 41
0.299970
  0
VERTEX
 5
964
  8
PLACEMENT_OUTLINE_BOTTOM
 10
-26.42700
 20
74.02600
  0
VERTEX
 5
965
  8
PLACEMENT_OUTLINE_BOTTOM
 10
-29.22100
 20
74.02600
  0
SEQEND
  8
PLACEMENT_OUTLINE_BOTTOM
  0
POLYLINE
 5
966
  8
PLACEMENT_OUTLINE_BOTTOM
 66
1
 70
1
 40
0.149985
 41
0.149985
  0
VERTEX
 5
967
  8
PLACEMENT_OUTLINE_BOTTOM
 10
-26.50199
 20
74.02600
 42
1.0
  0
VERTEX
 5
968
  8
PLACEMENT_OUTLINE_BOTTOM
 10
-26.35201
 20
74.02600
 42
1.0
  0
SEQEND
  8
PLACEMENT_OUTLINE_BOTTOM
  0
POLYLINE
 5
969
  8
PLACEMENT_OUTLINE_BOTTOM
 66
1
 70
1
 40
0.149985
 41
0.149985
  0
VERTEX
 5
96A
  8
PLACEMENT_OUTLINE_BOTTOM
 10
-29.29599
 20
74.02600
 42
1.0
  0
VERTEX
 5
96B
  8
PLACEMENT_OUTLINE_BOTTOM
 10
-29.14601
 20
74.02600
 42
1.0
  0
SEQEND
  8
PLACEMENT_OUTLINE_BOTTOM
  0
POLYLINE
 5
96C
  8
PLACEMENT_OUTLINE_BOTTOM
 66
1
 40
0.299970
 41
0.299970
  0
VERTEX
 5
96D
  8
PLACEMENT_OUTLINE_BOTTOM
 10
-29.22100
 20
74.02600
  0
VERTEX
 5
96E
  8
PLACEMENT_OUTLINE_BOTTOM
 10
-29.22100
 20
75.29600
  0
SEQEND
  8
PLACEMENT_OUTLINE_BOTTOM
  0
POLYLINE
 5
96F
  8
PLACEMENT_OUTLINE_BOTTOM
 66
1
 70
1
 40
0.149985
 41
0.149985
  0
VERTEX
 5
970
  8
PLACEMENT_OUTLINE_BOTTOM
 10
-29.29599
 20
74.02600
 42
1.0
  0
VERTEX
 5
971
  8
PLACEMENT_OUTLINE_BOTTOM
 10
-29.14601
 20
74.02600
 42
1.0
  0
SEQEND
  8
PLACEMENT_OUTLINE_BOTTOM
  0
POLYLINE
 5
972
  8
PLACEMENT_OUTLINE_BOTTOM
 66
1
 70
1
 40
0.149985
 41
0.149985
  0
VERTEX
 5
973
  8
PLACEMENT_OUTLINE_BOTTOM
 10
-29.29599
 20
75.29600
 42
1.0
  0
VERTEX
 5
974
  8
PLACEMENT_OUTLINE_BOTTOM
 10
-29.14601
 20
75.29600
 42
1.0
  0
SEQEND
  8
PLACEMENT_OUTLINE_BOTTOM
  0
SOLID
 5
975
  8
PADLAYER_BOTTOM
 10
-27.51920
 20
74.20380
 11
-26.60480
 21
74.20380
 12
-27.51920
 22
75.11820
 13
-26.60480
 23
75.11820
  0
SOLID
 5
976
  8
PADLAYER_BOTTOM
 10
-29.04320
 20
74.20380
 11
-28.12880
 21
74.20380
 12
-29.04320
 22
75.11820
 13
-28.12880
 23
75.11820
  0
POLYLINE
 5
977
  8
PLACEMENT_OUTLINE_BOTTOM
 66
1
 40
0.299970
 41
0.299970
  0
VERTEX
 5
978
  8
PLACEMENT_OUTLINE_BOTTOM
 10
-39.17000
 20
80.76100
  0
VERTEX
 5
979
  8
PLACEMENT_OUTLINE_BOTTOM
 10
-41.96400
 20
80.76100
  0
SEQEND
  8
PLACEMENT_OUTLINE_BOTTOM
  0
POLYLINE
 5
97A
  8
PLACEMENT_OUTLINE_BOTTOM
 66
1
 70
1
 40
0.149985
 41
0.149985
  0
VERTEX
 5
97B
  8
PLACEMENT_OUTLINE_BOTTOM
 10
-39.24499
 20
80.76100
 42
1.0
  0
VERTEX
 5
97C
  8
PLACEMENT_OUTLINE_BOTTOM
 10
-39.09501
 20
80.76100
 42
1.0
  0
SEQEND
  8
PLACEMENT_OUTLINE_BOTTOM
  0
POLYLINE
 5
97D
  8
PLACEMENT_OUTLINE_BOTTOM
 66
1
 70
1
 40
0.149985
 41
0.149985
  0
VERTEX
 5
97E
  8
PLACEMENT_OUTLINE_BOTTOM
 10
-42.03899
 20
80.76100
 42
1.0
  0
VERTEX
 5
97F
  8
PLACEMENT_OUTLINE_BOTTOM
 10
-41.88901
 20
80.76100
 42
1.0
  0
SEQEND
  8
PLACEMENT_OUTLINE_BOTTOM
  0
POLYLINE
 5
980
  8
PLACEMENT_OUTLINE_BOTTOM
 66
1
 40
0.299970
 41
0.299970
  0
VERTEX
 5
981
  8
PLACEMENT_OUTLINE_BOTTOM
 10
-41.96400
 20
80.76100
  0
VERTEX
 5
982
  8
PLACEMENT_OUTLINE_BOTTOM
 10
-41.96400
 20
82.03100
  0
SEQEND
  8
PLACEMENT_OUTLINE_BOTTOM
  0
POLYLINE
 5
983
  8
PLACEMENT_OUTLINE_BOTTOM
 66
1
 70
1
 40
0.149985
 41
0.149985
  0
VERTEX
 5
984
  8
PLACEMENT_OUTLINE_BOTTOM
 10
-42.03899
 20
80.76100
 42
1.0
  0
VERTEX
 5
985
  8
PLACEMENT_OUTLINE_BOTTOM
 10
-41.88901
 20
80.76100
 42
1.0
  0
SEQEND
  8
PLACEMENT_OUTLINE_BOTTOM
  0
POLYLINE
 5
986
  8
PLACEMENT_OUTLINE_BOTTOM
 66
1
 70
1
 40
0.149985
 41
0.149985
  0
VERTEX
 5
987
  8
PLACEMENT_OUTLINE_BOTTOM
 10
-42.03899
 20
82.03100
 42
1.0
  0
VERTEX
 5
988
  8
PLACEMENT_OUTLINE_BOTTOM
 10
-41.88901
 20
82.03100
 42
1.0
  0
SEQEND
  8
PLACEMENT_OUTLINE_BOTTOM
  0
POLYLINE
 5
989
  8
PLACEMENT_OUTLINE_BOTTOM
 66
1
 40
0.299970
 41
0.299970
  0
VERTEX
 5
98A
  8
PLACEMENT_OUTLINE_BOTTOM
 10
-41.96400
 20
82.03100
  0
VERTEX
 5
98B
  8
PLACEMENT_OUTLINE_BOTTOM
 10
-39.17000
 20
82.03100
  0
SEQEND
  8
PLACEMENT_OUTLINE_BOTTOM
  0
POLYLINE
 5
98C
  8
PLACEMENT_OUTLINE_BOTTOM
 66
1
 70
1
 40
0.149985
 41
0.149985
  0
VERTEX
 5
98D
  8
PLACEMENT_OUTLINE_BOTTOM
 10
-42.03899
 20
82.03100
 42
1.0
  0
VERTEX
 5
98E
  8
PLACEMENT_OUTLINE_BOTTOM
 10
-41.88901
 20
82.03100
 42
1.0
  0
SEQEND
  8
PLACEMENT_OUTLINE_BOTTOM
  0
POLYLINE
 5
98F
  8
PLACEMENT_OUTLINE_BOTTOM
 66
1
 70
1
 40
0.149985
 41
0.149985
  0
VERTEX
 5
990
  8
PLACEMENT_OUTLINE_BOTTOM
 10
-39.24499
 20
82.03100
 42
1.0
  0
VERTEX
 5
991
  8
PLACEMENT_OUTLINE_BOTTOM
 10
-39.09501
 20
82.03100
 42
1.0
  0
SEQEND
  8
PLACEMENT_OUTLINE_BOTTOM
  0
POLYLINE
 5
992
  8
PLACEMENT_OUTLINE_BOTTOM
 66
1
 40
0.299970
 41
0.299970
  0
VERTEX
 5
993
  8
PLACEMENT_OUTLINE_BOTTOM
 10
-39.17000
 20
82.03100
  0
VERTEX
 5
994
  8
PLACEMENT_OUTLINE_BOTTOM
 10
-39.17000
 20
80.76100
  0
SEQEND
  8
PLACEMENT_OUTLINE_BOTTOM
  0
POLYLINE
 5
995
  8
PLACEMENT_OUTLINE_BOTTOM
 66
1
 70
1
 40
0.149985
 41
0.149985
  0
VERTEX
 5
996
  8
PLACEMENT_OUTLINE_BOTTOM
 10
-39.24499
 20
82.03100
 42
1.0
  0
VERTEX
 5
997
  8
PLACEMENT_OUTLINE_BOTTOM
 10
-39.09501
 20
82.03100
 42
1.0
  0
SEQEND
  8
PLACEMENT_OUTLINE_BOTTOM
  0
POLYLINE
 5
998
  8
PLACEMENT_OUTLINE_BOTTOM
 66
1
 70
1
 40
0.149985
 41
0.149985
  0
VERTEX
 5
999
  8
PLACEMENT_OUTLINE_BOTTOM
 10
-39.24499
 20
80.76100
 42
1.0
  0
VERTEX
 5
99A
  8
PLACEMENT_OUTLINE_BOTTOM
 10
-39.09501
 20
80.76100
 42
1.0
  0
SEQEND
  8
PLACEMENT_OUTLINE_BOTTOM
  0
SOLID
 5
99B
  8
PADLAYER_BOTTOM
 10
-40.87180
 20
81.85320
 11
-41.78620
 21
81.85320
 12
-40.87180
 22
80.93880
 13
-41.78620
 23
80.93880
  0
SOLID
 5
99C
  8
PADLAYER_BOTTOM
 10
-39.34780
 20
81.85320
 11
-40.26220
 21
81.85320
 12
-39.34780
 22
80.93880
 13
-40.26220
 23
80.93880
  0
POLYLINE
 5
99D
  8
PLACEMENT_OUTLINE_BOTTOM
 66
1
 40
0.299970
 41
0.299970
  0
VERTEX
 5
99E
  8
PLACEMENT_OUTLINE_BOTTOM
 10
-34.78700
 20
73.33000
  0
VERTEX
 5
99F
  8
PLACEMENT_OUTLINE_BOTTOM
 10
-31.99300
 20
73.33000
  0
SEQEND
  8
PLACEMENT_OUTLINE_BOTTOM
  0
POLYLINE
 5
9A0
  8
PLACEMENT_OUTLINE_BOTTOM
 66
1
 70
1
 40
0.149985
 41
0.149985
  0
VERTEX
 5
9A1
  8
PLACEMENT_OUTLINE_BOTTOM
 10
-34.86199
 20
73.33000
 42
1.0
  0
VERTEX
 5
9A2
  8
PLACEMENT_OUTLINE_BOTTOM
 10
-34.71201
 20
73.33000
 42
1.0
  0
SEQEND
  8
PLACEMENT_OUTLINE_BOTTOM
  0
POLYLINE
 5
9A3
  8
PLACEMENT_OUTLINE_BOTTOM
 66
1
 70
1
 40
0.149985
 41
0.149985
  0
VERTEX
 5
9A4
  8
PLACEMENT_OUTLINE_BOTTOM
 10
-32.06799
 20
73.33000
 42
1.0
  0
VERTEX
 5
9A5
  8
PLACEMENT_OUTLINE_BOTTOM
 10
-31.91801
 20
73.33000
 42
1.0
  0
SEQEND
  8
PLACEMENT_OUTLINE_BOTTOM
  0
POLYLINE
 5
9A6
  8
PLACEMENT_OUTLINE_BOTTOM
 66
1
 40
0.299970
 41
0.299970
  0
VERTEX
 5
9A7
  8
PLACEMENT_OUTLINE_BOTTOM
 10
-31.99300
 20
73.33000
  0
VERTEX
 5
9A8
  8
PLACEMENT_OUTLINE_BOTTOM
 10
-31.99300
 20
72.06000
  0
SEQEND
  8
PLACEMENT_OUTLINE_BOTTOM
  0
POLYLINE
 5
9A9
  8
PLACEMENT_OUTLINE_BOTTOM
 66
1
 70
1
 40
0.149985
 41
0.149985
  0
VERTEX
 5
9AA
  8
PLACEMENT_OUTLINE_BOTTOM
 10
-32.06799
 20
73.33000
 42
1.0
  0
VERTEX
 5
9AB
  8
PLACEMENT_OUTLINE_BOTTOM
 10
-31.91801
 20
73.33000
 42
1.0
  0
SEQEND
  8
PLACEMENT_OUTLINE_BOTTOM
  0
POLYLINE
 5
9AC
  8
PLACEMENT_OUTLINE_BOTTOM
 66
1
 70
1
 40
0.149985
 41
0.149985
  0
VERTEX
 5
9AD
  8
PLACEMENT_OUTLINE_BOTTOM
 10
-32.06799
 20
72.06000
 42
1.0
  0
VERTEX
 5
9AE
  8
PLACEMENT_OUTLINE_BOTTOM
 10
-31.91801
 20
72.06000
 42
1.0
  0
SEQEND
  8
PLACEMENT_OUTLINE_BOTTOM
  0
POLYLINE
 5
9AF
  8
PLACEMENT_OUTLINE_BOTTOM
 66
1
 40
0.299970
 41
0.299970
  0
VERTEX
 5
9B0
  8
PLACEMENT_OUTLINE_BOTTOM
 10
-31.99300
 20
72.06000
  0
VERTEX
 5
9B1
  8
PLACEMENT_OUTLINE_BOTTOM
 10
-34.78700
 20
72.06000
  0
SEQEND
  8
PLACEMENT_OUTLINE_BOTTOM
  0
POLYLINE
 5
9B2
  8
PLACEMENT_OUTLINE_BOTTOM
 66
1
 70
1
 40
0.149985
 41
0.149985
  0
VERTEX
 5
9B3
  8
PLACEMENT_OUTLINE_BOTTOM
 10
-32.06799
 20
72.06000
 42
1.0
  0
VERTEX
 5
9B4
  8
PLACEMENT_OUTLINE_BOTTOM
 10
-31.91801
 20
72.06000
 42
1.0
  0
SEQEND
  8
PLACEMENT_OUTLINE_BOTTOM
  0
POLYLINE
 5
9B5
  8
PLACEMENT_OUTLINE_BOTTOM
 66
1
 70
1
 40
0.149985
 41
0.149985
  0
VERTEX
 5
9B6
  8
PLACEMENT_OUTLINE_BOTTOM
 10
-34.86199
 20
72.06000
 42
1.0
  0
VERTEX
 5
9B7
  8
PLACEMENT_OUTLINE_BOTTOM
 10
-34.71201
 20
72.06000
 42
1.0
  0
SEQEND
  8
PLACEMENT_OUTLINE_BOTTOM
  0
POLYLINE
 5
9B8
  8
PLACEMENT_OUTLINE_BOTTOM
 66
1
 40
0.299970
 41
0.299970
  0
VERTEX
 5
9B9
  8
PLACEMENT_OUTLINE_BOTTOM
 10
-34.78700
 20
72.06000
  0
VERTEX
 5
9BA
  8
PLACEMENT_OUTLINE_BOTTOM
 10
-34.78700
 20
73.33000
  0
SEQEND
  8
PLACEMENT_OUTLINE_BOTTOM
  0
POLYLINE
 5
9BB
  8
PLACEMENT_OUTLINE_BOTTOM
 66
1
 70
1
 40
0.149985
 41
0.149985
  0
VERTEX
 5
9BC
  8
PLACEMENT_OUTLINE_BOTTOM
 10
-34.86199
 20
72.06000
 42
1.0
  0
VERTEX
 5
9BD
  8
PLACEMENT_OUTLINE_BOTTOM
 10
-34.71201
 20
72.06000
 42
1.0
  0
SEQEND
  8
PLACEMENT_OUTLINE_BOTTOM
  0
POLYLINE
 5
9BE
  8
PLACEMENT_OUTLINE_BOTTOM
 66
1
 70
1
 40
0.149985
 41
0.149985
  0
VERTEX
 5
9BF
  8
PLACEMENT_OUTLINE_BOTTOM
 10
-34.86199
 20
73.33000
 42
1.0
  0
VERTEX
 5
9C0
  8
PLACEMENT_OUTLINE_BOTTOM
 10
-34.71201
 20
73.33000
 42
1.0
  0
SEQEND
  8
PLACEMENT_OUTLINE_BOTTOM
  0
SOLID
 5
9C1
  8
PADLAYER_BOTTOM
 10
-33.08520
 20
72.23780
 11
-32.17080
 21
72.23780
 12
-33.08520
 22
73.15220
 13
-32.17080
 23
73.15220
  0
SOLID
 5
9C2
  8
PADLAYER_BOTTOM
 10
-34.60920
 20
72.23780
 11
-33.69480
 21
72.23780
 12
-34.60920
 22
73.15220
 13
-33.69480
 23
73.15220
  0
POLYLINE
 5
9C3
  8
PLACEMENT_OUTLINE_BOTTOM
 66
1
 40
0.299970
 41
0.299970
  0
VERTEX
 5
9C4
  8
PLACEMENT_OUTLINE_BOTTOM
 10
-41.96400
 20
83.53100
  0
VERTEX
 5
9C5
  8
PLACEMENT_OUTLINE_BOTTOM
 10
-39.17000
 20
83.53100
  0
SEQEND
  8
PLACEMENT_OUTLINE_BOTTOM
  0
POLYLINE
 5
9C6
  8
PLACEMENT_OUTLINE_BOTTOM
 66
1
 70
1
 40
0.149985
 41
0.149985
  0
VERTEX
 5
9C7
  8
PLACEMENT_OUTLINE_BOTTOM
 10
-42.03899
 20
83.53100
 42
1.0
  0
VERTEX
 5
9C8
  8
PLACEMENT_OUTLINE_BOTTOM
 10
-41.88901
 20
83.53100
 42
1.0
  0
SEQEND
  8
PLACEMENT_OUTLINE_BOTTOM
  0
POLYLINE
 5
9C9
  8
PLACEMENT_OUTLINE_BOTTOM
 66
1
 70
1
 40
0.149985
 41
0.149985
  0
VERTEX
 5
9CA
  8
PLACEMENT_OUTLINE_BOTTOM
 10
-39.24499
 20
83.53100
 42
1.0
  0
VERTEX
 5
9CB
  8
PLACEMENT_OUTLINE_BOTTOM
 10
-39.09501
 20
83.53100
 42
1.0
  0
SEQEND
  8
PLACEMENT_OUTLINE_BOTTOM
  0
POLYLINE
 5
9CC
  8
PLACEMENT_OUTLINE_BOTTOM
 66
1
 40
0.299970
 41
0.299970
  0
VERTEX
 5
9CD
  8
PLACEMENT_OUTLINE_BOTTOM
 10
-39.17000
 20
83.53100
  0
VERTEX
 5
9CE
  8
PLACEMENT_OUTLINE_BOTTOM
 10
-39.17000
 20
82.26100
  0
SEQEND
  8
PLACEMENT_OUTLINE_BOTTOM
  0
POLYLINE
 5
9CF
  8
PLACEMENT_OUTLINE_BOTTOM
 66
1
 70
1
 40
0.149985
 41
0.149985
  0
VERTEX
 5
9D0
  8
PLACEMENT_OUTLINE_BOTTOM
 10
-39.24499
 20
83.53100
 42
1.0
  0
VERTEX
 5
9D1
  8
PLACEMENT_OUTLINE_BOTTOM
 10
-39.09501
 20
83.53100
 42
1.0
  0
SEQEND
  8
PLACEMENT_OUTLINE_BOTTOM
  0
POLYLINE
 5
9D2
  8
PLACEMENT_OUTLINE_BOTTOM
 66
1
 70
1
 40
0.149985
 41
0.149985
  0
VERTEX
 5
9D3
  8
PLACEMENT_OUTLINE_BOTTOM
 10
-39.24499
 20
82.26100
 42
1.0
  0
VERTEX
 5
9D4
  8
PLACEMENT_OUTLINE_BOTTOM
 10
-39.09501
 20
82.26100
 42
1.0
  0
SEQEND
  8
PLACEMENT_OUTLINE_BOTTOM
  0
POLYLINE
 5
9D5
  8
PLACEMENT_OUTLINE_BOTTOM
 66
1
 40
0.299970
 41
0.299970
  0
VERTEX
 5
9D6
  8
PLACEMENT_OUTLINE_BOTTOM
 10
-39.17000
 20
82.26100
  0
VERTEX
 5
9D7
  8
PLACEMENT_OUTLINE_BOTTOM
 10
-41.96400
 20
82.26100
  0
SEQEND
  8
PLACEMENT_OUTLINE_BOTTOM
  0
POLYLINE
 5
9D8
  8
PLACEMENT_OUTLINE_BOTTOM
 66
1
 70
1
 40
0.149985
 41
0.149985
  0
VERTEX
 5
9D9
  8
PLACEMENT_OUTLINE_BOTTOM
 10
-39.24499
 20
82.26100
 42
1.0
  0
VERTEX
 5
9DA
  8
PLACEMENT_OUTLINE_BOTTOM
 10
-39.09501
 20
82.26100
 42
1.0
  0
SEQEND
  8
PLACEMENT_OUTLINE_BOTTOM
  0
POLYLINE
 5
9DB
  8
PLACEMENT_OUTLINE_BOTTOM
 66
1
 70
1
 40
0.149985
 41
0.149985
  0
VERTEX
 5
9DC
  8
PLACEMENT_OUTLINE_BOTTOM
 10
-42.03899
 20
82.26100
 42
1.0
  0
VERTEX
 5
9DD
  8
PLACEMENT_OUTLINE_BOTTOM
 10
-41.88901
 20
82.26100
 42
1.0
  0
SEQEND
  8
PLACEMENT_OUTLINE_BOTTOM
  0
POLYLINE
 5
9DE
  8
PLACEMENT_OUTLINE_BOTTOM
 66
1
 40
0.299970
 41
0.299970
  0
VERTEX
 5
9DF
  8
PLACEMENT_OUTLINE_BOTTOM
 10
-41.96400
 20
82.26100
  0
VERTEX
 5
9E0
  8
PLACEMENT_OUTLINE_BOTTOM
 10
-41.96400
 20
83.53100
  0
SEQEND
  8
PLACEMENT_OUTLINE_BOTTOM
  0
POLYLINE
 5
9E1
  8
PLACEMENT_OUTLINE_BOTTOM
 66
1
 70
1
 40
0.149985
 41
0.149985
  0
VERTEX
 5
9E2
  8
PLACEMENT_OUTLINE_BOTTOM
 10
-42.03899
 20
82.26100
 42
1.0
  0
VERTEX
 5
9E3
  8
PLACEMENT_OUTLINE_BOTTOM
 10
-41.88901
 20
82.26100
 42
1.0
  0
SEQEND
  8
PLACEMENT_OUTLINE_BOTTOM
  0
POLYLINE
 5
9E4
  8
PLACEMENT_OUTLINE_BOTTOM
 66
1
 70
1
 40
0.149985
 41
0.149985
  0
VERTEX
 5
9E5
  8
PLACEMENT_OUTLINE_BOTTOM
 10
-42.03899
 20
83.53100
 42
1.0
  0
VERTEX
 5
9E6
  8
PLACEMENT_OUTLINE_BOTTOM
 10
-41.88901
 20
83.53100
 42
1.0
  0
SEQEND
  8
PLACEMENT_OUTLINE_BOTTOM
  0
SOLID
 5
9E7
  8
PADLAYER_BOTTOM
 10
-40.26220
 20
82.43880
 11
-39.34780
 21
82.43880
 12
-40.26220
 22
83.35320
 13
-39.34780
 23
83.35320
  0
SOLID
 5
9E8
  8
PADLAYER_BOTTOM
 10
-41.78620
 20
82.43880
 11
-40.87180
 21
82.43880
 12
-41.78620
 22
83.35320
 13
-40.87180
 23
83.35320
  0
POLYLINE
 5
9E9
  8
PLACEMENT_OUTLINE_BOTTOM
 66
1
 40
0.299970
 41
0.299970
  0
VERTEX
 5
9EA
  8
PLACEMENT_OUTLINE_BOTTOM
 10
-41.96400
 20
80.53100
  0
VERTEX
 5
9EB
  8
PLACEMENT_OUTLINE_BOTTOM
 10
-39.17000
 20
80.53100
  0
SEQEND
  8
PLACEMENT_OUTLINE_BOTTOM
  0
POLYLINE
 5
9EC
  8
PLACEMENT_OUTLINE_BOTTOM
 66
1
 70
1
 40
0.149985
 41
0.149985
  0
VERTEX
 5
9ED
  8
PLACEMENT_OUTLINE_BOTTOM
 10
-42.03899
 20
80.53100
 42
1.0
  0
VERTEX
 5
9EE
  8
PLACEMENT_OUTLINE_BOTTOM
 10
-41.88901
 20
80.53100
 42
1.0
  0
SEQEND
  8
PLACEMENT_OUTLINE_BOTTOM
  0
POLYLINE
 5
9EF
  8
PLACEMENT_OUTLINE_BOTTOM
 66
1
 70
1
 40
0.149985
 41
0.149985
  0
VERTEX
 5
9F0
  8
PLACEMENT_OUTLINE_BOTTOM
 10
-39.24499
 20
80.53100
 42
1.0
  0
VERTEX
 5
9F1
  8
PLACEMENT_OUTLINE_BOTTOM
 10
-39.09501
 20
80.53100
 42
1.0
  0
SEQEND
  8
PLACEMENT_OUTLINE_BOTTOM
  0
POLYLINE
 5
9F2
  8
PLACEMENT_OUTLINE_BOTTOM
 66
1
 40
0.299970
 41
0.299970
  0
VERTEX
 5
9F3
  8
PLACEMENT_OUTLINE_BOTTOM
 10
-39.17000
 20
80.53100
  0
VERTEX
 5
9F4
  8
PLACEMENT_OUTLINE_BOTTOM
 10
-39.17000
 20
79.26100
  0
SEQEND
  8
PLACEMENT_OUTLINE_BOTTOM
  0
POLYLINE
 5
9F5
  8
PLACEMENT_OUTLINE_BOTTOM
 66
1
 70
1
 40
0.149985
 41
0.149985
  0
VERTEX
 5
9F6
  8
PLACEMENT_OUTLINE_BOTTOM
 10
-39.24499
 20
80.53100
 42
1.0
  0
VERTEX
 5
9F7
  8
PLACEMENT_OUTLINE_BOTTOM
 10
-39.09501
 20
80.53100
 42
1.0
  0
SEQEND
  8
PLACEMENT_OUTLINE_BOTTOM
  0
POLYLINE
 5
9F8
  8
PLACEMENT_OUTLINE_BOTTOM
 66
1
 70
1
 40
0.149985
 41
0.149985
  0
VERTEX
 5
9F9
  8
PLACEMENT_OUTLINE_BOTTOM
 10
-39.24499
 20
79.26100
 42
1.0
  0
VERTEX
 5
9FA
  8
PLACEMENT_OUTLINE_BOTTOM
 10
-39.09501
 20
79.26100
 42
1.0
  0
SEQEND
  8
PLACEMENT_OUTLINE_BOTTOM
  0
POLYLINE
 5
9FB
  8
PLACEMENT_OUTLINE_BOTTOM
 66
1
 40
0.299970
 41
0.299970
  0
VERTEX
 5
9FC
  8
PLACEMENT_OUTLINE_BOTTOM
 10
-39.17000
 20
79.26100
  0
VERTEX
 5
9FD
  8
PLACEMENT_OUTLINE_BOTTOM
 10
-41.96400
 20
79.26100
  0
SEQEND
  8
PLACEMENT_OUTLINE_BOTTOM
  0
POLYLINE
 5
9FE
  8
PLACEMENT_OUTLINE_BOTTOM
 66
1
 70
1
 40
0.149985
 41
0.149985
  0
VERTEX
 5
9FF
  8
PLACEMENT_OUTLINE_BOTTOM
 10
-39.24499
 20
79.26100
 42
1.0
  0
VERTEX
 5
A00
  8
PLACEMENT_OUTLINE_BOTTOM
 10
-39.09501
 20
79.26100
 42
1.0
  0
SEQEND
  8
PLACEMENT_OUTLINE_BOTTOM
  0
POLYLINE
 5
A01
  8
PLACEMENT_OUTLINE_BOTTOM
 66
1
 70
1
 40
0.149985
 41
0.149985
  0
VERTEX
 5
A02
  8
PLACEMENT_OUTLINE_BOTTOM
 10
-42.03899
 20
79.26100
 42
1.0
  0
VERTEX
 5
A03
  8
PLACEMENT_OUTLINE_BOTTOM
 10
-41.88901
 20
79.26100
 42
1.0
  0
SEQEND
  8
PLACEMENT_OUTLINE_BOTTOM
  0
POLYLINE
 5
A04
  8
PLACEMENT_OUTLINE_BOTTOM
 66
1
 40
0.299970
 41
0.299970
  0
VERTEX
 5
A05
  8
PLACEMENT_OUTLINE_BOTTOM
 10
-41.96400
 20
79.26100
  0
VERTEX
 5
A06
  8
PLACEMENT_OUTLINE_BOTTOM
 10
-41.96400
 20
80.53100
  0
SEQEND
  8
PLACEMENT_OUTLINE_BOTTOM
  0
POLYLINE
 5
A07
  8
PLACEMENT_OUTLINE_BOTTOM
 66
1
 70
1
 40
0.149985
 41
0.149985
  0
VERTEX
 5
A08
  8
PLACEMENT_OUTLINE_BOTTOM
 10
-42.03899
 20
79.26100
 42
1.0
  0
VERTEX
 5
A09
  8
PLACEMENT_OUTLINE_BOTTOM
 10
-41.88901
 20
79.26100
 42
1.0
  0
SEQEND
  8
PLACEMENT_OUTLINE_BOTTOM
  0
POLYLINE
 5
A0A
  8
PLACEMENT_OUTLINE_BOTTOM
 66
1
 70
1
 40
0.149985
 41
0.149985
  0
VERTEX
 5
A0B
  8
PLACEMENT_OUTLINE_BOTTOM
 10
-42.03899
 20
80.53100
 42
1.0
  0
VERTEX
 5
A0C
  8
PLACEMENT_OUTLINE_BOTTOM
 10
-41.88901
 20
80.53100
 42
1.0
  0
SEQEND
  8
PLACEMENT_OUTLINE_BOTTOM
  0
SOLID
 5
A0D
  8
PADLAYER_BOTTOM
 10
-40.26220
 20
79.43880
 11
-39.34780
 21
79.43880
 12
-40.26220
 22
80.35320
 13
-39.34780
 23
80.35320
  0
SOLID
 5
A0E
  8
PADLAYER_BOTTOM
 10
-41.78620
 20
79.43880
 11
-40.87180
 21
79.43880
 12
-41.78620
 22
80.35320
 13
-40.87180
 23
80.35320
  0
POLYLINE
 5
A0F
  8
PLACEMENT_OUTLINE_BOTTOM
 66
1
 40
0.100000
 41
0.100000
  0
VERTEX
 5
A10
  8
PLACEMENT_OUTLINE_BOTTOM
 10
-36.59100
 20
78.49200
  0
VERTEX
 5
A11
  8
PLACEMENT_OUTLINE_BOTTOM
 10
-36.59100
 20
75.69800
  0
SEQEND
  8
PLACEMENT_OUTLINE_BOTTOM
  0
POLYLINE
 5
A12
  8
PLACEMENT_OUTLINE_BOTTOM
 66
1
 70
1
 40
0.050000
 41
0.050000
  0
VERTEX
 5
A13
  8
PLACEMENT_OUTLINE_BOTTOM
 10
-36.61600
 20
78.49200
 42
1.0
  0
VERTEX
 5
A14
  8
PLACEMENT_OUTLINE_BOTTOM
 10
-36.56600
 20
78.49200
 42
1.0
  0
SEQEND
  8
PLACEMENT_OUTLINE_BOTTOM
  0
POLYLINE
 5
A15
  8
PLACEMENT_OUTLINE_BOTTOM
 66
1
 70
1
 40
0.050000
 41
0.050000
  0
VERTEX
 5
A16
  8
PLACEMENT_OUTLINE_BOTTOM
 10
-36.61600
 20
75.69800
 42
1.0
  0
VERTEX
 5
A17
  8
PLACEMENT_OUTLINE_BOTTOM
 10
-36.56600
 20
75.69800
 42
1.0
  0
SEQEND
  8
PLACEMENT_OUTLINE_BOTTOM
  0
POLYLINE
 5
A18
  8
PLACEMENT_OUTLINE_BOTTOM
 66
1
 40
0.100000
 41
0.100000
  0
VERTEX
 5
A19
  8
PLACEMENT_OUTLINE_BOTTOM
 10
-36.59100
 20
75.69800
  0
VERTEX
 5
A1A
  8
PLACEMENT_OUTLINE_BOTTOM
 10
-37.86100
 20
75.69800
  0
SEQEND
  8
PLACEMENT_OUTLINE_BOTTOM
  0
POLYLINE
 5
A1B
  8
PLACEMENT_OUTLINE_BOTTOM
 66
1
 70
1
 40
0.050000
 41
0.050000
  0
VERTEX
 5
A1C
  8
PLACEMENT_OUTLINE_BOTTOM
 10
-36.61600
 20
75.69800
 42
1.0
  0
VERTEX
 5
A1D
  8
PLACEMENT_OUTLINE_BOTTOM
 10
-36.56600
 20
75.69800
 42
1.0
  0
SEQEND
  8
PLACEMENT_OUTLINE_BOTTOM
  0
POLYLINE
 5
A1E
  8
PLACEMENT_OUTLINE_BOTTOM
 66
1
 70
1
 40
0.050000
 41
0.050000
  0
VERTEX
 5
A1F
  8
PLACEMENT_OUTLINE_BOTTOM
 10
-37.88600
 20
75.69800
 42
1.0
  0
VERTEX
 5
A20
  8
PLACEMENT_OUTLINE_BOTTOM
 10
-37.83600
 20
75.69800
 42
1.0
  0
SEQEND
  8
PLACEMENT_OUTLINE_BOTTOM
  0
POLYLINE
 5
A21
  8
PLACEMENT_OUTLINE_BOTTOM
 66
1
 40
0.100000
 41
0.100000
  0
VERTEX
 5
A22
  8
PLACEMENT_OUTLINE_BOTTOM
 10
-37.86100
 20
75.69800
  0
VERTEX
 5
A23
  8
PLACEMENT_OUTLINE_BOTTOM
 10
-37.86100
 20
78.49200
  0
SEQEND
  8
PLACEMENT_OUTLINE_BOTTOM
  0
POLYLINE
 5
A24
  8
PLACEMENT_OUTLINE_BOTTOM
 66
1
 70
1
 40
0.050000
 41
0.050000
  0
VERTEX
 5
A25
  8
PLACEMENT_OUTLINE_BOTTOM
 10
-37.88600
 20
75.69800
 42
1.0
  0
VERTEX
 5
A26
  8
PLACEMENT_OUTLINE_BOTTOM
 10
-37.83600
 20
75.69800
 42
1.0
  0
SEQEND
  8
PLACEMENT_OUTLINE_BOTTOM
  0
POLYLINE
 5
A27
  8
PLACEMENT_OUTLINE_BOTTOM
 66
1
 70
1
 40
0.050000
 41
0.050000
  0
VERTEX
 5
A28
  8
PLACEMENT_OUTLINE_BOTTOM
 10
-37.88600
 20
78.49200
 42
1.0
  0
VERTEX
 5
A29
  8
PLACEMENT_OUTLINE_BOTTOM
 10
-37.83600
 20
78.49200
 42
1.0
  0
SEQEND
  8
PLACEMENT_OUTLINE_BOTTOM
  0
POLYLINE
 5
A2A
  8
PLACEMENT_OUTLINE_BOTTOM
 66
1
 40
0.100000
 41
0.100000
  0
VERTEX
 5
A2B
  8
PLACEMENT_OUTLINE_BOTTOM
 10
-37.86100
 20
78.49200
  0
VERTEX
 5
A2C
  8
PLACEMENT_OUTLINE_BOTTOM
 10
-36.59100
 20
78.49200
  0
SEQEND
  8
PLACEMENT_OUTLINE_BOTTOM
  0
POLYLINE
 5
A2D
  8
PLACEMENT_OUTLINE_BOTTOM
 66
1
 70
1
 40
0.050000
 41
0.050000
  0
VERTEX
 5
A2E
  8
PLACEMENT_OUTLINE_BOTTOM
 10
-37.88600
 20
78.49200
 42
1.0
  0
VERTEX
 5
A2F
  8
PLACEMENT_OUTLINE_BOTTOM
 10
-37.83600
 20
78.49200
 42
1.0
  0
SEQEND
  8
PLACEMENT_OUTLINE_BOTTOM
  0
POLYLINE
 5
A30
  8
PLACEMENT_OUTLINE_BOTTOM
 66
1
 70
1
 40
0.050000
 41
0.050000
  0
VERTEX
 5
A31
  8
PLACEMENT_OUTLINE_BOTTOM
 10
-36.61600
 20
78.49200
 42
1.0
  0
VERTEX
 5
A32
  8
PLACEMENT_OUTLINE_BOTTOM
 10
-36.56600
 20
78.49200
 42
1.0
  0
SEQEND
  8
PLACEMENT_OUTLINE_BOTTOM
  0
SOLID
 5
A33
  8
PADLAYER_BOTTOM
 10
-37.68320
 20
76.79020
 11
-37.68320
 21
75.87580
 12
-36.76880
 22
76.79020
 13
-36.76880
 23
75.87580
  0
SOLID
 5
A34
  8
PADLAYER_BOTTOM
 10
-37.68320
 20
78.31420
 11
-37.68320
 21
77.39980
 12
-36.76880
 22
78.31420
 13
-36.76880
 23
77.39980
  0
POLYLINE
 5
A35
  8
PLACEMENT_OUTLINE_BOTTOM
 66
1
 40
0.299970
 41
0.299970
  0
VERTEX
 5
A36
  8
PLACEMENT_OUTLINE_BOTTOM
 10
-17.77300
 20
11.79500
  0
VERTEX
 5
A37
  8
PLACEMENT_OUTLINE_BOTTOM
 10
-20.56700
 20
11.79500
  0
SEQEND
  8
PLACEMENT_OUTLINE_BOTTOM
  0
POLYLINE
 5
A38
  8
PLACEMENT_OUTLINE_BOTTOM
 66
1
 70
1
 40
0.149985
 41
0.149985
  0
VERTEX
 5
A39
  8
PLACEMENT_OUTLINE_BOTTOM
 10
-17.84799
 20
11.79500
 42
1.0
  0
VERTEX
 5
A3A
  8
PLACEMENT_OUTLINE_BOTTOM
 10
-17.69801
 20
11.79500
 42
1.0
  0
SEQEND
  8
PLACEMENT_OUTLINE_BOTTOM
  0
POLYLINE
 5
A3B
  8
PLACEMENT_OUTLINE_BOTTOM
 66
1
 70
1
 40
0.149985
 41
0.149985
  0
VERTEX
 5
A3C
  8
PLACEMENT_OUTLINE_BOTTOM
 10
-20.64199
 20
11.79500
 42
1.0
  0
VERTEX
 5
A3D
  8
PLACEMENT_OUTLINE_BOTTOM
 10
-20.49201
 20
11.79500
 42
1.0
  0
SEQEND
  8
PLACEMENT_OUTLINE_BOTTOM
  0
POLYLINE
 5
A3E
  8
PLACEMENT_OUTLINE_BOTTOM
 66
1
 40
0.299970
 41
0.299970
  0
VERTEX
 5
A3F
  8
PLACEMENT_OUTLINE_BOTTOM
 10
-20.56700
 20
11.79500
  0
VERTEX
 5
A40
  8
PLACEMENT_OUTLINE_BOTTOM
 10
-20.56700
 20
13.06500
  0
SEQEND
  8
PLACEMENT_OUTLINE_BOTTOM
  0
POLYLINE
 5
A41
  8
PLACEMENT_OUTLINE_BOTTOM
 66
1
 70
1
 40
0.149985
 41
0.149985
  0
VERTEX
 5
A42
  8
PLACEMENT_OUTLINE_BOTTOM
 10
-20.64199
 20
11.79500
 42
1.0
  0
VERTEX
 5
A43
  8
PLACEMENT_OUTLINE_BOTTOM
 10
-20.49201
 20
11.79500
 42
1.0
  0
SEQEND
  8
PLACEMENT_OUTLINE_BOTTOM
  0
POLYLINE
 5
A44
  8
PLACEMENT_OUTLINE_BOTTOM
 66
1
 70
1
 40
0.149985
 41
0.149985
  0
VERTEX
 5
A45
  8
PLACEMENT_OUTLINE_BOTTOM
 10
-20.64199
 20
13.06500
 42
1.0
  0
VERTEX
 5
A46
  8
PLACEMENT_OUTLINE_BOTTOM
 10
-20.49201
 20
13.06500
 42
1.0
  0
SEQEND
  8
PLACEMENT_OUTLINE_BOTTOM
  0
POLYLINE
 5
A47
  8
PLACEMENT_OUTLINE_BOTTOM
 66
1
 40
0.299970
 41
0.299970
  0
VERTEX
 5
A48
  8
PLACEMENT_OUTLINE_BOTTOM
 10
-20.56700
 20
13.06500
  0
VERTEX
 5
A49
  8
PLACEMENT_OUTLINE_BOTTOM
 10
-17.77300
 20
13.06500
  0
SEQEND
  8
PLACEMENT_OUTLINE_BOTTOM
  0
POLYLINE
 5
A4A
  8
PLACEMENT_OUTLINE_BOTTOM
 66
1
 70
1
 40
0.149985
 41
0.149985
  0
VERTEX
 5
A4B
  8
PLACEMENT_OUTLINE_BOTTOM
 10
-20.64199
 20
13.06500
 42
1.0
  0
VERTEX
 5
A4C
  8
PLACEMENT_OUTLINE_BOTTOM
 10
-20.49201
 20
13.06500
 42
1.0
  0
SEQEND
  8
PLACEMENT_OUTLINE_BOTTOM
  0
POLYLINE
 5
A4D
  8
PLACEMENT_OUTLINE_BOTTOM
 66
1
 70
1
 40
0.149985
 41
0.149985
  0
VERTEX
 5
A4E
  8
PLACEMENT_OUTLINE_BOTTOM
 10
-17.84799
 20
13.06500
 42
1.0
  0
VERTEX
 5
A4F
  8
PLACEMENT_OUTLINE_BOTTOM
 10
-17.69801
 20
13.06500
 42
1.0
  0
SEQEND
  8
PLACEMENT_OUTLINE_BOTTOM
  0
POLYLINE
 5
A50
  8
PLACEMENT_OUTLINE_BOTTOM
 66
1
 40
0.299970
 41
0.299970
  0
VERTEX
 5
A51
  8
PLACEMENT_OUTLINE_BOTTOM
 10
-17.77300
 20
13.06500
  0
VERTEX
 5
A52
  8
PLACEMENT_OUTLINE_BOTTOM
 10
-17.77300
 20
11.79500
  0
SEQEND
  8
PLACEMENT_OUTLINE_BOTTOM
  0
POLYLINE
 5
A53
  8
PLACEMENT_OUTLINE_BOTTOM
 66
1
 70
1
 40
0.149985
 41
0.149985
  0
VERTEX
 5
A54
  8
PLACEMENT_OUTLINE_BOTTOM
 10
-17.84799
 20
13.06500
 42
1.0
  0
VERTEX
 5
A55
  8
PLACEMENT_OUTLINE_BOTTOM
 10
-17.69801
 20
13.06500
 42
1.0
  0
SEQEND
  8
PLACEMENT_OUTLINE_BOTTOM
  0
POLYLINE
 5
A56
  8
PLACEMENT_OUTLINE_BOTTOM
 66
1
 70
1
 40
0.149985
 41
0.149985
  0
VERTEX
 5
A57
  8
PLACEMENT_OUTLINE_BOTTOM
 10
-17.84799
 20
11.79500
 42
1.0
  0
VERTEX
 5
A58
  8
PLACEMENT_OUTLINE_BOTTOM
 10
-17.69801
 20
11.79500
 42
1.0
  0
SEQEND
  8
PLACEMENT_OUTLINE_BOTTOM
  0
SOLID
 5
A59
  8
PADLAYER_BOTTOM
 10
-19.47480
 20
12.88720
 11
-20.38920
 21
12.88720
 12
-19.47480
 22
11.97280
 13
-20.38920
 23
11.97280
  0
SOLID
 5
A5A
  8
PADLAYER_BOTTOM
 10
-17.95080
 20
12.88720
 11
-18.86520
 21
12.88720
 12
-17.95080
 22
11.97280
 13
-18.86520
 23
11.97280
  0
POLYLINE
 5
A5B
  8
LAYNR12
 66
1
 40
0.025400
 41
0.025400
  0
VERTEX
 5
A5C
  8
LAYNR12
 10
-3.32490
 20
58.29230
  0
VERTEX
 5
A5D
  8
LAYNR12
 10
-1.11510
 20
58.29230
  0
SEQEND
  8
LAYNR12
  0
POLYLINE
 5
A5E
  8
LAYNR12
 66
1
 70
1
 40
0.012700
 41
0.012700
  0
VERTEX
 5
A5F
  8
LAYNR12
 10
-3.33125
 20
58.29230
 42
1.0
  0
VERTEX
 5
A60
  8
LAYNR12
 10
-3.31855
 20
58.29230
 42
1.0
  0
SEQEND
  8
LAYNR12
  0
POLYLINE
 5
A61
  8
LAYNR12
 66
1
 70
1
 40
0.012700
 41
0.012700
  0
VERTEX
 5
A62
  8
LAYNR12
 10
-1.12145
 20
58.29230
 42
1.0
  0
VERTEX
 5
A63
  8
LAYNR12
 10
-1.10875
 20
58.29230
 42
1.0
  0
SEQEND
  8
LAYNR12
  0
POLYLINE
 5
A64
  8
LAYNR12
 66
1
 40
0.025400
 41
0.025400
  0
VERTEX
 5
A65
  8
LAYNR12
 10
-1.11510
 20
58.29230
  0
VERTEX
 5
A66
  8
LAYNR12
 10
-1.11510
 20
57.79700
  0
SEQEND
  8
LAYNR12
  0
POLYLINE
 5
A67
  8
LAYNR12
 66
1
 70
1
 40
0.012700
 41
0.012700
  0
VERTEX
 5
A68
  8
LAYNR12
 10
-1.12145
 20
58.29230
 42
1.0
  0
VERTEX
 5
A69
  8
LAYNR12
 10
-1.10875
 20
58.29230
 42
1.0
  0
SEQEND
  8
LAYNR12
  0
POLYLINE
 5
A6A
  8
LAYNR12
 66
1
 70
1
 40
0.012700
 41
0.012700
  0
VERTEX
 5
A6B
  8
LAYNR12
 10
-1.12145
 20
57.79700
 42
1.0
  0
VERTEX
 5
A6C
  8
LAYNR12
 10
-1.10875
 20
57.79700
 42
1.0
  0
SEQEND
  8
LAYNR12
  0
POLYLINE
 5
A6D
  8
LAYNR12
 66
1
 40
0.025400
 41
0.025400
  0
VERTEX
 5
A6E
  8
LAYNR12
 10
-1.11510
 20
57.79700
  0
VERTEX
 5
A6F
  8
LAYNR12
 10
-3.32490
 20
57.79700
  0
SEQEND
  8
LAYNR12
  0
POLYLINE
 5
A70
  8
LAYNR12
 66
1
 70
1
 40
0.012700
 41
0.012700
  0
VERTEX
 5
A71
  8
LAYNR12
 10
-1.12145
 20
57.79700
 42
1.0
  0
VERTEX
 5
A72
  8
LAYNR12
 10
-1.10875
 20
57.79700
 42
1.0
  0
SEQEND
  8
LAYNR12
  0
POLYLINE
 5
A73
  8
LAYNR12
 66
1
 70
1
 40
0.012700
 41
0.012700
  0
VERTEX
 5
A74
  8
LAYNR12
 10
-3.33125
 20
57.79700
 42
1.0
  0
VERTEX
 5
A75
  8
LAYNR12
 10
-3.31855
 20
57.79700
 42
1.0
  0
SEQEND
  8
LAYNR12
  0
POLYLINE
 5
A76
  8
LAYNR12
 66
1
 40
0.025400
 41
0.025400
  0
VERTEX
 5
A77
  8
LAYNR12
 10
-3.32490
 20
57.79700
  0
VERTEX
 5
A78
  8
LAYNR12
 10
-3.32490
 20
58.29230
  0
SEQEND
  8
LAYNR12
  0
POLYLINE
 5
A79
  8
LAYNR12
 66
1
 70
1
 40
0.012700
 41
0.012700
  0
VERTEX
 5
A7A
  8
LAYNR12
 10
-3.33125
 20
57.79700
 42
1.0
  0
VERTEX
 5
A7B
  8
LAYNR12
 10
-3.31855
 20
57.79700
 42
1.0
  0
SEQEND
  8
LAYNR12
  0
POLYLINE
 5
A7C
  8
LAYNR12
 66
1
 70
1
 40
0.012700
 41
0.012700
  0
VERTEX
 5
A7D
  8
LAYNR12
 10
-3.33125
 20
58.29230
 42
1.0
  0
VERTEX
 5
A7E
  8
LAYNR12
 10
-3.31855
 20
58.29230
 42
1.0
  0
SEQEND
  8
LAYNR12
  0
POLYLINE
 5
A7F
  8
LAYNR12
 66
1
 40
0.025400
 41
0.025400
  0
VERTEX
 5
A80
  8
LAYNR12
 10
-1.11510
 20
62.88970
  0
VERTEX
 5
A81
  8
LAYNR12
 10
-3.32490
 20
62.88970
  0
SEQEND
  8
LAYNR12
  0
POLYLINE
 5
A82
  8
LAYNR12
 66
1
 70
1
 40
0.012700
 41
0.012700
  0
VERTEX
 5
A83
  8
LAYNR12
 10
-1.12145
 20
62.88970
 42
1.0
  0
VERTEX
 5
A84
  8
LAYNR12
 10
-1.10875
 20
62.88970
 42
1.0
  0
SEQEND
  8
LAYNR12
  0
POLYLINE
 5
A85
  8
LAYNR12
 66
1
 70
1
 40
0.012700
 41
0.012700
  0
VERTEX
 5
A86
  8
LAYNR12
 10
-3.33125
 20
62.88970
 42
1.0
  0
VERTEX
 5
A87
  8
LAYNR12
 10
-3.31855
 20
62.88970
 42
1.0
  0
SEQEND
  8
LAYNR12
  0
POLYLINE
 5
A88
  8
LAYNR12
 66
1
 40
0.025400
 41
0.025400
  0
VERTEX
 5
A89
  8
LAYNR12
 10
-3.32490
 20
62.88970
  0
VERTEX
 5
A8A
  8
LAYNR12
 10
-3.32490
 20
63.38500
  0
SEQEND
  8
LAYNR12
  0
POLYLINE
 5
A8B
  8
LAYNR12
 66
1
 70
1
 40
0.012700
 41
0.012700
  0
VERTEX
 5
A8C
  8
LAYNR12
 10
-3.33125
 20
62.88970
 42
1.0
  0
VERTEX
 5
A8D
  8
LAYNR12
 10
-3.31855
 20
62.88970
 42
1.0
  0
SEQEND
  8
LAYNR12
  0
POLYLINE
 5
A8E
  8
LAYNR12
 66
1
 70
1
 40
0.012700
 41
0.012700
  0
VERTEX
 5
A8F
  8
LAYNR12
 10
-3.33125
 20
63.38500
 42
1.0
  0
VERTEX
 5
A90
  8
LAYNR12
 10
-3.31855
 20
63.38500
 42
1.0
  0
SEQEND
  8
LAYNR12
  0
POLYLINE
 5
A91
  8
LAYNR12
 66
1
 40
0.025400
 41
0.025400
  0
VERTEX
 5
A92
  8
LAYNR12
 10
-3.32490
 20
63.38500
  0
VERTEX
 5
A93
  8
LAYNR12
 10
-1.11510
 20
63.38500
  0
SEQEND
  8
LAYNR12
  0
POLYLINE
 5
A94
  8
LAYNR12
 66
1
 70
1
 40
0.012700
 41
0.012700
  0
VERTEX
 5
A95
  8
LAYNR12
 10
-3.33125
 20
63.38500
 42
1.0
  0
VERTEX
 5
A96
  8
LAYNR12
 10
-3.31855
 20
63.38500
 42
1.0
  0
SEQEND
  8
LAYNR12
  0
POLYLINE
 5
A97
  8
LAYNR12
 66
1
 70
1
 40
0.012700
 41
0.012700
  0
VERTEX
 5
A98
  8
LAYNR12
 10
-1.12145
 20
63.38500
 42
1.0
  0
VERTEX
 5
A99
  8
LAYNR12
 10
-1.10875
 20
63.38500
 42
1.0
  0
SEQEND
  8
LAYNR12
  0
POLYLINE
 5
A9A
  8
LAYNR12
 66
1
 40
0.025400
 41
0.025400
  0
VERTEX
 5
A9B
  8
LAYNR12
 10
-1.11510
 20
63.38500
  0
VERTEX
 5
A9C
  8
LAYNR12
 10
-1.11510
 20
62.88970
  0
SEQEND
  8
LAYNR12
  0
POLYLINE
 5
A9D
  8
LAYNR12
 66
1
 70
1
 40
0.012700
 41
0.012700
  0
VERTEX
 5
A9E
  8
LAYNR12
 10
-1.12145
 20
63.38500
 42
1.0
  0
VERTEX
 5
A9F
  8
LAYNR12
 10
-1.10875
 20
63.38500
 42
1.0
  0
SEQEND
  8
LAYNR12
  0
POLYLINE
 5
AA0
  8
LAYNR12
 66
1
 70
1
 40
0.012700
 41
0.012700
  0
VERTEX
 5
AA1
  8
LAYNR12
 10
-1.12145
 20
62.88970
 42
1.0
  0
VERTEX
 5
AA2
  8
LAYNR12
 10
-1.10875
 20
62.88970
 42
1.0
  0
SEQEND
  8
LAYNR12
  0
POLYLINE
 5
AA3
  8
LAYNR12
 66
1
 40
0.025400
 41
0.025400
  0
VERTEX
 5
AA4
  8
LAYNR12
 10
-2.22000
 20
56.81201
  0
VERTEX
 5
AA5
  8
LAYNR12
 10
-2.22000
 20
55.54201
  0
SEQEND
  8
LAYNR12
  0
POLYLINE
 5
AA6
  8
LAYNR12
 66
1
 70
1
 40
0.012700
 41
0.012700
  0
VERTEX
 5
AA7
  8
LAYNR12
 10
-2.22635
 20
56.81201
 42
1.0
  0
VERTEX
 5
AA8
  8
LAYNR12
 10
-2.21365
 20
56.81201
 42
1.0
  0
SEQEND
  8
LAYNR12
  0
POLYLINE
 5
AA9
  8
LAYNR12
 66
1
 70
1
 40
0.012700
 41
0.012700
  0
VERTEX
 5
AAA
  8
LAYNR12
 10
-2.22635
 20
55.54201
 42
1.0
  0
VERTEX
 5
AAB
  8
LAYNR12
 10
-2.21365
 20
55.54201
 42
1.0
  0
SEQEND
  8
LAYNR12
  0
POLYLINE
 5
AAC
  8
LAYNR12
 66
1
 40
0.025400
 41
0.025400
  0
VERTEX
 5
AAD
  8
LAYNR12
 10
-1.58500
 20
55.79601
  0
VERTEX
 5
AAE
  8
LAYNR12
 10
-2.85500
 20
55.79601
  0
SEQEND
  8
LAYNR12
  0
POLYLINE
 5
AAF
  8
LAYNR12
 66
1
 70
1
 40
0.012700
 41
0.012700
  0
VERTEX
 5
AB0
  8
LAYNR12
 10
-1.59135
 20
55.79601
 42
1.0
  0
VERTEX
 5
AB1
  8
LAYNR12
 10
-1.57865
 20
55.79601
 42
1.0
  0
SEQEND
  8
LAYNR12
  0
POLYLINE
 5
AB2
  8
LAYNR12
 66
1
 70
1
 40
0.012700
 41
0.012700
  0
VERTEX
 5
AB3
  8
LAYNR12
 10
-2.86135
 20
55.79601
 42
1.0
  0
VERTEX
 5
AB4
  8
LAYNR12
 10
-2.84865
 20
55.79601
 42
1.0
  0
SEQEND
  8
LAYNR12
  0
POLYLINE
 5
AB5
  8
LAYNR12
 66
1
 40
0.025400
 41
0.025400
  0
VERTEX
 5
AB6
  8
LAYNR12
 10
-2.22000
 20
55.79601
  0
VERTEX
 5
AB7
  8
LAYNR12
 10
-1.58500
 20
56.55801
  0
SEQEND
  8
LAYNR12
  0
POLYLINE
 5
AB8
  8
LAYNR12
 66
1
 70
1
 40
0.012700
 41
0.012700
  0
VERTEX
 5
AB9
  8
LAYNR12
 10
-2.22635
 20
55.79601
 42
1.0
  0
VERTEX
 5
ABA
  8
LAYNR12
 10
-2.21365
 20
55.79601
 42
1.0
  0
SEQEND
  8
LAYNR12
  0
POLYLINE
 5
ABB
  8
LAYNR12
 66
1
 70
1
 40
0.012700
 41
0.012700
  0
VERTEX
 5
ABC
  8
LAYNR12
 10
-1.59135
 20
56.55801
 42
1.0
  0
VERTEX
 5
ABD
  8
LAYNR12
 10
-1.57865
 20
56.55801
 42
1.0
  0
SEQEND
  8
LAYNR12
  0
POLYLINE
 5
ABE
  8
LAYNR12
 66
1
 40
0.025400
 41
0.025400
  0
VERTEX
 5
ABF
  8
LAYNR12
 10
-2.22000
 20
55.79601
  0
VERTEX
 5
AC0
  8
LAYNR12
 10
-1.71200
 20
56.55801
  0
SEQEND
  8
LAYNR12
  0
POLYLINE
 5
AC1
  8
LAYNR12
 66
1
 70
1
 40
0.012700
 41
0.012700
  0
VERTEX
 5
AC2
  8
LAYNR12
 10
-2.22635
 20
55.79601
 42
1.0
  0
VERTEX
 5
AC3
  8
LAYNR12
 10
-2.21365
 20
55.79601
 42
1.0
  0
SEQEND
  8
LAYNR12
  0
POLYLINE
 5
AC4
  8
LAYNR12
 66
1
 70
1
 40
0.012700
 41
0.012700
  0
VERTEX
 5
AC5
  8
LAYNR12
 10
-1.71835
 20
56.55801
 42
1.0
  0
VERTEX
 5
AC6
  8
LAYNR12
 10
-1.70565
 20
56.55801
 42
1.0
  0
SEQEND
  8
LAYNR12
  0
POLYLINE
 5
AC7
  8
LAYNR12
 66
1
 40
0.025400
 41
0.025400
  0
VERTEX
 5
AC8
  8
LAYNR12
 10
-2.22000
 20
55.79601
  0
VERTEX
 5
AC9
  8
LAYNR12
 10
-1.83900
 20
56.55801
  0
SEQEND
  8
LAYNR12
  0
POLYLINE
 5
ACA
  8
LAYNR12
 66
1
 70
1
 40
0.012700
 41
0.012700
  0
VERTEX
 5
ACB
  8
LAYNR12
 10
-2.22635
 20
55.79601
 42
1.0
  0
VERTEX
 5
ACC
  8
LAYNR12
 10
-2.21365
 20
55.79601
 42
1.0
  0
SEQEND
  8
LAYNR12
  0
POLYLINE
 5
ACD
  8
LAYNR12
 66
1
 70
1
 40
0.012700
 41
0.012700
  0
VERTEX
 5
ACE
  8
LAYNR12
 10
-1.84535
 20
56.55801
 42
1.0
  0
VERTEX
 5
ACF
  8
LAYNR12
 10
-1.83265
 20
56.55801
 42
1.0
  0
SEQEND
  8
LAYNR12
  0
POLYLINE
 5
AD0
  8
LAYNR12
 66
1
 40
0.025400
 41
0.025400
  0
VERTEX
 5
AD1
  8
LAYNR12
 10
-2.22000
 20
55.79601
  0
VERTEX
 5
AD2
  8
LAYNR12
 10
-1.96600
 20
56.55801
  0
SEQEND
  8
LAYNR12
  0
POLYLINE
 5
AD3
  8
LAYNR12
 66
1
 70
1
 40
0.012700
 41
0.012700
  0
VERTEX
 5
AD4
  8
LAYNR12
 10
-2.22635
 20
55.79601
 42
1.0
  0
VERTEX
 5
AD5
  8
LAYNR12
 10
-2.21365
 20
55.79601
 42
1.0
  0
SEQEND
  8
LAYNR12
  0
POLYLINE
 5
AD6
  8
LAYNR12
 66
1
 70
1
 40
0.012700
 41
0.012700
  0
VERTEX
 5
AD7
  8
LAYNR12
 10
-1.97235
 20
56.55801
 42
1.0
  0
VERTEX
 5
AD8
  8
LAYNR12
 10
-1.95965
 20
56.55801
 42
1.0
  0
SEQEND
  8
LAYNR12
  0
POLYLINE
 5
AD9
  8
LAYNR12
 66
1
 40
0.025400
 41
0.025400
  0
VERTEX
 5
ADA
  8
LAYNR12
 10
-2.22000
 20
55.79601
  0
VERTEX
 5
ADB
  8
LAYNR12
 10
-2.09300
 20
56.55801
  0
SEQEND
  8
LAYNR12
  0
POLYLINE
 5
ADC
  8
LAYNR12
 66
1
 70
1
 40
0.012700
 41
0.012700
  0
VERTEX
 5
ADD
  8
LAYNR12
 10
-2.22635
 20
55.79601
 42
1.0
  0
VERTEX
 5
ADE
  8
LAYNR12
 10
-2.21365
 20
55.79601
 42
1.0
  0
SEQEND
  8
LAYNR12
  0
POLYLINE
 5
ADF
  8
LAYNR12
 66
1
 70
1
 40
0.012700
 41
0.012700
  0
VERTEX
 5
AE0
  8
LAYNR12
 10
-2.09935
 20
56.55801
 42
1.0
  0
VERTEX
 5
AE1
  8
LAYNR12
 10
-2.08665
 20
56.55801
 42
1.0
  0
SEQEND
  8
LAYNR12
  0
POLYLINE
 5
AE2
  8
LAYNR12
 66
1
 40
0.025400
 41
0.025400
  0
VERTEX
 5
AE3
  8
LAYNR12
 10
-2.22000
 20
55.79601
  0
VERTEX
 5
AE4
  8
LAYNR12
 10
-2.85500
 20
56.55801
  0
SEQEND
  8
LAYNR12
  0
POLYLINE
 5
AE5
  8
LAYNR12
 66
1
 70
1
 40
0.012700
 41
0.012700
  0
VERTEX
 5
AE6
  8
LAYNR12
 10
-2.22635
 20
55.79601
 42
1.0
  0
VERTEX
 5
AE7
  8
LAYNR12
 10
-2.21365
 20
55.79601
 42
1.0
  0
SEQEND
  8
LAYNR12
  0
POLYLINE
 5
AE8
  8
LAYNR12
 66
1
 70
1
 40
0.012700
 41
0.012700
  0
VERTEX
 5
AE9
  8
LAYNR12
 10
-2.86135
 20
56.55801
 42
1.0
  0
VERTEX
 5
AEA
  8
LAYNR12
 10
-2.84865
 20
56.55801
 42
1.0
  0
SEQEND
  8
LAYNR12
  0
POLYLINE
 5
AEB
  8
LAYNR12
 66
1
 40
0.025400
 41
0.025400
  0
VERTEX
 5
AEC
  8
LAYNR12
 10
-2.22000
 20
55.79601
  0
VERTEX
 5
AED
  8
LAYNR12
 10
-2.72800
 20
56.55801
  0
SEQEND
  8
LAYNR12
  0
POLYLINE
 5
AEE
  8
LAYNR12
 66
1
 70
1
 40
0.012700
 41
0.012700
  0
VERTEX
 5
AEF
  8
LAYNR12
 10
-2.22635
 20
55.79601
 42
1.0
  0
VERTEX
 5
AF0
  8
LAYNR12
 10
-2.21365
 20
55.79601
 42
1.0
  0
SEQEND
  8
LAYNR12
  0
POLYLINE
 5
AF1
  8
LAYNR12
 66
1
 70
1
 40
0.012700
 41
0.012700
  0
VERTEX
 5
AF2
  8
LAYNR12
 10
-2.73435
 20
56.55801
 42
1.0
  0
VERTEX
 5
AF3
  8
LAYNR12
 10
-2.72165
 20
56.55801
 42
1.0
  0
SEQEND
  8
LAYNR12
  0
POLYLINE
 5
AF4
  8
LAYNR12
 66
1
 40
0.025400
 41
0.025400
  0
VERTEX
 5
AF5
  8
LAYNR12
 10
-2.22000
 20
55.79601
  0
VERTEX
 5
AF6
  8
LAYNR12
 10
-2.60100
 20
56.55801
  0
SEQEND
  8
LAYNR12
  0
POLYLINE
 5
AF7
  8
LAYNR12
 66
1
 70
1
 40
0.012700
 41
0.012700
  0
VERTEX
 5
AF8
  8
LAYNR12
 10
-2.22635
 20
55.79601
 42
1.0
  0
VERTEX
 5
AF9
  8
LAYNR12
 10
-2.21365
 20
55.79601
 42
1.0
  0
SEQEND
  8
LAYNR12
  0
POLYLINE
 5
AFA
  8
LAYNR12
 66
1
 70
1
 40
0.012700
 41
0.012700
  0
VERTEX
 5
AFB
  8
LAYNR12
 10
-2.60735
 20
56.55801
 42
1.0
  0
VERTEX
 5
AFC
  8
LAYNR12
 10
-2.59465
 20
56.55801
 42
1.0
  0
SEQEND
  8
LAYNR12
  0
POLYLINE
 5
AFD
  8
LAYNR12
 66
1
 40
0.025400
 41
0.025400
  0
VERTEX
 5
AFE
  8
LAYNR12
 10
-2.22000
 20
55.79601
  0
VERTEX
 5
AFF
  8
LAYNR12
 10
-2.47400
 20
56.55801
  0
SEQEND
  8
LAYNR12
  0
POLYLINE
 5
B00
  8
LAYNR12
 66
1
 70
1
 40
0.012700
 41
0.012700
  0
VERTEX
 5
B01
  8
LAYNR12
 10
-2.22635
 20
55.79601
 42
1.0
  0
VERTEX
 5
B02
  8
LAYNR12
 10
-2.21365
 20
55.79601
 42
1.0
  0
SEQEND
  8
LAYNR12
  0
POLYLINE
 5
B03
  8
LAYNR12
 66
1
 70
1
 40
0.012700
 41
0.012700
  0
VERTEX
 5
B04
  8
LAYNR12
 10
-2.48035
 20
56.55801
 42
1.0
  0
VERTEX
 5
B05
  8
LAYNR12
 10
-2.46765
 20
56.55801
 42
1.0
  0
SEQEND
  8
LAYNR12
  0
POLYLINE
 5
B06
  8
LAYNR12
 66
1
 40
0.025400
 41
0.025400
  0
VERTEX
 5
B07
  8
LAYNR12
 10
-2.22000
 20
55.79601
  0
VERTEX
 5
B08
  8
LAYNR12
 10
-2.34700
 20
56.55801
  0
SEQEND
  8
LAYNR12
  0
POLYLINE
 5
B09
  8
LAYNR12
 66
1
 70
1
 40
0.012700
 41
0.012700
  0
VERTEX
 5
B0A
  8
LAYNR12
 10
-2.22635
 20
55.79601
 42
1.0
  0
VERTEX
 5
B0B
  8
LAYNR12
 10
-2.21365
 20
55.79601
 42
1.0
  0
SEQEND
  8
LAYNR12
  0
POLYLINE
 5
B0C
  8
LAYNR12
 66
1
 70
1
 40
0.012700
 41
0.012700
  0
VERTEX
 5
B0D
  8
LAYNR12
 10
-2.35335
 20
56.55801
 42
1.0
  0
VERTEX
 5
B0E
  8
LAYNR12
 10
-2.34065
 20
56.55801
 42
1.0
  0
SEQEND
  8
LAYNR12
  0
POLYLINE
 5
B0F
  8
LAYNR12
 66
1
 40
0.025400
 41
0.025400
  0
VERTEX
 5
B10
  8
LAYNR12
 10
-1.58500
 20
56.55801
  0
VERTEX
 5
B11
  8
LAYNR12
 10
-2.85500
 20
56.55801
  0
SEQEND
  8
LAYNR12
  0
POLYLINE
 5
B12
  8
LAYNR12
 66
1
 70
1
 40
0.012700
 41
0.012700
  0
VERTEX
 5
B13
  8
LAYNR12
 10
-1.59135
 20
56.55801
 42
1.0
  0
VERTEX
 5
B14
  8
LAYNR12
 10
-1.57865
 20
56.55801
 42
1.0
  0
SEQEND
  8
LAYNR12
  0
POLYLINE
 5
B15
  8
LAYNR12
 66
1
 70
1
 40
0.012700
 41
0.012700
  0
VERTEX
 5
B16
  8
LAYNR12
 10
-2.86135
 20
56.55801
 42
1.0
  0
VERTEX
 5
B17
  8
LAYNR12
 10
-2.84865
 20
56.55801
 42
1.0
  0
SEQEND
  8
LAYNR12
  0
POLYLINE
 5
B18
  8
LAYNR12
 66
1
 40
0.025400
 41
0.025400
  0
VERTEX
 5
B19
  8
LAYNR12
 10
-1.22940
 20
58.29230
  0
VERTEX
 5
B1A
  8
LAYNR12
 10
-0.23880
 20
59.28290
  0
SEQEND
  8
LAYNR12
  0
POLYLINE
 5
B1B
  8
LAYNR12
 66
1
 70
1
 40
0.012700
 41
0.012700
  0
VERTEX
 5
B1C
  8
LAYNR12
 10
-1.23575
 20
58.29230
 42
1.0
  0
VERTEX
 5
B1D
  8
LAYNR12
 10
-1.22305
 20
58.29230
 42
1.0
  0
SEQEND
  8
LAYNR12
  0
POLYLINE
 5
B1E
  8
LAYNR12
 66
1
 70
1
 40
0.012700
 41
0.012700
  0
VERTEX
 5
B1F
  8
LAYNR12
 10
-0.24515
 20
59.28290
 42
1.0
  0
VERTEX
 5
B20
  8
LAYNR12
 10
-0.23245
 20
59.28290
 42
1.0
  0
SEQEND
  8
LAYNR12
  0
POLYLINE
 5
B21
  8
LAYNR12
 66
1
 40
0.025400
 41
0.025400
  0
VERTEX
 5
B22
  8
LAYNR12
 10
-3.21060
 20
58.29230
  0
VERTEX
 5
B23
  8
LAYNR12
 10
-4.20120
 20
59.28290
  0
SEQEND
  8
LAYNR12
  0
POLYLINE
 5
B24
  8
LAYNR12
 66
1
 70
1
 40
0.012700
 41
0.012700
  0
VERTEX
 5
B25
  8
LAYNR12
 10
-3.21695
 20
58.29230
 42
1.0
  0
VERTEX
 5
B26
  8
LAYNR12
 10
-3.20425
 20
58.29230
 42
1.0
  0
SEQEND
  8
LAYNR12
  0
POLYLINE
 5
B27
  8
LAYNR12
 66
1
 70
1
 40
0.012700
 41
0.012700
  0
VERTEX
 5
B28
  8
LAYNR12
 10
-4.20755
 20
59.28290
 42
1.0
  0
VERTEX
 5
B29
  8
LAYNR12
 10
-4.19485
 20
59.28290
 42
1.0
  0
SEQEND
  8
LAYNR12
  0
POLYLINE
 5
B2A
  8
LAYNR12
 66
1
 40
0.025400
 41
0.025400
  0
VERTEX
 5
B2B
  8
LAYNR12
 10
-4.20120
 20
58.29230
  0
VERTEX
 5
B2C
  8
LAYNR12
 10
-4.20120
 20
62.88970
  0
SEQEND
  8
LAYNR12
  0
POLYLINE
 5
B2D
  8
LAYNR12
 66
1
 70
1
 40
0.012700
 41
0.012700
  0
VERTEX
 5
B2E
  8
LAYNR12
 10
-4.20755
 20
58.29230
 42
1.0
  0
VERTEX
 5
B2F
  8
LAYNR12
 10
-4.19485
 20
58.29230
 42
1.0
  0
SEQEND
  8
LAYNR12
  0
POLYLINE
 5
B30
  8
LAYNR12
 66
1
 70
1
 40
0.012700
 41
0.012700
  0
VERTEX
 5
B31
  8
LAYNR12
 10
-4.20755
 20
62.88970
 42
1.0
  0
VERTEX
 5
B32
  8
LAYNR12
 10
-4.19485
 20
62.88970
 42
1.0
  0
SEQEND
  8
LAYNR12
  0
POLYLINE
 5
B33
  8
LAYNR12
 66
1
 40
0.025400
 41
0.025400
  0
VERTEX
 5
B34
  8
LAYNR12
 10
-4.20120
 20
62.88970
  0
VERTEX
 5
B35
  8
LAYNR12
 10
-0.23880
 20
62.88970
  0
SEQEND
  8
LAYNR12
  0
POLYLINE
 5
B36
  8
LAYNR12
 66
1
 70
1
 40
0.012700
 41
0.012700
  0
VERTEX
 5
B37
  8
LAYNR12
 10
-4.20755
 20
62.88970
 42
1.0
  0
VERTEX
 5
B38
  8
LAYNR12
 10
-4.19485
 20
62.88970
 42
1.0
  0
SEQEND
  8
LAYNR12
  0
POLYLINE
 5
B39
  8
LAYNR12
 66
1
 70
1
 40
0.012700
 41
0.012700
  0
VERTEX
 5
B3A
  8
LAYNR12
 10
-0.24515
 20
62.88970
 42
1.0
  0
VERTEX
 5
B3B
  8
LAYNR12
 10
-0.23245
 20
62.88970
 42
1.0
  0
SEQEND
  8
LAYNR12
  0
POLYLINE
 5
B3C
  8
LAYNR12
 66
1
 40
0.025400
 41
0.025400
  0
VERTEX
 5
B3D
  8
LAYNR12
 10
-0.23880
 20
62.88970
  0
VERTEX
 5
B3E
  8
LAYNR12
 10
-0.23880
 20
58.29230
  0
SEQEND
  8
LAYNR12
  0
POLYLINE
 5
B3F
  8
LAYNR12
 66
1
 70
1
 40
0.012700
 41
0.012700
  0
VERTEX
 5
B40
  8
LAYNR12
 10
-0.24515
 20
62.88970
 42
1.0
  0
VERTEX
 5
B41
  8
LAYNR12
 10
-0.23245
 20
62.88970
 42
1.0
  0
SEQEND
  8
LAYNR12
  0
POLYLINE
 5
B42
  8
LAYNR12
 66
1
 70
1
 40
0.012700
 41
0.012700
  0
VERTEX
 5
B43
  8
LAYNR12
 10
-0.24515
 20
58.29230
 42
1.0
  0
VERTEX
 5
B44
  8
LAYNR12
 10
-0.23245
 20
58.29230
 42
1.0
  0
SEQEND
  8
LAYNR12
  0
POLYLINE
 5
B45
  8
LAYNR12
 66
1
 40
0.025400
 41
0.025400
  0
VERTEX
 5
B46
  8
LAYNR12
 10
-0.23880
 20
58.29230
  0
VERTEX
 5
B47
  8
LAYNR12
 10
-4.20120
 20
58.29230
  0
SEQEND
  8
LAYNR12
  0
POLYLINE
 5
B48
  8
LAYNR12
 66
1
 70
1
 40
0.012700
 41
0.012700
  0
VERTEX
 5
B49
  8
LAYNR12
 10
-0.24515
 20
58.29230
 42
1.0
  0
VERTEX
 5
B4A
  8
LAYNR12
 10
-0.23245
 20
58.29230
 42
1.0
  0
SEQEND
  8
LAYNR12
  0
POLYLINE
 5
B4B
  8
LAYNR12
 66
1
 70
1
 40
0.012700
 41
0.012700
  0
VERTEX
 5
B4C
  8
LAYNR12
 10
-4.20755
 20
58.29230
 42
1.0
  0
VERTEX
 5
B4D
  8
LAYNR12
 10
-4.19485
 20
58.29230
 42
1.0
  0
SEQEND
  8
LAYNR12
  0
POLYLINE
 5
B4E
  8
PLACEMENT_OUTLINE_BOTTOM
 66
1
 40
0.100000
 41
0.100000
  0
VERTEX
 5
B4F
  8
PLACEMENT_OUTLINE_BOTTOM
 10
-3.60389
 20
57.19301
  0
VERTEX
 5
B50
  8
PLACEMENT_OUTLINE_BOTTOM
 10
-0.83611
 20
57.19301
  0
SEQEND
  8
PLACEMENT_OUTLINE_BOTTOM
  0
POLYLINE
 5
B51
  8
PLACEMENT_OUTLINE_BOTTOM
 66
1
 70
1
 40
0.050000
 41
0.050000
  0
VERTEX
 5
B52
  8
PLACEMENT_OUTLINE_BOTTOM
 10
-3.62889
 20
57.19301
 42
1.0
  0
VERTEX
 5
B53
  8
PLACEMENT_OUTLINE_BOTTOM
 10
-3.57889
 20
57.19301
 42
1.0
  0
SEQEND
  8
PLACEMENT_OUTLINE_BOTTOM
  0
POLYLINE
 5
B54
  8
PLACEMENT_OUTLINE_BOTTOM
 66
1
 70
1
 40
0.050000
 41
0.050000
  0
VERTEX
 5
B55
  8
PLACEMENT_OUTLINE_BOTTOM
 10
-0.86111
 20
57.19301
 42
1.0
  0
VERTEX
 5
B56
  8
PLACEMENT_OUTLINE_BOTTOM
 10
-0.81111
 20
57.19301
 42
1.0
  0
SEQEND
  8
PLACEMENT_OUTLINE_BOTTOM
  0
POLYLINE
 5
B57
  8
PLACEMENT_OUTLINE_BOTTOM
 66
1
 40
0.100000
 41
0.100000
  0
VERTEX
 5
B58
  8
PLACEMENT_OUTLINE_BOTTOM
 10
-0.83611
 20
57.19301
  0
VERTEX
 5
B59
  8
PLACEMENT_OUTLINE_BOTTOM
 10
-0.83611
 20
58.03830
  0
SEQEND
  8
PLACEMENT_OUTLINE_BOTTOM
  0
POLYLINE
 5
B5A
  8
PLACEMENT_OUTLINE_BOTTOM
 66
1
 70
1
 40
0.050000
 41
0.050000
  0
VERTEX
 5
B5B
  8
PLACEMENT_OUTLINE_BOTTOM
 10
-0.86111
 20
57.19301
 42
1.0
  0
VERTEX
 5
B5C
  8
PLACEMENT_OUTLINE_BOTTOM
 10
-0.81111
 20
57.19301
 42
1.0
  0
SEQEND
  8
PLACEMENT_OUTLINE_BOTTOM
  0
POLYLINE
 5
B5D
  8
PLACEMENT_OUTLINE_BOTTOM
 66
1
 70
1
 40
0.050000
 41
0.050000
  0
VERTEX
 5
B5E
  8
PLACEMENT_OUTLINE_BOTTOM
 10
-0.86111
 20
58.03830
 42
1.0
  0
VERTEX
 5
B5F
  8
PLACEMENT_OUTLINE_BOTTOM
 10
-0.81111
 20
58.03830
 42
1.0
  0
SEQEND
  8
PLACEMENT_OUTLINE_BOTTOM
  0
POLYLINE
 5
B60
  8
PLACEMENT_OUTLINE_BOTTOM
 66
1
 40
0.100000
 41
0.100000
  0
VERTEX
 5
B61
  8
PLACEMENT_OUTLINE_BOTTOM
 10
-0.83611
 20
58.03830
  0
VERTEX
 5
B62
  8
PLACEMENT_OUTLINE_BOTTOM
 10
0.01520
 20
58.03830
  0
SEQEND
  8
PLACEMENT_OUTLINE_BOTTOM
  0
POLYLINE
 5
B63
  8
PLACEMENT_OUTLINE_BOTTOM
 66
1
 70
1
 40
0.050000
 41
0.050000
  0
VERTEX
 5
B64
  8
PLACEMENT_OUTLINE_BOTTOM
 10
-0.86111
 20
58.03830
 42
1.0
  0
VERTEX
 5
B65
  8
PLACEMENT_OUTLINE_BOTTOM
 10
-0.81111
 20
58.03830
 42
1.0
  0
SEQEND
  8
PLACEMENT_OUTLINE_BOTTOM
  0
POLYLINE
 5
B66
  8
PLACEMENT_OUTLINE_BOTTOM
 66
1
 70
1
 40
0.050000
 41
0.050000
  0
VERTEX
 5
B67
  8
PLACEMENT_OUTLINE_BOTTOM
 10
-0.00980
 20
58.03830
 42
1.0
  0
VERTEX
 5
B68
  8
PLACEMENT_OUTLINE_BOTTOM
 10
0.04020
 20
58.03830
 42
1.0
  0
SEQEND
  8
PLACEMENT_OUTLINE_BOTTOM
  0
POLYLINE
 5
B69
  8
PLACEMENT_OUTLINE_BOTTOM
 66
1
 40
0.100000
 41
0.100000
  0
VERTEX
 5
B6A
  8
PLACEMENT_OUTLINE_BOTTOM
 10
0.01520
 20
58.03830
  0
VERTEX
 5
B6B
  8
PLACEMENT_OUTLINE_BOTTOM
 10
0.01520
 20
63.14370
  0
SEQEND
  8
PLACEMENT_OUTLINE_BOTTOM
  0
POLYLINE
 5
B6C
  8
PLACEMENT_OUTLINE_BOTTOM
 66
1
 70
1
 40
0.050000
 41
0.050000
  0
VERTEX
 5
B6D
  8
PLACEMENT_OUTLINE_BOTTOM
 10
-0.00980
 20
58.03830
 42
1.0
  0
VERTEX
 5
B6E
  8
PLACEMENT_OUTLINE_BOTTOM
 10
0.04020
 20
58.03830
 42
1.0
  0
SEQEND
  8
PLACEMENT_OUTLINE_BOTTOM
  0
POLYLINE
 5
B6F
  8
PLACEMENT_OUTLINE_BOTTOM
 66
1
 70
1
 40
0.050000
 41
0.050000
  0
VERTEX
 5
B70
  8
PLACEMENT_OUTLINE_BOTTOM
 10
-0.00980
 20
63.14370
 42
1.0
  0
VERTEX
 5
B71
  8
PLACEMENT_OUTLINE_BOTTOM
 10
0.04020
 20
63.14370
 42
1.0
  0
SEQEND
  8
PLACEMENT_OUTLINE_BOTTOM
  0
POLYLINE
 5
B72
  8
PLACEMENT_OUTLINE_BOTTOM
 66
1
 40
0.100000
 41
0.100000
  0
VERTEX
 5
B73
  8
PLACEMENT_OUTLINE_BOTTOM
 10
0.01520
 20
63.14370
  0
VERTEX
 5
B74
  8
PLACEMENT_OUTLINE_BOTTOM
 10
-0.83611
 20
63.14370
  0
SEQEND
  8
PLACEMENT_OUTLINE_BOTTOM
  0
POLYLINE
 5
B75
  8
PLACEMENT_OUTLINE_BOTTOM
 66
1
 70
1
 40
0.050000
 41
0.050000
  0
VERTEX
 5
B76
  8
PLACEMENT_OUTLINE_BOTTOM
 10
-0.00980
 20
63.14370
 42
1.0
  0
VERTEX
 5
B77
  8
PLACEMENT_OUTLINE_BOTTOM
 10
0.04020
 20
63.14370
 42
1.0
  0
SEQEND
  8
PLACEMENT_OUTLINE_BOTTOM
  0
POLYLINE
 5
B78
  8
PLACEMENT_OUTLINE_BOTTOM
 66
1
 70
1
 40
0.050000
 41
0.050000
  0
VERTEX
 5
B79
  8
PLACEMENT_OUTLINE_BOTTOM
 10
-0.86111
 20
63.14370
 42
1.0
  0
VERTEX
 5
B7A
  8
PLACEMENT_OUTLINE_BOTTOM
 10
-0.81111
 20
63.14370
 42
1.0
  0
SEQEND
  8
PLACEMENT_OUTLINE_BOTTOM
  0
POLYLINE
 5
B7B
  8
PLACEMENT_OUTLINE_BOTTOM
 66
1
 40
0.100000
 41
0.100000
  0
VERTEX
 5
B7C
  8
PLACEMENT_OUTLINE_BOTTOM
 10
-0.83611
 20
63.14370
  0
VERTEX
 5
B7D
  8
PLACEMENT_OUTLINE_BOTTOM
 10
-0.83611
 20
63.98899
  0
SEQEND
  8
PLACEMENT_OUTLINE_BOTTOM
  0
POLYLINE
 5
B7E
  8
PLACEMENT_OUTLINE_BOTTOM
 66
1
 70
1
 40
0.050000
 41
0.050000
  0
VERTEX
 5
B7F
  8
PLACEMENT_OUTLINE_BOTTOM
 10
-0.86111
 20
63.14370
 42
1.0
  0
VERTEX
 5
B80
  8
PLACEMENT_OUTLINE_BOTTOM
 10
-0.81111
 20
63.14370
 42
1.0
  0
SEQEND
  8
PLACEMENT_OUTLINE_BOTTOM
  0
POLYLINE
 5
B81
  8
PLACEMENT_OUTLINE_BOTTOM
 66
1
 70
1
 40
0.050000
 41
0.050000
  0
VERTEX
 5
B82
  8
PLACEMENT_OUTLINE_BOTTOM
 10
-0.86111
 20
63.98899
 42
1.0
  0
VERTEX
 5
B83
  8
PLACEMENT_OUTLINE_BOTTOM
 10
-0.81111
 20
63.98899
 42
1.0
  0
SEQEND
  8
PLACEMENT_OUTLINE_BOTTOM
  0
POLYLINE
 5
B84
  8
PLACEMENT_OUTLINE_BOTTOM
 66
1
 40
0.100000
 41
0.100000
  0
VERTEX
 5
B85
  8
PLACEMENT_OUTLINE_BOTTOM
 10
-0.83611
 20
63.98899
  0
VERTEX
 5
B86
  8
PLACEMENT_OUTLINE_BOTTOM
 10
-3.60389
 20
63.98899
  0
SEQEND
  8
PLACEMENT_OUTLINE_BOTTOM
  0
POLYLINE
 5
B87
  8
PLACEMENT_OUTLINE_BOTTOM
 66
1
 70
1
 40
0.050000
 41
0.050000
  0
VERTEX
 5
B88
  8
PLACEMENT_OUTLINE_BOTTOM
 10
-0.86111
 20
63.98899
 42
1.0
  0
VERTEX
 5
B89
  8
PLACEMENT_OUTLINE_BOTTOM
 10
-0.81111
 20
63.98899
 42
1.0
  0
SEQEND
  8
PLACEMENT_OUTLINE_BOTTOM
  0
POLYLINE
 5
B8A
  8
PLACEMENT_OUTLINE_BOTTOM
 66
1
 70
1
 40
0.050000
 41
0.050000
  0
VERTEX
 5
B8B
  8
PLACEMENT_OUTLINE_BOTTOM
 10
-3.62889
 20
63.98899
 42
1.0
  0
VERTEX
 5
B8C
  8
PLACEMENT_OUTLINE_BOTTOM
 10
-3.57889
 20
63.98899
 42
1.0
  0
SEQEND
  8
PLACEMENT_OUTLINE_BOTTOM
  0
POLYLINE
 5
B8D
  8
PLACEMENT_OUTLINE_BOTTOM
 66
1
 40
0.100000
 41
0.100000
  0
VERTEX
 5
B8E
  8
PLACEMENT_OUTLINE_BOTTOM
 10
-3.60389
 20
63.98899
  0
VERTEX
 5
B8F
  8
PLACEMENT_OUTLINE_BOTTOM
 10
-3.60389
 20
63.14370
  0
SEQEND
  8
PLACEMENT_OUTLINE_BOTTOM
  0
POLYLINE
 5
B90
  8
PLACEMENT_OUTLINE_BOTTOM
 66
1
 70
1
 40
0.050000
 41
0.050000
  0
VERTEX
 5
B91
  8
PLACEMENT_OUTLINE_BOTTOM
 10
-3.62889
 20
63.98899
 42
1.0
  0
VERTEX
 5
B92
  8
PLACEMENT_OUTLINE_BOTTOM
 10
-3.57889
 20
63.98899
 42
1.0
  0
SEQEND
  8
PLACEMENT_OUTLINE_BOTTOM
  0
POLYLINE
 5
B93
  8
PLACEMENT_OUTLINE_BOTTOM
 66
1
 70
1
 40
0.050000
 41
0.050000
  0
VERTEX
 5
B94
  8
PLACEMENT_OUTLINE_BOTTOM
 10
-3.62889
 20
63.14370
 42
1.0
  0
VERTEX
 5
B95
  8
PLACEMENT_OUTLINE_BOTTOM
 10
-3.57889
 20
63.14370
 42
1.0
  0
SEQEND
  8
PLACEMENT_OUTLINE_BOTTOM
  0
POLYLINE
 5
B96
  8
PLACEMENT_OUTLINE_BOTTOM
 66
1
 40
0.100000
 41
0.100000
  0
VERTEX
 5
B97
  8
PLACEMENT_OUTLINE_BOTTOM
 10
-3.60389
 20
63.14370
  0
VERTEX
 5
B98
  8
PLACEMENT_OUTLINE_BOTTOM
 10
-4.45520
 20
63.14370
  0
SEQEND
  8
PLACEMENT_OUTLINE_BOTTOM
  0
POLYLINE
 5
B99
  8
PLACEMENT_OUTLINE_BOTTOM
 66
1
 70
1
 40
0.050000
 41
0.050000
  0
VERTEX
 5
B9A
  8
PLACEMENT_OUTLINE_BOTTOM
 10
-3.62889
 20
63.14370
 42
1.0
  0
VERTEX
 5
B9B
  8
PLACEMENT_OUTLINE_BOTTOM
 10
-3.57889
 20
63.14370
 42
1.0
  0
SEQEND
  8
PLACEMENT_OUTLINE_BOTTOM
  0
POLYLINE
 5
B9C
  8
PLACEMENT_OUTLINE_BOTTOM
 66
1
 70
1
 40
0.050000
 41
0.050000
  0
VERTEX
 5
B9D
  8
PLACEMENT_OUTLINE_BOTTOM
 10
-4.48020
 20
63.14370
 42
1.0
  0
VERTEX
 5
B9E
  8
PLACEMENT_OUTLINE_BOTTOM
 10
-4.43020
 20
63.14370
 42
1.0
  0
SEQEND
  8
PLACEMENT_OUTLINE_BOTTOM
  0
POLYLINE
 5
B9F
  8
PLACEMENT_OUTLINE_BOTTOM
 66
1
 40
0.100000
 41
0.100000
  0
VERTEX
 5
BA0
  8
PLACEMENT_OUTLINE_BOTTOM
 10
-4.45520
 20
63.14370
  0
VERTEX
 5
BA1
  8
PLACEMENT_OUTLINE_BOTTOM
 10
-4.45520
 20
58.03830
  0
SEQEND
  8
PLACEMENT_OUTLINE_BOTTOM
  0
POLYLINE
 5
BA2
  8
PLACEMENT_OUTLINE_BOTTOM
 66
1
 70
1
 40
0.050000
 41
0.050000
  0
VERTEX
 5
BA3
  8
PLACEMENT_OUTLINE_BOTTOM
 10
-4.48020
 20
63.14370
 42
1.0
  0
VERTEX
 5
BA4
  8
PLACEMENT_OUTLINE_BOTTOM
 10
-4.43020
 20
63.14370
 42
1.0
  0
SEQEND
  8
PLACEMENT_OUTLINE_BOTTOM
  0
POLYLINE
 5
BA5
  8
PLACEMENT_OUTLINE_BOTTOM
 66
1
 70
1
 40
0.050000
 41
0.050000
  0
VERTEX
 5
BA6
  8
PLACEMENT_OUTLINE_BOTTOM
 10
-4.48020
 20
58.03830
 42
1.0
  0
VERTEX
 5
BA7
  8
PLACEMENT_OUTLINE_BOTTOM
 10
-4.43020
 20
58.03830
 42
1.0
  0
SEQEND
  8
PLACEMENT_OUTLINE_BOTTOM
  0
POLYLINE
 5
BA8
  8
PLACEMENT_OUTLINE_BOTTOM
 66
1
 40
0.100000
 41
0.100000
  0
VERTEX
 5
BA9
  8
PLACEMENT_OUTLINE_BOTTOM
 10
-4.45520
 20
58.03830
  0
VERTEX
 5
BAA
  8
PLACEMENT_OUTLINE_BOTTOM
 10
-3.60389
 20
58.03830
  0
SEQEND
  8
PLACEMENT_OUTLINE_BOTTOM
  0
POLYLINE
 5
BAB
  8
PLACEMENT_OUTLINE_BOTTOM
 66
1
 70
1
 40
0.050000
 41
0.050000
  0
VERTEX
 5
BAC
  8
PLACEMENT_OUTLINE_BOTTOM
 10
-4.48020
 20
58.03830
 42
1.0
  0
VERTEX
 5
BAD
  8
PLACEMENT_OUTLINE_BOTTOM
 10
-4.43020
 20
58.03830
 42
1.0
  0
SEQEND
  8
PLACEMENT_OUTLINE_BOTTOM
  0
POLYLINE
 5
BAE
  8
PLACEMENT_OUTLINE_BOTTOM
 66
1
 70
1
 40
0.050000
 41
0.050000
  0
VERTEX
 5
BAF
  8
PLACEMENT_OUTLINE_BOTTOM
 10
-3.62889
 20
58.03830
 42
1.0
  0
VERTEX
 5
BB0
  8
PLACEMENT_OUTLINE_BOTTOM
 10
-3.57889
 20
58.03830
 42
1.0
  0
SEQEND
  8
PLACEMENT_OUTLINE_BOTTOM
  0
POLYLINE
 5
BB1
  8
PLACEMENT_OUTLINE_BOTTOM
 66
1
 40
0.100000
 41
0.100000
  0
VERTEX
 5
BB2
  8
PLACEMENT_OUTLINE_BOTTOM
 10
-3.60389
 20
58.03830
  0
VERTEX
 5
BB3
  8
PLACEMENT_OUTLINE_BOTTOM
 10
-3.60389
 20
57.19301
  0
SEQEND
  8
PLACEMENT_OUTLINE_BOTTOM
  0
POLYLINE
 5
BB4
  8
PLACEMENT_OUTLINE_BOTTOM
 66
1
 70
1
 40
0.050000
 41
0.050000
  0
VERTEX
 5
BB5
  8
PLACEMENT_OUTLINE_BOTTOM
 10
-3.62889
 20
58.03830
 42
1.0
  0
VERTEX
 5
BB6
  8
PLACEMENT_OUTLINE_BOTTOM
 10
-3.57889
 20
58.03830
 42
1.0
  0
SEQEND
  8
PLACEMENT_OUTLINE_BOTTOM
  0
POLYLINE
 5
BB7
  8
PLACEMENT_OUTLINE_BOTTOM
 66
1
 70
1
 40
0.050000
 41
0.050000
  0
VERTEX
 5
BB8
  8
PLACEMENT_OUTLINE_BOTTOM
 10
-3.62889
 20
57.19301
 42
1.0
  0
VERTEX
 5
BB9
  8
PLACEMENT_OUTLINE_BOTTOM
 10
-3.57889
 20
57.19301
 42
1.0
  0
SEQEND
  8
PLACEMENT_OUTLINE_BOTTOM
  0
SOLID
 5
BBA
  8
PADLAYER_BOTTOM
 10
-3.34989
 20
57.44700
 11
-1.09011
 21
57.44700
 12
-3.34989
 22
59.64560
 13
-1.09011
 23
59.64560
  0
SOLID
 5
BBB
  8
PADLAYER_BOTTOM
 10
-3.34989
 20
61.53640
 11
-1.09011
 21
61.53640
 12
-3.34989
 22
63.73500
 13
-1.09011
 23
63.73500
  0
POLYLINE
 5
BBC
  8
2DLINES_4
 66
1
 40
0.299970
 41
0.299970
  0
VERTEX
 5
BBD
  8
2DLINES_4
 10
-36.22700
 20
50.75000
 42
1.000000
  0
VERTEX
 5
BBE
  8
2DLINES_4
 10
-36.02700
 20
50.75000
 42
1.000000
  0
VERTEX
 5
BBF
  8
2DLINES_4
 10
-36.22700
 20
50.75000
  0
SEQEND
  8
2DLINES_4
  0
POLYLINE
 5
BC0
  8
PLACEMENT_OUTLINE_BOTTOM
 66
1
 40
0.299970
 41
0.299970
  0
VERTEX
 5
BC1
  8
PLACEMENT_OUTLINE_BOTTOM
 10
-36.22700
 20
50.75000
 42
1.000000
  0
VERTEX
 5
BC2
  8
PLACEMENT_OUTLINE_BOTTOM
 10
-36.02700
 20
50.75000
 42
1.000000
  0
VERTEX
 5
BC3
  8
PLACEMENT_OUTLINE_BOTTOM
 10
-36.22700
 20
50.75000
  0
SEQEND
  8
PLACEMENT_OUTLINE_BOTTOM
  0
SOLID
 5
BC4
  8
PADLAYER_BOTTOM
 10
-36.52700
 20
50.96000
 11
-37.12700
 21
50.96000
 12
-36.52700
 22
50.54000
 13
-37.12700
 23
50.54000
  0
SOLID
 5
BC5
  8
PADLAYER_BOTTOM
 10
-36.52700
 20
50.31000
 11
-37.12700
 21
50.31000
 12
-36.52700
 22
49.89000
 13
-37.12700
 23
49.89000
  0
SOLID
 5
BC6
  8
PADLAYER_BOTTOM
 10
-36.52700
 20
49.66000
 11
-37.12700
 21
49.66000
 12
-36.52700
 22
49.24000
 13
-37.12700
 23
49.24000
  0
SOLID
 5
BC7
  8
PADLAYER_BOTTOM
 10
-38.42700
 20
49.66000
 11
-39.02700
 21
49.66000
 12
-38.42700
 22
49.24000
 13
-39.02700
 23
49.24000
  0
SOLID
 5
BC8
  8
PADLAYER_BOTTOM
 10
-38.42700
 20
50.31000
 11
-39.02700
 21
50.31000
 12
-38.42700
 22
49.89000
 13
-39.02700
 23
49.89000
  0
SOLID
 5
BC9
  8
PADLAYER_BOTTOM
 10
-38.42700
 20
50.96000
 11
-39.02700
 21
50.96000
 12
-38.42700
 22
50.54000
 13
-39.02700
 23
50.54000
  0
POLYLINE
 5
BCA
  8
2DLINES_4
 66
1
 40
0.299970
 41
0.299970
  0
VERTEX
 5
BCB
  8
2DLINES_4
 10
-45.72700
 20
50.75000
 42
1.000000
  0
VERTEX
 5
BCC
  8
2DLINES_4
 10
-45.52700
 20
50.75000
 42
1.000000
  0
VERTEX
 5
BCD
  8
2DLINES_4
 10
-45.72700
 20
50.75000
  0
SEQEND
  8
2DLINES_4
  0
POLYLINE
 5
BCE
  8
PLACEMENT_OUTLINE_BOTTOM
 66
1
 40
0.299970
 41
0.299970
  0
VERTEX
 5
BCF
  8
PLACEMENT_OUTLINE_BOTTOM
 10
-45.72700
 20
50.75000
 42
1.000000
  0
VERTEX
 5
BD0
  8
PLACEMENT_OUTLINE_BOTTOM
 10
-45.52700
 20
50.75000
 42
1.000000
  0
VERTEX
 5
BD1
  8
PLACEMENT_OUTLINE_BOTTOM
 10
-45.72700
 20
50.75000
  0
SEQEND
  8
PLACEMENT_OUTLINE_BOTTOM
  0
SOLID
 5
BD2
  8
PADLAYER_BOTTOM
 10
-46.02700
 20
50.96000
 11
-46.62700
 21
50.96000
 12
-46.02700
 22
50.54000
 13
-46.62700
 23
50.54000
  0
SOLID
 5
BD3
  8
PADLAYER_BOTTOM
 10
-46.02700
 20
50.31000
 11
-46.62700
 21
50.31000
 12
-46.02700
 22
49.89000
 13
-46.62700
 23
49.89000
  0
SOLID
 5
BD4
  8
PADLAYER_BOTTOM
 10
-46.02700
 20
49.66000
 11
-46.62700
 21
49.66000
 12
-46.02700
 22
49.24000
 13
-46.62700
 23
49.24000
  0
SOLID
 5
BD5
  8
PADLAYER_BOTTOM
 10
-47.92700
 20
49.66000
 11
-48.52700
 21
49.66000
 12
-47.92700
 22
49.24000
 13
-48.52700
 23
49.24000
  0
SOLID
 5
BD6
  8
PADLAYER_BOTTOM
 10
-47.92700
 20
50.31000
 11
-48.52700
 21
50.31000
 12
-47.92700
 22
49.89000
 13
-48.52700
 23
49.89000
  0
SOLID
 5
BD7
  8
PADLAYER_BOTTOM
 10
-47.92700
 20
50.96000
 11
-48.52700
 21
50.96000
 12
-47.92700
 22
50.54000
 13
-48.52700
 23
50.54000
  0
POLYLINE
 5
BD8
  8
PLACEMENT_OUTLINE_BOTTOM
 66
1
 40
0.299970
 41
0.299970
  0
VERTEX
 5
BD9
  8
PLACEMENT_OUTLINE_BOTTOM
 10
-48.67400
 20
52.83500
  0
VERTEX
 5
BDA
  8
PLACEMENT_OUTLINE_BOTTOM
 10
-45.88000
 20
52.83500
  0
SEQEND
  8
PLACEMENT_OUTLINE_BOTTOM
  0
POLYLINE
 5
BDB
  8
PLACEMENT_OUTLINE_BOTTOM
 66
1
 70
1
 40
0.149985
 41
0.149985
  0
VERTEX
 5
BDC
  8
PLACEMENT_OUTLINE_BOTTOM
 10
-48.74899
 20
52.83500
 42
1.0
  0
VERTEX
 5
BDD
  8
PLACEMENT_OUTLINE_BOTTOM
 10
-48.59901
 20
52.83500
 42
1.0
  0
SEQEND
  8
PLACEMENT_OUTLINE_BOTTOM
  0
POLYLINE
 5
BDE
  8
PLACEMENT_OUTLINE_BOTTOM
 66
1
 70
1
 40
0.149985
 41
0.149985
  0
VERTEX
 5
BDF
  8
PLACEMENT_OUTLINE_BOTTOM
 10
-45.95499
 20
52.83500
 42
1.0
  0
VERTEX
 5
BE0
  8
PLACEMENT_OUTLINE_BOTTOM
 10
-45.80501
 20
52.83500
 42
1.0
  0
SEQEND
  8
PLACEMENT_OUTLINE_BOTTOM
  0
POLYLINE
 5
BE1
  8
PLACEMENT_OUTLINE_BOTTOM
 66
1
 40
0.299970
 41
0.299970
  0
VERTEX
 5
BE2
  8
PLACEMENT_OUTLINE_BOTTOM
 10
-45.88000
 20
52.83500
  0
VERTEX
 5
BE3
  8
PLACEMENT_OUTLINE_BOTTOM
 10
-45.88000
 20
51.56500
  0
SEQEND
  8
PLACEMENT_OUTLINE_BOTTOM
  0
POLYLINE
 5
BE4
  8
PLACEMENT_OUTLINE_BOTTOM
 66
1
 70
1
 40
0.149985
 41
0.149985
  0
VERTEX
 5
BE5
  8
PLACEMENT_OUTLINE_BOTTOM
 10
-45.95499
 20
52.83500
 42
1.0
  0
VERTEX
 5
BE6
  8
PLACEMENT_OUTLINE_BOTTOM
 10
-45.80501
 20
52.83500
 42
1.0
  0
SEQEND
  8
PLACEMENT_OUTLINE_BOTTOM
  0
POLYLINE
 5
BE7
  8
PLACEMENT_OUTLINE_BOTTOM
 66
1
 70
1
 40
0.149985
 41
0.149985
  0
VERTEX
 5
BE8
  8
PLACEMENT_OUTLINE_BOTTOM
 10
-45.95499
 20
51.56500
 42
1.0
  0
VERTEX
 5
BE9
  8
PLACEMENT_OUTLINE_BOTTOM
 10
-45.80501
 20
51.56500
 42
1.0
  0
SEQEND
  8
PLACEMENT_OUTLINE_BOTTOM
  0
POLYLINE
 5
BEA
  8
PLACEMENT_OUTLINE_BOTTOM
 66
1
 40
0.299970
 41
0.299970
  0
VERTEX
 5
BEB
  8
PLACEMENT_OUTLINE_BOTTOM
 10
-45.88000
 20
51.56500
  0
VERTEX
 5
BEC
  8
PLACEMENT_OUTLINE_BOTTOM
 10
-48.67400
 20
51.56500
  0
SEQEND
  8
PLACEMENT_OUTLINE_BOTTOM
  0
POLYLINE
 5
BED
  8
PLACEMENT_OUTLINE_BOTTOM
 66
1
 70
1
 40
0.149985
 41
0.149985
  0
VERTEX
 5
BEE
  8
PLACEMENT_OUTLINE_BOTTOM
 10
-45.95499
 20
51.56500
 42
1.0
  0
VERTEX
 5
BEF
  8
PLACEMENT_OUTLINE_BOTTOM
 10
-45.80501
 20
51.56500
 42
1.0
  0
SEQEND
  8
PLACEMENT_OUTLINE_BOTTOM
  0
POLYLINE
 5
BF0
  8
PLACEMENT_OUTLINE_BOTTOM
 66
1
 70
1
 40
0.149985
 41
0.149985
  0
VERTEX
 5
BF1
  8
PLACEMENT_OUTLINE_BOTTOM
 10
-48.74899
 20
51.56500
 42
1.0
  0
VERTEX
 5
BF2
  8
PLACEMENT_OUTLINE_BOTTOM
 10
-48.59901
 20
51.56500
 42
1.0
  0
SEQEND
  8
PLACEMENT_OUTLINE_BOTTOM
  0
POLYLINE
 5
BF3
  8
PLACEMENT_OUTLINE_BOTTOM
 66
1
 40
0.299970
 41
0.299970
  0
VERTEX
 5
BF4
  8
PLACEMENT_OUTLINE_BOTTOM
 10
-48.67400
 20
51.56500
  0
VERTEX
 5
BF5
  8
PLACEMENT_OUTLINE_BOTTOM
 10
-48.67400
 20
52.83500
  0
SEQEND
  8
PLACEMENT_OUTLINE_BOTTOM
  0
POLYLINE
 5
BF6
  8
PLACEMENT_OUTLINE_BOTTOM
 66
1
 70
1
 40
0.149985
 41
0.149985
  0
VERTEX
 5
BF7
  8
PLACEMENT_OUTLINE_BOTTOM
 10
-48.74899
 20
51.56500
 42
1.0
  0
VERTEX
 5
BF8
  8
PLACEMENT_OUTLINE_BOTTOM
 10
-48.59901
 20
51.56500
 42
1.0
  0
SEQEND
  8
PLACEMENT_OUTLINE_BOTTOM
  0
POLYLINE
 5
BF9
  8
PLACEMENT_OUTLINE_BOTTOM
 66
1
 70
1
 40
0.149985
 41
0.149985
  0
VERTEX
 5
BFA
  8
PLACEMENT_OUTLINE_BOTTOM
 10
-48.74899
 20
52.83500
 42
1.0
  0
VERTEX
 5
BFB
  8
PLACEMENT_OUTLINE_BOTTOM
 10
-48.59901
 20
52.83500
 42
1.0
  0
SEQEND
  8
PLACEMENT_OUTLINE_BOTTOM
  0
SOLID
 5
BFC
  8
PADLAYER_BOTTOM
 10
-46.97220
 20
51.74280
 11
-46.05780
 21
51.74280
 12
-46.97220
 22
52.65720
 13
-46.05780
 23
52.65720
  0
SOLID
 5
BFD
  8
PADLAYER_BOTTOM
 10
-48.49620
 20
51.74280
 11
-47.58180
 21
51.74280
 12
-48.49620
 22
52.65720
 13
-47.58180
 23
52.65720
  0
POLYLINE
 5
BFE
  8
PLACEMENT_OUTLINE_BOTTOM
 66
1
 40
0.299970
 41
0.299970
  0
VERTEX
 5
BFF
  8
PLACEMENT_OUTLINE_BOTTOM
 10
-45.88000
 20
47.36500
  0
VERTEX
 5
C00
  8
PLACEMENT_OUTLINE_BOTTOM
 10
-48.67400
 20
47.36500
  0
SEQEND
  8
PLACEMENT_OUTLINE_BOTTOM
  0
POLYLINE
 5
C01
  8
PLACEMENT_OUTLINE_BOTTOM
 66
1
 70
1
 40
0.149985
 41
0.149985
  0
VERTEX
 5
C02
  8
PLACEMENT_OUTLINE_BOTTOM
 10
-45.95499
 20
47.36500
 42
1.0
  0
VERTEX
 5
C03
  8
PLACEMENT_OUTLINE_BOTTOM
 10
-45.80501
 20
47.36500
 42
1.0
  0
SEQEND
  8
PLACEMENT_OUTLINE_BOTTOM
  0
POLYLINE
 5
C04
  8
PLACEMENT_OUTLINE_BOTTOM
 66
1
 70
1
 40
0.149985
 41
0.149985
  0
VERTEX
 5
C05
  8
PLACEMENT_OUTLINE_BOTTOM
 10
-48.74899
 20
47.36500
 42
1.0
  0
VERTEX
 5
C06
  8
PLACEMENT_OUTLINE_BOTTOM
 10
-48.59901
 20
47.36500
 42
1.0
  0
SEQEND
  8
PLACEMENT_OUTLINE_BOTTOM
  0
POLYLINE
 5
C07
  8
PLACEMENT_OUTLINE_BOTTOM
 66
1
 40
0.299970
 41
0.299970
  0
VERTEX
 5
C08
  8
PLACEMENT_OUTLINE_BOTTOM
 10
-48.67400
 20
47.36500
  0
VERTEX
 5
C09
  8
PLACEMENT_OUTLINE_BOTTOM
 10
-48.67400
 20
48.63500
  0
SEQEND
  8
PLACEMENT_OUTLINE_BOTTOM
  0
POLYLINE
 5
C0A
  8
PLACEMENT_OUTLINE_BOTTOM
 66
1
 70
1
 40
0.149985
 41
0.149985
  0
VERTEX
 5
C0B
  8
PLACEMENT_OUTLINE_BOTTOM
 10
-48.74899
 20
47.36500
 42
1.0
  0
VERTEX
 5
C0C
  8
PLACEMENT_OUTLINE_BOTTOM
 10
-48.59901
 20
47.36500
 42
1.0
  0
SEQEND
  8
PLACEMENT_OUTLINE_BOTTOM
  0
POLYLINE
 5
C0D
  8
PLACEMENT_OUTLINE_BOTTOM
 66
1
 70
1
 40
0.149985
 41
0.149985
  0
VERTEX
 5
C0E
  8
PLACEMENT_OUTLINE_BOTTOM
 10
-48.74899
 20
48.63500
 42
1.0
  0
VERTEX
 5
C0F
  8
PLACEMENT_OUTLINE_BOTTOM
 10
-48.59901
 20
48.63500
 42
1.0
  0
SEQEND
  8
PLACEMENT_OUTLINE_BOTTOM
  0
POLYLINE
 5
C10
  8
PLACEMENT_OUTLINE_BOTTOM
 66
1
 40
0.299970
 41
0.299970
  0
VERTEX
 5
C11
  8
PLACEMENT_OUTLINE_BOTTOM
 10
-48.67400
 20
48.63500
  0
VERTEX
 5
C12
  8
PLACEMENT_OUTLINE_BOTTOM
 10
-45.88000
 20
48.63500
  0
SEQEND
  8
PLACEMENT_OUTLINE_BOTTOM
  0
POLYLINE
 5
C13
  8
PLACEMENT_OUTLINE_BOTTOM
 66
1
 70
1
 40
0.149985
 41
0.149985
  0
VERTEX
 5
C14
  8
PLACEMENT_OUTLINE_BOTTOM
 10
-48.74899
 20
48.63500
 42
1.0
  0
VERTEX
 5
C15
  8
PLACEMENT_OUTLINE_BOTTOM
 10
-48.59901
 20
48.63500
 42
1.0
  0
SEQEND
  8
PLACEMENT_OUTLINE_BOTTOM
  0
POLYLINE
 5
C16
  8
PLACEMENT_OUTLINE_BOTTOM
 66
1
 70
1
 40
0.149985
 41
0.149985
  0
VERTEX
 5
C17
  8
PLACEMENT_OUTLINE_BOTTOM
 10
-45.95499
 20
48.63500
 42
1.0
  0
VERTEX
 5
C18
  8
PLACEMENT_OUTLINE_BOTTOM
 10
-45.80501
 20
48.63500
 42
1.0
  0
SEQEND
  8
PLACEMENT_OUTLINE_BOTTOM
  0
POLYLINE
 5
C19
  8
PLACEMENT_OUTLINE_BOTTOM
 66
1
 40
0.299970
 41
0.299970
  0
VERTEX
 5
C1A
  8
PLACEMENT_OUTLINE_BOTTOM
 10
-45.88000
 20
48.63500
  0
VERTEX
 5
C1B
  8
PLACEMENT_OUTLINE_BOTTOM
 10
-45.88000
 20
47.36500
  0
SEQEND
  8
PLACEMENT_OUTLINE_BOTTOM
  0
POLYLINE
 5
C1C
  8
PLACEMENT_OUTLINE_BOTTOM
 66
1
 70
1
 40
0.149985
 41
0.149985
  0
VERTEX
 5
C1D
  8
PLACEMENT_OUTLINE_BOTTOM
 10
-45.95499
 20
48.63500
 42
1.0
  0
VERTEX
 5
C1E
  8
PLACEMENT_OUTLINE_BOTTOM
 10
-45.80501
 20
48.63500
 42
1.0
  0
SEQEND
  8
PLACEMENT_OUTLINE_BOTTOM
  0
POLYLINE
 5
C1F
  8
PLACEMENT_OUTLINE_BOTTOM
 66
1
 70
1
 40
0.149985
 41
0.149985
  0
VERTEX
 5
C20
  8
PLACEMENT_OUTLINE_BOTTOM
 10
-45.95499
 20
47.36500
 42
1.0
  0
VERTEX
 5
C21
  8
PLACEMENT_OUTLINE_BOTTOM
 10
-45.80501
 20
47.36500
 42
1.0
  0
SEQEND
  8
PLACEMENT_OUTLINE_BOTTOM
  0
SOLID
 5
C22
  8
PADLAYER_BOTTOM
 10
-47.58180
 20
48.45720
 11
-48.49620
 21
48.45720
 12
-47.58180
 22
47.54280
 13
-48.49620
 23
47.54280
  0
SOLID
 5
C23
  8
PADLAYER_BOTTOM
 10
-46.05780
 20
48.45720
 11
-46.97220
 21
48.45720
 12
-46.05780
 22
47.54280
 13
-46.97220
 23
47.54280
  0
POLYLINE
 5
C24
  8
PLACEMENT_OUTLINE_BOTTOM
 66
1
 40
0.299970
 41
0.299970
  0
VERTEX
 5
C25
  8
PLACEMENT_OUTLINE_BOTTOM
 10
-36.38000
 20
47.36500
  0
VERTEX
 5
C26
  8
PLACEMENT_OUTLINE_BOTTOM
 10
-39.17400
 20
47.36500
  0
SEQEND
  8
PLACEMENT_OUTLINE_BOTTOM
  0
POLYLINE
 5
C27
  8
PLACEMENT_OUTLINE_BOTTOM
 66
1
 70
1
 40
0.149985
 41
0.149985
  0
VERTEX
 5
C28
  8
PLACEMENT_OUTLINE_BOTTOM
 10
-36.45499
 20
47.36500
 42
1.0
  0
VERTEX
 5
C29
  8
PLACEMENT_OUTLINE_BOTTOM
 10
-36.30501
 20
47.36500
 42
1.0
  0
SEQEND
  8
PLACEMENT_OUTLINE_BOTTOM
  0
POLYLINE
 5
C2A
  8
PLACEMENT_OUTLINE_BOTTOM
 66
1
 70
1
 40
0.149985
 41
0.149985
  0
VERTEX
 5
C2B
  8
PLACEMENT_OUTLINE_BOTTOM
 10
-39.24899
 20
47.36500
 42
1.0
  0
VERTEX
 5
C2C
  8
PLACEMENT_OUTLINE_BOTTOM
 10
-39.09901
 20
47.36500
 42
1.0
  0
SEQEND
  8
PLACEMENT_OUTLINE_BOTTOM
  0
POLYLINE
 5
C2D
  8
PLACEMENT_OUTLINE_BOTTOM
 66
1
 40
0.299970
 41
0.299970
  0
VERTEX
 5
C2E
  8
PLACEMENT_OUTLINE_BOTTOM
 10
-39.17400
 20
47.36500
  0
VERTEX
 5
C2F
  8
PLACEMENT_OUTLINE_BOTTOM
 10
-39.17400
 20
48.63500
  0
SEQEND
  8
PLACEMENT_OUTLINE_BOTTOM
  0
POLYLINE
 5
C30
  8
PLACEMENT_OUTLINE_BOTTOM
 66
1
 70
1
 40
0.149985
 41
0.149985
  0
VERTEX
 5
C31
  8
PLACEMENT_OUTLINE_BOTTOM
 10
-39.24899
 20
47.36500
 42
1.0
  0
VERTEX
 5
C32
  8
PLACEMENT_OUTLINE_BOTTOM
 10
-39.09901
 20
47.36500
 42
1.0
  0
SEQEND
  8
PLACEMENT_OUTLINE_BOTTOM
  0
POLYLINE
 5
C33
  8
PLACEMENT_OUTLINE_BOTTOM
 66
1
 70
1
 40
0.149985
 41
0.149985
  0
VERTEX
 5
C34
  8
PLACEMENT_OUTLINE_BOTTOM
 10
-39.24899
 20
48.63500
 42
1.0
  0
VERTEX
 5
C35
  8
PLACEMENT_OUTLINE_BOTTOM
 10
-39.09901
 20
48.63500
 42
1.0
  0
SEQEND
  8
PLACEMENT_OUTLINE_BOTTOM
  0
POLYLINE
 5
C36
  8
PLACEMENT_OUTLINE_BOTTOM
 66
1
 40
0.299970
 41
0.299970
  0
VERTEX
 5
C37
  8
PLACEMENT_OUTLINE_BOTTOM
 10
-39.17400
 20
48.63500
  0
VERTEX
 5
C38
  8
PLACEMENT_OUTLINE_BOTTOM
 10
-36.38000
 20
48.63500
  0
SEQEND
  8
PLACEMENT_OUTLINE_BOTTOM
  0
POLYLINE
 5
C39
  8
PLACEMENT_OUTLINE_BOTTOM
 66
1
 70
1
 40
0.149985
 41
0.149985
  0
VERTEX
 5
C3A
  8
PLACEMENT_OUTLINE_BOTTOM
 10
-39.24899
 20
48.63500
 42
1.0
  0
VERTEX
 5
C3B
  8
PLACEMENT_OUTLINE_BOTTOM
 10
-39.09901
 20
48.63500
 42
1.0
  0
SEQEND
  8
PLACEMENT_OUTLINE_BOTTOM
  0
POLYLINE
 5
C3C
  8
PLACEMENT_OUTLINE_BOTTOM
 66
1
 70
1
 40
0.149985
 41
0.149985
  0
VERTEX
 5
C3D
  8
PLACEMENT_OUTLINE_BOTTOM
 10
-36.45499
 20
48.63500
 42
1.0
  0
VERTEX
 5
C3E
  8
PLACEMENT_OUTLINE_BOTTOM
 10
-36.30501
 20
48.63500
 42
1.0
  0
SEQEND
  8
PLACEMENT_OUTLINE_BOTTOM
  0
POLYLINE
 5
C3F
  8
PLACEMENT_OUTLINE_BOTTOM
 66
1
 40
0.299970
 41
0.299970
  0
VERTEX
 5
C40
  8
PLACEMENT_OUTLINE_BOTTOM
 10
-36.38000
 20
48.63500
  0
VERTEX
 5
C41
  8
PLACEMENT_OUTLINE_BOTTOM
 10
-36.38000
 20
47.36500
  0
SEQEND
  8
PLACEMENT_OUTLINE_BOTTOM
  0
POLYLINE
 5
C42
  8
PLACEMENT_OUTLINE_BOTTOM
 66
1
 70
1
 40
0.149985
 41
0.149985
  0
VERTEX
 5
C43
  8
PLACEMENT_OUTLINE_BOTTOM
 10
-36.45499
 20
48.63500
 42
1.0
  0
VERTEX
 5
C44
  8
PLACEMENT_OUTLINE_BOTTOM
 10
-36.30501
 20
48.63500
 42
1.0
  0
SEQEND
  8
PLACEMENT_OUTLINE_BOTTOM
  0
POLYLINE
 5
C45
  8
PLACEMENT_OUTLINE_BOTTOM
 66
1
 70
1
 40
0.149985
 41
0.149985
  0
VERTEX
 5
C46
  8
PLACEMENT_OUTLINE_BOTTOM
 10
-36.45499
 20
47.36500
 42
1.0
  0
VERTEX
 5
C47
  8
PLACEMENT_OUTLINE_BOTTOM
 10
-36.30501
 20
47.36500
 42
1.0
  0
SEQEND
  8
PLACEMENT_OUTLINE_BOTTOM
  0
SOLID
 5
C48
  8
PADLAYER_BOTTOM
 10
-38.08180
 20
48.45720
 11
-38.99620
 21
48.45720
 12
-38.08180
 22
47.54280
 13
-38.99620
 23
47.54280
  0
SOLID
 5
C49
  8
PADLAYER_BOTTOM
 10
-36.55780
 20
48.45720
 11
-37.47220
 21
48.45720
 12
-36.55780
 22
47.54280
 13
-37.47220
 23
47.54280
  0
POLYLINE
 5
C4A
  8
PLACEMENT_OUTLINE_BOTTOM
 66
1
 40
0.299970
 41
0.299970
  0
VERTEX
 5
C4B
  8
PLACEMENT_OUTLINE_BOTTOM
 10
-39.17400
 20
52.83500
  0
VERTEX
 5
C4C
  8
PLACEMENT_OUTLINE_BOTTOM
 10
-36.38000
 20
52.83500
  0
SEQEND
  8
PLACEMENT_OUTLINE_BOTTOM
  0
POLYLINE
 5
C4D
  8
PLACEMENT_OUTLINE_BOTTOM
 66
1
 70
1
 40
0.149985
 41
0.149985
  0
VERTEX
 5
C4E
  8
PLACEMENT_OUTLINE_BOTTOM
 10
-39.24899
 20
52.83500
 42
1.0
  0
VERTEX
 5
C4F
  8
PLACEMENT_OUTLINE_BOTTOM
 10
-39.09901
 20
52.83500
 42
1.0
  0
SEQEND
  8
PLACEMENT_OUTLINE_BOTTOM
  0
POLYLINE
 5
C50
  8
PLACEMENT_OUTLINE_BOTTOM
 66
1
 70
1
 40
0.149985
 41
0.149985
  0
VERTEX
 5
C51
  8
PLACEMENT_OUTLINE_BOTTOM
 10
-36.45499
 20
52.83500
 42
1.0
  0
VERTEX
 5
C52
  8
PLACEMENT_OUTLINE_BOTTOM
 10
-36.30501
 20
52.83500
 42
1.0
  0
SEQEND
  8
PLACEMENT_OUTLINE_BOTTOM
  0
POLYLINE
 5
C53
  8
PLACEMENT_OUTLINE_BOTTOM
 66
1
 40
0.299970
 41
0.299970
  0
VERTEX
 5
C54
  8
PLACEMENT_OUTLINE_BOTTOM
 10
-36.38000
 20
52.83500
  0
VERTEX
 5
C55
  8
PLACEMENT_OUTLINE_BOTTOM
 10
-36.38000
 20
51.56500
  0
SEQEND
  8
PLACEMENT_OUTLINE_BOTTOM
  0
POLYLINE
 5
C56
  8
PLACEMENT_OUTLINE_BOTTOM
 66
1
 70
1
 40
0.149985
 41
0.149985
  0
VERTEX
 5
C57
  8
PLACEMENT_OUTLINE_BOTTOM
 10
-36.45499
 20
52.83500
 42
1.0
  0
VERTEX
 5
C58
  8
PLACEMENT_OUTLINE_BOTTOM
 10
-36.30501
 20
52.83500
 42
1.0
  0
SEQEND
  8
PLACEMENT_OUTLINE_BOTTOM
  0
POLYLINE
 5
C59
  8
PLACEMENT_OUTLINE_BOTTOM
 66
1
 70
1
 40
0.149985
 41
0.149985
  0
VERTEX
 5
C5A
  8
PLACEMENT_OUTLINE_BOTTOM
 10
-36.45499
 20
51.56500
 42
1.0
  0
VERTEX
 5
C5B
  8
PLACEMENT_OUTLINE_BOTTOM
 10
-36.30501
 20
51.56500
 42
1.0
  0
SEQEND
  8
PLACEMENT_OUTLINE_BOTTOM
  0
POLYLINE
 5
C5C
  8
PLACEMENT_OUTLINE_BOTTOM
 66
1
 40
0.299970
 41
0.299970
  0
VERTEX
 5
C5D
  8
PLACEMENT_OUTLINE_BOTTOM
 10
-36.38000
 20
51.56500
  0
VERTEX
 5
C5E
  8
PLACEMENT_OUTLINE_BOTTOM
 10
-39.17400
 20
51.56500
  0
SEQEND
  8
PLACEMENT_OUTLINE_BOTTOM
  0
POLYLINE
 5
C5F
  8
PLACEMENT_OUTLINE_BOTTOM
 66
1
 70
1
 40
0.149985
 41
0.149985
  0
VERTEX
 5
C60
  8
PLACEMENT_OUTLINE_BOTTOM
 10
-36.45499
 20
51.56500
 42
1.0
  0
VERTEX
 5
C61
  8
PLACEMENT_OUTLINE_BOTTOM
 10
-36.30501
 20
51.56500
 42
1.0
  0
SEQEND
  8
PLACEMENT_OUTLINE_BOTTOM
  0
POLYLINE
 5
C62
  8
PLACEMENT_OUTLINE_BOTTOM
 66
1
 70
1
 40
0.149985
 41
0.149985
  0
VERTEX
 5
C63
  8
PLACEMENT_OUTLINE_BOTTOM
 10
-39.24899
 20
51.56500
 42
1.0
  0
VERTEX
 5
C64
  8
PLACEMENT_OUTLINE_BOTTOM
 10
-39.09901
 20
51.56500
 42
1.0
  0
SEQEND
  8
PLACEMENT_OUTLINE_BOTTOM
  0
POLYLINE
 5
C65
  8
PLACEMENT_OUTLINE_BOTTOM
 66
1
 40
0.299970
 41
0.299970
  0
VERTEX
 5
C66
  8
PLACEMENT_OUTLINE_BOTTOM
 10
-39.17400
 20
51.56500
  0
VERTEX
 5
C67
  8
PLACEMENT_OUTLINE_BOTTOM
 10
-39.17400
 20
52.83500
  0
SEQEND
  8
PLACEMENT_OUTLINE_BOTTOM
  0
POLYLINE
 5
C68
  8
PLACEMENT_OUTLINE_BOTTOM
 66
1
 70
1
 40
0.149985
 41
0.149985
  0
VERTEX
 5
C69
  8
PLACEMENT_OUTLINE_BOTTOM
 10
-39.24899
 20
51.56500
 42
1.0
  0
VERTEX
 5
C6A
  8
PLACEMENT_OUTLINE_BOTTOM
 10
-39.09901
 20
51.56500
 42
1.0
  0
SEQEND
  8
PLACEMENT_OUTLINE_BOTTOM
  0
POLYLINE
 5
C6B
  8
PLACEMENT_OUTLINE_BOTTOM
 66
1
 70
1
 40
0.149985
 41
0.149985
  0
VERTEX
 5
C6C
  8
PLACEMENT_OUTLINE_BOTTOM
 10
-39.24899
 20
52.83500
 42
1.0
  0
VERTEX
 5
C6D
  8
PLACEMENT_OUTLINE_BOTTOM
 10
-39.09901
 20
52.83500
 42
1.0
  0
SEQEND
  8
PLACEMENT_OUTLINE_BOTTOM
  0
SOLID
 5
C6E
  8
PADLAYER_BOTTOM
 10
-37.47220
 20
51.74280
 11
-36.55780
 21
51.74280
 12
-37.47220
 22
52.65720
 13
-36.55780
 23
52.65720
  0
SOLID
 5
C6F
  8
PADLAYER_BOTTOM
 10
-38.99620
 20
51.74280
 11
-38.08180
 21
51.74280
 12
-38.99620
 22
52.65720
 13
-38.08180
 23
52.65720
  0
POLYLINE
 5
C70
  8
Bottom04
 66
1
 70
1
 40
0.000000
 41
0.000000
  0
VERTEX
 5
C71
  8
Bottom04
 10
-1.22730
 20
33.60000
 42
0.414214
  0
VERTEX
 5
C72
  8
Bottom04
 10
-1.24000
 20
33.61270
  0
VERTEX
 5
C73
  8
Bottom04
 10
-4.43000
 20
33.61270
 42
0.414214
  0
VERTEX
 5
C74
  8
Bottom04
 10
-4.44270
 20
33.60000
  0
VERTEX
 5
C75
  8
Bottom04
 10
-4.44270
 20
32.10000
 42
0.414214
  0
VERTEX
 5
C76
  8
Bottom04
 10
-4.43000
 20
32.08730
  0
VERTEX
 5
C77
  8
Bottom04
 10
-1.24000
 20
32.08730
 42
0.414214
  0
VERTEX
 5
C78
  8
Bottom04
 10
-1.22730
 20
32.10000
  0
VERTEX
 5
C79
  8
Bottom04
 10
-1.22730
 20
33.60000
  0
SEQEND
  8
Bottom04
  0
POLYLINE
 5
C7A
  8
2DLINES_4
 66
1
 40
0.152400
 41
0.152400
  0
VERTEX
 5
C7B
  8
2DLINES_4
 10
-2.84000
 20
32.21000
  0
VERTEX
 5
C7C
  8
2DLINES_4
 10
-2.84000
 20
33.51000
  0
SEQEND
  8
2DLINES_4
  0
POLYLINE
 5
C7D
  8
2DLINES_4
 66
1
 70
1
 40
0.076200
 41
0.076200
  0
VERTEX
 5
C7E
  8
2DLINES_4
 10
-2.87810
 20
32.21000
 42
1.0
  0
VERTEX
 5
C7F
  8
2DLINES_4
 10
-2.80190
 20
32.21000
 42
1.0
  0
SEQEND
  8
2DLINES_4
  0
POLYLINE
 5
C80
  8
2DLINES_4
 66
1
 70
1
 40
0.076200
 41
0.076200
  0
VERTEX
 5
C81
  8
2DLINES_4
 10
-2.87810
 20
33.51000
 42
1.0
  0
VERTEX
 5
C82
  8
2DLINES_4
 10
-2.80190
 20
33.51000
 42
1.0
  0
SEQEND
  8
2DLINES_4
  0
POLYLINE
 5
C83
  8
PLACEMENT_OUTLINE_BOTTOM
 66
1
 40
0.025400
 41
0.025400
  0
VERTEX
 5
C84
  8
PLACEMENT_OUTLINE_BOTTOM
 10
-1.24000
 20
32.11000
  0
VERTEX
 5
C85
  8
PLACEMENT_OUTLINE_BOTTOM
 10
-1.24000
 20
33.61000
  0
SEQEND
  8
PLACEMENT_OUTLINE_BOTTOM
  0
POLYLINE
 5
C86
  8
PLACEMENT_OUTLINE_BOTTOM
 66
1
 70
1
 40
0.012700
 41
0.012700
  0
VERTEX
 5
C87
  8
PLACEMENT_OUTLINE_BOTTOM
 10
-1.24635
 20
32.11000
 42
1.0
  0
VERTEX
 5
C88
  8
PLACEMENT_OUTLINE_BOTTOM
 10
-1.23365
 20
32.11000
 42
1.0
  0
SEQEND
  8
PLACEMENT_OUTLINE_BOTTOM
  0
POLYLINE
 5
C89
  8
PLACEMENT_OUTLINE_BOTTOM
 66
1
 70
1
 40
0.012700
 41
0.012700
  0
VERTEX
 5
C8A
  8
PLACEMENT_OUTLINE_BOTTOM
 10
-1.24635
 20
33.61000
 42
1.0
  0
VERTEX
 5
C8B
  8
PLACEMENT_OUTLINE_BOTTOM
 10
-1.23365
 20
33.61000
 42
1.0
  0
SEQEND
  8
PLACEMENT_OUTLINE_BOTTOM
  0
POLYLINE
 5
C8C
  8
PLACEMENT_OUTLINE_BOTTOM
 66
1
 40
0.025400
 41
0.025400
  0
VERTEX
 5
C8D
  8
PLACEMENT_OUTLINE_BOTTOM
 10
-1.24000
 20
33.61000
  0
VERTEX
 5
C8E
  8
PLACEMENT_OUTLINE_BOTTOM
 10
-4.44000
 20
33.61000
  0
SEQEND
  8
PLACEMENT_OUTLINE_BOTTOM
  0
POLYLINE
 5
C8F
  8
PLACEMENT_OUTLINE_BOTTOM
 66
1
 70
1
 40
0.012700
 41
0.012700
  0
VERTEX
 5
C90
  8
PLACEMENT_OUTLINE_BOTTOM
 10
-1.24635
 20
33.61000
 42
1.0
  0
VERTEX
 5
C91
  8
PLACEMENT_OUTLINE_BOTTOM
 10
-1.23365
 20
33.61000
 42
1.0
  0
SEQEND
  8
PLACEMENT_OUTLINE_BOTTOM
  0
POLYLINE
 5
C92
  8
PLACEMENT_OUTLINE_BOTTOM
 66
1
 70
1
 40
0.012700
 41
0.012700
  0
VERTEX
 5
C93
  8
PLACEMENT_OUTLINE_BOTTOM
 10
-4.44635
 20
33.61000
 42
1.0
  0
VERTEX
 5
C94
  8
PLACEMENT_OUTLINE_BOTTOM
 10
-4.43365
 20
33.61000
 42
1.0
  0
SEQEND
  8
PLACEMENT_OUTLINE_BOTTOM
  0
POLYLINE
 5
C95
  8
PLACEMENT_OUTLINE_BOTTOM
 66
1
 40
0.025400
 41
0.025400
  0
VERTEX
 5
C96
  8
PLACEMENT_OUTLINE_BOTTOM
 10
-4.44000
 20
33.61000
  0
VERTEX
 5
C97
  8
PLACEMENT_OUTLINE_BOTTOM
 10
-4.44000
 20
32.11000
  0
SEQEND
  8
PLACEMENT_OUTLINE_BOTTOM
  0
POLYLINE
 5
C98
  8
PLACEMENT_OUTLINE_BOTTOM
 66
1
 70
1
 40
0.012700
 41
0.012700
  0
VERTEX
 5
C99
  8
PLACEMENT_OUTLINE_BOTTOM
 10
-4.44635
 20
33.61000
 42
1.0
  0
VERTEX
 5
C9A
  8
PLACEMENT_OUTLINE_BOTTOM
 10
-4.43365
 20
33.61000
 42
1.0
  0
SEQEND
  8
PLACEMENT_OUTLINE_BOTTOM
  0
POLYLINE
 5
C9B
  8
PLACEMENT_OUTLINE_BOTTOM
 66
1
 70
1
 40
0.012700
 41
0.012700
  0
VERTEX
 5
C9C
  8
PLACEMENT_OUTLINE_BOTTOM
 10
-4.44635
 20
32.11000
 42
1.0
  0
VERTEX
 5
C9D
  8
PLACEMENT_OUTLINE_BOTTOM
 10
-4.43365
 20
32.11000
 42
1.0
  0
SEQEND
  8
PLACEMENT_OUTLINE_BOTTOM
  0
POLYLINE
 5
C9E
  8
PLACEMENT_OUTLINE_BOTTOM
 66
1
 40
0.025400
 41
0.025400
  0
VERTEX
 5
C9F
  8
PLACEMENT_OUTLINE_BOTTOM
 10
-4.44000
 20
32.11000
  0
VERTEX
 5
CA0
  8
PLACEMENT_OUTLINE_BOTTOM
 10
-1.24000
 20
32.11000
  0
SEQEND
  8
PLACEMENT_OUTLINE_BOTTOM
  0
POLYLINE
 5
CA1
  8
PLACEMENT_OUTLINE_BOTTOM
 66
1
 70
1
 40
0.012700
 41
0.012700
  0
VERTEX
 5
CA2
  8
PLACEMENT_OUTLINE_BOTTOM
 10
-4.44635
 20
32.11000
 42
1.0
  0
VERTEX
 5
CA3
  8
PLACEMENT_OUTLINE_BOTTOM
 10
-4.43365
 20
32.11000
 42
1.0
  0
SEQEND
  8
PLACEMENT_OUTLINE_BOTTOM
  0
POLYLINE
 5
CA4
  8
PLACEMENT_OUTLINE_BOTTOM
 66
1
 70
1
 40
0.012700
 41
0.012700
  0
VERTEX
 5
CA5
  8
PLACEMENT_OUTLINE_BOTTOM
 10
-1.24635
 20
32.11000
 42
1.0
  0
VERTEX
 5
CA6
  8
PLACEMENT_OUTLINE_BOTTOM
 10
-1.23365
 20
32.11000
 42
1.0
  0
SEQEND
  8
PLACEMENT_OUTLINE_BOTTOM
  0
SOLID
 5
CA7
  8
PADLAYER_BOTTOM
 10
-1.24000
 20
32.11000
 11
-1.24000
 21
33.61000
 12
-2.54000
 22
32.11000
 13
-2.54000
 23
33.61000
  0
SOLID
 5
CA8
  8
PADLAYER_BOTTOM
 10
-3.14000
 20
32.11000
 11
-3.14000
 21
33.61000
 12
-4.44000
 22
32.11000
 13
-4.44000
 23
33.61000
  0
POLYLINE
 5
CA9
  8
Bottom04
 66
1
 70
1
 40
0.000000
 41
0.000000
  0
VERTEX
 5
CAA
  8
Bottom04
 10
-1.22730
 20
31.60000
 42
0.414214
  0
VERTEX
 5
CAB
  8
Bottom04
 10
-1.24000
 20
31.61270
  0
VERTEX
 5
CAC
  8
Bottom04
 10
-4.43000
 20
31.61270
 42
0.414214
  0
VERTEX
 5
CAD
  8
Bottom04
 10
-4.44270
 20
31.60000
  0
VERTEX
 5
CAE
  8
Bottom04
 10
-4.44270
 20
30.10000
 42
0.414214
  0
VERTEX
 5
CAF
  8
Bottom04
 10
-4.43000
 20
30.08730
  0
VERTEX
 5
CB0
  8
Bottom04
 10
-1.24000
 20
30.08730
 42
0.414214
  0
VERTEX
 5
CB1
  8
Bottom04
 10
-1.22730
 20
30.10000
  0
VERTEX
 5
CB2
  8
Bottom04
 10
-1.22730
 20
31.60000
  0
SEQEND
  8
Bottom04
  0
POLYLINE
 5
CB3
  8
2DLINES_4
 66
1
 40
0.152400
 41
0.152400
  0
VERTEX
 5
CB4
  8
2DLINES_4
 10
-2.84000
 20
30.21000
  0
VERTEX
 5
CB5
  8
2DLINES_4
 10
-2.84000
 20
31.51000
  0
SEQEND
  8
2DLINES_4
  0
POLYLINE
 5
CB6
  8
2DLINES_4
 66
1
 70
1
 40
0.076200
 41
0.076200
  0
VERTEX
 5
CB7
  8
2DLINES_4
 10
-2.87810
 20
30.21000
 42
1.0
  0
VERTEX
 5
CB8
  8
2DLINES_4
 10
-2.80190
 20
30.21000
 42
1.0
  0
SEQEND
  8
2DLINES_4
  0
POLYLINE
 5
CB9
  8
2DLINES_4
 66
1
 70
1
 40
0.076200
 41
0.076200
  0
VERTEX
 5
CBA
  8
2DLINES_4
 10
-2.87810
 20
31.51000
 42
1.0
  0
VERTEX
 5
CBB
  8
2DLINES_4
 10
-2.80190
 20
31.51000
 42
1.0
  0
SEQEND
  8
2DLINES_4
  0
POLYLINE
 5
CBC
  8
PLACEMENT_OUTLINE_BOTTOM
 66
1
 40
0.025400
 41
0.025400
  0
VERTEX
 5
CBD
  8
PLACEMENT_OUTLINE_BOTTOM
 10
-1.24000
 20
30.11000
  0
VERTEX
 5
CBE
  8
PLACEMENT_OUTLINE_BOTTOM
 10
-1.24000
 20
31.61000
  0
SEQEND
  8
PLACEMENT_OUTLINE_BOTTOM
  0
POLYLINE
 5
CBF
  8
PLACEMENT_OUTLINE_BOTTOM
 66
1
 70
1
 40
0.012700
 41
0.012700
  0
VERTEX
 5
CC0
  8
PLACEMENT_OUTLINE_BOTTOM
 10
-1.24635
 20
30.11000
 42
1.0
  0
VERTEX
 5
CC1
  8
PLACEMENT_OUTLINE_BOTTOM
 10
-1.23365
 20
30.11000
 42
1.0
  0
SEQEND
  8
PLACEMENT_OUTLINE_BOTTOM
  0
POLYLINE
 5
CC2
  8
PLACEMENT_OUTLINE_BOTTOM
 66
1
 70
1
 40
0.012700
 41
0.012700
  0
VERTEX
 5
CC3
  8
PLACEMENT_OUTLINE_BOTTOM
 10
-1.24635
 20
31.61000
 42
1.0
  0
VERTEX
 5
CC4
  8
PLACEMENT_OUTLINE_BOTTOM
 10
-1.23365
 20
31.61000
 42
1.0
  0
SEQEND
  8
PLACEMENT_OUTLINE_BOTTOM
  0
POLYLINE
 5
CC5
  8
PLACEMENT_OUTLINE_BOTTOM
 66
1
 40
0.025400
 41
0.025400
  0
VERTEX
 5
CC6
  8
PLACEMENT_OUTLINE_BOTTOM
 10
-1.24000
 20
31.61000
  0
VERTEX
 5
CC7
  8
PLACEMENT_OUTLINE_BOTTOM
 10
-4.44000
 20
31.61000
  0
SEQEND
  8
PLACEMENT_OUTLINE_BOTTOM
  0
POLYLINE
 5
CC8
  8
PLACEMENT_OUTLINE_BOTTOM
 66
1
 70
1
 40
0.012700
 41
0.012700
  0
VERTEX
 5
CC9
  8
PLACEMENT_OUTLINE_BOTTOM
 10
-1.24635
 20
31.61000
 42
1.0
  0
VERTEX
 5
CCA
  8
PLACEMENT_OUTLINE_BOTTOM
 10
-1.23365
 20
31.61000
 42
1.0
  0
SEQEND
  8
PLACEMENT_OUTLINE_BOTTOM
  0
POLYLINE
 5
CCB
  8
PLACEMENT_OUTLINE_BOTTOM
 66
1
 70
1
 40
0.012700
 41
0.012700
  0
VERTEX
 5
CCC
  8
PLACEMENT_OUTLINE_BOTTOM
 10
-4.44635
 20
31.61000
 42
1.0
  0
VERTEX
 5
CCD
  8
PLACEMENT_OUTLINE_BOTTOM
 10
-4.43365
 20
31.61000
 42
1.0
  0
SEQEND
  8
PLACEMENT_OUTLINE_BOTTOM
  0
POLYLINE
 5
CCE
  8
PLACEMENT_OUTLINE_BOTTOM
 66
1
 40
0.025400
 41
0.025400
  0
VERTEX
 5
CCF
  8
PLACEMENT_OUTLINE_BOTTOM
 10
-4.44000
 20
31.61000
  0
VERTEX
 5
CD0
  8
PLACEMENT_OUTLINE_BOTTOM
 10
-4.44000
 20
30.11000
  0
SEQEND
  8
PLACEMENT_OUTLINE_BOTTOM
  0
POLYLINE
 5
CD1
  8
PLACEMENT_OUTLINE_BOTTOM
 66
1
 70
1
 40
0.012700
 41
0.012700
  0
VERTEX
 5
CD2
  8
PLACEMENT_OUTLINE_BOTTOM
 10
-4.44635
 20
31.61000
 42
1.0
  0
VERTEX
 5
CD3
  8
PLACEMENT_OUTLINE_BOTTOM
 10
-4.43365
 20
31.61000
 42
1.0
  0
SEQEND
  8
PLACEMENT_OUTLINE_BOTTOM
  0
POLYLINE
 5
CD4
  8
PLACEMENT_OUTLINE_BOTTOM
 66
1
 70
1
 40
0.012700
 41
0.012700
  0
VERTEX
 5
CD5
  8
PLACEMENT_OUTLINE_BOTTOM
 10
-4.44635
 20
30.11000
 42
1.0
  0
VERTEX
 5
CD6
  8
PLACEMENT_OUTLINE_BOTTOM
 10
-4.43365
 20
30.11000
 42
1.0
  0
SEQEND
  8
PLACEMENT_OUTLINE_BOTTOM
  0
POLYLINE
 5
CD7
  8
PLACEMENT_OUTLINE_BOTTOM
 66
1
 40
0.025400
 41
0.025400
  0
VERTEX
 5
CD8
  8
PLACEMENT_OUTLINE_BOTTOM
 10
-4.44000
 20
30.11000
  0
VERTEX
 5
CD9
  8
PLACEMENT_OUTLINE_BOTTOM
 10
-1.24000
 20
30.11000
  0
SEQEND
  8
PLACEMENT_OUTLINE_BOTTOM
  0
POLYLINE
 5
CDA
  8
PLACEMENT_OUTLINE_BOTTOM
 66
1
 70
1
 40
0.012700
 41
0.012700
  0
VERTEX
 5
CDB
  8
PLACEMENT_OUTLINE_BOTTOM
 10
-4.44635
 20
30.11000
 42
1.0
  0
VERTEX
 5
CDC
  8
PLACEMENT_OUTLINE_BOTTOM
 10
-4.43365
 20
30.11000
 42
1.0
  0
SEQEND
  8
PLACEMENT_OUTLINE_BOTTOM
  0
POLYLINE
 5
CDD
  8
PLACEMENT_OUTLINE_BOTTOM
 66
1
 70
1
 40
0.012700
 41
0.012700
  0
VERTEX
 5
CDE
  8
PLACEMENT_OUTLINE_BOTTOM
 10
-1.24635
 20
30.11000
 42
1.0
  0
VERTEX
 5
CDF
  8
PLACEMENT_OUTLINE_BOTTOM
 10
-1.23365
 20
30.11000
 42
1.0
  0
SEQEND
  8
PLACEMENT_OUTLINE_BOTTOM
  0
SOLID
 5
CE0
  8
PADLAYER_BOTTOM
 10
-1.24000
 20
30.11000
 11
-1.24000
 21
31.61000
 12
-2.54000
 22
30.11000
 13
-2.54000
 23
31.61000
  0
SOLID
 5
CE1
  8
PADLAYER_BOTTOM
 10
-3.14000
 20
30.11000
 11
-3.14000
 21
31.61000
 12
-4.44000
 22
30.11000
 13
-4.44000
 23
31.61000
  0
POLYLINE
 5
CE2
  8
PLACEMENT_OUTLINE_BOTTOM
 66
1
 40
0.100000
 41
0.100000
  0
VERTEX
 5
CE3
  8
PLACEMENT_OUTLINE_BOTTOM
 10
-4.23700
 20
35.21500
  0
VERTEX
 5
CE4
  8
PLACEMENT_OUTLINE_BOTTOM
 10
-1.44300
 20
35.21500
  0
SEQEND
  8
PLACEMENT_OUTLINE_BOTTOM
  0
POLYLINE
 5
CE5
  8
PLACEMENT_OUTLINE_BOTTOM
 66
1
 70
1
 40
0.050000
 41
0.050000
  0
VERTEX
 5
CE6
  8
PLACEMENT_OUTLINE_BOTTOM
 10
-4.26200
 20
35.21500
 42
1.0
  0
VERTEX
 5
CE7
  8
PLACEMENT_OUTLINE_BOTTOM
 10
-4.21200
 20
35.21500
 42
1.0
  0
SEQEND
  8
PLACEMENT_OUTLINE_BOTTOM
  0
POLYLINE
 5
CE8
  8
PLACEMENT_OUTLINE_BOTTOM
 66
1
 70
1
 40
0.050000
 41
0.050000
  0
VERTEX
 5
CE9
  8
PLACEMENT_OUTLINE_BOTTOM
 10
-1.46800
 20
35.21500
 42
1.0
  0
VERTEX
 5
CEA
  8
PLACEMENT_OUTLINE_BOTTOM
 10
-1.41800
 20
35.21500
 42
1.0
  0
SEQEND
  8
PLACEMENT_OUTLINE_BOTTOM
  0
POLYLINE
 5
CEB
  8
PLACEMENT_OUTLINE_BOTTOM
 66
1
 40
0.100000
 41
0.100000
  0
VERTEX
 5
CEC
  8
PLACEMENT_OUTLINE_BOTTOM
 10
-1.44300
 20
35.21500
  0
VERTEX
 5
CED
  8
PLACEMENT_OUTLINE_BOTTOM
 10
-1.44300
 20
33.94500
  0
SEQEND
  8
PLACEMENT_OUTLINE_BOTTOM
  0
POLYLINE
 5
CEE
  8
PLACEMENT_OUTLINE_BOTTOM
 66
1
 70
1
 40
0.050000
 41
0.050000
  0
VERTEX
 5
CEF
  8
PLACEMENT_OUTLINE_BOTTOM
 10
-1.46800
 20
35.21500
 42
1.0
  0
VERTEX
 5
CF0
  8
PLACEMENT_OUTLINE_BOTTOM
 10
-1.41800
 20
35.21500
 42
1.0
  0
SEQEND
  8
PLACEMENT_OUTLINE_BOTTOM
  0
POLYLINE
 5
CF1
  8
PLACEMENT_OUTLINE_BOTTOM
 66
1
 70
1
 40
0.050000
 41
0.050000
  0
VERTEX
 5
CF2
  8
PLACEMENT_OUTLINE_BOTTOM
 10
-1.46800
 20
33.94500
 42
1.0
  0
VERTEX
 5
CF3
  8
PLACEMENT_OUTLINE_BOTTOM
 10
-1.41800
 20
33.94500
 42
1.0
  0
SEQEND
  8
PLACEMENT_OUTLINE_BOTTOM
  0
POLYLINE
 5
CF4
  8
PLACEMENT_OUTLINE_BOTTOM
 66
1
 40
0.100000
 41
0.100000
  0
VERTEX
 5
CF5
  8
PLACEMENT_OUTLINE_BOTTOM
 10
-1.44300
 20
33.94500
  0
VERTEX
 5
CF6
  8
PLACEMENT_OUTLINE_BOTTOM
 10
-4.23700
 20
33.94500
  0
SEQEND
  8
PLACEMENT_OUTLINE_BOTTOM
  0
POLYLINE
 5
CF7
  8
PLACEMENT_OUTLINE_BOTTOM
 66
1
 70
1
 40
0.050000
 41
0.050000
  0
VERTEX
 5
CF8
  8
PLACEMENT_OUTLINE_BOTTOM
 10
-1.46800
 20
33.94500
 42
1.0
  0
VERTEX
 5
CF9
  8
PLACEMENT_OUTLINE_BOTTOM
 10
-1.41800
 20
33.94500
 42
1.0
  0
SEQEND
  8
PLACEMENT_OUTLINE_BOTTOM
  0
POLYLINE
 5
CFA
  8
PLACEMENT_OUTLINE_BOTTOM
 66
1
 70
1
 40
0.050000
 41
0.050000
  0
VERTEX
 5
CFB
  8
PLACEMENT_OUTLINE_BOTTOM
 10
-4.26200
 20
33.94500
 42
1.0
  0
VERTEX
 5
CFC
  8
PLACEMENT_OUTLINE_BOTTOM
 10
-4.21200
 20
33.94500
 42
1.0
  0
SEQEND
  8
PLACEMENT_OUTLINE_BOTTOM
  0
POLYLINE
 5
CFD
  8
PLACEMENT_OUTLINE_BOTTOM
 66
1
 40
0.100000
 41
0.100000
  0
VERTEX
 5
CFE
  8
PLACEMENT_OUTLINE_BOTTOM
 10
-4.23700
 20
33.94500
  0
VERTEX
 5
CFF
  8
PLACEMENT_OUTLINE_BOTTOM
 10
-4.23700
 20
35.21500
  0
SEQEND
  8
PLACEMENT_OUTLINE_BOTTOM
  0
POLYLINE
 5
D00
  8
PLACEMENT_OUTLINE_BOTTOM
 66
1
 70
1
 40
0.050000
 41
0.050000
  0
VERTEX
 5
D01
  8
PLACEMENT_OUTLINE_BOTTOM
 10
-4.26200
 20
33.94500
 42
1.0
  0
VERTEX
 5
D02
  8
PLACEMENT_OUTLINE_BOTTOM
 10
-4.21200
 20
33.94500
 42
1.0
  0
SEQEND
  8
PLACEMENT_OUTLINE_BOTTOM
  0
POLYLINE
 5
D03
  8
PLACEMENT_OUTLINE_BOTTOM
 66
1
 70
1
 40
0.050000
 41
0.050000
  0
VERTEX
 5
D04
  8
PLACEMENT_OUTLINE_BOTTOM
 10
-4.26200
 20
35.21500
 42
1.0
  0
VERTEX
 5
D05
  8
PLACEMENT_OUTLINE_BOTTOM
 10
-4.21200
 20
35.21500
 42
1.0
  0
SEQEND
  8
PLACEMENT_OUTLINE_BOTTOM
  0
SOLID
 5
D06
  8
PADLAYER_BOTTOM
 10
-2.53520
 20
34.12280
 11
-1.62080
 21
34.12280
 12
-2.53520
 22
35.03720
 13
-1.62080
 23
35.03720
  0
SOLID
 5
D07
  8
PADLAYER_BOTTOM
 10
-4.05920
 20
34.12280
 11
-3.14480
 21
34.12280
 12
-4.05920
 22
35.03720
 13
-3.14480
 23
35.03720
  0
POLYLINE
 5
D08
  8
2DLINES_4
 66
1
 40
0.200000
 41
0.200000
  0
VERTEX
 5
D09
  8
2DLINES_4
 10
-53.74800
 20
65.83600
  0
VERTEX
 5
D0A
  8
2DLINES_4
 10
-53.74800
 20
58.43600
  0
SEQEND
  8
2DLINES_4
  0
POLYLINE
 5
D0B
  8
2DLINES_4
 66
1
 70
1
 40
0.100000
 41
0.100000
  0
VERTEX
 5
D0C
  8
2DLINES_4
 10
-53.79800
 20
65.83600
 42
1.0
  0
VERTEX
 5
D0D
  8
2DLINES_4
 10
-53.69800
 20
65.83600
 42
1.0
  0
SEQEND
  8
2DLINES_4
  0
POLYLINE
 5
D0E
  8
2DLINES_4
 66
1
 70
1
 40
0.100000
 41
0.100000
  0
VERTEX
 5
D0F
  8
2DLINES_4
 10
-53.79800
 20
58.43600
 42
1.0
  0
VERTEX
 5
D10
  8
2DLINES_4
 10
-53.69800
 20
58.43600
 42
1.0
  0
SEQEND
  8
2DLINES_4
  0
POLYLINE
 5
D11
  8
2DLINES_4
 66
1
 40
0.200000
 41
0.200000
  0
VERTEX
 5
D12
  8
2DLINES_4
 10
-53.74800
 20
58.43600
  0
VERTEX
 5
D13
  8
2DLINES_4
 10
-47.54800
 20
58.43600
  0
SEQEND
  8
2DLINES_4
  0
POLYLINE
 5
D14
  8
2DLINES_4
 66
1
 70
1
 40
0.100000
 41
0.100000
  0
VERTEX
 5
D15
  8
2DLINES_4
 10
-53.79800
 20
58.43600
 42
1.0
  0
VERTEX
 5
D16
  8
2DLINES_4
 10
-53.69800
 20
58.43600
 42
1.0
  0
SEQEND
  8
2DLINES_4
  0
POLYLINE
 5
D17
  8
2DLINES_4
 66
1
 70
1
 40
0.100000
 41
0.100000
  0
VERTEX
 5
D18
  8
2DLINES_4
 10
-47.59800
 20
58.43600
 42
1.0
  0
VERTEX
 5
D19
  8
2DLINES_4
 10
-47.49800
 20
58.43600
 42
1.0
  0
SEQEND
  8
2DLINES_4
  0
POLYLINE
 5
D1A
  8
2DLINES_4
 66
1
 40
0.200000
 41
0.200000
  0
VERTEX
 5
D1B
  8
2DLINES_4
 10
-47.54800
 20
58.43600
  0
VERTEX
 5
D1C
  8
2DLINES_4
 10
-47.54800
 20
65.83600
  0
SEQEND
  8
2DLINES_4
  0
POLYLINE
 5
D1D
  8
2DLINES_4
 66
1
 70
1
 40
0.100000
 41
0.100000
  0
VERTEX
 5
D1E
  8
2DLINES_4
 10
-47.59800
 20
58.43600
 42
1.0
  0
VERTEX
 5
D1F
  8
2DLINES_4
 10
-47.49800
 20
58.43600
 42
1.0
  0
SEQEND
  8
2DLINES_4
  0
POLYLINE
 5
D20
  8
2DLINES_4
 66
1
 70
1
 40
0.100000
 41
0.100000
  0
VERTEX
 5
D21
  8
2DLINES_4
 10
-47.59800
 20
65.83600
 42
1.0
  0
VERTEX
 5
D22
  8
2DLINES_4
 10
-47.49800
 20
65.83600
 42
1.0
  0
SEQEND
  8
2DLINES_4
  0
POLYLINE
 5
D23
  8
2DLINES_4
 66
1
 40
0.200000
 41
0.200000
  0
VERTEX
 5
D24
  8
2DLINES_4
 10
-47.54800
 20
65.83600
  0
VERTEX
 5
D25
  8
2DLINES_4
 10
-53.74800
 20
65.83600
  0
SEQEND
  8
2DLINES_4
  0
POLYLINE
 5
D26
  8
2DLINES_4
 66
1
 70
1
 40
0.100000
 41
0.100000
  0
VERTEX
 5
D27
  8
2DLINES_4
 10
-47.59800
 20
65.83600
 42
1.0
  0
VERTEX
 5
D28
  8
2DLINES_4
 10
-47.49800
 20
65.83600
 42
1.0
  0
SEQEND
  8
2DLINES_4
  0
POLYLINE
 5
D29
  8
2DLINES_4
 66
1
 70
1
 40
0.100000
 41
0.100000
  0
VERTEX
 5
D2A
  8
2DLINES_4
 10
-53.79800
 20
65.83600
 42
1.0
  0
VERTEX
 5
D2B
  8
2DLINES_4
 10
-53.69800
 20
65.83600
 42
1.0
  0
SEQEND
  8
2DLINES_4
  0
POLYLINE
 5
D2C
  8
2DLINES_4
 66
1
 40
0.200000
 41
0.200000
  0
VERTEX
 5
D2D
  8
2DLINES_4
 10
-53.47200
 20
64.83600
 42
1.000000
  0
VERTEX
 5
D2E
  8
2DLINES_4
 10
-53.12400
 20
64.83600
 42
1.000000
  0
VERTEX
 5
D2F
  8
2DLINES_4
 10
-53.47200
 20
64.83600
  0
SEQEND
  8
2DLINES_4
  0
POLYLINE
 5
D30
  8
PLACEMENT_OUTLINE_BOTTOM
 66
1
 40
0.200000
 41
0.200000
  0
VERTEX
 5
D31
  8
PLACEMENT_OUTLINE_BOTTOM
 10
-53.74800
 20
65.83600
  0
VERTEX
 5
D32
  8
PLACEMENT_OUTLINE_BOTTOM
 10
-53.74800
 20
58.43600
  0
SEQEND
  8
PLACEMENT_OUTLINE_BOTTOM
  0
POLYLINE
 5
D33
  8
PLACEMENT_OUTLINE_BOTTOM
 66
1
 70
1
 40
0.100000
 41
0.100000
  0
VERTEX
 5
D34
  8
PLACEMENT_OUTLINE_BOTTOM
 10
-53.79800
 20
65.83600
 42
1.0
  0
VERTEX
 5
D35
  8
PLACEMENT_OUTLINE_BOTTOM
 10
-53.69800
 20
65.83600
 42
1.0
  0
SEQEND
  8
PLACEMENT_OUTLINE_BOTTOM
  0
POLYLINE
 5
D36
  8
PLACEMENT_OUTLINE_BOTTOM
 66
1
 70
1
 40
0.100000
 41
0.100000
  0
VERTEX
 5
D37
  8
PLACEMENT_OUTLINE_BOTTOM
 10
-53.79800
 20
58.43600
 42
1.0
  0
VERTEX
 5
D38
  8
PLACEMENT_OUTLINE_BOTTOM
 10
-53.69800
 20
58.43600
 42
1.0
  0
SEQEND
  8
PLACEMENT_OUTLINE_BOTTOM
  0
POLYLINE
 5
D39
  8
PLACEMENT_OUTLINE_BOTTOM
 66
1
 40
0.200000
 41
0.200000
  0
VERTEX
 5
D3A
  8
PLACEMENT_OUTLINE_BOTTOM
 10
-53.74800
 20
58.43600
  0
VERTEX
 5
D3B
  8
PLACEMENT_OUTLINE_BOTTOM
 10
-47.54800
 20
58.43600
  0
SEQEND
  8
PLACEMENT_OUTLINE_BOTTOM
  0
POLYLINE
 5
D3C
  8
PLACEMENT_OUTLINE_BOTTOM
 66
1
 70
1
 40
0.100000
 41
0.100000
  0
VERTEX
 5
D3D
  8
PLACEMENT_OUTLINE_BOTTOM
 10
-53.79800
 20
58.43600
 42
1.0
  0
VERTEX
 5
D3E
  8
PLACEMENT_OUTLINE_BOTTOM
 10
-53.69800
 20
58.43600
 42
1.0
  0
SEQEND
  8
PLACEMENT_OUTLINE_BOTTOM
  0
POLYLINE
 5
D3F
  8
PLACEMENT_OUTLINE_BOTTOM
 66
1
 70
1
 40
0.100000
 41
0.100000
  0
VERTEX
 5
D40
  8
PLACEMENT_OUTLINE_BOTTOM
 10
-47.59800
 20
58.43600
 42
1.0
  0
VERTEX
 5
D41
  8
PLACEMENT_OUTLINE_BOTTOM
 10
-47.49800
 20
58.43600
 42
1.0
  0
SEQEND
  8
PLACEMENT_OUTLINE_BOTTOM
  0
POLYLINE
 5
D42
  8
PLACEMENT_OUTLINE_BOTTOM
 66
1
 40
0.200000
 41
0.200000
  0
VERTEX
 5
D43
  8
PLACEMENT_OUTLINE_BOTTOM
 10
-47.54800
 20
58.43600
  0
VERTEX
 5
D44
  8
PLACEMENT_OUTLINE_BOTTOM
 10
-47.54800
 20
65.83600
  0
SEQEND
  8
PLACEMENT_OUTLINE_BOTTOM
  0
POLYLINE
 5
D45
  8
PLACEMENT_OUTLINE_BOTTOM
 66
1
 70
1
 40
0.100000
 41
0.100000
  0
VERTEX
 5
D46
  8
PLACEMENT_OUTLINE_BOTTOM
 10
-47.59800
 20
58.43600
 42
1.0
  0
VERTEX
 5
D47
  8
PLACEMENT_OUTLINE_BOTTOM
 10
-47.49800
 20
58.43600
 42
1.0
  0
SEQEND
  8
PLACEMENT_OUTLINE_BOTTOM
  0
POLYLINE
 5
D48
  8
PLACEMENT_OUTLINE_BOTTOM
 66
1
 70
1
 40
0.100000
 41
0.100000
  0
VERTEX
 5
D49
  8
PLACEMENT_OUTLINE_BOTTOM
 10
-47.59800
 20
65.83600
 42
1.0
  0
VERTEX
 5
D4A
  8
PLACEMENT_OUTLINE_BOTTOM
 10
-47.49800
 20
65.83600
 42
1.0
  0
SEQEND
  8
PLACEMENT_OUTLINE_BOTTOM
  0
POLYLINE
 5
D4B
  8
PLACEMENT_OUTLINE_BOTTOM
 66
1
 40
0.200000
 41
0.200000
  0
VERTEX
 5
D4C
  8
PLACEMENT_OUTLINE_BOTTOM
 10
-47.54800
 20
65.83600
  0
VERTEX
 5
D4D
  8
PLACEMENT_OUTLINE_BOTTOM
 10
-53.74800
 20
65.83600
  0
SEQEND
  8
PLACEMENT_OUTLINE_BOTTOM
  0
POLYLINE
 5
D4E
  8
PLACEMENT_OUTLINE_BOTTOM
 66
1
 70
1
 40
0.100000
 41
0.100000
  0
VERTEX
 5
D4F
  8
PLACEMENT_OUTLINE_BOTTOM
 10
-47.59800
 20
65.83600
 42
1.0
  0
VERTEX
 5
D50
  8
PLACEMENT_OUTLINE_BOTTOM
 10
-47.49800
 20
65.83600
 42
1.0
  0
SEQEND
  8
PLACEMENT_OUTLINE_BOTTOM
  0
POLYLINE
 5
D51
  8
PLACEMENT_OUTLINE_BOTTOM
 66
1
 70
1
 40
0.100000
 41
0.100000
  0
VERTEX
 5
D52
  8
PLACEMENT_OUTLINE_BOTTOM
 10
-53.79800
 20
65.83600
 42
1.0
  0
VERTEX
 5
D53
  8
PLACEMENT_OUTLINE_BOTTOM
 10
-53.69800
 20
65.83600
 42
1.0
  0
SEQEND
  8
PLACEMENT_OUTLINE_BOTTOM
  0
POLYLINE
 5
D54
  8
PLACEMENT_OUTLINE_BOTTOM
 66
1
 40
0.200000
 41
0.200000
  0
VERTEX
 5
D55
  8
PLACEMENT_OUTLINE_BOTTOM
 10
-53.47200
 20
64.83600
 42
1.000000
  0
VERTEX
 5
D56
  8
PLACEMENT_OUTLINE_BOTTOM
 10
-53.12400
 20
64.83600
 42
1.000000
  0
VERTEX
 5
D57
  8
PLACEMENT_OUTLINE_BOTTOM
 10
-53.47200
 20
64.83600
  0
SEQEND
  8
PLACEMENT_OUTLINE_BOTTOM
  0
SOLID
 5
D58
  8
PADLAYER_BOTTOM
 10
-52.29800
 20
64.06100
 11
-52.29800
 21
65.61100
 12
-52.89800
 22
64.06100
 13
-52.89800
 23
65.61100
  0
SOLID
 5
D59
  8
PADLAYER_BOTTOM
 10
-50.99800
 20
64.06100
 11
-50.99800
 21
65.61100
 12
-51.59800
 22
64.06100
 13
-51.59800
 23
65.61100
  0
SOLID
 5
D5A
  8
PADLAYER_BOTTOM
 10
-49.69800
 20
64.06100
 11
-49.69800
 21
65.61100
 12
-50.29800
 22
64.06100
 13
-50.29800
 23
65.61100
  0
SOLID
 5
D5B
  8
PADLAYER_BOTTOM
 10
-48.39800
 20
64.06100
 11
-48.39800
 21
65.61100
 12
-48.99800
 22
64.06100
 13
-48.99800
 23
65.61100
  0
SOLID
 5
D5C
  8
PADLAYER_BOTTOM
 10
-48.39800
 20
58.66100
 11
-48.39800
 21
60.21100
 12
-48.99800
 22
58.66100
 13
-48.99800
 23
60.21100
  0
SOLID
 5
D5D
  8
PADLAYER_BOTTOM
 10
-49.69800
 20
58.66100
 11
-49.69800
 21
60.21100
 12
-50.29800
 22
58.66100
 13
-50.29800
 23
60.21100
  0
SOLID
 5
D5E
  8
PADLAYER_BOTTOM
 10
-50.99800
 20
58.66100
 11
-50.99800
 21
60.21100
 12
-51.59800
 22
58.66100
 13
-51.59800
 23
60.21100
  0
SOLID
 5
D5F
  8
PADLAYER_BOTTOM
 10
-52.29800
 20
58.66100
 11
-52.29800
 21
60.21100
 12
-52.89800
 22
58.66100
 13
-52.89800
 23
60.21100
  0
SOLID
 5
D60
  8
PADLAYER_BOTTOM
 10
-49.09800
 20
63.43600
 11
-52.19800
 21
63.43600
 12
-49.09800
 22
60.83600
 13
-52.19800
 23
60.83600
  0
POLYLINE
 5
D61
  8
2DLINES_4
 66
1
 40
0.200000
 41
0.200000
  0
VERTEX
 5
D62
  8
2DLINES_4
 10
-48.65200
 20
33.71400
  0
VERTEX
 5
D63
  8
2DLINES_4
 10
-48.65200
 20
41.11400
  0
SEQEND
  8
2DLINES_4
  0
POLYLINE
 5
D64
  8
2DLINES_4
 66
1
 70
1
 40
0.100000
 41
0.100000
  0
VERTEX
 5
D65
  8
2DLINES_4
 10
-48.70200
 20
33.71400
 42
1.0
  0
VERTEX
 5
D66
  8
2DLINES_4
 10
-48.60200
 20
33.71400
 42
1.0
  0
SEQEND
  8
2DLINES_4
  0
POLYLINE
 5
D67
  8
2DLINES_4
 66
1
 70
1
 40
0.100000
 41
0.100000
  0
VERTEX
 5
D68
  8
2DLINES_4
 10
-48.70200
 20
41.11400
 42
1.0
  0
VERTEX
 5
D69
  8
2DLINES_4
 10
-48.60200
 20
41.11400
 42
1.0
  0
SEQEND
  8
2DLINES_4
  0
POLYLINE
 5
D6A
  8
2DLINES_4
 66
1
 40
0.200000
 41
0.200000
  0
VERTEX
 5
D6B
  8
2DLINES_4
 10
-48.65200
 20
41.11400
  0
VERTEX
 5
D6C
  8
2DLINES_4
 10
-54.85200
 20
41.11400
  0
SEQEND
  8
2DLINES_4
  0
POLYLINE
 5
D6D
  8
2DLINES_4
 66
1
 70
1
 40
0.100000
 41
0.100000
  0
VERTEX
 5
D6E
  8
2DLINES_4
 10
-48.70200
 20
41.11400
 42
1.0
  0
VERTEX
 5
D6F
  8
2DLINES_4
 10
-48.60200
 20
41.11400
 42
1.0
  0
SEQEND
  8
2DLINES_4
  0
POLYLINE
 5
D70
  8
2DLINES_4
 66
1
 70
1
 40
0.100000
 41
0.100000
  0
VERTEX
 5
D71
  8
2DLINES_4
 10
-54.90200
 20
41.11400
 42
1.0
  0
VERTEX
 5
D72
  8
2DLINES_4
 10
-54.80200
 20
41.11400
 42
1.0
  0
SEQEND
  8
2DLINES_4
  0
POLYLINE
 5
D73
  8
2DLINES_4
 66
1
 40
0.200000
 41
0.200000
  0
VERTEX
 5
D74
  8
2DLINES_4
 10
-54.85200
 20
41.11400
  0
VERTEX
 5
D75
  8
2DLINES_4
 10
-54.85200
 20
33.71400
  0
SEQEND
  8
2DLINES_4
  0
POLYLINE
 5
D76
  8
2DLINES_4
 66
1
 70
1
 40
0.100000
 41
0.100000
  0
VERTEX
 5
D77
  8
2DLINES_4
 10
-54.90200
 20
41.11400
 42
1.0
  0
VERTEX
 5
D78
  8
2DLINES_4
 10
-54.80200
 20
41.11400
 42
1.0
  0
SEQEND
  8
2DLINES_4
  0
POLYLINE
 5
D79
  8
2DLINES_4
 66
1
 70
1
 40
0.100000
 41
0.100000
  0
VERTEX
 5
D7A
  8
2DLINES_4
 10
-54.90200
 20
33.71400
 42
1.0
  0
VERTEX
 5
D7B
  8
2DLINES_4
 10
-54.80200
 20
33.71400
 42
1.0
  0
SEQEND
  8
2DLINES_4
  0
POLYLINE
 5
D7C
  8
2DLINES_4
 66
1
 40
0.200000
 41
0.200000
  0
VERTEX
 5
D7D
  8
2DLINES_4
 10
-54.85200
 20
33.71400
  0
VERTEX
 5
D7E
  8
2DLINES_4
 10
-48.65200
 20
33.71400
  0
SEQEND
  8
2DLINES_4
  0
POLYLINE
 5
D7F
  8
2DLINES_4
 66
1
 70
1
 40
0.100000
 41
0.100000
  0
VERTEX
 5
D80
  8
2DLINES_4
 10
-54.90200
 20
33.71400
 42
1.0
  0
VERTEX
 5
D81
  8
2DLINES_4
 10
-54.80200
 20
33.71400
 42
1.0
  0
SEQEND
  8
2DLINES_4
  0
POLYLINE
 5
D82
  8
2DLINES_4
 66
1
 70
1
 40
0.100000
 41
0.100000
  0
VERTEX
 5
D83
  8
2DLINES_4
 10
-48.70200
 20
33.71400
 42
1.0
  0
VERTEX
 5
D84
  8
2DLINES_4
 10
-48.60200
 20
33.71400
 42
1.0
  0
SEQEND
  8
2DLINES_4
  0
POLYLINE
 5
D85
  8
2DLINES_4
 66
1
 40
0.200000
 41
0.200000
  0
VERTEX
 5
D86
  8
2DLINES_4
 10
-49.27600
 20
34.71400
 42
1.000000
  0
VERTEX
 5
D87
  8
2DLINES_4
 10
-48.92800
 20
34.71400
 42
1.000000
  0
VERTEX
 5
D88
  8
2DLINES_4
 10
-49.27600
 20
34.71400
  0
SEQEND
  8
2DLINES_4
  0
POLYLINE
 5
D89
  8
PLACEMENT_OUTLINE_BOTTOM
 66
1
 40
0.200000
 41
0.200000
  0
VERTEX
 5
D8A
  8
PLACEMENT_OUTLINE_BOTTOM
 10
-48.65200
 20
33.71400
  0
VERTEX
 5
D8B
  8
PLACEMENT_OUTLINE_BOTTOM
 10
-48.65200
 20
41.11400
  0
SEQEND
  8
PLACEMENT_OUTLINE_BOTTOM
  0
POLYLINE
 5
D8C
  8
PLACEMENT_OUTLINE_BOTTOM
 66
1
 70
1
 40
0.100000
 41
0.100000
  0
VERTEX
 5
D8D
  8
PLACEMENT_OUTLINE_BOTTOM
 10
-48.70200
 20
33.71400
 42
1.0
  0
VERTEX
 5
D8E
  8
PLACEMENT_OUTLINE_BOTTOM
 10
-48.60200
 20
33.71400
 42
1.0
  0
SEQEND
  8
PLACEMENT_OUTLINE_BOTTOM
  0
POLYLINE
 5
D8F
  8
PLACEMENT_OUTLINE_BOTTOM
 66
1
 70
1
 40
0.100000
 41
0.100000
  0
VERTEX
 5
D90
  8
PLACEMENT_OUTLINE_BOTTOM
 10
-48.70200
 20
41.11400
 42
1.0
  0
VERTEX
 5
D91
  8
PLACEMENT_OUTLINE_BOTTOM
 10
-48.60200
 20
41.11400
 42
1.0
  0
SEQEND
  8
PLACEMENT_OUTLINE_BOTTOM
  0
POLYLINE
 5
D92
  8
PLACEMENT_OUTLINE_BOTTOM
 66
1
 40
0.200000
 41
0.200000
  0
VERTEX
 5
D93
  8
PLACEMENT_OUTLINE_BOTTOM
 10
-48.65200
 20
41.11400
  0
VERTEX
 5
D94
  8
PLACEMENT_OUTLINE_BOTTOM
 10
-54.85200
 20
41.11400
  0
SEQEND
  8
PLACEMENT_OUTLINE_BOTTOM
  0
POLYLINE
 5
D95
  8
PLACEMENT_OUTLINE_BOTTOM
 66
1
 70
1
 40
0.100000
 41
0.100000
  0
VERTEX
 5
D96
  8
PLACEMENT_OUTLINE_BOTTOM
 10
-48.70200
 20
41.11400
 42
1.0
  0
VERTEX
 5
D97
  8
PLACEMENT_OUTLINE_BOTTOM
 10
-48.60200
 20
41.11400
 42
1.0
  0
SEQEND
  8
PLACEMENT_OUTLINE_BOTTOM
  0
POLYLINE
 5
D98
  8
PLACEMENT_OUTLINE_BOTTOM
 66
1
 70
1
 40
0.100000
 41
0.100000
  0
VERTEX
 5
D99
  8
PLACEMENT_OUTLINE_BOTTOM
 10
-54.90200
 20
41.11400
 42
1.0
  0
VERTEX
 5
D9A
  8
PLACEMENT_OUTLINE_BOTTOM
 10
-54.80200
 20
41.11400
 42
1.0
  0
SEQEND
  8
PLACEMENT_OUTLINE_BOTTOM
  0
POLYLINE
 5
D9B
  8
PLACEMENT_OUTLINE_BOTTOM
 66
1
 40
0.200000
 41
0.200000
  0
VERTEX
 5
D9C
  8
PLACEMENT_OUTLINE_BOTTOM
 10
-54.85200
 20
41.11400
  0
VERTEX
 5
D9D
  8
PLACEMENT_OUTLINE_BOTTOM
 10
-54.85200
 20
33.71400
  0
SEQEND
  8
PLACEMENT_OUTLINE_BOTTOM
  0
POLYLINE
 5
D9E
  8
PLACEMENT_OUTLINE_BOTTOM
 66
1
 70
1
 40
0.100000
 41
0.100000
  0
VERTEX
 5
D9F
  8
PLACEMENT_OUTLINE_BOTTOM
 10
-54.90200
 20
41.11400
 42
1.0
  0
VERTEX
 5
DA0
  8
PLACEMENT_OUTLINE_BOTTOM
 10
-54.80200
 20
41.11400
 42
1.0
  0
SEQEND
  8
PLACEMENT_OUTLINE_BOTTOM
  0
POLYLINE
 5
DA1
  8
PLACEMENT_OUTLINE_BOTTOM
 66
1
 70
1
 40
0.100000
 41
0.100000
  0
VERTEX
 5
DA2
  8
PLACEMENT_OUTLINE_BOTTOM
 10
-54.90200
 20
33.71400
 42
1.0
  0
VERTEX
 5
DA3
  8
PLACEMENT_OUTLINE_BOTTOM
 10
-54.80200
 20
33.71400
 42
1.0
  0
SEQEND
  8
PLACEMENT_OUTLINE_BOTTOM
  0
POLYLINE
 5
DA4
  8
PLACEMENT_OUTLINE_BOTTOM
 66
1
 40
0.200000
 41
0.200000
  0
VERTEX
 5
DA5
  8
PLACEMENT_OUTLINE_BOTTOM
 10
-54.85200
 20
33.71400
  0
VERTEX
 5
DA6
  8
PLACEMENT_OUTLINE_BOTTOM
 10
-48.65200
 20
33.71400
  0
SEQEND
  8
PLACEMENT_OUTLINE_BOTTOM
  0
POLYLINE
 5
DA7
  8
PLACEMENT_OUTLINE_BOTTOM
 66
1
 70
1
 40
0.100000
 41
0.100000
  0
VERTEX
 5
DA8
  8
PLACEMENT_OUTLINE_BOTTOM
 10
-54.90200
 20
33.71400
 42
1.0
  0
VERTEX
 5
DA9
  8
PLACEMENT_OUTLINE_BOTTOM
 10
-54.80200
 20
33.71400
 42
1.0
  0
SEQEND
  8
PLACEMENT_OUTLINE_BOTTOM
  0
POLYLINE
 5
DAA
  8
PLACEMENT_OUTLINE_BOTTOM
 66
1
 70
1
 40
0.100000
 41
0.100000
  0
VERTEX
 5
DAB
  8
PLACEMENT_OUTLINE_BOTTOM
 10
-48.70200
 20
33.71400
 42
1.0
  0
VERTEX
 5
DAC
  8
PLACEMENT_OUTLINE_BOTTOM
 10
-48.60200
 20
33.71400
 42
1.0
  0
SEQEND
  8
PLACEMENT_OUTLINE_BOTTOM
  0
POLYLINE
 5
DAD
  8
PLACEMENT_OUTLINE_BOTTOM
 66
1
 40
0.200000
 41
0.200000
  0
VERTEX
 5
DAE
  8
PLACEMENT_OUTLINE_BOTTOM
 10
-49.27600
 20
34.71400
 42
1.000000
  0
VERTEX
 5
DAF
  8
PLACEMENT_OUTLINE_BOTTOM
 10
-48.92800
 20
34.71400
 42
1.000000
  0
VERTEX
 5
DB0
  8
PLACEMENT_OUTLINE_BOTTOM
 10
-49.27600
 20
34.71400
  0
SEQEND
  8
PLACEMENT_OUTLINE_BOTTOM
  0
SOLID
 5
DB1
  8
PADLAYER_BOTTOM
 10
-50.10200
 20
35.48900
 11
-50.10200
 21
33.93900
 12
-49.50200
 22
35.48900
 13
-49.50200
 23
33.93900
  0
SOLID
 5
DB2
  8
PADLAYER_BOTTOM
 10
-51.40200
 20
35.48900
 11
-51.40200
 21
33.93900
 12
-50.80200
 22
35.48900
 13
-50.80200
 23
33.93900
  0
SOLID
 5
DB3
  8
PADLAYER_BOTTOM
 10
-52.70200
 20
35.48900
 11
-52.70200
 21
33.93900
 12
-52.10200
 22
35.48900
 13
-52.10200
 23
33.93900
  0
SOLID
 5
DB4
  8
PADLAYER_BOTTOM
 10
-54.00200
 20
35.48900
 11
-54.00200
 21
33.93900
 12
-53.40200
 22
35.48900
 13
-53.40200
 23
33.93900
  0
SOLID
 5
DB5
  8
PADLAYER_BOTTOM
 10
-54.00200
 20
40.88900
 11
-54.00200
 21
39.33900
 12
-53.40200
 22
40.88900
 13
-53.40200
 23
39.33900
  0
SOLID
 5
DB6
  8
PADLAYER_BOTTOM
 10
-52.70200
 20
40.88900
 11
-52.70200
 21
39.33900
 12
-52.10200
 22
40.88900
 13
-52.10200
 23
39.33900
  0
SOLID
 5
DB7
  8
PADLAYER_BOTTOM
 10
-51.40200
 20
40.88900
 11
-51.40200
 21
39.33900
 12
-50.80200
 22
40.88900
 13
-50.80200
 23
39.33900
  0
SOLID
 5
DB8
  8
PADLAYER_BOTTOM
 10
-50.10200
 20
40.88900
 11
-50.10200
 21
39.33900
 12
-49.50200
 22
40.88900
 13
-49.50200
 23
39.33900
  0
SOLID
 5
DB9
  8
PADLAYER_BOTTOM
 10
-53.30200
 20
36.11400
 11
-50.20200
 21
36.11400
 12
-53.30200
 22
38.71400
 13
-50.20200
 23
38.71400
  0
POLYLINE
 5
DBA
  8
PLACEMENT_OUTLINE_BOTTOM
 66
1
 40
0.100000
 41
0.100000
  0
VERTEX
 5
DBB
  8
PLACEMENT_OUTLINE_BOTTOM
 10
-50.62100
 20
56.71300
  0
VERTEX
 5
DBC
  8
PLACEMENT_OUTLINE_BOTTOM
 10
-53.41500
 20
56.71300
  0
SEQEND
  8
PLACEMENT_OUTLINE_BOTTOM
  0
POLYLINE
 5
DBD
  8
PLACEMENT_OUTLINE_BOTTOM
 66
1
 70
1
 40
0.050000
 41
0.050000
  0
VERTEX
 5
DBE
  8
PLACEMENT_OUTLINE_BOTTOM
 10
-50.64600
 20
56.71300
 42
1.0
  0
VERTEX
 5
DBF
  8
PLACEMENT_OUTLINE_BOTTOM
 10
-50.59600
 20
56.71300
 42
1.0
  0
SEQEND
  8
PLACEMENT_OUTLINE_BOTTOM
  0
POLYLINE
 5
DC0
  8
PLACEMENT_OUTLINE_BOTTOM
 66
1
 70
1
 40
0.050000
 41
0.050000
  0
VERTEX
 5
DC1
  8
PLACEMENT_OUTLINE_BOTTOM
 10
-53.44000
 20
56.71300
 42
1.0
  0
VERTEX
 5
DC2
  8
PLACEMENT_OUTLINE_BOTTOM
 10
-53.39000
 20
56.71300
 42
1.0
  0
SEQEND
  8
PLACEMENT_OUTLINE_BOTTOM
  0
POLYLINE
 5
DC3
  8
PLACEMENT_OUTLINE_BOTTOM
 66
1
 40
0.100000
 41
0.100000
  0
VERTEX
 5
DC4
  8
PLACEMENT_OUTLINE_BOTTOM
 10
-53.41500
 20
56.71300
  0
VERTEX
 5
DC5
  8
PLACEMENT_OUTLINE_BOTTOM
 10
-53.41500
 20
57.98300
  0
SEQEND
  8
PLACEMENT_OUTLINE_BOTTOM
  0
POLYLINE
 5
DC6
  8
PLACEMENT_OUTLINE_BOTTOM
 66
1
 70
1
 40
0.050000
 41
0.050000
  0
VERTEX
 5
DC7
  8
PLACEMENT_OUTLINE_BOTTOM
 10
-53.44000
 20
56.71300
 42
1.0
  0
VERTEX
 5
DC8
  8
PLACEMENT_OUTLINE_BOTTOM
 10
-53.39000
 20
56.71300
 42
1.0
  0
SEQEND
  8
PLACEMENT_OUTLINE_BOTTOM
  0
POLYLINE
 5
DC9
  8
PLACEMENT_OUTLINE_BOTTOM
 66
1
 70
1
 40
0.050000
 41
0.050000
  0
VERTEX
 5
DCA
  8
PLACEMENT_OUTLINE_BOTTOM
 10
-53.44000
 20
57.98300
 42
1.0
  0
VERTEX
 5
DCB
  8
PLACEMENT_OUTLINE_BOTTOM
 10
-53.39000
 20
57.98300
 42
1.0
  0
SEQEND
  8
PLACEMENT_OUTLINE_BOTTOM
  0
POLYLINE
 5
DCC
  8
PLACEMENT_OUTLINE_BOTTOM
 66
1
 40
0.100000
 41
0.100000
  0
VERTEX
 5
DCD
  8
PLACEMENT_OUTLINE_BOTTOM
 10
-53.41500
 20
57.98300
  0
VERTEX
 5
DCE
  8
PLACEMENT_OUTLINE_BOTTOM
 10
-50.62100
 20
57.98300
  0
SEQEND
  8
PLACEMENT_OUTLINE_BOTTOM
  0
POLYLINE
 5
DCF
  8
PLACEMENT_OUTLINE_BOTTOM
 66
1
 70
1
 40
0.050000
 41
0.050000
  0
VERTEX
 5
DD0
  8
PLACEMENT_OUTLINE_BOTTOM
 10
-53.44000
 20
57.98300
 42
1.0
  0
VERTEX
 5
DD1
  8
PLACEMENT_OUTLINE_BOTTOM
 10
-53.39000
 20
57.98300
 42
1.0
  0
SEQEND
  8
PLACEMENT_OUTLINE_BOTTOM
  0
POLYLINE
 5
DD2
  8
PLACEMENT_OUTLINE_BOTTOM
 66
1
 70
1
 40
0.050000
 41
0.050000
  0
VERTEX
 5
DD3
  8
PLACEMENT_OUTLINE_BOTTOM
 10
-50.64600
 20
57.98300
 42
1.0
  0
VERTEX
 5
DD4
  8
PLACEMENT_OUTLINE_BOTTOM
 10
-50.59600
 20
57.98300
 42
1.0
  0
SEQEND
  8
PLACEMENT_OUTLINE_BOTTOM
  0
POLYLINE
 5
DD5
  8
PLACEMENT_OUTLINE_BOTTOM
 66
1
 40
0.100000
 41
0.100000
  0
VERTEX
 5
DD6
  8
PLACEMENT_OUTLINE_BOTTOM
 10
-50.62100
 20
57.98300
  0
VERTEX
 5
DD7
  8
PLACEMENT_OUTLINE_BOTTOM
 10
-50.62100
 20
56.71300
  0
SEQEND
  8
PLACEMENT_OUTLINE_BOTTOM
  0
POLYLINE
 5
DD8
  8
PLACEMENT_OUTLINE_BOTTOM
 66
1
 70
1
 40
0.050000
 41
0.050000
  0
VERTEX
 5
DD9
  8
PLACEMENT_OUTLINE_BOTTOM
 10
-50.64600
 20
57.98300
 42
1.0
  0
VERTEX
 5
DDA
  8
PLACEMENT_OUTLINE_BOTTOM
 10
-50.59600
 20
57.98300
 42
1.0
  0
SEQEND
  8
PLACEMENT_OUTLINE_BOTTOM
  0
POLYLINE
 5
DDB
  8
PLACEMENT_OUTLINE_BOTTOM
 66
1
 70
1
 40
0.050000
 41
0.050000
  0
VERTEX
 5
DDC
  8
PLACEMENT_OUTLINE_BOTTOM
 10
-50.64600
 20
56.71300
 42
1.0
  0
VERTEX
 5
DDD
  8
PLACEMENT_OUTLINE_BOTTOM
 10
-50.59600
 20
56.71300
 42
1.0
  0
SEQEND
  8
PLACEMENT_OUTLINE_BOTTOM
  0
SOLID
 5
DDE
  8
PADLAYER_BOTTOM
 10
-52.32280
 20
57.80520
 11
-53.23720
 21
57.80520
 12
-52.32280
 22
56.89080
 13
-53.23720
 23
56.89080
  0
SOLID
 5
DDF
  8
PADLAYER_BOTTOM
 10
-50.79880
 20
57.80520
 11
-51.71320
 21
57.80520
 12
-50.79880
 22
56.89080
 13
-51.71320
 23
56.89080
  0
POLYLINE
 5
DE0
  8
PLACEMENT_OUTLINE_BOTTOM
 66
1
 40
0.100000
 41
0.100000
  0
VERTEX
 5
DE1
  8
PLACEMENT_OUTLINE_BOTTOM
 10
-53.82700
 20
57.98300
  0
VERTEX
 5
DE2
  8
PLACEMENT_OUTLINE_BOTTOM
 10
-53.82700
 20
55.18900
  0
SEQEND
  8
PLACEMENT_OUTLINE_BOTTOM
  0
POLYLINE
 5
DE3
  8
PLACEMENT_OUTLINE_BOTTOM
 66
1
 70
1
 40
0.050000
 41
0.050000
  0
VERTEX
 5
DE4
  8
PLACEMENT_OUTLINE_BOTTOM
 10
-53.85200
 20
57.98300
 42
1.0
  0
VERTEX
 5
DE5
  8
PLACEMENT_OUTLINE_BOTTOM
 10
-53.80200
 20
57.98300
 42
1.0
  0
SEQEND
  8
PLACEMENT_OUTLINE_BOTTOM
  0
POLYLINE
 5
DE6
  8
PLACEMENT_OUTLINE_BOTTOM
 66
1
 70
1
 40
0.050000
 41
0.050000
  0
VERTEX
 5
DE7
  8
PLACEMENT_OUTLINE_BOTTOM
 10
-53.85200
 20
55.18900
 42
1.0
  0
VERTEX
 5
DE8
  8
PLACEMENT_OUTLINE_BOTTOM
 10
-53.80200
 20
55.18900
 42
1.0
  0
SEQEND
  8
PLACEMENT_OUTLINE_BOTTOM
  0
POLYLINE
 5
DE9
  8
PLACEMENT_OUTLINE_BOTTOM
 66
1
 40
0.100000
 41
0.100000
  0
VERTEX
 5
DEA
  8
PLACEMENT_OUTLINE_BOTTOM
 10
-53.82700
 20
55.18900
  0
VERTEX
 5
DEB
  8
PLACEMENT_OUTLINE_BOTTOM
 10
-55.09700
 20
55.18900
  0
SEQEND
  8
PLACEMENT_OUTLINE_BOTTOM
  0
POLYLINE
 5
DEC
  8
PLACEMENT_OUTLINE_BOTTOM
 66
1
 70
1
 40
0.050000
 41
0.050000
  0
VERTEX
 5
DED
  8
PLACEMENT_OUTLINE_BOTTOM
 10
-53.85200
 20
55.18900
 42
1.0
  0
VERTEX
 5
DEE
  8
PLACEMENT_OUTLINE_BOTTOM
 10
-53.80200
 20
55.18900
 42
1.0
  0
SEQEND
  8
PLACEMENT_OUTLINE_BOTTOM
  0
POLYLINE
 5
DEF
  8
PLACEMENT_OUTLINE_BOTTOM
 66
1
 70
1
 40
0.050000
 41
0.050000
  0
VERTEX
 5
DF0
  8
PLACEMENT_OUTLINE_BOTTOM
 10
-55.12200
 20
55.18900
 42
1.0
  0
VERTEX
 5
DF1
  8
PLACEMENT_OUTLINE_BOTTOM
 10
-55.07200
 20
55.18900
 42
1.0
  0
SEQEND
  8
PLACEMENT_OUTLINE_BOTTOM
  0
POLYLINE
 5
DF2
  8
PLACEMENT_OUTLINE_BOTTOM
 66
1
 40
0.100000
 41
0.100000
  0
VERTEX
 5
DF3
  8
PLACEMENT_OUTLINE_BOTTOM
 10
-55.09700
 20
55.18900
  0
VERTEX
 5
DF4
  8
PLACEMENT_OUTLINE_BOTTOM
 10
-55.09700
 20
57.98300
  0
SEQEND
  8
PLACEMENT_OUTLINE_BOTTOM
  0
POLYLINE
 5
DF5
  8
PLACEMENT_OUTLINE_BOTTOM
 66
1
 70
1
 40
0.050000
 41
0.050000
  0
VERTEX
 5
DF6
  8
PLACEMENT_OUTLINE_BOTTOM
 10
-55.12200
 20
55.18900
 42
1.0
  0
VERTEX
 5
DF7
  8
PLACEMENT_OUTLINE_BOTTOM
 10
-55.07200
 20
55.18900
 42
1.0
  0
SEQEND
  8
PLACEMENT_OUTLINE_BOTTOM
  0
POLYLINE
 5
DF8
  8
PLACEMENT_OUTLINE_BOTTOM
 66
1
 70
1
 40
0.050000
 41
0.050000
  0
VERTEX
 5
DF9
  8
PLACEMENT_OUTLINE_BOTTOM
 10
-55.12200
 20
57.98300
 42
1.0
  0
VERTEX
 5
DFA
  8
PLACEMENT_OUTLINE_BOTTOM
 10
-55.07200
 20
57.98300
 42
1.0
  0
SEQEND
  8
PLACEMENT_OUTLINE_BOTTOM
  0
POLYLINE
 5
DFB
  8
PLACEMENT_OUTLINE_BOTTOM
 66
1
 40
0.100000
 41
0.100000
  0
VERTEX
 5
DFC
  8
PLACEMENT_OUTLINE_BOTTOM
 10
-55.09700
 20
57.98300
  0
VERTEX
 5
DFD
  8
PLACEMENT_OUTLINE_BOTTOM
 10
-53.82700
 20
57.98300
  0
SEQEND
  8
PLACEMENT_OUTLINE_BOTTOM
  0
POLYLINE
 5
DFE
  8
PLACEMENT_OUTLINE_BOTTOM
 66
1
 70
1
 40
0.050000
 41
0.050000
  0
VERTEX
 5
DFF
  8
PLACEMENT_OUTLINE_BOTTOM
 10
-55.12200
 20
57.98300
 42
1.0
  0
VERTEX
 5
E00
  8
PLACEMENT_OUTLINE_BOTTOM
 10
-55.07200
 20
57.98300
 42
1.0
  0
SEQEND
  8
PLACEMENT_OUTLINE_BOTTOM
  0
POLYLINE
 5
E01
  8
PLACEMENT_OUTLINE_BOTTOM
 66
1
 70
1
 40
0.050000
 41
0.050000
  0
VERTEX
 5
E02
  8
PLACEMENT_OUTLINE_BOTTOM
 10
-53.85200
 20
57.98300
 42
1.0
  0
VERTEX
 5
E03
  8
PLACEMENT_OUTLINE_BOTTOM
 10
-53.80200
 20
57.98300
 42
1.0
  0
SEQEND
  8
PLACEMENT_OUTLINE_BOTTOM
  0
SOLID
 5
E04
  8
PADLAYER_BOTTOM
 10
-54.91920
 20
56.28120
 11
-54.91920
 21
55.36680
 12
-54.00480
 22
56.28120
 13
-54.00480
 23
55.36680
  0
SOLID
 5
E05
  8
PADLAYER_BOTTOM
 10
-54.91920
 20
57.80520
 11
-54.91920
 21
56.89080
 12
-54.00480
 22
57.80520
 13
-54.00480
 23
56.89080
  0
POLYLINE
 5
E06
  8
PLACEMENT_OUTLINE_BOTTOM
 66
1
 40
0.100000
 41
0.100000
  0
VERTEX
 5
E07
  8
PLACEMENT_OUTLINE_BOTTOM
 10
-52.90500
 20
41.56400
  0
VERTEX
 5
E08
  8
PLACEMENT_OUTLINE_BOTTOM
 10
-55.69900
 20
41.56400
  0
SEQEND
  8
PLACEMENT_OUTLINE_BOTTOM
  0
POLYLINE
 5
E09
  8
PLACEMENT_OUTLINE_BOTTOM
 66
1
 70
1
 40
0.050000
 41
0.050000
  0
VERTEX
 5
E0A
  8
PLACEMENT_OUTLINE_BOTTOM
 10
-52.93000
 20
41.56400
 42
1.0
  0
VERTEX
 5
E0B
  8
PLACEMENT_OUTLINE_BOTTOM
 10
-52.88000
 20
41.56400
 42
1.0
  0
SEQEND
  8
PLACEMENT_OUTLINE_BOTTOM
  0
POLYLINE
 5
E0C
  8
PLACEMENT_OUTLINE_BOTTOM
 66
1
 70
1
 40
0.050000
 41
0.050000
  0
VERTEX
 5
E0D
  8
PLACEMENT_OUTLINE_BOTTOM
 10
-55.72400
 20
41.56400
 42
1.0
  0
VERTEX
 5
E0E
  8
PLACEMENT_OUTLINE_BOTTOM
 10
-55.67400
 20
41.56400
 42
1.0
  0
SEQEND
  8
PLACEMENT_OUTLINE_BOTTOM
  0
POLYLINE
 5
E0F
  8
PLACEMENT_OUTLINE_BOTTOM
 66
1
 40
0.100000
 41
0.100000
  0
VERTEX
 5
E10
  8
PLACEMENT_OUTLINE_BOTTOM
 10
-55.69900
 20
41.56400
  0
VERTEX
 5
E11
  8
PLACEMENT_OUTLINE_BOTTOM
 10
-55.69900
 20
42.83400
  0
SEQEND
  8
PLACEMENT_OUTLINE_BOTTOM
  0
POLYLINE
 5
E12
  8
PLACEMENT_OUTLINE_BOTTOM
 66
1
 70
1
 40
0.050000
 41
0.050000
  0
VERTEX
 5
E13
  8
PLACEMENT_OUTLINE_BOTTOM
 10
-55.72400
 20
41.56400
 42
1.0
  0
VERTEX
 5
E14
  8
PLACEMENT_OUTLINE_BOTTOM
 10
-55.67400
 20
41.56400
 42
1.0
  0
SEQEND
  8
PLACEMENT_OUTLINE_BOTTOM
  0
POLYLINE
 5
E15
  8
PLACEMENT_OUTLINE_BOTTOM
 66
1
 70
1
 40
0.050000
 41
0.050000
  0
VERTEX
 5
E16
  8
PLACEMENT_OUTLINE_BOTTOM
 10
-55.72400
 20
42.83400
 42
1.0
  0
VERTEX
 5
E17
  8
PLACEMENT_OUTLINE_BOTTOM
 10
-55.67400
 20
42.83400
 42
1.0
  0
SEQEND
  8
PLACEMENT_OUTLINE_BOTTOM
  0
POLYLINE
 5
E18
  8
PLACEMENT_OUTLINE_BOTTOM
 66
1
 40
0.100000
 41
0.100000
  0
VERTEX
 5
E19
  8
PLACEMENT_OUTLINE_BOTTOM
 10
-55.69900
 20
42.83400
  0
VERTEX
 5
E1A
  8
PLACEMENT_OUTLINE_BOTTOM
 10
-52.90500
 20
42.83400
  0
SEQEND
  8
PLACEMENT_OUTLINE_BOTTOM
  0
POLYLINE
 5
E1B
  8
PLACEMENT_OUTLINE_BOTTOM
 66
1
 70
1
 40
0.050000
 41
0.050000
  0
VERTEX
 5
E1C
  8
PLACEMENT_OUTLINE_BOTTOM
 10
-55.72400
 20
42.83400
 42
1.0
  0
VERTEX
 5
E1D
  8
PLACEMENT_OUTLINE_BOTTOM
 10
-55.67400
 20
42.83400
 42
1.0
  0
SEQEND
  8
PLACEMENT_OUTLINE_BOTTOM
  0
POLYLINE
 5
E1E
  8
PLACEMENT_OUTLINE_BOTTOM
 66
1
 70
1
 40
0.050000
 41
0.050000
  0
VERTEX
 5
E1F
  8
PLACEMENT_OUTLINE_BOTTOM
 10
-52.93000
 20
42.83400
 42
1.0
  0
VERTEX
 5
E20
  8
PLACEMENT_OUTLINE_BOTTOM
 10
-52.88000
 20
42.83400
 42
1.0
  0
SEQEND
  8
PLACEMENT_OUTLINE_BOTTOM
  0
POLYLINE
 5
E21
  8
PLACEMENT_OUTLINE_BOTTOM
 66
1
 40
0.100000
 41
0.100000
  0
VERTEX
 5
E22
  8
PLACEMENT_OUTLINE_BOTTOM
 10
-52.90500
 20
42.83400
  0
VERTEX
 5
E23
  8
PLACEMENT_OUTLINE_BOTTOM
 10
-52.90500
 20
41.56400
  0
SEQEND
  8
PLACEMENT_OUTLINE_BOTTOM
  0
POLYLINE
 5
E24
  8
PLACEMENT_OUTLINE_BOTTOM
 66
1
 70
1
 40
0.050000
 41
0.050000
  0
VERTEX
 5
E25
  8
PLACEMENT_OUTLINE_BOTTOM
 10
-52.93000
 20
42.83400
 42
1.0
  0
VERTEX
 5
E26
  8
PLACEMENT_OUTLINE_BOTTOM
 10
-52.88000
 20
42.83400
 42
1.0
  0
SEQEND
  8
PLACEMENT_OUTLINE_BOTTOM
  0
POLYLINE
 5
E27
  8
PLACEMENT_OUTLINE_BOTTOM
 66
1
 70
1
 40
0.050000
 41
0.050000
  0
VERTEX
 5
E28
  8
PLACEMENT_OUTLINE_BOTTOM
 10
-52.93000
 20
41.56400
 42
1.0
  0
VERTEX
 5
E29
  8
PLACEMENT_OUTLINE_BOTTOM
 10
-52.88000
 20
41.56400
 42
1.0
  0
SEQEND
  8
PLACEMENT_OUTLINE_BOTTOM
  0
SOLID
 5
E2A
  8
PADLAYER_BOTTOM
 10
-54.60680
 20
42.65620
 11
-55.52120
 21
42.65620
 12
-54.60680
 22
41.74180
 13
-55.52120
 23
41.74180
  0
SOLID
 5
E2B
  8
PADLAYER_BOTTOM
 10
-53.08280
 20
42.65620
 11
-53.99720
 21
42.65620
 12
-53.08280
 22
41.74180
 13
-53.99720
 23
41.74180
  0
POLYLINE
 5
E2C
  8
PLACEMENT_OUTLINE_BOTTOM
 66
1
 40
0.100000
 41
0.100000
  0
VERTEX
 5
E2D
  8
PLACEMENT_OUTLINE_BOTTOM
 10
-55.69900
 20
43.19200
  0
VERTEX
 5
E2E
  8
PLACEMENT_OUTLINE_BOTTOM
 10
-55.69900
 20
45.98600
  0
SEQEND
  8
PLACEMENT_OUTLINE_BOTTOM
  0
POLYLINE
 5
E2F
  8
PLACEMENT_OUTLINE_BOTTOM
 66
1
 70
1
 40
0.050000
 41
0.050000
  0
VERTEX
 5
E30
  8
PLACEMENT_OUTLINE_BOTTOM
 10
-55.72400
 20
43.19200
 42
1.0
  0
VERTEX
 5
E31
  8
PLACEMENT_OUTLINE_BOTTOM
 10
-55.67400
 20
43.19200
 42
1.0
  0
SEQEND
  8
PLACEMENT_OUTLINE_BOTTOM
  0
POLYLINE
 5
E32
  8
PLACEMENT_OUTLINE_BOTTOM
 66
1
 70
1
 40
0.050000
 41
0.050000
  0
VERTEX
 5
E33
  8
PLACEMENT_OUTLINE_BOTTOM
 10
-55.72400
 20
45.98600
 42
1.0
  0
VERTEX
 5
E34
  8
PLACEMENT_OUTLINE_BOTTOM
 10
-55.67400
 20
45.98600
 42
1.0
  0
SEQEND
  8
PLACEMENT_OUTLINE_BOTTOM
  0
POLYLINE
 5
E35
  8
PLACEMENT_OUTLINE_BOTTOM
 66
1
 40
0.100000
 41
0.100000
  0
VERTEX
 5
E36
  8
PLACEMENT_OUTLINE_BOTTOM
 10
-55.69900
 20
45.98600
  0
VERTEX
 5
E37
  8
PLACEMENT_OUTLINE_BOTTOM
 10
-54.42900
 20
45.98600
  0
SEQEND
  8
PLACEMENT_OUTLINE_BOTTOM
  0
POLYLINE
 5
E38
  8
PLACEMENT_OUTLINE_BOTTOM
 66
1
 70
1
 40
0.050000
 41
0.050000
  0
VERTEX
 5
E39
  8
PLACEMENT_OUTLINE_BOTTOM
 10
-55.72400
 20
45.98600
 42
1.0
  0
VERTEX
 5
E3A
  8
PLACEMENT_OUTLINE_BOTTOM
 10
-55.67400
 20
45.98600
 42
1.0
  0
SEQEND
  8
PLACEMENT_OUTLINE_BOTTOM
  0
POLYLINE
 5
E3B
  8
PLACEMENT_OUTLINE_BOTTOM
 66
1
 70
1
 40
0.050000
 41
0.050000
  0
VERTEX
 5
E3C
  8
PLACEMENT_OUTLINE_BOTTOM
 10
-54.45400
 20
45.98600
 42
1.0
  0
VERTEX
 5
E3D
  8
PLACEMENT_OUTLINE_BOTTOM
 10
-54.40400
 20
45.98600
 42
1.0
  0
SEQEND
  8
PLACEMENT_OUTLINE_BOTTOM
  0
POLYLINE
 5
E3E
  8
PLACEMENT_OUTLINE_BOTTOM
 66
1
 40
0.100000
 41
0.100000
  0
VERTEX
 5
E3F
  8
PLACEMENT_OUTLINE_BOTTOM
 10
-54.42900
 20
45.98600
  0
VERTEX
 5
E40
  8
PLACEMENT_OUTLINE_BOTTOM
 10
-54.42900
 20
43.19200
  0
SEQEND
  8
PLACEMENT_OUTLINE_BOTTOM
  0
POLYLINE
 5
E41
  8
PLACEMENT_OUTLINE_BOTTOM
 66
1
 70
1
 40
0.050000
 41
0.050000
  0
VERTEX
 5
E42
  8
PLACEMENT_OUTLINE_BOTTOM
 10
-54.45400
 20
45.98600
 42
1.0
  0
VERTEX
 5
E43
  8
PLACEMENT_OUTLINE_BOTTOM
 10
-54.40400
 20
45.98600
 42
1.0
  0
SEQEND
  8
PLACEMENT_OUTLINE_BOTTOM
  0
POLYLINE
 5
E44
  8
PLACEMENT_OUTLINE_BOTTOM
 66
1
 70
1
 40
0.050000
 41
0.050000
  0
VERTEX
 5
E45
  8
PLACEMENT_OUTLINE_BOTTOM
 10
-54.45400
 20
43.19200
 42
1.0
  0
VERTEX
 5
E46
  8
PLACEMENT_OUTLINE_BOTTOM
 10
-54.40400
 20
43.19200
 42
1.0
  0
SEQEND
  8
PLACEMENT_OUTLINE_BOTTOM
  0
POLYLINE
 5
E47
  8
PLACEMENT_OUTLINE_BOTTOM
 66
1
 40
0.100000
 41
0.100000
  0
VERTEX
 5
E48
  8
PLACEMENT_OUTLINE_BOTTOM
 10
-54.42900
 20
43.19200
  0
VERTEX
 5
E49
  8
PLACEMENT_OUTLINE_BOTTOM
 10
-55.69900
 20
43.19200
  0
SEQEND
  8
PLACEMENT_OUTLINE_BOTTOM
  0
POLYLINE
 5
E4A
  8
PLACEMENT_OUTLINE_BOTTOM
 66
1
 70
1
 40
0.050000
 41
0.050000
  0
VERTEX
 5
E4B
  8
PLACEMENT_OUTLINE_BOTTOM
 10
-54.45400
 20
43.19200
 42
1.0
  0
VERTEX
 5
E4C
  8
PLACEMENT_OUTLINE_BOTTOM
 10
-54.40400
 20
43.19200
 42
1.0
  0
SEQEND
  8
PLACEMENT_OUTLINE_BOTTOM
  0
POLYLINE
 5
E4D
  8
PLACEMENT_OUTLINE_BOTTOM
 66
1
 70
1
 40
0.050000
 41
0.050000
  0
VERTEX
 5
E4E
  8
PLACEMENT_OUTLINE_BOTTOM
 10
-55.72400
 20
43.19200
 42
1.0
  0
VERTEX
 5
E4F
  8
PLACEMENT_OUTLINE_BOTTOM
 10
-55.67400
 20
43.19200
 42
1.0
  0
SEQEND
  8
PLACEMENT_OUTLINE_BOTTOM
  0
SOLID
 5
E50
  8
PADLAYER_BOTTOM
 10
-54.60680
 20
44.89380
 11
-54.60680
 21
45.80820
 12
-55.52120
 22
44.89380
 13
-55.52120
 23
45.80820
  0
SOLID
 5
E51
  8
PADLAYER_BOTTOM
 10
-54.60680
 20
43.36980
 11
-54.60680
 21
44.28420
 12
-55.52120
 22
43.36980
 13
-55.52120
 23
44.28420
  0
POLYLINE
 5
E52
  8
PLACEMENT_OUTLINE_BOTTOM
 66
1
 40
0.299970
 41
0.299970
  0
VERTEX
 5
E53
  8
PLACEMENT_OUTLINE_BOTTOM
 10
-49.70500
 20
41.56400
  0
VERTEX
 5
E54
  8
PLACEMENT_OUTLINE_BOTTOM
 10
-52.49900
 20
41.56400
  0
SEQEND
  8
PLACEMENT_OUTLINE_BOTTOM
  0
POLYLINE
 5
E55
  8
PLACEMENT_OUTLINE_BOTTOM
 66
1
 70
1
 40
0.149985
 41
0.149985
  0
VERTEX
 5
E56
  8
PLACEMENT_OUTLINE_BOTTOM
 10
-49.77999
 20
41.56400
 42
1.0
  0
VERTEX
 5
E57
  8
PLACEMENT_OUTLINE_BOTTOM
 10
-49.63001
 20
41.56400
 42
1.0
  0
SEQEND
  8
PLACEMENT_OUTLINE_BOTTOM
  0
POLYLINE
 5
E58
  8
PLACEMENT_OUTLINE_BOTTOM
 66
1
 70
1
 40
0.149985
 41
0.149985
  0
VERTEX
 5
E59
  8
PLACEMENT_OUTLINE_BOTTOM
 10
-52.57399
 20
41.56400
 42
1.0
  0
VERTEX
 5
E5A
  8
PLACEMENT_OUTLINE_BOTTOM
 10
-52.42401
 20
41.56400
 42
1.0
  0
SEQEND
  8
PLACEMENT_OUTLINE_BOTTOM
  0
POLYLINE
 5
E5B
  8
PLACEMENT_OUTLINE_BOTTOM
 66
1
 40
0.299970
 41
0.299970
  0
VERTEX
 5
E5C
  8
PLACEMENT_OUTLINE_BOTTOM
 10
-52.49900
 20
41.56400
  0
VERTEX
 5
E5D
  8
PLACEMENT_OUTLINE_BOTTOM
 10
-52.49900
 20
42.83400
  0
SEQEND
  8
PLACEMENT_OUTLINE_BOTTOM
  0
POLYLINE
 5
E5E
  8
PLACEMENT_OUTLINE_BOTTOM
 66
1
 70
1
 40
0.149985
 41
0.149985
  0
VERTEX
 5
E5F
  8
PLACEMENT_OUTLINE_BOTTOM
 10
-52.57399
 20
41.56400
 42
1.0
  0
VERTEX
 5
E60
  8
PLACEMENT_OUTLINE_BOTTOM
 10
-52.42401
 20
41.56400
 42
1.0
  0
SEQEND
  8
PLACEMENT_OUTLINE_BOTTOM
  0
POLYLINE
 5
E61
  8
PLACEMENT_OUTLINE_BOTTOM
 66
1
 70
1
 40
0.149985
 41
0.149985
  0
VERTEX
 5
E62
  8
PLACEMENT_OUTLINE_BOTTOM
 10
-52.57399
 20
42.83400
 42
1.0
  0
VERTEX
 5
E63
  8
PLACEMENT_OUTLINE_BOTTOM
 10
-52.42401
 20
42.83400
 42
1.0
  0
SEQEND
  8
PLACEMENT_OUTLINE_BOTTOM
  0
POLYLINE
 5
E64
  8
PLACEMENT_OUTLINE_BOTTOM
 66
1
 40
0.299970
 41
0.299970
  0
VERTEX
 5
E65
  8
PLACEMENT_OUTLINE_BOTTOM
 10
-52.49900
 20
42.83400
  0
VERTEX
 5
E66
  8
PLACEMENT_OUTLINE_BOTTOM
 10
-49.70500
 20
42.83400
  0
SEQEND
  8
PLACEMENT_OUTLINE_BOTTOM
  0
POLYLINE
 5
E67
  8
PLACEMENT_OUTLINE_BOTTOM
 66
1
 70
1
 40
0.149985
 41
0.149985
  0
VERTEX
 5
E68
  8
PLACEMENT_OUTLINE_BOTTOM
 10
-52.57399
 20
42.83400
 42
1.0
  0
VERTEX
 5
E69
  8
PLACEMENT_OUTLINE_BOTTOM
 10
-52.42401
 20
42.83400
 42
1.0
  0
SEQEND
  8
PLACEMENT_OUTLINE_BOTTOM
  0
POLYLINE
 5
E6A
  8
PLACEMENT_OUTLINE_BOTTOM
 66
1
 70
1
 40
0.149985
 41
0.149985
  0
VERTEX
 5
E6B
  8
PLACEMENT_OUTLINE_BOTTOM
 10
-49.77999
 20
42.83400
 42
1.0
  0
VERTEX
 5
E6C
  8
PLACEMENT_OUTLINE_BOTTOM
 10
-49.63001
 20
42.83400
 42
1.0
  0
SEQEND
  8
PLACEMENT_OUTLINE_BOTTOM
  0
POLYLINE
 5
E6D
  8
PLACEMENT_OUTLINE_BOTTOM
 66
1
 40
0.299970
 41
0.299970
  0
VERTEX
 5
E6E
  8
PLACEMENT_OUTLINE_BOTTOM
 10
-49.70500
 20
42.83400
  0
VERTEX
 5
E6F
  8
PLACEMENT_OUTLINE_BOTTOM
 10
-49.70500
 20
41.56400
  0
SEQEND
  8
PLACEMENT_OUTLINE_BOTTOM
  0
POLYLINE
 5
E70
  8
PLACEMENT_OUTLINE_BOTTOM
 66
1
 70
1
 40
0.149985
 41
0.149985
  0
VERTEX
 5
E71
  8
PLACEMENT_OUTLINE_BOTTOM
 10
-49.77999
 20
42.83400
 42
1.0
  0
VERTEX
 5
E72
  8
PLACEMENT_OUTLINE_BOTTOM
 10
-49.63001
 20
42.83400
 42
1.0
  0
SEQEND
  8
PLACEMENT_OUTLINE_BOTTOM
  0
POLYLINE
 5
E73
  8
PLACEMENT_OUTLINE_BOTTOM
 66
1
 70
1
 40
0.149985
 41
0.149985
  0
VERTEX
 5
E74
  8
PLACEMENT_OUTLINE_BOTTOM
 10
-49.77999
 20
41.56400
 42
1.0
  0
VERTEX
 5
E75
  8
PLACEMENT_OUTLINE_BOTTOM
 10
-49.63001
 20
41.56400
 42
1.0
  0
SEQEND
  8
PLACEMENT_OUTLINE_BOTTOM
  0
SOLID
 5
E76
  8
PADLAYER_BOTTOM
 10
-51.40680
 20
42.65620
 11
-52.32120
 21
42.65620
 12
-51.40680
 22
41.74180
 13
-52.32120
 23
41.74180
  0
SOLID
 5
E77
  8
PADLAYER_BOTTOM
 10
-49.88280
 20
42.65620
 11
-50.79720
 21
42.65620
 12
-49.88280
 22
41.74180
 13
-50.79720
 23
41.74180
  0
POLYLINE
 5
E78
  8
PLACEMENT_OUTLINE_BOTTOM
 66
1
 40
0.299970
 41
0.299970
  0
VERTEX
 5
E79
  8
PLACEMENT_OUTLINE_BOTTOM
 10
-47.42100
 20
56.71300
  0
VERTEX
 5
E7A
  8
PLACEMENT_OUTLINE_BOTTOM
 10
-50.21500
 20
56.71300
  0
SEQEND
  8
PLACEMENT_OUTLINE_BOTTOM
  0
POLYLINE
 5
E7B
  8
PLACEMENT_OUTLINE_BOTTOM
 66
1
 70
1
 40
0.149985
 41
0.149985
  0
VERTEX
 5
E7C
  8
PLACEMENT_OUTLINE_BOTTOM
 10
-47.49599
 20
56.71300
 42
1.0
  0
VERTEX
 5
E7D
  8
PLACEMENT_OUTLINE_BOTTOM
 10
-47.34601
 20
56.71300
 42
1.0
  0
SEQEND
  8
PLACEMENT_OUTLINE_BOTTOM
  0
POLYLINE
 5
E7E
  8
PLACEMENT_OUTLINE_BOTTOM
 66
1
 70
1
 40
0.149985
 41
0.149985
  0
VERTEX
 5
E7F
  8
PLACEMENT_OUTLINE_BOTTOM
 10
-50.28999
 20
56.71300
 42
1.0
  0
VERTEX
 5
E80
  8
PLACEMENT_OUTLINE_BOTTOM
 10
-50.14001
 20
56.71300
 42
1.0
  0
SEQEND
  8
PLACEMENT_OUTLINE_BOTTOM
  0
POLYLINE
 5
E81
  8
PLACEMENT_OUTLINE_BOTTOM
 66
1
 40
0.299970
 41
0.299970
  0
VERTEX
 5
E82
  8
PLACEMENT_OUTLINE_BOTTOM
 10
-50.21500
 20
56.71300
  0
VERTEX
 5
E83
  8
PLACEMENT_OUTLINE_BOTTOM
 10
-50.21500
 20
57.98300
  0
SEQEND
  8
PLACEMENT_OUTLINE_BOTTOM
  0
POLYLINE
 5
E84
  8
PLACEMENT_OUTLINE_BOTTOM
 66
1
 70
1
 40
0.149985
 41
0.149985
  0
VERTEX
 5
E85
  8
PLACEMENT_OUTLINE_BOTTOM
 10
-50.28999
 20
56.71300
 42
1.0
  0
VERTEX
 5
E86
  8
PLACEMENT_OUTLINE_BOTTOM
 10
-50.14001
 20
56.71300
 42
1.0
  0
SEQEND
  8
PLACEMENT_OUTLINE_BOTTOM
  0
POLYLINE
 5
E87
  8
PLACEMENT_OUTLINE_BOTTOM
 66
1
 70
1
 40
0.149985
 41
0.149985
  0
VERTEX
 5
E88
  8
PLACEMENT_OUTLINE_BOTTOM
 10
-50.28999
 20
57.98300
 42
1.0
  0
VERTEX
 5
E89
  8
PLACEMENT_OUTLINE_BOTTOM
 10
-50.14001
 20
57.98300
 42
1.0
  0
SEQEND
  8
PLACEMENT_OUTLINE_BOTTOM
  0
POLYLINE
 5
E8A
  8
PLACEMENT_OUTLINE_BOTTOM
 66
1
 40
0.299970
 41
0.299970
  0
VERTEX
 5
E8B
  8
PLACEMENT_OUTLINE_BOTTOM
 10
-50.21500
 20
57.98300
  0
VERTEX
 5
E8C
  8
PLACEMENT_OUTLINE_BOTTOM
 10
-47.42100
 20
57.98300
  0
SEQEND
  8
PLACEMENT_OUTLINE_BOTTOM
  0
POLYLINE
 5
E8D
  8
PLACEMENT_OUTLINE_BOTTOM
 66
1
 70
1
 40
0.149985
 41
0.149985
  0
VERTEX
 5
E8E
  8
PLACEMENT_OUTLINE_BOTTOM
 10
-50.28999
 20
57.98300
 42
1.0
  0
VERTEX
 5
E8F
  8
PLACEMENT_OUTLINE_BOTTOM
 10
-50.14001
 20
57.98300
 42
1.0
  0
SEQEND
  8
PLACEMENT_OUTLINE_BOTTOM
  0
POLYLINE
 5
E90
  8
PLACEMENT_OUTLINE_BOTTOM
 66
1
 70
1
 40
0.149985
 41
0.149985
  0
VERTEX
 5
E91
  8
PLACEMENT_OUTLINE_BOTTOM
 10
-47.49599
 20
57.98300
 42
1.0
  0
VERTEX
 5
E92
  8
PLACEMENT_OUTLINE_BOTTOM
 10
-47.34601
 20
57.98300
 42
1.0
  0
SEQEND
  8
PLACEMENT_OUTLINE_BOTTOM
  0
POLYLINE
 5
E93
  8
PLACEMENT_OUTLINE_BOTTOM
 66
1
 40
0.299970
 41
0.299970
  0
VERTEX
 5
E94
  8
PLACEMENT_OUTLINE_BOTTOM
 10
-47.42100
 20
57.98300
  0
VERTEX
 5
E95
  8
PLACEMENT_OUTLINE_BOTTOM
 10
-47.42100
 20
56.71300
  0
SEQEND
  8
PLACEMENT_OUTLINE_BOTTOM
  0
POLYLINE
 5
E96
  8
PLACEMENT_OUTLINE_BOTTOM
 66
1
 70
1
 40
0.149985
 41
0.149985
  0
VERTEX
 5
E97
  8
PLACEMENT_OUTLINE_BOTTOM
 10
-47.49599
 20
57.98300
 42
1.0
  0
VERTEX
 5
E98
  8
PLACEMENT_OUTLINE_BOTTOM
 10
-47.34601
 20
57.98300
 42
1.0
  0
SEQEND
  8
PLACEMENT_OUTLINE_BOTTOM
  0
POLYLINE
 5
E99
  8
PLACEMENT_OUTLINE_BOTTOM
 66
1
 70
1
 40
0.149985
 41
0.149985
  0
VERTEX
 5
E9A
  8
PLACEMENT_OUTLINE_BOTTOM
 10
-47.49599
 20
56.71300
 42
1.0
  0
VERTEX
 5
E9B
  8
PLACEMENT_OUTLINE_BOTTOM
 10
-47.34601
 20
56.71300
 42
1.0
  0
SEQEND
  8
PLACEMENT_OUTLINE_BOTTOM
  0
SOLID
 5
E9C
  8
PADLAYER_BOTTOM
 10
-49.12280
 20
57.80520
 11
-50.03720
 21
57.80520
 12
-49.12280
 22
56.89080
 13
-50.03720
 23
56.89080
  0
SOLID
 5
E9D
  8
PADLAYER_BOTTOM
 10
-47.59880
 20
57.80520
 11
-48.51320
 21
57.80520
 12
-47.59880
 22
56.89080
 13
-48.51320
 23
56.89080
  0
POLYLINE
 5
E9E
  8
2DLINES_4
 66
1
 40
0.152400
 41
0.152400
  0
VERTEX
 5
E9F
  8
2DLINES_4
 10
-15.50000
 20
58.33000
  0
VERTEX
 5
EA0
  8
2DLINES_4
 10
-27.00000
 20
58.33000
  0
SEQEND
  8
2DLINES_4
  0
POLYLINE
 5
EA1
  8
2DLINES_4
 66
1
 70
1
 40
0.076200
 41
0.076200
  0
VERTEX
 5
EA2
  8
2DLINES_4
 10
-15.53810
 20
58.33000
 42
1.0
  0
VERTEX
 5
EA3
  8
2DLINES_4
 10
-15.46190
 20
58.33000
 42
1.0
  0
SEQEND
  8
2DLINES_4
  0
POLYLINE
 5
EA4
  8
2DLINES_4
 66
1
 70
1
 40
0.076200
 41
0.076200
  0
VERTEX
 5
EA5
  8
2DLINES_4
 10
-27.03810
 20
58.33000
 42
1.0
  0
VERTEX
 5
EA6
  8
2DLINES_4
 10
-26.96190
 20
58.33000
 42
1.0
  0
SEQEND
  8
2DLINES_4
  0
POLYLINE
 5
EA7
  8
2DLINES_4
 66
1
 40
0.152400
 41
0.152400
  0
VERTEX
 5
EA8
  8
2DLINES_4
 10
-27.00000
 20
58.33000
  0
VERTEX
 5
EA9
  8
2DLINES_4
 10
-27.00000
 20
47.83000
  0
SEQEND
  8
2DLINES_4
  0
POLYLINE
 5
EAA
  8
2DLINES_4
 66
1
 70
1
 40
0.076200
 41
0.076200
  0
VERTEX
 5
EAB
  8
2DLINES_4
 10
-27.03810
 20
58.33000
 42
1.0
  0
VERTEX
 5
EAC
  8
2DLINES_4
 10
-26.96190
 20
58.33000
 42
1.0
  0
SEQEND
  8
2DLINES_4
  0
POLYLINE
 5
EAD
  8
2DLINES_4
 66
1
 70
1
 40
0.076200
 41
0.076200
  0
VERTEX
 5
EAE
  8
2DLINES_4
 10
-27.03810
 20
47.83000
 42
1.0
  0
VERTEX
 5
EAF
  8
2DLINES_4
 10
-26.96190
 20
47.83000
 42
1.0
  0
SEQEND
  8
2DLINES_4
  0
POLYLINE
 5
EB0
  8
2DLINES_4
 66
1
 40
0.152400
 41
0.152400
  0
VERTEX
 5
EB1
  8
2DLINES_4
 10
-27.00000
 20
47.83000
  0
VERTEX
 5
EB2
  8
2DLINES_4
 10
-15.50000
 20
47.83000
  0
SEQEND
  8
2DLINES_4
  0
POLYLINE
 5
EB3
  8
2DLINES_4
 66
1
 70
1
 40
0.076200
 41
0.076200
  0
VERTEX
 5
EB4
  8
2DLINES_4
 10
-27.03810
 20
47.83000
 42
1.0
  0
VERTEX
 5
EB5
  8
2DLINES_4
 10
-26.96190
 20
47.83000
 42
1.0
  0
SEQEND
  8
2DLINES_4
  0
POLYLINE
 5
EB6
  8
2DLINES_4
 66
1
 70
1
 40
0.076200
 41
0.076200
  0
VERTEX
 5
EB7
  8
2DLINES_4
 10
-15.53810
 20
47.83000
 42
1.0
  0
VERTEX
 5
EB8
  8
2DLINES_4
 10
-15.46190
 20
47.83000
 42
1.0
  0
SEQEND
  8
2DLINES_4
  0
POLYLINE
 5
EB9
  8
2DLINES_4
 66
1
 40
0.152400
 41
0.152400
  0
VERTEX
 5
EBA
  8
2DLINES_4
 10
-15.50000
 20
47.83000
  0
VERTEX
 5
EBB
  8
2DLINES_4
 10
-15.50000
 20
58.33000
  0
SEQEND
  8
2DLINES_4
  0
POLYLINE
 5
EBC
  8
2DLINES_4
 66
1
 70
1
 40
0.076200
 41
0.076200
  0
VERTEX
 5
EBD
  8
2DLINES_4
 10
-15.53810
 20
47.83000
 42
1.0
  0
VERTEX
 5
EBE
  8
2DLINES_4
 10
-15.46190
 20
47.83000
 42
1.0
  0
SEQEND
  8
2DLINES_4
  0
POLYLINE
 5
EBF
  8
2DLINES_4
 66
1
 70
1
 40
0.076200
 41
0.076200
  0
VERTEX
 5
EC0
  8
2DLINES_4
 10
-15.53810
 20
58.33000
 42
1.0
  0
VERTEX
 5
EC1
  8
2DLINES_4
 10
-15.46190
 20
58.33000
 42
1.0
  0
SEQEND
  8
2DLINES_4
  0
POLYLINE
 5
EC2
  8
PLACEMENT_OUTLINE_BOTTOM
 66
1
 40
0.152400
 41
0.152400
  0
VERTEX
 5
EC3
  8
PLACEMENT_OUTLINE_BOTTOM
 10
-15.50000
 20
58.33000
  0
VERTEX
 5
EC4
  8
PLACEMENT_OUTLINE_BOTTOM
 10
-27.00000
 20
58.33000
  0
SEQEND
  8
PLACEMENT_OUTLINE_BOTTOM
  0
POLYLINE
 5
EC5
  8
PLACEMENT_OUTLINE_BOTTOM
 66
1
 70
1
 40
0.076200
 41
0.076200
  0
VERTEX
 5
EC6
  8
PLACEMENT_OUTLINE_BOTTOM
 10
-15.53810
 20
58.33000
 42
1.0
  0
VERTEX
 5
EC7
  8
PLACEMENT_OUTLINE_BOTTOM
 10
-15.46190
 20
58.33000
 42
1.0
  0
SEQEND
  8
PLACEMENT_OUTLINE_BOTTOM
  0
POLYLINE
 5
EC8
  8
PLACEMENT_OUTLINE_BOTTOM
 66
1
 70
1
 40
0.076200
 41
0.076200
  0
VERTEX
 5
EC9
  8
PLACEMENT_OUTLINE_BOTTOM
 10
-27.03810
 20
58.33000
 42
1.0
  0
VERTEX
 5
ECA
  8
PLACEMENT_OUTLINE_BOTTOM
 10
-26.96190
 20
58.33000
 42
1.0
  0
SEQEND
  8
PLACEMENT_OUTLINE_BOTTOM
  0
POLYLINE
 5
ECB
  8
PLACEMENT_OUTLINE_BOTTOM
 66
1
 40
0.152400
 41
0.152400
  0
VERTEX
 5
ECC
  8
PLACEMENT_OUTLINE_BOTTOM
 10
-27.00000
 20
58.33000
  0
VERTEX
 5
ECD
  8
PLACEMENT_OUTLINE_BOTTOM
 10
-27.00000
 20
47.83000
  0
SEQEND
  8
PLACEMENT_OUTLINE_BOTTOM
  0
POLYLINE
 5
ECE
  8
PLACEMENT_OUTLINE_BOTTOM
 66
1
 70
1
 40
0.076200
 41
0.076200
  0
VERTEX
 5
ECF
  8
PLACEMENT_OUTLINE_BOTTOM
 10
-27.03810
 20
58.33000
 42
1.0
  0
VERTEX
 5
ED0
  8
PLACEMENT_OUTLINE_BOTTOM
 10
-26.96190
 20
58.33000
 42
1.0
  0
SEQEND
  8
PLACEMENT_OUTLINE_BOTTOM
  0
POLYLINE
 5
ED1
  8
PLACEMENT_OUTLINE_BOTTOM
 66
1
 70
1
 40
0.076200
 41
0.076200
  0
VERTEX
 5
ED2
  8
PLACEMENT_OUTLINE_BOTTOM
 10
-27.03810
 20
47.83000
 42
1.0
  0
VERTEX
 5
ED3
  8
PLACEMENT_OUTLINE_BOTTOM
 10
-26.96190
 20
47.83000
 42
1.0
  0
SEQEND
  8
PLACEMENT_OUTLINE_BOTTOM
  0
POLYLINE
 5
ED4
  8
PLACEMENT_OUTLINE_BOTTOM
 66
1
 40
0.152400
 41
0.152400
  0
VERTEX
 5
ED5
  8
PLACEMENT_OUTLINE_BOTTOM
 10
-27.00000
 20
47.83000
  0
VERTEX
 5
ED6
  8
PLACEMENT_OUTLINE_BOTTOM
 10
-15.50000
 20
47.83000
  0
SEQEND
  8
PLACEMENT_OUTLINE_BOTTOM
  0
POLYLINE
 5
ED7
  8
PLACEMENT_OUTLINE_BOTTOM
 66
1
 70
1
 40
0.076200
 41
0.076200
  0
VERTEX
 5
ED8
  8
PLACEMENT_OUTLINE_BOTTOM
 10
-27.03810
 20
47.83000
 42
1.0
  0
VERTEX
 5
ED9
  8
PLACEMENT_OUTLINE_BOTTOM
 10
-26.96190
 20
47.83000
 42
1.0
  0
SEQEND
  8
PLACEMENT_OUTLINE_BOTTOM
  0
POLYLINE
 5
EDA
  8
PLACEMENT_OUTLINE_BOTTOM
 66
1
 70
1
 40
0.076200
 41
0.076200
  0
VERTEX
 5
EDB
  8
PLACEMENT_OUTLINE_BOTTOM
 10
-15.53810
 20
47.83000
 42
1.0
  0
VERTEX
 5
EDC
  8
PLACEMENT_OUTLINE_BOTTOM
 10
-15.46190
 20
47.83000
 42
1.0
  0
SEQEND
  8
PLACEMENT_OUTLINE_BOTTOM
  0
POLYLINE
 5
EDD
  8
PLACEMENT_OUTLINE_BOTTOM
 66
1
 40
0.152400
 41
0.152400
  0
VERTEX
 5
EDE
  8
PLACEMENT_OUTLINE_BOTTOM
 10
-15.50000
 20
47.83000
  0
VERTEX
 5
EDF
  8
PLACEMENT_OUTLINE_BOTTOM
 10
-15.50000
 20
58.33000
  0
SEQEND
  8
PLACEMENT_OUTLINE_BOTTOM
  0
POLYLINE
 5
EE0
  8
PLACEMENT_OUTLINE_BOTTOM
 66
1
 70
1
 40
0.076200
 41
0.076200
  0
VERTEX
 5
EE1
  8
PLACEMENT_OUTLINE_BOTTOM
 10
-15.53810
 20
47.83000
 42
1.0
  0
VERTEX
 5
EE2
  8
PLACEMENT_OUTLINE_BOTTOM
 10
-15.46190
 20
47.83000
 42
1.0
  0
SEQEND
  8
PLACEMENT_OUTLINE_BOTTOM
  0
POLYLINE
 5
EE3
  8
PLACEMENT_OUTLINE_BOTTOM
 66
1
 70
1
 40
0.076200
 41
0.076200
  0
VERTEX
 5
EE4
  8
PLACEMENT_OUTLINE_BOTTOM
 10
-15.53810
 20
58.33000
 42
1.0
  0
VERTEX
 5
EE5
  8
PLACEMENT_OUTLINE_BOTTOM
 10
-15.46190
 20
58.33000
 42
1.0
  0
SEQEND
  8
PLACEMENT_OUTLINE_BOTTOM
  0
SOLID
 5
EE6
  8
PADLAYER_BOTTOM
 10
-14.75000
 20
51.08000
 11
-14.75000
 21
55.08000
 12
-18.25000
 22
51.08000
 13
-18.25000
 23
55.08000
  0
SOLID
 5
EE7
  8
PADLAYER_BOTTOM
 10
-24.25000
 20
51.08000
 11
-24.25000
 21
55.08000
 12
-27.75000
 22
51.08000
 13
-27.75000
 23
55.08000
  0
POLYLINE
 5
EE8
  8
PLACEMENT_OUTLINE_BOTTOM
 66
1
 40
0.100000
 41
0.100000
  0
VERTEX
 5
EE9
  8
PLACEMENT_OUTLINE_BOTTOM
 10
13.45300
 20
74.52500
  0
VERTEX
 5
EEA
  8
PLACEMENT_OUTLINE_BOTTOM
 10
13.45300
 20
81.89500
  0
SEQEND
  8
PLACEMENT_OUTLINE_BOTTOM
  0
POLYLINE
 5
EEB
  8
PLACEMENT_OUTLINE_BOTTOM
 66
1
 70
1
 40
0.050000
 41
0.050000
  0
VERTEX
 5
EEC
  8
PLACEMENT_OUTLINE_BOTTOM
 10
13.42800
 20
74.52500
 42
1.0
  0
VERTEX
 5
EED
  8
PLACEMENT_OUTLINE_BOTTOM
 10
13.47800
 20
74.52500
 42
1.0
  0
SEQEND
  8
PLACEMENT_OUTLINE_BOTTOM
  0
POLYLINE
 5
EEE
  8
PLACEMENT_OUTLINE_BOTTOM
 66
1
 70
1
 40
0.050000
 41
0.050000
  0
VERTEX
 5
EEF
  8
PLACEMENT_OUTLINE_BOTTOM
 10
13.42800
 20
81.89500
 42
1.0
  0
VERTEX
 5
EF0
  8
PLACEMENT_OUTLINE_BOTTOM
 10
13.47800
 20
81.89500
 42
1.0
  0
SEQEND
  8
PLACEMENT_OUTLINE_BOTTOM
  0
POLYLINE
 5
EF1
  8
PLACEMENT_OUTLINE_BOTTOM
 66
1
 40
0.100000
 41
0.100000
  0
VERTEX
 5
EF2
  8
PLACEMENT_OUTLINE_BOTTOM
 10
13.45300
 20
81.89500
  0
VERTEX
 5
EF3
  8
PLACEMENT_OUTLINE_BOTTOM
 10
9.94300
 20
81.89500
  0
SEQEND
  8
PLACEMENT_OUTLINE_BOTTOM
  0
POLYLINE
 5
EF4
  8
PLACEMENT_OUTLINE_BOTTOM
 66
1
 70
1
 40
0.050000
 41
0.050000
  0
VERTEX
 5
EF5
  8
PLACEMENT_OUTLINE_BOTTOM
 10
13.42800
 20
81.89500
 42
1.0
  0
VERTEX
 5
EF6
  8
PLACEMENT_OUTLINE_BOTTOM
 10
13.47800
 20
81.89500
 42
1.0
  0
SEQEND
  8
PLACEMENT_OUTLINE_BOTTOM
  0
POLYLINE
 5
EF7
  8
PLACEMENT_OUTLINE_BOTTOM
 66
1
 70
1
 40
0.050000
 41
0.050000
  0
VERTEX
 5
EF8
  8
PLACEMENT_OUTLINE_BOTTOM
 10
9.91800
 20
81.89500
 42
1.0
  0
VERTEX
 5
EF9
  8
PLACEMENT_OUTLINE_BOTTOM
 10
9.96800
 20
81.89500
 42
1.0
  0
SEQEND
  8
PLACEMENT_OUTLINE_BOTTOM
  0
POLYLINE
 5
EFA
  8
PLACEMENT_OUTLINE_BOTTOM
 66
1
 40
0.100000
 41
0.100000
  0
VERTEX
 5
EFB
  8
PLACEMENT_OUTLINE_BOTTOM
 10
9.94300
 20
81.89500
  0
VERTEX
 5
EFC
  8
PLACEMENT_OUTLINE_BOTTOM
 10
9.94300
 20
74.52500
  0
SEQEND
  8
PLACEMENT_OUTLINE_BOTTOM
  0
POLYLINE
 5
EFD
  8
PLACEMENT_OUTLINE_BOTTOM
 66
1
 70
1
 40
0.050000
 41
0.050000
  0
VERTEX
 5
EFE
  8
PLACEMENT_OUTLINE_BOTTOM
 10
9.91800
 20
81.89500
 42
1.0
  0
VERTEX
 5
EFF
  8
PLACEMENT_OUTLINE_BOTTOM
 10
9.96800
 20
81.89500
 42
1.0
  0
SEQEND
  8
PLACEMENT_OUTLINE_BOTTOM
  0
POLYLINE
 5
F00
  8
PLACEMENT_OUTLINE_BOTTOM
 66
1
 70
1
 40
0.050000
 41
0.050000
  0
VERTEX
 5
F01
  8
PLACEMENT_OUTLINE_BOTTOM
 10
9.91800
 20
74.52500
 42
1.0
  0
VERTEX
 5
F02
  8
PLACEMENT_OUTLINE_BOTTOM
 10
9.96800
 20
74.52500
 42
1.0
  0
SEQEND
  8
PLACEMENT_OUTLINE_BOTTOM
  0
POLYLINE
 5
F03
  8
PLACEMENT_OUTLINE_BOTTOM
 66
1
 40
0.100000
 41
0.100000
  0
VERTEX
 5
F04
  8
PLACEMENT_OUTLINE_BOTTOM
 10
9.94300
 20
74.52500
  0
VERTEX
 5
F05
  8
PLACEMENT_OUTLINE_BOTTOM
 10
13.45300
 20
74.52500
  0
SEQEND
  8
PLACEMENT_OUTLINE_BOTTOM
  0
POLYLINE
 5
F06
  8
PLACEMENT_OUTLINE_BOTTOM
 66
1
 70
1
 40
0.050000
 41
0.050000
  0
VERTEX
 5
F07
  8
PLACEMENT_OUTLINE_BOTTOM
 10
9.91800
 20
74.52500
 42
1.0
  0
VERTEX
 5
F08
  8
PLACEMENT_OUTLINE_BOTTOM
 10
9.96800
 20
74.52500
 42
1.0
  0
SEQEND
  8
PLACEMENT_OUTLINE_BOTTOM
  0
POLYLINE
 5
F09
  8
PLACEMENT_OUTLINE_BOTTOM
 66
1
 70
1
 40
0.050000
 41
0.050000
  0
VERTEX
 5
F0A
  8
PLACEMENT_OUTLINE_BOTTOM
 10
13.42800
 20
74.52500
 42
1.0
  0
VERTEX
 5
F0B
  8
PLACEMENT_OUTLINE_BOTTOM
 10
13.47800
 20
74.52500
 42
1.0
  0
SEQEND
  8
PLACEMENT_OUTLINE_BOTTOM
  0
SOLID
 5
F0C
  8
PADLAYER_BOTTOM
 10
10.44800
 20
75.91000
 11
12.94800
 21
75.91000
 12
10.44800
 22
77.21000
 13
12.94800
 23
77.21000
  0
SOLID
 5
F0D
  8
PADLAYER_BOTTOM
 10
10.44800
 20
79.21000
 11
12.94800
 21
79.21000
 12
10.44800
 22
80.51000
 13
12.94800
 23
80.51000
  0
POLYLINE
 5
F0E
  8
PLACEMENT_OUTLINE_BOTTOM
 66
1
 40
0.299970
 41
0.299970
  0
VERTEX
 5
F0F
  8
PLACEMENT_OUTLINE_BOTTOM
 10
-41.95000
 20
10.70200
  0
VERTEX
 5
F10
  8
PLACEMENT_OUTLINE_BOTTOM
 10
-39.15600
 20
10.70200
  0
SEQEND
  8
PLACEMENT_OUTLINE_BOTTOM
  0
POLYLINE
 5
F11
  8
PLACEMENT_OUTLINE_BOTTOM
 66
1
 70
1
 40
0.149985
 41
0.149985
  0
VERTEX
 5
F12
  8
PLACEMENT_OUTLINE_BOTTOM
 10
-42.02499
 20
10.70200
 42
1.0
  0
VERTEX
 5
F13
  8
PLACEMENT_OUTLINE_BOTTOM
 10
-41.87501
 20
10.70200
 42
1.0
  0
SEQEND
  8
PLACEMENT_OUTLINE_BOTTOM
  0
POLYLINE
 5
F14
  8
PLACEMENT_OUTLINE_BOTTOM
 66
1
 70
1
 40
0.149985
 41
0.149985
  0
VERTEX
 5
F15
  8
PLACEMENT_OUTLINE_BOTTOM
 10
-39.23099
 20
10.70200
 42
1.0
  0
VERTEX
 5
F16
  8
PLACEMENT_OUTLINE_BOTTOM
 10
-39.08101
 20
10.70200
 42
1.0
  0
SEQEND
  8
PLACEMENT_OUTLINE_BOTTOM
  0
POLYLINE
 5
F17
  8
PLACEMENT_OUTLINE_BOTTOM
 66
1
 40
0.299970
 41
0.299970
  0
VERTEX
 5
F18
  8
PLACEMENT_OUTLINE_BOTTOM
 10
-39.15600
 20
10.70200
  0
VERTEX
 5
F19
  8
PLACEMENT_OUTLINE_BOTTOM
 10
-39.15600
 20
9.43200
  0
SEQEND
  8
PLACEMENT_OUTLINE_BOTTOM
  0
POLYLINE
 5
F1A
  8
PLACEMENT_OUTLINE_BOTTOM
 66
1
 70
1
 40
0.149985
 41
0.149985
  0
VERTEX
 5
F1B
  8
PLACEMENT_OUTLINE_BOTTOM
 10
-39.23099
 20
10.70200
 42
1.0
  0
VERTEX
 5
F1C
  8
PLACEMENT_OUTLINE_BOTTOM
 10
-39.08101
 20
10.70200
 42
1.0
  0
SEQEND
  8
PLACEMENT_OUTLINE_BOTTOM
  0
POLYLINE
 5
F1D
  8
PLACEMENT_OUTLINE_BOTTOM
 66
1
 70
1
 40
0.149985
 41
0.149985
  0
VERTEX
 5
F1E
  8
PLACEMENT_OUTLINE_BOTTOM
 10
-39.23099
 20
9.43200
 42
1.0
  0
VERTEX
 5
F1F
  8
PLACEMENT_OUTLINE_BOTTOM
 10
-39.08101
 20
9.43200
 42
1.0
  0
SEQEND
  8
PLACEMENT_OUTLINE_BOTTOM
  0
POLYLINE
 5
F20
  8
PLACEMENT_OUTLINE_BOTTOM
 66
1
 40
0.299970
 41
0.299970
  0
VERTEX
 5
F21
  8
PLACEMENT_OUTLINE_BOTTOM
 10
-39.15600
 20
9.43200
  0
VERTEX
 5
F22
  8
PLACEMENT_OUTLINE_BOTTOM
 10
-41.95000
 20
9.43200
  0
SEQEND
  8
PLACEMENT_OUTLINE_BOTTOM
  0
POLYLINE
 5
F23
  8
PLACEMENT_OUTLINE_BOTTOM
 66
1
 70
1
 40
0.149985
 41
0.149985
  0
VERTEX
 5
F24
  8
PLACEMENT_OUTLINE_BOTTOM
 10
-39.23099
 20
9.43200
 42
1.0
  0
VERTEX
 5
F25
  8
PLACEMENT_OUTLINE_BOTTOM
 10
-39.08101
 20
9.43200
 42
1.0
  0
SEQEND
  8
PLACEMENT_OUTLINE_BOTTOM
  0
POLYLINE
 5
F26
  8
PLACEMENT_OUTLINE_BOTTOM
 66
1
 70
1
 40
0.149985
 41
0.149985
  0
VERTEX
 5
F27
  8
PLACEMENT_OUTLINE_BOTTOM
 10
-42.02499
 20
9.43200
 42
1.0
  0
VERTEX
 5
F28
  8
PLACEMENT_OUTLINE_BOTTOM
 10
-41.87501
 20
9.43200
 42
1.0
  0
SEQEND
  8
PLACEMENT_OUTLINE_BOTTOM
  0
POLYLINE
 5
F29
  8
PLACEMENT_OUTLINE_BOTTOM
 66
1
 40
0.299970
 41
0.299970
  0
VERTEX
 5
F2A
  8
PLACEMENT_OUTLINE_BOTTOM
 10
-41.95000
 20
9.43200
  0
VERTEX
 5
F2B
  8
PLACEMENT_OUTLINE_BOTTOM
 10
-41.95000
 20
10.70200
  0
SEQEND
  8
PLACEMENT_OUTLINE_BOTTOM
  0
POLYLINE
 5
F2C
  8
PLACEMENT_OUTLINE_BOTTOM
 66
1
 70
1
 40
0.149985
 41
0.149985
  0
VERTEX
 5
F2D
  8
PLACEMENT_OUTLINE_BOTTOM
 10
-42.02499
 20
9.43200
 42
1.0
  0
VERTEX
 5
F2E
  8
PLACEMENT_OUTLINE_BOTTOM
 10
-41.87501
 20
9.43200
 42
1.0
  0
SEQEND
  8
PLACEMENT_OUTLINE_BOTTOM
  0
POLYLINE
 5
F2F
  8
PLACEMENT_OUTLINE_BOTTOM
 66
1
 70
1
 40
0.149985
 41
0.149985
  0
VERTEX
 5
F30
  8
PLACEMENT_OUTLINE_BOTTOM
 10
-42.02499
 20
10.70200
 42
1.0
  0
VERTEX
 5
F31
  8
PLACEMENT_OUTLINE_BOTTOM
 10
-41.87501
 20
10.70200
 42
1.0
  0
SEQEND
  8
PLACEMENT_OUTLINE_BOTTOM
  0
SOLID
 5
F32
  8
PADLAYER_BOTTOM
 10
-40.24820
 20
9.60980
 11
-39.33380
 21
9.60980
 12
-40.24820
 22
10.52420
 13
-39.33380
 23
10.52420
  0
SOLID
 5
F33
  8
PADLAYER_BOTTOM
 10
-41.77220
 20
9.60980
 11
-40.85780
 21
9.60980
 12
-41.77220
 22
10.52420
 13
-40.85780
 23
10.52420
  0
POLYLINE
 5
F34
  8
PLACEMENT_OUTLINE_BOTTOM
 66
1
 40
0.299970
 41
0.299970
  0
VERTEX
 5
F35
  8
PLACEMENT_OUTLINE_BOTTOM
 10
-41.95000
 20
8.20200
  0
VERTEX
 5
F36
  8
PLACEMENT_OUTLINE_BOTTOM
 10
-39.15600
 20
8.20200
  0
SEQEND
  8
PLACEMENT_OUTLINE_BOTTOM
  0
POLYLINE
 5
F37
  8
PLACEMENT_OUTLINE_BOTTOM
 66
1
 70
1
 40
0.149985
 41
0.149985
  0
VERTEX
 5
F38
  8
PLACEMENT_OUTLINE_BOTTOM
 10
-42.02499
 20
8.20200
 42
1.0
  0
VERTEX
 5
F39
  8
PLACEMENT_OUTLINE_BOTTOM
 10
-41.87501
 20
8.20200
 42
1.0
  0
SEQEND
  8
PLACEMENT_OUTLINE_BOTTOM
  0
POLYLINE
 5
F3A
  8
PLACEMENT_OUTLINE_BOTTOM
 66
1
 70
1
 40
0.149985
 41
0.149985
  0
VERTEX
 5
F3B
  8
PLACEMENT_OUTLINE_BOTTOM
 10
-39.23099
 20
8.20200
 42
1.0
  0
VERTEX
 5
F3C
  8
PLACEMENT_OUTLINE_BOTTOM
 10
-39.08101
 20
8.20200
 42
1.0
  0
SEQEND
  8
PLACEMENT_OUTLINE_BOTTOM
  0
POLYLINE
 5
F3D
  8
PLACEMENT_OUTLINE_BOTTOM
 66
1
 40
0.299970
 41
0.299970
  0
VERTEX
 5
F3E
  8
PLACEMENT_OUTLINE_BOTTOM
 10
-39.15600
 20
8.20200
  0
VERTEX
 5
F3F
  8
PLACEMENT_OUTLINE_BOTTOM
 10
-39.15600
 20
6.93200
  0
SEQEND
  8
PLACEMENT_OUTLINE_BOTTOM
  0
POLYLINE
 5
F40
  8
PLACEMENT_OUTLINE_BOTTOM
 66
1
 70
1
 40
0.149985
 41
0.149985
  0
VERTEX
 5
F41
  8
PLACEMENT_OUTLINE_BOTTOM
 10
-39.23099
 20
8.20200
 42
1.0
  0
VERTEX
 5
F42
  8
PLACEMENT_OUTLINE_BOTTOM
 10
-39.08101
 20
8.20200
 42
1.0
  0
SEQEND
  8
PLACEMENT_OUTLINE_BOTTOM
  0
POLYLINE
 5
F43
  8
PLACEMENT_OUTLINE_BOTTOM
 66
1
 70
1
 40
0.149985
 41
0.149985
  0
VERTEX
 5
F44
  8
PLACEMENT_OUTLINE_BOTTOM
 10
-39.23099
 20
6.93200
 42
1.0
  0
VERTEX
 5
F45
  8
PLACEMENT_OUTLINE_BOTTOM
 10
-39.08101
 20
6.93200
 42
1.0
  0
SEQEND
  8
PLACEMENT_OUTLINE_BOTTOM
  0
POLYLINE
 5
F46
  8
PLACEMENT_OUTLINE_BOTTOM
 66
1
 40
0.299970
 41
0.299970
  0
VERTEX
 5
F47
  8
PLACEMENT_OUTLINE_BOTTOM
 10
-39.15600
 20
6.93200
  0
VERTEX
 5
F48
  8
PLACEMENT_OUTLINE_BOTTOM
 10
-41.95000
 20
6.93200
  0
SEQEND
  8
PLACEMENT_OUTLINE_BOTTOM
  0
POLYLINE
 5
F49
  8
PLACEMENT_OUTLINE_BOTTOM
 66
1
 70
1
 40
0.149985
 41
0.149985
  0
VERTEX
 5
F4A
  8
PLACEMENT_OUTLINE_BOTTOM
 10
-39.23099
 20
6.93200
 42
1.0
  0
VERTEX
 5
F4B
  8
PLACEMENT_OUTLINE_BOTTOM
 10
-39.08101
 20
6.93200
 42
1.0
  0
SEQEND
  8
PLACEMENT_OUTLINE_BOTTOM
  0
POLYLINE
 5
F4C
  8
PLACEMENT_OUTLINE_BOTTOM
 66
1
 70
1
 40
0.149985
 41
0.149985
  0
VERTEX
 5
F4D
  8
PLACEMENT_OUTLINE_BOTTOM
 10
-42.02499
 20
6.93200
 42
1.0
  0
VERTEX
 5
F4E
  8
PLACEMENT_OUTLINE_BOTTOM
 10
-41.87501
 20
6.93200
 42
1.0
  0
SEQEND
  8
PLACEMENT_OUTLINE_BOTTOM
  0
POLYLINE
 5
F4F
  8
PLACEMENT_OUTLINE_BOTTOM
 66
1
 40
0.299970
 41
0.299970
  0
VERTEX
 5
F50
  8
PLACEMENT_OUTLINE_BOTTOM
 10
-41.95000
 20
6.93200
  0
VERTEX
 5
F51
  8
PLACEMENT_OUTLINE_BOTTOM
 10
-41.95000
 20
8.20200
  0
SEQEND
  8
PLACEMENT_OUTLINE_BOTTOM
  0
POLYLINE
 5
F52
  8
PLACEMENT_OUTLINE_BOTTOM
 66
1
 70
1
 40
0.149985
 41
0.149985
  0
VERTEX
 5
F53
  8
PLACEMENT_OUTLINE_BOTTOM
 10
-42.02499
 20
6.93200
 42
1.0
  0
VERTEX
 5
F54
  8
PLACEMENT_OUTLINE_BOTTOM
 10
-41.87501
 20
6.93200
 42
1.0
  0
SEQEND
  8
PLACEMENT_OUTLINE_BOTTOM
  0
POLYLINE
 5
F55
  8
PLACEMENT_OUTLINE_BOTTOM
 66
1
 70
1
 40
0.149985
 41
0.149985
  0
VERTEX
 5
F56
  8
PLACEMENT_OUTLINE_BOTTOM
 10
-42.02499
 20
8.20200
 42
1.0
  0
VERTEX
 5
F57
  8
PLACEMENT_OUTLINE_BOTTOM
 10
-41.87501
 20
8.20200
 42
1.0
  0
SEQEND
  8
PLACEMENT_OUTLINE_BOTTOM
  0
SOLID
 5
F58
  8
PADLAYER_BOTTOM
 10
-40.24820
 20
7.10980
 11
-39.33380
 21
7.10980
 12
-40.24820
 22
8.02420
 13
-39.33380
 23
8.02420
  0
SOLID
 5
F59
  8
PADLAYER_BOTTOM
 10
-41.77220
 20
7.10980
 11
-40.85780
 21
7.10980
 12
-41.77220
 22
8.02420
 13
-40.85780
 23
8.02420
  0
POLYLINE
 5
F5A
  8
PLACEMENT_OUTLINE_BOTTOM
 66
1
 40
0.100000
 41
0.100000
  0
VERTEX
 5
F5B
  8
PLACEMENT_OUTLINE_BOTTOM
 10
-0.51689
 20
71.27546
  0
VERTEX
 5
F5C
  8
PLACEMENT_OUTLINE_BOTTOM
 10
-0.51670
 20
76.40631
  0
SEQEND
  8
PLACEMENT_OUTLINE_BOTTOM
  0
POLYLINE
 5
F5D
  8
PLACEMENT_OUTLINE_BOTTOM
 66
1
 70
1
 40
0.050000
 41
0.050000
  0
VERTEX
 5
F5E
  8
PLACEMENT_OUTLINE_BOTTOM
 10
-0.54189
 20
71.27546
 42
1.0
  0
VERTEX
 5
F5F
  8
PLACEMENT_OUTLINE_BOTTOM
 10
-0.49189
 20
71.27546
 42
1.0
  0
SEQEND
  8
PLACEMENT_OUTLINE_BOTTOM
  0
POLYLINE
 5
F60
  8
PLACEMENT_OUTLINE_BOTTOM
 66
1
 70
1
 40
0.050000
 41
0.050000
  0
VERTEX
 5
F61
  8
PLACEMENT_OUTLINE_BOTTOM
 10
-0.54170
 20
76.40631
 42
1.0
  0
VERTEX
 5
F62
  8
PLACEMENT_OUTLINE_BOTTOM
 10
-0.49170
 20
76.40631
 42
1.0
  0
SEQEND
  8
PLACEMENT_OUTLINE_BOTTOM
  0
POLYLINE
 5
F63
  8
PLACEMENT_OUTLINE_BOTTOM
 66
1
 40
0.100000
 41
0.100000
  0
VERTEX
 5
F64
  8
PLACEMENT_OUTLINE_BOTTOM
 10
-0.51670
 20
76.40631
  0
VERTEX
 5
F65
  8
PLACEMENT_OUTLINE_BOTTOM
 10
1.61677
 20
76.40631
  0
SEQEND
  8
PLACEMENT_OUTLINE_BOTTOM
  0
POLYLINE
 5
F66
  8
PLACEMENT_OUTLINE_BOTTOM
 66
1
 70
1
 40
0.050000
 41
0.050000
  0
VERTEX
 5
F67
  8
PLACEMENT_OUTLINE_BOTTOM
 10
-0.54170
 20
76.40631
 42
1.0
  0
VERTEX
 5
F68
  8
PLACEMENT_OUTLINE_BOTTOM
 10
-0.49170
 20
76.40631
 42
1.0
  0
SEQEND
  8
PLACEMENT_OUTLINE_BOTTOM
  0
POLYLINE
 5
F69
  8
PLACEMENT_OUTLINE_BOTTOM
 66
1
 70
1
 40
0.050000
 41
0.050000
  0
VERTEX
 5
F6A
  8
PLACEMENT_OUTLINE_BOTTOM
 10
1.59177
 20
76.40631
 42
1.0
  0
VERTEX
 5
F6B
  8
PLACEMENT_OUTLINE_BOTTOM
 10
1.64177
 20
76.40631
 42
1.0
  0
SEQEND
  8
PLACEMENT_OUTLINE_BOTTOM
  0
POLYLINE
 5
F6C
  8
PLACEMENT_OUTLINE_BOTTOM
 66
1
 40
0.100000
 41
0.100000
  0
VERTEX
 5
F6D
  8
PLACEMENT_OUTLINE_BOTTOM
 10
1.61677
 20
76.40631
  0
VERTEX
 5
F6E
  8
PLACEMENT_OUTLINE_BOTTOM
 10
1.61692
 20
71.27557
  0
SEQEND
  8
PLACEMENT_OUTLINE_BOTTOM
  0
POLYLINE
 5
F6F
  8
PLACEMENT_OUTLINE_BOTTOM
 66
1
 70
1
 40
0.050000
 41
0.050000
  0
VERTEX
 5
F70
  8
PLACEMENT_OUTLINE_BOTTOM
 10
1.59177
 20
76.40631
 42
1.0
  0
VERTEX
 5
F71
  8
PLACEMENT_OUTLINE_BOTTOM
 10
1.64177
 20
76.40631
 42
1.0
  0
SEQEND
  8
PLACEMENT_OUTLINE_BOTTOM
  0
POLYLINE
 5
F72
  8
PLACEMENT_OUTLINE_BOTTOM
 66
1
 70
1
 40
0.050000
 41
0.050000
  0
VERTEX
 5
F73
  8
PLACEMENT_OUTLINE_BOTTOM
 10
1.59192
 20
71.27557
 42
1.0
  0
VERTEX
 5
F74
  8
PLACEMENT_OUTLINE_BOTTOM
 10
1.64192
 20
71.27557
 42
1.0
  0
SEQEND
  8
PLACEMENT_OUTLINE_BOTTOM
  0
POLYLINE
 5
F75
  8
PLACEMENT_OUTLINE_BOTTOM
 66
1
 40
0.100000
 41
0.100000
  0
VERTEX
 5
F76
  8
PLACEMENT_OUTLINE_BOTTOM
 10
1.61692
 20
71.27557
  0
VERTEX
 5
F77
  8
PLACEMENT_OUTLINE_BOTTOM
 10
-0.51689
 20
71.27546
  0
SEQEND
  8
PLACEMENT_OUTLINE_BOTTOM
  0
POLYLINE
 5
F78
  8
PLACEMENT_OUTLINE_BOTTOM
 66
1
 70
1
 40
0.050000
 41
0.050000
  0
VERTEX
 5
F79
  8
PLACEMENT_OUTLINE_BOTTOM
 10
1.59192
 20
71.27557
 42
1.0
  0
VERTEX
 5
F7A
  8
PLACEMENT_OUTLINE_BOTTOM
 10
1.64192
 20
71.27557
 42
1.0
  0
SEQEND
  8
PLACEMENT_OUTLINE_BOTTOM
  0
POLYLINE
 5
F7B
  8
PLACEMENT_OUTLINE_BOTTOM
 66
1
 70
1
 40
0.050000
 41
0.050000
  0
VERTEX
 5
F7C
  8
PLACEMENT_OUTLINE_BOTTOM
 10
-0.54189
 20
71.27546
 42
1.0
  0
VERTEX
 5
F7D
  8
PLACEMENT_OUTLINE_BOTTOM
 10
-0.49189
 20
71.27546
 42
1.0
  0
SEQEND
  8
PLACEMENT_OUTLINE_BOTTOM
  0
SOLID
 5
F7E
  8
PADLAYER_BOTTOM
 10
1.43891
 20
76.24130
 11
-0.33909
 21
76.24130
 12
1.43891
 22
74.84430
 13
-0.33909
 23
74.84430
  0
SOLID
 5
F7F
  8
PADLAYER_BOTTOM
 10
1.43909
 20
72.83770
 11
-0.33891
 21
72.83770
 12
1.43909
 22
71.44070
 13
-0.33891
 23
71.44070
  0
POLYLINE
 5
F80
  8
PLACEMENT_OUTLINE_BOTTOM
 66
1
 40
0.100000
 41
0.100000
  0
VERTEX
 5
F81
  8
PLACEMENT_OUTLINE_BOTTOM
 10
-5.51689
 20
71.27546
  0
VERTEX
 5
F82
  8
PLACEMENT_OUTLINE_BOTTOM
 10
-5.51670
 20
76.40631
  0
SEQEND
  8
PLACEMENT_OUTLINE_BOTTOM
  0
POLYLINE
 5
F83
  8
PLACEMENT_OUTLINE_BOTTOM
 66
1
 70
1
 40
0.050000
 41
0.050000
  0
VERTEX
 5
F84
  8
PLACEMENT_OUTLINE_BOTTOM
 10
-5.54189
 20
71.27546
 42
1.0
  0
VERTEX
 5
F85
  8
PLACEMENT_OUTLINE_BOTTOM
 10
-5.49189
 20
71.27546
 42
1.0
  0
SEQEND
  8
PLACEMENT_OUTLINE_BOTTOM
  0
POLYLINE
 5
F86
  8
PLACEMENT_OUTLINE_BOTTOM
 66
1
 70
1
 40
0.050000
 41
0.050000
  0
VERTEX
 5
F87
  8
PLACEMENT_OUTLINE_BOTTOM
 10
-5.54170
 20
76.40631
 42
1.0
  0
VERTEX
 5
F88
  8
PLACEMENT_OUTLINE_BOTTOM
 10
-5.49170
 20
76.40631
 42
1.0
  0
SEQEND
  8
PLACEMENT_OUTLINE_BOTTOM
  0
POLYLINE
 5
F89
  8
PLACEMENT_OUTLINE_BOTTOM
 66
1
 40
0.100000
 41
0.100000
  0
VERTEX
 5
F8A
  8
PLACEMENT_OUTLINE_BOTTOM
 10
-5.51670
 20
76.40631
  0
VERTEX
 5
F8B
  8
PLACEMENT_OUTLINE_BOTTOM
 10
-3.38323
 20
76.40631
  0
SEQEND
  8
PLACEMENT_OUTLINE_BOTTOM
  0
POLYLINE
 5
F8C
  8
PLACEMENT_OUTLINE_BOTTOM
 66
1
 70
1
 40
0.050000
 41
0.050000
  0
VERTEX
 5
F8D
  8
PLACEMENT_OUTLINE_BOTTOM
 10
-5.54170
 20
76.40631
 42
1.0
  0
VERTEX
 5
F8E
  8
PLACEMENT_OUTLINE_BOTTOM
 10
-5.49170
 20
76.40631
 42
1.0
  0
SEQEND
  8
PLACEMENT_OUTLINE_BOTTOM
  0
POLYLINE
 5
F8F
  8
PLACEMENT_OUTLINE_BOTTOM
 66
1
 70
1
 40
0.050000
 41
0.050000
  0
VERTEX
 5
F90
  8
PLACEMENT_OUTLINE_BOTTOM
 10
-3.40823
 20
76.40631
 42
1.0
  0
VERTEX
 5
F91
  8
PLACEMENT_OUTLINE_BOTTOM
 10
-3.35823
 20
76.40631
 42
1.0
  0
SEQEND
  8
PLACEMENT_OUTLINE_BOTTOM
  0
POLYLINE
 5
F92
  8
PLACEMENT_OUTLINE_BOTTOM
 66
1
 40
0.100000
 41
0.100000
  0
VERTEX
 5
F93
  8
PLACEMENT_OUTLINE_BOTTOM
 10
-3.38323
 20
76.40631
  0
VERTEX
 5
F94
  8
PLACEMENT_OUTLINE_BOTTOM
 10
-3.38308
 20
71.27557
  0
SEQEND
  8
PLACEMENT_OUTLINE_BOTTOM
  0
POLYLINE
 5
F95
  8
PLACEMENT_OUTLINE_BOTTOM
 66
1
 70
1
 40
0.050000
 41
0.050000
  0
VERTEX
 5
F96
  8
PLACEMENT_OUTLINE_BOTTOM
 10
-3.40823
 20
76.40631
 42
1.0
  0
VERTEX
 5
F97
  8
PLACEMENT_OUTLINE_BOTTOM
 10
-3.35823
 20
76.40631
 42
1.0
  0
SEQEND
  8
PLACEMENT_OUTLINE_BOTTOM
  0
POLYLINE
 5
F98
  8
PLACEMENT_OUTLINE_BOTTOM
 66
1
 70
1
 40
0.050000
 41
0.050000
  0
VERTEX
 5
F99
  8
PLACEMENT_OUTLINE_BOTTOM
 10
-3.40808
 20
71.27557
 42
1.0
  0
VERTEX
 5
F9A
  8
PLACEMENT_OUTLINE_BOTTOM
 10
-3.35808
 20
71.27557
 42
1.0
  0
SEQEND
  8
PLACEMENT_OUTLINE_BOTTOM
  0
POLYLINE
 5
F9B
  8
PLACEMENT_OUTLINE_BOTTOM
 66
1
 40
0.100000
 41
0.100000
  0
VERTEX
 5
F9C
  8
PLACEMENT_OUTLINE_BOTTOM
 10
-3.38308
 20
71.27557
  0
VERTEX
 5
F9D
  8
PLACEMENT_OUTLINE_BOTTOM
 10
-5.51689
 20
71.27546
  0
SEQEND
  8
PLACEMENT_OUTLINE_BOTTOM
  0
POLYLINE
 5
F9E
  8
PLACEMENT_OUTLINE_BOTTOM
 66
1
 70
1
 40
0.050000
 41
0.050000
  0
VERTEX
 5
F9F
  8
PLACEMENT_OUTLINE_BOTTOM
 10
-3.40808
 20
71.27557
 42
1.0
  0
VERTEX
 5
FA0
  8
PLACEMENT_OUTLINE_BOTTOM
 10
-3.35808
 20
71.27557
 42
1.0
  0
SEQEND
  8
PLACEMENT_OUTLINE_BOTTOM
  0
POLYLINE
 5
FA1
  8
PLACEMENT_OUTLINE_BOTTOM
 66
1
 70
1
 40
0.050000
 41
0.050000
  0
VERTEX
 5
FA2
  8
PLACEMENT_OUTLINE_BOTTOM
 10
-5.54189
 20
71.27546
 42
1.0
  0
VERTEX
 5
FA3
  8
PLACEMENT_OUTLINE_BOTTOM
 10
-5.49189
 20
71.27546
 42
1.0
  0
SEQEND
  8
PLACEMENT_OUTLINE_BOTTOM
  0
SOLID
 5
FA4
  8
PADLAYER_BOTTOM
 10
-3.56109
 20
76.24130
 11
-5.33909
 21
76.24130
 12
-3.56109
 22
74.84430
 13
-5.33909
 23
74.84430
  0
SOLID
 5
FA5
  8
PADLAYER_BOTTOM
 10
-3.56091
 20
72.83770
 11
-5.33891
 21
72.83770
 12
-3.56091
 22
71.44070
 13
-5.33891
 23
71.44070
  0
POLYLINE
 5
FA6
  8
PLACEMENT_OUTLINE_BOTTOM
 66
1
 40
0.100000
 41
0.100000
  0
VERTEX
 5
FA7
  8
PLACEMENT_OUTLINE_BOTTOM
 10
-3.01689
 20
71.27546
  0
VERTEX
 5
FA8
  8
PLACEMENT_OUTLINE_BOTTOM
 10
-3.01670
 20
76.40631
  0
SEQEND
  8
PLACEMENT_OUTLINE_BOTTOM
  0
POLYLINE
 5
FA9
  8
PLACEMENT_OUTLINE_BOTTOM
 66
1
 70
1
 40
0.050000
 41
0.050000
  0
VERTEX
 5
FAA
  8
PLACEMENT_OUTLINE_BOTTOM
 10
-3.04189
 20
71.27546
 42
1.0
  0
VERTEX
 5
FAB
  8
PLACEMENT_OUTLINE_BOTTOM
 10
-2.99189
 20
71.27546
 42
1.0
  0
SEQEND
  8
PLACEMENT_OUTLINE_BOTTOM
  0
POLYLINE
 5
FAC
  8
PLACEMENT_OUTLINE_BOTTOM
 66
1
 70
1
 40
0.050000
 41
0.050000
  0
VERTEX
 5
FAD
  8
PLACEMENT_OUTLINE_BOTTOM
 10
-3.04170
 20
76.40631
 42
1.0
  0
VERTEX
 5
FAE
  8
PLACEMENT_OUTLINE_BOTTOM
 10
-2.99170
 20
76.40631
 42
1.0
  0
SEQEND
  8
PLACEMENT_OUTLINE_BOTTOM
  0
POLYLINE
 5
FAF
  8
PLACEMENT_OUTLINE_BOTTOM
 66
1
 40
0.100000
 41
0.100000
  0
VERTEX
 5
FB0
  8
PLACEMENT_OUTLINE_BOTTOM
 10
-3.01670
 20
76.40631
  0
VERTEX
 5
FB1
  8
PLACEMENT_OUTLINE_BOTTOM
 10
-0.88323
 20
76.40631
  0
SEQEND
  8
PLACEMENT_OUTLINE_BOTTOM
  0
POLYLINE
 5
FB2
  8
PLACEMENT_OUTLINE_BOTTOM
 66
1
 70
1
 40
0.050000
 41
0.050000
  0
VERTEX
 5
FB3
  8
PLACEMENT_OUTLINE_BOTTOM
 10
-3.04170
 20
76.40631
 42
1.0
  0
VERTEX
 5
FB4
  8
PLACEMENT_OUTLINE_BOTTOM
 10
-2.99170
 20
76.40631
 42
1.0
  0
SEQEND
  8
PLACEMENT_OUTLINE_BOTTOM
  0
POLYLINE
 5
FB5
  8
PLACEMENT_OUTLINE_BOTTOM
 66
1
 70
1
 40
0.050000
 41
0.050000
  0
VERTEX
 5
FB6
  8
PLACEMENT_OUTLINE_BOTTOM
 10
-0.90823
 20
76.40631
 42
1.0
  0
VERTEX
 5
FB7
  8
PLACEMENT_OUTLINE_BOTTOM
 10
-0.85823
 20
76.40631
 42
1.0
  0
SEQEND
  8
PLACEMENT_OUTLINE_BOTTOM
  0
POLYLINE
 5
FB8
  8
PLACEMENT_OUTLINE_BOTTOM
 66
1
 40
0.100000
 41
0.100000
  0
VERTEX
 5
FB9
  8
PLACEMENT_OUTLINE_BOTTOM
 10
-0.88323
 20
76.40631
  0
VERTEX
 5
FBA
  8
PLACEMENT_OUTLINE_BOTTOM
 10
-0.88308
 20
71.27557
  0
SEQEND
  8
PLACEMENT_OUTLINE_BOTTOM
  0
POLYLINE
 5
FBB
  8
PLACEMENT_OUTLINE_BOTTOM
 66
1
 70
1
 40
0.050000
 41
0.050000
  0
VERTEX
 5
FBC
  8
PLACEMENT_OUTLINE_BOTTOM
 10
-0.90823
 20
76.40631
 42
1.0
  0
VERTEX
 5
FBD
  8
PLACEMENT_OUTLINE_BOTTOM
 10
-0.85823
 20
76.40631
 42
1.0
  0
SEQEND
  8
PLACEMENT_OUTLINE_BOTTOM
  0
POLYLINE
 5
FBE
  8
PLACEMENT_OUTLINE_BOTTOM
 66
1
 70
1
 40
0.050000
 41
0.050000
  0
VERTEX
 5
FBF
  8
PLACEMENT_OUTLINE_BOTTOM
 10
-0.90808
 20
71.27557
 42
1.0
  0
VERTEX
 5
FC0
  8
PLACEMENT_OUTLINE_BOTTOM
 10
-0.85808
 20
71.27557
 42
1.0
  0
SEQEND
  8
PLACEMENT_OUTLINE_BOTTOM
  0
POLYLINE
 5
FC1
  8
PLACEMENT_OUTLINE_BOTTOM
 66
1
 40
0.100000
 41
0.100000
  0
VERTEX
 5
FC2
  8
PLACEMENT_OUTLINE_BOTTOM
 10
-0.88308
 20
71.27557
  0
VERTEX
 5
FC3
  8
PLACEMENT_OUTLINE_BOTTOM
 10
-3.01689
 20
71.27546
  0
SEQEND
  8
PLACEMENT_OUTLINE_BOTTOM
  0
POLYLINE
 5
FC4
  8
PLACEMENT_OUTLINE_BOTTOM
 66
1
 70
1
 40
0.050000
 41
0.050000
  0
VERTEX
 5
FC5
  8
PLACEMENT_OUTLINE_BOTTOM
 10
-0.90808
 20
71.27557
 42
1.0
  0
VERTEX
 5
FC6
  8
PLACEMENT_OUTLINE_BOTTOM
 10
-0.85808
 20
71.27557
 42
1.0
  0
SEQEND
  8
PLACEMENT_OUTLINE_BOTTOM
  0
POLYLINE
 5
FC7
  8
PLACEMENT_OUTLINE_BOTTOM
 66
1
 70
1
 40
0.050000
 41
0.050000
  0
VERTEX
 5
FC8
  8
PLACEMENT_OUTLINE_BOTTOM
 10
-3.04189
 20
71.27546
 42
1.0
  0
VERTEX
 5
FC9
  8
PLACEMENT_OUTLINE_BOTTOM
 10
-2.99189
 20
71.27546
 42
1.0
  0
SEQEND
  8
PLACEMENT_OUTLINE_BOTTOM
  0
SOLID
 5
FCA
  8
PADLAYER_BOTTOM
 10
-1.06109
 20
76.24130
 11
-2.83909
 21
76.24130
 12
-1.06109
 22
74.84430
 13
-2.83909
 23
74.84430
  0
SOLID
 5
FCB
  8
PADLAYER_BOTTOM
 10
-1.06091
 20
72.83770
 11
-2.83891
 21
72.83770
 12
-1.06091
 22
71.44070
 13
-2.83891
 23
71.44070
  0
POLYLINE
 5
FCC
  8
2DLINES_4
 66
1
 40
0.152400
 41
0.152400
  0
VERTEX
 5
FCD
  8
2DLINES_4
 10
-22.99000
 20
75.76100
  0
VERTEX
 5
FCE
  8
2DLINES_4
 10
-22.99000
 20
64.26100
  0
SEQEND
  8
2DLINES_4
  0
POLYLINE
 5
FCF
  8
2DLINES_4
 66
1
 70
1
 40
0.076200
 41
0.076200
  0
VERTEX
 5
FD0
  8
2DLINES_4
 10
-23.02810
 20
75.76100
 42
1.0
  0
VERTEX
 5
FD1
  8
2DLINES_4
 10
-22.95190
 20
75.76100
 42
1.0
  0
SEQEND
  8
2DLINES_4
  0
POLYLINE
 5
FD2
  8
2DLINES_4
 66
1
 70
1
 40
0.076200
 41
0.076200
  0
VERTEX
 5
FD3
  8
2DLINES_4
 10
-23.02810
 20
64.26100
 42
1.0
  0
VERTEX
 5
FD4
  8
2DLINES_4
 10
-22.95190
 20
64.26100
 42
1.0
  0
SEQEND
  8
2DLINES_4
  0
POLYLINE
 5
FD5
  8
2DLINES_4
 66
1
 40
0.152400
 41
0.152400
  0
VERTEX
 5
FD6
  8
2DLINES_4
 10
-22.99000
 20
64.26100
  0
VERTEX
 5
FD7
  8
2DLINES_4
 10
-12.49000
 20
64.26100
  0
SEQEND
  8
2DLINES_4
  0
POLYLINE
 5
FD8
  8
2DLINES_4
 66
1
 70
1
 40
0.076200
 41
0.076200
  0
VERTEX
 5
FD9
  8
2DLINES_4
 10
-23.02810
 20
64.26100
 42
1.0
  0
VERTEX
 5
FDA
  8
2DLINES_4
 10
-22.95190
 20
64.26100
 42
1.0
  0
SEQEND
  8
2DLINES_4
  0
POLYLINE
 5
FDB
  8
2DLINES_4
 66
1
 70
1
 40
0.076200
 41
0.076200
  0
VERTEX
 5
FDC
  8
2DLINES_4
 10
-12.52810
 20
64.26100
 42
1.0
  0
VERTEX
 5
FDD
  8
2DLINES_4
 10
-12.45190
 20
64.26100
 42
1.0
  0
SEQEND
  8
2DLINES_4
  0
POLYLINE
 5
FDE
  8
2DLINES_4
 66
1
 40
0.152400
 41
0.152400
  0
VERTEX
 5
FDF
  8
2DLINES_4
 10
-12.49000
 20
64.26100
  0
VERTEX
 5
FE0
  8
2DLINES_4
 10
-12.49000
 20
75.76100
  0
SEQEND
  8
2DLINES_4
  0
POLYLINE
 5
FE1
  8
2DLINES_4
 66
1
 70
1
 40
0.076200
 41
0.076200
  0
VERTEX
 5
FE2
  8
2DLINES_4
 10
-12.52810
 20
64.26100
 42
1.0
  0
VERTEX
 5
FE3
  8
2DLINES_4
 10
-12.45190
 20
64.26100
 42
1.0
  0
SEQEND
  8
2DLINES_4
  0
POLYLINE
 5
FE4
  8
2DLINES_4
 66
1
 70
1
 40
0.076200
 41
0.076200
  0
VERTEX
 5
FE5
  8
2DLINES_4
 10
-12.52810
 20
75.76100
 42
1.0
  0
VERTEX
 5
FE6
  8
2DLINES_4
 10
-12.45190
 20
75.76100
 42
1.0
  0
SEQEND
  8
2DLINES_4
  0
POLYLINE
 5
FE7
  8
2DLINES_4
 66
1
 40
0.152400
 41
0.152400
  0
VERTEX
 5
FE8
  8
2DLINES_4
 10
-12.49000
 20
75.76100
  0
VERTEX
 5
FE9
  8
2DLINES_4
 10
-22.99000
 20
75.76100
  0
SEQEND
  8
2DLINES_4
  0
POLYLINE
 5
FEA
  8
2DLINES_4
 66
1
 70
1
 40
0.076200
 41
0.076200
  0
VERTEX
 5
FEB
  8
2DLINES_4
 10
-12.52810
 20
75.76100
 42
1.0
  0
VERTEX
 5
FEC
  8
2DLINES_4
 10
-12.45190
 20
75.76100
 42
1.0
  0
SEQEND
  8
2DLINES_4
  0
POLYLINE
 5
FED
  8
2DLINES_4
 66
1
 70
1
 40
0.076200
 41
0.076200
  0
VERTEX
 5
FEE
  8
2DLINES_4
 10
-23.02810
 20
75.76100
 42
1.0
  0
VERTEX
 5
FEF
  8
2DLINES_4
 10
-22.95190
 20
75.76100
 42
1.0
  0
SEQEND
  8
2DLINES_4
  0
POLYLINE
 5
FF0
  8
PLACEMENT_OUTLINE_BOTTOM
 66
1
 40
0.152400
 41
0.152400
  0
VERTEX
 5
FF1
  8
PLACEMENT_OUTLINE_BOTTOM
 10
-22.99000
 20
75.76100
  0
VERTEX
 5
FF2
  8
PLACEMENT_OUTLINE_BOTTOM
 10
-22.99000
 20
64.26100
  0
SEQEND
  8
PLACEMENT_OUTLINE_BOTTOM
  0
POLYLINE
 5
FF3
  8
PLACEMENT_OUTLINE_BOTTOM
 66
1
 70
1
 40
0.076200
 41
0.076200
  0
VERTEX
 5
FF4
  8
PLACEMENT_OUTLINE_BOTTOM
 10
-23.02810
 20
75.76100
 42
1.0
  0
VERTEX
 5
FF5
  8
PLACEMENT_OUTLINE_BOTTOM
 10
-22.95190
 20
75.76100
 42
1.0
  0
SEQEND
  8
PLACEMENT_OUTLINE_BOTTOM
  0
POLYLINE
 5
FF6
  8
PLACEMENT_OUTLINE_BOTTOM
 66
1
 70
1
 40
0.076200
 41
0.076200
  0
VERTEX
 5
FF7
  8
PLACEMENT_OUTLINE_BOTTOM
 10
-23.02810
 20
64.26100
 42
1.0
  0
VERTEX
 5
FF8
  8
PLACEMENT_OUTLINE_BOTTOM
 10
-22.95190
 20
64.26100
 42
1.0
  0
SEQEND
  8
PLACEMENT_OUTLINE_BOTTOM
  0
POLYLINE
 5
FF9
  8
PLACEMENT_OUTLINE_BOTTOM
 66
1
 40
0.152400
 41
0.152400
  0
VERTEX
 5
FFA
  8
PLACEMENT_OUTLINE_BOTTOM
 10
-22.99000
 20
64.26100
  0
VERTEX
 5
FFB
  8
PLACEMENT_OUTLINE_BOTTOM
 10
-12.49000
 20
64.26100
  0
SEQEND
  8
PLACEMENT_OUTLINE_BOTTOM
  0
POLYLINE
 5
FFC
  8
PLACEMENT_OUTLINE_BOTTOM
 66
1
 70
1
 40
0.076200
 41
0.076200
  0
VERTEX
 5
FFD
  8
PLACEMENT_OUTLINE_BOTTOM
 10
-23.02810
 20
64.26100
 42
1.0
  0
VERTEX
 5
FFE
  8
PLACEMENT_OUTLINE_BOTTOM
 10
-22.95190
 20
64.26100
 42
1.0
  0
SEQEND
  8
PLACEMENT_OUTLINE_BOTTOM
  0
POLYLINE
 5
FFF
  8
PLACEMENT_OUTLINE_BOTTOM
 66
1
 70
1
 40
0.076200
 41
0.076200
  0
VERTEX
 5
1000
  8
PLACEMENT_OUTLINE_BOTTOM
 10
-12.52810
 20
64.26100
 42
1.0
  0
VERTEX
 5
1001
  8
PLACEMENT_OUTLINE_BOTTOM
 10
-12.45190
 20
64.26100
 42
1.0
  0
SEQEND
  8
PLACEMENT_OUTLINE_BOTTOM
  0
POLYLINE
 5
1002
  8
PLACEMENT_OUTLINE_BOTTOM
 66
1
 40
0.152400
 41
0.152400
  0
VERTEX
 5
1003
  8
PLACEMENT_OUTLINE_BOTTOM
 10
-12.49000
 20
64.26100
  0
VERTEX
 5
1004
  8
PLACEMENT_OUTLINE_BOTTOM
 10
-12.49000
 20
75.76100
  0
SEQEND
  8
PLACEMENT_OUTLINE_BOTTOM
  0
POLYLINE
 5
1005
  8
PLACEMENT_OUTLINE_BOTTOM
 66
1
 70
1
 40
0.076200
 41
0.076200
  0
VERTEX
 5
1006
  8
PLACEMENT_OUTLINE_BOTTOM
 10
-12.52810
 20
64.26100
 42
1.0
  0
VERTEX
 5
1007
  8
PLACEMENT_OUTLINE_BOTTOM
 10
-12.45190
 20
64.26100
 42
1.0
  0
SEQEND
  8
PLACEMENT_OUTLINE_BOTTOM
  0
POLYLINE
 5
1008
  8
PLACEMENT_OUTLINE_BOTTOM
 66
1
 70
1
 40
0.076200
 41
0.076200
  0
VERTEX
 5
1009
  8
PLACEMENT_OUTLINE_BOTTOM
 10
-12.52810
 20
75.76100
 42
1.0
  0
VERTEX
 5
100A
  8
PLACEMENT_OUTLINE_BOTTOM
 10
-12.45190
 20
75.76100
 42
1.0
  0
SEQEND
  8
PLACEMENT_OUTLINE_BOTTOM
  0
POLYLINE
 5
100B
  8
PLACEMENT_OUTLINE_BOTTOM
 66
1
 40
0.152400
 41
0.152400
  0
VERTEX
 5
100C
  8
PLACEMENT_OUTLINE_BOTTOM
 10
-12.49000
 20
75.76100
  0
VERTEX
 5
100D
  8
PLACEMENT_OUTLINE_BOTTOM
 10
-22.99000
 20
75.76100
  0
SEQEND
  8
PLACEMENT_OUTLINE_BOTTOM
  0
POLYLINE
 5
100E
  8
PLACEMENT_OUTLINE_BOTTOM
 66
1
 70
1
 40
0.076200
 41
0.076200
  0
VERTEX
 5
100F
  8
PLACEMENT_OUTLINE_BOTTOM
 10
-12.52810
 20
75.76100
 42
1.0
  0
VERTEX
 5
1010
  8
PLACEMENT_OUTLINE_BOTTOM
 10
-12.45190
 20
75.76100
 42
1.0
  0
SEQEND
  8
PLACEMENT_OUTLINE_BOTTOM
  0
POLYLINE
 5
1011
  8
PLACEMENT_OUTLINE_BOTTOM
 66
1
 70
1
 40
0.076200
 41
0.076200
  0
VERTEX
 5
1012
  8
PLACEMENT_OUTLINE_BOTTOM
 10
-23.02810
 20
75.76100
 42
1.0
  0
VERTEX
 5
1013
  8
PLACEMENT_OUTLINE_BOTTOM
 10
-22.95190
 20
75.76100
 42
1.0
  0
SEQEND
  8
PLACEMENT_OUTLINE_BOTTOM
  0
SOLID
 5
1014
  8
PADLAYER_BOTTOM
 10
-15.74000
 20
76.51100
 11
-19.74000
 21
76.51100
 12
-15.74000
 22
73.01100
 13
-19.74000
 23
73.01100
  0
SOLID
 5
1015
  8
PADLAYER_BOTTOM
 10
-15.74000
 20
67.01100
 11
-19.74000
 21
67.01100
 12
-15.74000
 22
63.51100
 13
-19.74000
 23
63.51100
  0
POLYLINE
 5
1016
  8
LAYNR12
 66
1
 40
0.025400
 41
0.025400
  0
VERTEX
 5
1017
  8
LAYNR12
 10
-1.11510
 20
69.78970
  0
VERTEX
 5
1018
  8
LAYNR12
 10
-3.32490
 20
69.78970
  0
SEQEND
  8
LAYNR12
  0
POLYLINE
 5
1019
  8
LAYNR12
 66
1
 70
1
 40
0.012700
 41
0.012700
  0
VERTEX
 5
101A
  8
LAYNR12
 10
-1.12145
 20
69.78970
 42
1.0
  0
VERTEX
 5
101B
  8
LAYNR12
 10
-1.10875
 20
69.78970
 42
1.0
  0
SEQEND
  8
LAYNR12
  0
POLYLINE
 5
101C
  8
LAYNR12
 66
1
 70
1
 40
0.012700
 41
0.012700
  0
VERTEX
 5
101D
  8
LAYNR12
 10
-3.33125
 20
69.78970
 42
1.0
  0
VERTEX
 5
101E
  8
LAYNR12
 10
-3.31855
 20
69.78970
 42
1.0
  0
SEQEND
  8
LAYNR12
  0
POLYLINE
 5
101F
  8
LAYNR12
 66
1
 40
0.025400
 41
0.025400
  0
VERTEX
 5
1020
  8
LAYNR12
 10
-3.32490
 20
69.78970
  0
VERTEX
 5
1021
  8
LAYNR12
 10
-3.32490
 20
70.28500
  0
SEQEND
  8
LAYNR12
  0
POLYLINE
 5
1022
  8
LAYNR12
 66
1
 70
1
 40
0.012700
 41
0.012700
  0
VERTEX
 5
1023
  8
LAYNR12
 10
-3.33125
 20
69.78970
 42
1.0
  0
VERTEX
 5
1024
  8
LAYNR12
 10
-3.31855
 20
69.78970
 42
1.0
  0
SEQEND
  8
LAYNR12
  0
POLYLINE
 5
1025
  8
LAYNR12
 66
1
 70
1
 40
0.012700
 41
0.012700
  0
VERTEX
 5
1026
  8
LAYNR12
 10
-3.33125
 20
70.28500
 42
1.0
  0
VERTEX
 5
1027
  8
LAYNR12
 10
-3.31855
 20
70.28500
 42
1.0
  0
SEQEND
  8
LAYNR12
  0
POLYLINE
 5
1028
  8
LAYNR12
 66
1
 40
0.025400
 41
0.025400
  0
VERTEX
 5
1029
  8
LAYNR12
 10
-3.32490
 20
70.28500
  0
VERTEX
 5
102A
  8
LAYNR12
 10
-1.11510
 20
70.28500
  0
SEQEND
  8
LAYNR12
  0
POLYLINE
 5
102B
  8
LAYNR12
 66
1
 70
1
 40
0.012700
 41
0.012700
  0
VERTEX
 5
102C
  8
LAYNR12
 10
-3.33125
 20
70.28500
 42
1.0
  0
VERTEX
 5
102D
  8
LAYNR12
 10
-3.31855
 20
70.28500
 42
1.0
  0
SEQEND
  8
LAYNR12
  0
POLYLINE
 5
102E
  8
LAYNR12
 66
1
 70
1
 40
0.012700
 41
0.012700
  0
VERTEX
 5
102F
  8
LAYNR12
 10
-1.12145
 20
70.28500
 42
1.0
  0
VERTEX
 5
1030
  8
LAYNR12
 10
-1.10875
 20
70.28500
 42
1.0
  0
SEQEND
  8
LAYNR12
  0
POLYLINE
 5
1031
  8
LAYNR12
 66
1
 40
0.025400
 41
0.025400
  0
VERTEX
 5
1032
  8
LAYNR12
 10
-1.11510
 20
70.28500
  0
VERTEX
 5
1033
  8
LAYNR12
 10
-1.11510
 20
69.78970
  0
SEQEND
  8
LAYNR12
  0
POLYLINE
 5
1034
  8
LAYNR12
 66
1
 70
1
 40
0.012700
 41
0.012700
  0
VERTEX
 5
1035
  8
LAYNR12
 10
-1.12145
 20
70.28500
 42
1.0
  0
VERTEX
 5
1036
  8
LAYNR12
 10
-1.10875
 20
70.28500
 42
1.0
  0
SEQEND
  8
LAYNR12
  0
POLYLINE
 5
1037
  8
LAYNR12
 66
1
 70
1
 40
0.012700
 41
0.012700
  0
VERTEX
 5
1038
  8
LAYNR12
 10
-1.12145
 20
69.78970
 42
1.0
  0
VERTEX
 5
1039
  8
LAYNR12
 10
-1.10875
 20
69.78970
 42
1.0
  0
SEQEND
  8
LAYNR12
  0
POLYLINE
 5
103A
  8
LAYNR12
 66
1
 40
0.025400
 41
0.025400
  0
VERTEX
 5
103B
  8
LAYNR12
 10
-3.32490
 20
65.19230
  0
VERTEX
 5
103C
  8
LAYNR12
 10
-1.11510
 20
65.19230
  0
SEQEND
  8
LAYNR12
  0
POLYLINE
 5
103D
  8
LAYNR12
 66
1
 70
1
 40
0.012700
 41
0.012700
  0
VERTEX
 5
103E
  8
LAYNR12
 10
-3.33125
 20
65.19230
 42
1.0
  0
VERTEX
 5
103F
  8
LAYNR12
 10
-3.31855
 20
65.19230
 42
1.0
  0
SEQEND
  8
LAYNR12
  0
POLYLINE
 5
1040
  8
LAYNR12
 66
1
 70
1
 40
0.012700
 41
0.012700
  0
VERTEX
 5
1041
  8
LAYNR12
 10
-1.12145
 20
65.19230
 42
1.0
  0
VERTEX
 5
1042
  8
LAYNR12
 10
-1.10875
 20
65.19230
 42
1.0
  0
SEQEND
  8
LAYNR12
  0
POLYLINE
 5
1043
  8
LAYNR12
 66
1
 40
0.025400
 41
0.025400
  0
VERTEX
 5
1044
  8
LAYNR12
 10
-1.11510
 20
65.19230
  0
VERTEX
 5
1045
  8
LAYNR12
 10
-1.11510
 20
64.69700
  0
SEQEND
  8
LAYNR12
  0
POLYLINE
 5
1046
  8
LAYNR12
 66
1
 70
1
 40
0.012700
 41
0.012700
  0
VERTEX
 5
1047
  8
LAYNR12
 10
-1.12145
 20
65.19230
 42
1.0
  0
VERTEX
 5
1048
  8
LAYNR12
 10
-1.10875
 20
65.19230
 42
1.0
  0
SEQEND
  8
LAYNR12
  0
POLYLINE
 5
1049
  8
LAYNR12
 66
1
 70
1
 40
0.012700
 41
0.012700
  0
VERTEX
 5
104A
  8
LAYNR12
 10
-1.12145
 20
64.69700
 42
1.0
  0
VERTEX
 5
104B
  8
LAYNR12
 10
-1.10875
 20
64.69700
 42
1.0
  0
SEQEND
  8
LAYNR12
  0
POLYLINE
 5
104C
  8
LAYNR12
 66
1
 40
0.025400
 41
0.025400
  0
VERTEX
 5
104D
  8
LAYNR12
 10
-1.11510
 20
64.69700
  0
VERTEX
 5
104E
  8
LAYNR12
 10
-3.32490
 20
64.69700
  0
SEQEND
  8
LAYNR12
  0
POLYLINE
 5
104F
  8
LAYNR12
 66
1
 70
1
 40
0.012700
 41
0.012700
  0
VERTEX
 5
1050
  8
LAYNR12
 10
-1.12145
 20
64.69700
 42
1.0
  0
VERTEX
 5
1051
  8
LAYNR12
 10
-1.10875
 20
64.69700
 42
1.0
  0
SEQEND
  8
LAYNR12
  0
POLYLINE
 5
1052
  8
LAYNR12
 66
1
 70
1
 40
0.012700
 41
0.012700
  0
VERTEX
 5
1053
  8
LAYNR12
 10
-3.33125
 20
64.69700
 42
1.0
  0
VERTEX
 5
1054
  8
LAYNR12
 10
-3.31855
 20
64.69700
 42
1.0
  0
SEQEND
  8
LAYNR12
  0
POLYLINE
 5
1055
  8
LAYNR12
 66
1
 40
0.025400
 41
0.025400
  0
VERTEX
 5
1056
  8
LAYNR12
 10
-3.32490
 20
64.69700
  0
VERTEX
 5
1057
  8
LAYNR12
 10
-3.32490
 20
65.19230
  0
SEQEND
  8
LAYNR12
  0
POLYLINE
 5
1058
  8
LAYNR12
 66
1
 70
1
 40
0.012700
 41
0.012700
  0
VERTEX
 5
1059
  8
LAYNR12
 10
-3.33125
 20
64.69700
 42
1.0
  0
VERTEX
 5
105A
  8
LAYNR12
 10
-3.31855
 20
64.69700
 42
1.0
  0
SEQEND
  8
LAYNR12
  0
POLYLINE
 5
105B
  8
LAYNR12
 66
1
 70
1
 40
0.012700
 41
0.012700
  0
VERTEX
 5
105C
  8
LAYNR12
 10
-3.33125
 20
65.19230
 42
1.0
  0
VERTEX
 5
105D
  8
LAYNR12
 10
-3.31855
 20
65.19230
 42
1.0
  0
SEQEND
  8
LAYNR12
  0
POLYLINE
 5
105E
  8
LAYNR12
 66
1
 40
0.025400
 41
0.025400
  0
VERTEX
 5
105F
  8
LAYNR12
 10
-2.22000
 20
71.26998
  0
VERTEX
 5
1060
  8
LAYNR12
 10
-2.22000
 20
72.53998
  0
SEQEND
  8
LAYNR12
  0
POLYLINE
 5
1061
  8
LAYNR12
 66
1
 70
1
 40
0.012700
 41
0.012700
  0
VERTEX
 5
1062
  8
LAYNR12
 10
-2.22635
 20
71.26998
 42
1.0
  0
VERTEX
 5
1063
  8
LAYNR12
 10
-2.21365
 20
71.26998
 42
1.0
  0
SEQEND
  8
LAYNR12
  0
POLYLINE
 5
1064
  8
LAYNR12
 66
1
 70
1
 40
0.012700
 41
0.012700
  0
VERTEX
 5
1065
  8
LAYNR12
 10
-2.22635
 20
72.53998
 42
1.0
  0
VERTEX
 5
1066
  8
LAYNR12
 10
-2.21365
 20
72.53998
 42
1.0
  0
SEQEND
  8
LAYNR12
  0
POLYLINE
 5
1067
  8
LAYNR12
 66
1
 40
0.025400
 41
0.025400
  0
VERTEX
 5
1068
  8
LAYNR12
 10
-2.85500
 20
72.28598
  0
VERTEX
 5
1069
  8
LAYNR12
 10
-1.58500
 20
72.28598
  0
SEQEND
  8
LAYNR12
  0
POLYLINE
 5
106A
  8
LAYNR12
 66
1
 70
1
 40
0.012700
 41
0.012700
  0
VERTEX
 5
106B
  8
LAYNR12
 10
-2.86135
 20
72.28598
 42
1.0
  0
VERTEX
 5
106C
  8
LAYNR12
 10
-2.84865
 20
72.28598
 42
1.0
  0
SEQEND
  8
LAYNR12
  0
POLYLINE
 5
106D
  8
LAYNR12
 66
1
 70
1
 40
0.012700
 41
0.012700
  0
VERTEX
 5
106E
  8
LAYNR12
 10
-1.59135
 20
72.28598
 42
1.0
  0
VERTEX
 5
106F
  8
LAYNR12
 10
-1.57865
 20
72.28598
 42
1.0
  0
SEQEND
  8
LAYNR12
  0
POLYLINE
 5
1070
  8
LAYNR12
 66
1
 40
0.025400
 41
0.025400
  0
VERTEX
 5
1071
  8
LAYNR12
 10
-2.22000
 20
72.28598
  0
VERTEX
 5
1072
  8
LAYNR12
 10
-2.85500
 20
71.52398
  0
SEQEND
  8
LAYNR12
  0
POLYLINE
 5
1073
  8
LAYNR12
 66
1
 70
1
 40
0.012700
 41
0.012700
  0
VERTEX
 5
1074
  8
LAYNR12
 10
-2.22635
 20
72.28598
 42
1.0
  0
VERTEX
 5
1075
  8
LAYNR12
 10
-2.21365
 20
72.28598
 42
1.0
  0
SEQEND
  8
LAYNR12
  0
POLYLINE
 5
1076
  8
LAYNR12
 66
1
 70
1
 40
0.012700
 41
0.012700
  0
VERTEX
 5
1077
  8
LAYNR12
 10
-2.86135
 20
71.52398
 42
1.0
  0
VERTEX
 5
1078
  8
LAYNR12
 10
-2.84865
 20
71.52398
 42
1.0
  0
SEQEND
  8
LAYNR12
  0
POLYLINE
 5
1079
  8
LAYNR12
 66
1
 40
0.025400
 41
0.025400
  0
VERTEX
 5
107A
  8
LAYNR12
 10
-2.22000
 20
72.28598
  0
VERTEX
 5
107B
  8
LAYNR12
 10
-2.72800
 20
71.52398
  0
SEQEND
  8
LAYNR12
  0
POLYLINE
 5
107C
  8
LAYNR12
 66
1
 70
1
 40
0.012700
 41
0.012700
  0
VERTEX
 5
107D
  8
LAYNR12
 10
-2.22635
 20
72.28598
 42
1.0
  0
VERTEX
 5
107E
  8
LAYNR12
 10
-2.21365
 20
72.28598
 42
1.0
  0
SEQEND
  8
LAYNR12
  0
POLYLINE
 5
107F
  8
LAYNR12
 66
1
 70
1
 40
0.012700
 41
0.012700
  0
VERTEX
 5
1080
  8
LAYNR12
 10
-2.73435
 20
71.52398
 42
1.0
  0
VERTEX
 5
1081
  8
LAYNR12
 10
-2.72165
 20
71.52398
 42
1.0
  0
SEQEND
  8
LAYNR12
  0
POLYLINE
 5
1082
  8
LAYNR12
 66
1
 40
0.025400
 41
0.025400
  0
VERTEX
 5
1083
  8
LAYNR12
 10
-2.22000
 20
72.28598
  0
VERTEX
 5
1084
  8
LAYNR12
 10
-2.60100
 20
71.52398
  0
SEQEND
  8
LAYNR12
  0
POLYLINE
 5
1085
  8
LAYNR12
 66
1
 70
1
 40
0.012700
 41
0.012700
  0
VERTEX
 5
1086
  8
LAYNR12
 10
-2.22635
 20
72.28598
 42
1.0
  0
VERTEX
 5
1087
  8
LAYNR12
 10
-2.21365
 20
72.28598
 42
1.0
  0
SEQEND
  8
LAYNR12
  0
POLYLINE
 5
1088
  8
LAYNR12
 66
1
 70
1
 40
0.012700
 41
0.012700
  0
VERTEX
 5
1089
  8
LAYNR12
 10
-2.60735
 20
71.52398
 42
1.0
  0
VERTEX
 5
108A
  8
LAYNR12
 10
-2.59465
 20
71.52398
 42
1.0
  0
SEQEND
  8
LAYNR12
  0
POLYLINE
 5
108B
  8
LAYNR12
 66
1
 40
0.025400
 41
0.025400
  0
VERTEX
 5
108C
  8
LAYNR12
 10
-2.22000
 20
72.28598
  0
VERTEX
 5
108D
  8
LAYNR12
 10
-2.47400
 20
71.52398
  0
SEQEND
  8
LAYNR12
  0
POLYLINE
 5
108E
  8
LAYNR12
 66
1
 70
1
 40
0.012700
 41
0.012700
  0
VERTEX
 5
108F
  8
LAYNR12
 10
-2.22635
 20
72.28598
 42
1.0
  0
VERTEX
 5
1090
  8
LAYNR12
 10
-2.21365
 20
72.28598
 42
1.0
  0
SEQEND
  8
LAYNR12
  0
POLYLINE
 5
1091
  8
LAYNR12
 66
1
 70
1
 40
0.012700
 41
0.012700
  0
VERTEX
 5
1092
  8
LAYNR12
 10
-2.48035
 20
71.52398
 42
1.0
  0
VERTEX
 5
1093
  8
LAYNR12
 10
-2.46765
 20
71.52398
 42
1.0
  0
SEQEND
  8
LAYNR12
  0
POLYLINE
 5
1094
  8
LAYNR12
 66
1
 40
0.025400
 41
0.025400
  0
VERTEX
 5
1095
  8
LAYNR12
 10
-2.22000
 20
72.28598
  0
VERTEX
 5
1096
  8
LAYNR12
 10
-2.34700
 20
71.52398
  0
SEQEND
  8
LAYNR12
  0
POLYLINE
 5
1097
  8
LAYNR12
 66
1
 70
1
 40
0.012700
 41
0.012700
  0
VERTEX
 5
1098
  8
LAYNR12
 10
-2.22635
 20
72.28598
 42
1.0
  0
VERTEX
 5
1099
  8
LAYNR12
 10
-2.21365
 20
72.28598
 42
1.0
  0
SEQEND
  8
LAYNR12
  0
POLYLINE
 5
109A
  8
LAYNR12
 66
1
 70
1
 40
0.012700
 41
0.012700
  0
VERTEX
 5
109B
  8
LAYNR12
 10
-2.35335
 20
71.52398
 42
1.0
  0
VERTEX
 5
109C
  8
LAYNR12
 10
-2.34065
 20
71.52398
 42
1.0
  0
SEQEND
  8
LAYNR12
  0
POLYLINE
 5
109D
  8
LAYNR12
 66
1
 40
0.025400
 41
0.025400
  0
VERTEX
 5
109E
  8
LAYNR12
 10
-2.22000
 20
72.28598
  0
VERTEX
 5
109F
  8
LAYNR12
 10
-1.58500
 20
71.52398
  0
SEQEND
  8
LAYNR12
  0
POLYLINE
 5
10A0
  8
LAYNR12
 66
1
 70
1
 40
0.012700
 41
0.012700
  0
VERTEX
 5
10A1
  8
LAYNR12
 10
-2.22635
 20
72.28598
 42
1.0
  0
VERTEX
 5
10A2
  8
LAYNR12
 10
-2.21365
 20
72.28598
 42
1.0
  0
SEQEND
  8
LAYNR12
  0
POLYLINE
 5
10A3
  8
LAYNR12
 66
1
 70
1
 40
0.012700
 41
0.012700
  0
VERTEX
 5
10A4
  8
LAYNR12
 10
-1.59135
 20
71.52398
 42
1.0
  0
VERTEX
 5
10A5
  8
LAYNR12
 10
-1.57865
 20
71.52398
 42
1.0
  0
SEQEND
  8
LAYNR12
  0
POLYLINE
 5
10A6
  8
LAYNR12
 66
1
 40
0.025400
 41
0.025400
  0
VERTEX
 5
10A7
  8
LAYNR12
 10
-2.22000
 20
72.28598
  0
VERTEX
 5
10A8
  8
LAYNR12
 10
-1.71200
 20
71.52398
  0
SEQEND
  8
LAYNR12
  0
POLYLINE
 5
10A9
  8
LAYNR12
 66
1
 70
1
 40
0.012700
 41
0.012700
  0
VERTEX
 5
10AA
  8
LAYNR12
 10
-2.22635
 20
72.28598
 42
1.0
  0
VERTEX
 5
10AB
  8
LAYNR12
 10
-2.21365
 20
72.28598
 42
1.0
  0
SEQEND
  8
LAYNR12
  0
POLYLINE
 5
10AC
  8
LAYNR12
 66
1
 70
1
 40
0.012700
 41
0.012700
  0
VERTEX
 5
10AD
  8
LAYNR12
 10
-1.71835
 20
71.52398
 42
1.0
  0
VERTEX
 5
10AE
  8
LAYNR12
 10
-1.70565
 20
71.52398
 42
1.0
  0
SEQEND
  8
LAYNR12
  0
POLYLINE
 5
10AF
  8
LAYNR12
 66
1
 40
0.025400
 41
0.025400
  0
VERTEX
 5
10B0
  8
LAYNR12
 10
-2.22000
 20
72.28598
  0
VERTEX
 5
10B1
  8
LAYNR12
 10
-1.83900
 20
71.52398
  0
SEQEND
  8
LAYNR12
  0
POLYLINE
 5
10B2
  8
LAYNR12
 66
1
 70
1
 40
0.012700
 41
0.012700
  0
VERTEX
 5
10B3
  8
LAYNR12
 10
-2.22635
 20
72.28598
 42
1.0
  0
VERTEX
 5
10B4
  8
LAYNR12
 10
-2.21365
 20
72.28598
 42
1.0
  0
SEQEND
  8
LAYNR12
  0
POLYLINE
 5
10B5
  8
LAYNR12
 66
1
 70
1
 40
0.012700
 41
0.012700
  0
VERTEX
 5
10B6
  8
LAYNR12
 10
-1.84535
 20
71.52398
 42
1.0
  0
VERTEX
 5
10B7
  8
LAYNR12
 10
-1.83265
 20
71.52398
 42
1.0
  0
SEQEND
  8
LAYNR12
  0
POLYLINE
 5
10B8
  8
LAYNR12
 66
1
 40
0.025400
 41
0.025400
  0
VERTEX
 5
10B9
  8
LAYNR12
 10
-2.22000
 20
72.28598
  0
VERTEX
 5
10BA
  8
LAYNR12
 10
-1.96600
 20
71.52398
  0
SEQEND
  8
LAYNR12
  0
POLYLINE
 5
10BB
  8
LAYNR12
 66
1
 70
1
 40
0.012700
 41
0.012700
  0
VERTEX
 5
10BC
  8
LAYNR12
 10
-2.22635
 20
72.28598
 42
1.0
  0
VERTEX
 5
10BD
  8
LAYNR12
 10
-2.21365
 20
72.28598
 42
1.0
  0
SEQEND
  8
LAYNR12
  0
POLYLINE
 5
10BE
  8
LAYNR12
 66
1
 70
1
 40
0.012700
 41
0.012700
  0
VERTEX
 5
10BF
  8
LAYNR12
 10
-1.97235
 20
71.52398
 42
1.0
  0
VERTEX
 5
10C0
  8
LAYNR12
 10
-1.95965
 20
71.52398
 42
1.0
  0
SEQEND
  8
LAYNR12
  0
POLYLINE
 5
10C1
  8
LAYNR12
 66
1
 40
0.025400
 41
0.025400
  0
VERTEX
 5
10C2
  8
LAYNR12
 10
-2.22000
 20
72.28598
  0
VERTEX
 5
10C3
  8
LAYNR12
 10
-2.09300
 20
71.52398
  0
SEQEND
  8
LAYNR12
  0
POLYLINE
 5
10C4
  8
LAYNR12
 66
1
 70
1
 40
0.012700
 41
0.012700
  0
VERTEX
 5
10C5
  8
LAYNR12
 10
-2.22635
 20
72.28598
 42
1.0
  0
VERTEX
 5
10C6
  8
LAYNR12
 10
-2.21365
 20
72.28598
 42
1.0
  0
SEQEND
  8
LAYNR12
  0
POLYLINE
 5
10C7
  8
LAYNR12
 66
1
 70
1
 40
0.012700
 41
0.012700
  0
VERTEX
 5
10C8
  8
LAYNR12
 10
-2.09935
 20
71.52398
 42
1.0
  0
VERTEX
 5
10C9
  8
LAYNR12
 10
-2.08665
 20
71.52398
 42
1.0
  0
SEQEND
  8
LAYNR12
  0
POLYLINE
 5
10CA
  8
LAYNR12
 66
1
 40
0.025400
 41
0.025400
  0
VERTEX
 5
10CB
  8
LAYNR12
 10
-2.85500
 20
71.52398
  0
VERTEX
 5
10CC
  8
LAYNR12
 10
-1.58500
 20
71.52398
  0
SEQEND
  8
LAYNR12
  0
POLYLINE
 5
10CD
  8
LAYNR12
 66
1
 70
1
 40
0.012700
 41
0.012700
  0
VERTEX
 5
10CE
  8
LAYNR12
 10
-2.86135
 20
71.52398
 42
1.0
  0
VERTEX
 5
10CF
  8
LAYNR12
 10
-2.84865
 20
71.52398
 42
1.0
  0
SEQEND
  8
LAYNR12
  0
POLYLINE
 5
10D0
  8
LAYNR12
 66
1
 70
1
 40
0.012700
 41
0.012700
  0
VERTEX
 5
10D1
  8
LAYNR12
 10
-1.59135
 20
71.52398
 42
1.0
  0
VERTEX
 5
10D2
  8
LAYNR12
 10
-1.57865
 20
71.52398
 42
1.0
  0
SEQEND
  8
LAYNR12
  0
POLYLINE
 5
10D3
  8
LAYNR12
 66
1
 40
0.025400
 41
0.025400
  0
VERTEX
 5
10D4
  8
LAYNR12
 10
-3.21060
 20
69.78970
  0
VERTEX
 5
10D5
  8
LAYNR12
 10
-4.20120
 20
68.79910
  0
SEQEND
  8
LAYNR12
  0
POLYLINE
 5
10D6
  8
LAYNR12
 66
1
 70
1
 40
0.012700
 41
0.012700
  0
VERTEX
 5
10D7
  8
LAYNR12
 10
-3.21695
 20
69.78970
 42
1.0
  0
VERTEX
 5
10D8
  8
LAYNR12
 10
-3.20425
 20
69.78970
 42
1.0
  0
SEQEND
  8
LAYNR12
  0
POLYLINE
 5
10D9
  8
LAYNR12
 66
1
 70
1
 40
0.012700
 41
0.012700
  0
VERTEX
 5
10DA
  8
LAYNR12
 10
-4.20755
 20
68.79910
 42
1.0
  0
VERTEX
 5
10DB
  8
LAYNR12
 10
-4.19485
 20
68.79910
 42
1.0
  0
SEQEND
  8
LAYNR12
  0
POLYLINE
 5
10DC
  8
LAYNR12
 66
1
 40
0.025400
 41
0.025400
  0
VERTEX
 5
10DD
  8
LAYNR12
 10
-1.22940
 20
69.78970
  0
VERTEX
 5
10DE
  8
LAYNR12
 10
-0.23880
 20
68.79910
  0
SEQEND
  8
LAYNR12
  0
POLYLINE
 5
10DF
  8
LAYNR12
 66
1
 70
1
 40
0.012700
 41
0.012700
  0
VERTEX
 5
10E0
  8
LAYNR12
 10
-1.23575
 20
69.78970
 42
1.0
  0
VERTEX
 5
10E1
  8
LAYNR12
 10
-1.22305
 20
69.78970
 42
1.0
  0
SEQEND
  8
LAYNR12
  0
POLYLINE
 5
10E2
  8
LAYNR12
 66
1
 70
1
 40
0.012700
 41
0.012700
  0
VERTEX
 5
10E3
  8
LAYNR12
 10
-0.24515
 20
68.79910
 42
1.0
  0
VERTEX
 5
10E4
  8
LAYNR12
 10
-0.23245
 20
68.79910
 42
1.0
  0
SEQEND
  8
LAYNR12
  0
POLYLINE
 5
10E5
  8
LAYNR12
 66
1
 40
0.025400
 41
0.025400
  0
VERTEX
 5
10E6
  8
LAYNR12
 10
-0.23880
 20
69.78970
  0
VERTEX
 5
10E7
  8
LAYNR12
 10
-0.23880
 20
65.19230
  0
SEQEND
  8
LAYNR12
  0
POLYLINE
 5
10E8
  8
LAYNR12
 66
1
 70
1
 40
0.012700
 41
0.012700
  0
VERTEX
 5
10E9
  8
LAYNR12
 10
-0.24515
 20
69.78970
 42
1.0
  0
VERTEX
 5
10EA
  8
LAYNR12
 10
-0.23245
 20
69.78970
 42
1.0
  0
SEQEND
  8
LAYNR12
  0
POLYLINE
 5
10EB
  8
LAYNR12
 66
1
 70
1
 40
0.012700
 41
0.012700
  0
VERTEX
 5
10EC
  8
LAYNR12
 10
-0.24515
 20
65.19230
 42
1.0
  0
VERTEX
 5
10ED
  8
LAYNR12
 10
-0.23245
 20
65.19230
 42
1.0
  0
SEQEND
  8
LAYNR12
  0
POLYLINE
 5
10EE
  8
LAYNR12
 66
1
 40
0.025400
 41
0.025400
  0
VERTEX
 5
10EF
  8
LAYNR12
 10
-0.23880
 20
65.19230
  0
VERTEX
 5
10F0
  8
LAYNR12
 10
-4.20120
 20
65.19230
  0
SEQEND
  8
LAYNR12
  0
POLYLINE
 5
10F1
  8
LAYNR12
 66
1
 70
1
 40
0.012700
 41
0.012700
  0
VERTEX
 5
10F2
  8
LAYNR12
 10
-0.24515
 20
65.19230
 42
1.0
  0
VERTEX
 5
10F3
  8
LAYNR12
 10
-0.23245
 20
65.19230
 42
1.0
  0
SEQEND
  8
LAYNR12
  0
POLYLINE
 5
10F4
  8
LAYNR12
 66
1
 70
1
 40
0.012700
 41
0.012700
  0
VERTEX
 5
10F5
  8
LAYNR12
 10
-4.20755
 20
65.19230
 42
1.0
  0
VERTEX
 5
10F6
  8
LAYNR12
 10
-4.19485
 20
65.19230
 42
1.0
  0
SEQEND
  8
LAYNR12
  0
POLYLINE
 5
10F7
  8
LAYNR12
 66
1
 40
0.025400
 41
0.025400
  0
VERTEX
 5
10F8
  8
LAYNR12
 10
-4.20120
 20
65.19230
  0
VERTEX
 5
10F9
  8
LAYNR12
 10
-4.20120
 20
69.78970
  0
SEQEND
  8
LAYNR12
  0
POLYLINE
 5
10FA
  8
LAYNR12
 66
1
 70
1
 40
0.012700
 41
0.012700
  0
VERTEX
 5
10FB
  8
LAYNR12
 10
-4.20755
 20
65.19230
 42
1.0
  0
VERTEX
 5
10FC
  8
LAYNR12
 10
-4.19485
 20
65.19230
 42
1.0
  0
SEQEND
  8
LAYNR12
  0
POLYLINE
 5
10FD
  8
LAYNR12
 66
1
 70
1
 40
0.012700
 41
0.012700
  0
VERTEX
 5
10FE
  8
LAYNR12
 10
-4.20755
 20
69.78970
 42
1.0
  0
VERTEX
 5
10FF
  8
LAYNR12
 10
-4.19485
 20
69.78970
 42
1.0
  0
SEQEND
  8
LAYNR12
  0
POLYLINE
 5
1100
  8
LAYNR12
 66
1
 40
0.025400
 41
0.025400
  0
VERTEX
 5
1101
  8
LAYNR12
 10
-4.20120
 20
69.78970
  0
VERTEX
 5
1102
  8
LAYNR12
 10
-0.23880
 20
69.78970
  0
SEQEND
  8
LAYNR12
  0
POLYLINE
 5
1103
  8
LAYNR12
 66
1
 70
1
 40
0.012700
 41
0.012700
  0
VERTEX
 5
1104
  8
LAYNR12
 10
-4.20755
 20
69.78970
 42
1.0
  0
VERTEX
 5
1105
  8
LAYNR12
 10
-4.19485
 20
69.78970
 42
1.0
  0
SEQEND
  8
LAYNR12
  0
POLYLINE
 5
1106
  8
LAYNR12
 66
1
 70
1
 40
0.012700
 41
0.012700
  0
VERTEX
 5
1107
  8
LAYNR12
 10
-0.24515
 20
69.78970
 42
1.0
  0
VERTEX
 5
1108
  8
LAYNR12
 10
-0.23245
 20
69.78970
 42
1.0
  0
SEQEND
  8
LAYNR12
  0
POLYLINE
 5
1109
  8
PLACEMENT_OUTLINE_BOTTOM
 66
1
 40
0.100000
 41
0.100000
  0
VERTEX
 5
110A
  8
PLACEMENT_OUTLINE_BOTTOM
 10
-0.83611
 20
70.88898
  0
VERTEX
 5
110B
  8
PLACEMENT_OUTLINE_BOTTOM
 10
-3.60389
 20
70.88898
  0
SEQEND
  8
PLACEMENT_OUTLINE_BOTTOM
  0
POLYLINE
 5
110C
  8
PLACEMENT_OUTLINE_BOTTOM
 66
1
 70
1
 40
0.050000
 41
0.050000
  0
VERTEX
 5
110D
  8
PLACEMENT_OUTLINE_BOTTOM
 10
-0.86111
 20
70.88898
 42
1.0
  0
VERTEX
 5
110E
  8
PLACEMENT_OUTLINE_BOTTOM
 10
-0.81111
 20
70.88898
 42
1.0
  0
SEQEND
  8
PLACEMENT_OUTLINE_BOTTOM
  0
POLYLINE
 5
110F
  8
PLACEMENT_OUTLINE_BOTTOM
 66
1
 70
1
 40
0.050000
 41
0.050000
  0
VERTEX
 5
1110
  8
PLACEMENT_OUTLINE_BOTTOM
 10
-3.62889
 20
70.88898
 42
1.0
  0
VERTEX
 5
1111
  8
PLACEMENT_OUTLINE_BOTTOM
 10
-3.57889
 20
70.88898
 42
1.0
  0
SEQEND
  8
PLACEMENT_OUTLINE_BOTTOM
  0
POLYLINE
 5
1112
  8
PLACEMENT_OUTLINE_BOTTOM
 66
1
 40
0.100000
 41
0.100000
  0
VERTEX
 5
1113
  8
PLACEMENT_OUTLINE_BOTTOM
 10
-3.60389
 20
70.88898
  0
VERTEX
 5
1114
  8
PLACEMENT_OUTLINE_BOTTOM
 10
-3.60389
 20
70.04370
  0
SEQEND
  8
PLACEMENT_OUTLINE_BOTTOM
  0
POLYLINE
 5
1115
  8
PLACEMENT_OUTLINE_BOTTOM
 66
1
 70
1
 40
0.050000
 41
0.050000
  0
VERTEX
 5
1116
  8
PLACEMENT_OUTLINE_BOTTOM
 10
-3.62889
 20
70.88898
 42
1.0
  0
VERTEX
 5
1117
  8
PLACEMENT_OUTLINE_BOTTOM
 10
-3.57889
 20
70.88898
 42
1.0
  0
SEQEND
  8
PLACEMENT_OUTLINE_BOTTOM
  0
POLYLINE
 5
1118
  8
PLACEMENT_OUTLINE_BOTTOM
 66
1
 70
1
 40
0.050000
 41
0.050000
  0
VERTEX
 5
1119
  8
PLACEMENT_OUTLINE_BOTTOM
 10
-3.62889
 20
70.04370
 42
1.0
  0
VERTEX
 5
111A
  8
PLACEMENT_OUTLINE_BOTTOM
 10
-3.57889
 20
70.04370
 42
1.0
  0
SEQEND
  8
PLACEMENT_OUTLINE_BOTTOM
  0
POLYLINE
 5
111B
  8
PLACEMENT_OUTLINE_BOTTOM
 66
1
 40
0.100000
 41
0.100000
  0
VERTEX
 5
111C
  8
PLACEMENT_OUTLINE_BOTTOM
 10
-3.60389
 20
70.04370
  0
VERTEX
 5
111D
  8
PLACEMENT_OUTLINE_BOTTOM
 10
-4.45520
 20
70.04370
  0
SEQEND
  8
PLACEMENT_OUTLINE_BOTTOM
  0
POLYLINE
 5
111E
  8
PLACEMENT_OUTLINE_BOTTOM
 66
1
 70
1
 40
0.050000
 41
0.050000
  0
VERTEX
 5
111F
  8
PLACEMENT_OUTLINE_BOTTOM
 10
-3.62889
 20
70.04370
 42
1.0
  0
VERTEX
 5
1120
  8
PLACEMENT_OUTLINE_BOTTOM
 10
-3.57889
 20
70.04370
 42
1.0
  0
SEQEND
  8
PLACEMENT_OUTLINE_BOTTOM
  0
POLYLINE
 5
1121
  8
PLACEMENT_OUTLINE_BOTTOM
 66
1
 70
1
 40
0.050000
 41
0.050000
  0
VERTEX
 5
1122
  8
PLACEMENT_OUTLINE_BOTTOM
 10
-4.48020
 20
70.04370
 42
1.0
  0
VERTEX
 5
1123
  8
PLACEMENT_OUTLINE_BOTTOM
 10
-4.43020
 20
70.04370
 42
1.0
  0
SEQEND
  8
PLACEMENT_OUTLINE_BOTTOM
  0
POLYLINE
 5
1124
  8
PLACEMENT_OUTLINE_BOTTOM
 66
1
 40
0.100000
 41
0.100000
  0
VERTEX
 5
1125
  8
PLACEMENT_OUTLINE_BOTTOM
 10
-4.45520
 20
70.04370
  0
VERTEX
 5
1126
  8
PLACEMENT_OUTLINE_BOTTOM
 10
-4.45520
 20
64.93830
  0
SEQEND
  8
PLACEMENT_OUTLINE_BOTTOM
  0
POLYLINE
 5
1127
  8
PLACEMENT_OUTLINE_BOTTOM
 66
1
 70
1
 40
0.050000
 41
0.050000
  0
VERTEX
 5
1128
  8
PLACEMENT_OUTLINE_BOTTOM
 10
-4.48020
 20
70.04370
 42
1.0
  0
VERTEX
 5
1129
  8
PLACEMENT_OUTLINE_BOTTOM
 10
-4.43020
 20
70.04370
 42
1.0
  0
SEQEND
  8
PLACEMENT_OUTLINE_BOTTOM
  0
POLYLINE
 5
112A
  8
PLACEMENT_OUTLINE_BOTTOM
 66
1
 70
1
 40
0.050000
 41
0.050000
  0
VERTEX
 5
112B
  8
PLACEMENT_OUTLINE_BOTTOM
 10
-4.48020
 20
64.93830
 42
1.0
  0
VERTEX
 5
112C
  8
PLACEMENT_OUTLINE_BOTTOM
 10
-4.43020
 20
64.93830
 42
1.0
  0
SEQEND
  8
PLACEMENT_OUTLINE_BOTTOM
  0
POLYLINE
 5
112D
  8
PLACEMENT_OUTLINE_BOTTOM
 66
1
 40
0.100000
 41
0.100000
  0
VERTEX
 5
112E
  8
PLACEMENT_OUTLINE_BOTTOM
 10
-4.45520
 20
64.93830
  0
VERTEX
 5
112F
  8
PLACEMENT_OUTLINE_BOTTOM
 10
-3.60389
 20
64.93830
  0
SEQEND
  8
PLACEMENT_OUTLINE_BOTTOM
  0
POLYLINE
 5
1130
  8
PLACEMENT_OUTLINE_BOTTOM
 66
1
 70
1
 40
0.050000
 41
0.050000
  0
VERTEX
 5
1131
  8
PLACEMENT_OUTLINE_BOTTOM
 10
-4.48020
 20
64.93830
 42
1.0
  0
VERTEX
 5
1132
  8
PLACEMENT_OUTLINE_BOTTOM
 10
-4.43020
 20
64.93830
 42
1.0
  0
SEQEND
  8
PLACEMENT_OUTLINE_BOTTOM
  0
POLYLINE
 5
1133
  8
PLACEMENT_OUTLINE_BOTTOM
 66
1
 70
1
 40
0.050000
 41
0.050000
  0
VERTEX
 5
1134
  8
PLACEMENT_OUTLINE_BOTTOM
 10
-3.62889
 20
64.93830
 42
1.0
  0
VERTEX
 5
1135
  8
PLACEMENT_OUTLINE_BOTTOM
 10
-3.57889
 20
64.93830
 42
1.0
  0
SEQEND
  8
PLACEMENT_OUTLINE_BOTTOM
  0
POLYLINE
 5
1136
  8
PLACEMENT_OUTLINE_BOTTOM
 66
1
 40
0.100000
 41
0.100000
  0
VERTEX
 5
1137
  8
PLACEMENT_OUTLINE_BOTTOM
 10
-3.60389
 20
64.93830
  0
VERTEX
 5
1138
  8
PLACEMENT_OUTLINE_BOTTOM
 10
-3.60389
 20
64.09301
  0
SEQEND
  8
PLACEMENT_OUTLINE_BOTTOM
  0
POLYLINE
 5
1139
  8
PLACEMENT_OUTLINE_BOTTOM
 66
1
 70
1
 40
0.050000
 41
0.050000
  0
VERTEX
 5
113A
  8
PLACEMENT_OUTLINE_BOTTOM
 10
-3.62889
 20
64.93830
 42
1.0
  0
VERTEX
 5
113B
  8
PLACEMENT_OUTLINE_BOTTOM
 10
-3.57889
 20
64.93830
 42
1.0
  0
SEQEND
  8
PLACEMENT_OUTLINE_BOTTOM
  0
POLYLINE
 5
113C
  8
PLACEMENT_OUTLINE_BOTTOM
 66
1
 70
1
 40
0.050000
 41
0.050000
  0
VERTEX
 5
113D
  8
PLACEMENT_OUTLINE_BOTTOM
 10
-3.62889
 20
64.09301
 42
1.0
  0
VERTEX
 5
113E
  8
PLACEMENT_OUTLINE_BOTTOM
 10
-3.57889
 20
64.09301
 42
1.0
  0
SEQEND
  8
PLACEMENT_OUTLINE_BOTTOM
  0
POLYLINE
 5
113F
  8
PLACEMENT_OUTLINE_BOTTOM
 66
1
 40
0.100000
 41
0.100000
  0
VERTEX
 5
1140
  8
PLACEMENT_OUTLINE_BOTTOM
 10
-3.60389
 20
64.09301
  0
VERTEX
 5
1141
  8
PLACEMENT_OUTLINE_BOTTOM
 10
-0.83611
 20
64.09301
  0
SEQEND
  8
PLACEMENT_OUTLINE_BOTTOM
  0
POLYLINE
 5
1142
  8
PLACEMENT_OUTLINE_BOTTOM
 66
1
 70
1
 40
0.050000
 41
0.050000
  0
VERTEX
 5
1143
  8
PLACEMENT_OUTLINE_BOTTOM
 10
-3.62889
 20
64.09301
 42
1.0
  0
VERTEX
 5
1144
  8
PLACEMENT_OUTLINE_BOTTOM
 10
-3.57889
 20
64.09301
 42
1.0
  0
SEQEND
  8
PLACEMENT_OUTLINE_BOTTOM
  0
POLYLINE
 5
1145
  8
PLACEMENT_OUTLINE_BOTTOM
 66
1
 70
1
 40
0.050000
 41
0.050000
  0
VERTEX
 5
1146
  8
PLACEMENT_OUTLINE_BOTTOM
 10
-0.86111
 20
64.09301
 42
1.0
  0
VERTEX
 5
1147
  8
PLACEMENT_OUTLINE_BOTTOM
 10
-0.81111
 20
64.09301
 42
1.0
  0
SEQEND
  8
PLACEMENT_OUTLINE_BOTTOM
  0
POLYLINE
 5
1148
  8
PLACEMENT_OUTLINE_BOTTOM
 66
1
 40
0.100000
 41
0.100000
  0
VERTEX
 5
1149
  8
PLACEMENT_OUTLINE_BOTTOM
 10
-0.83611
 20
64.09301
  0
VERTEX
 5
114A
  8
PLACEMENT_OUTLINE_BOTTOM
 10
-0.83611
 20
64.93830
  0
SEQEND
  8
PLACEMENT_OUTLINE_BOTTOM
  0
POLYLINE
 5
114B
  8
PLACEMENT_OUTLINE_BOTTOM
 66
1
 70
1
 40
0.050000
 41
0.050000
  0
VERTEX
 5
114C
  8
PLACEMENT_OUTLINE_BOTTOM
 10
-0.86111
 20
64.09301
 42
1.0
  0
VERTEX
 5
114D
  8
PLACEMENT_OUTLINE_BOTTOM
 10
-0.81111
 20
64.09301
 42
1.0
  0
SEQEND
  8
PLACEMENT_OUTLINE_BOTTOM
  0
POLYLINE
 5
114E
  8
PLACEMENT_OUTLINE_BOTTOM
 66
1
 70
1
 40
0.050000
 41
0.050000
  0
VERTEX
 5
114F
  8
PLACEMENT_OUTLINE_BOTTOM
 10
-0.86111
 20
64.93830
 42
1.0
  0
VERTEX
 5
1150
  8
PLACEMENT_OUTLINE_BOTTOM
 10
-0.81111
 20
64.93830
 42
1.0
  0
SEQEND
  8
PLACEMENT_OUTLINE_BOTTOM
  0
POLYLINE
 5
1151
  8
PLACEMENT_OUTLINE_BOTTOM
 66
1
 40
0.100000
 41
0.100000
  0
VERTEX
 5
1152
  8
PLACEMENT_OUTLINE_BOTTOM
 10
-0.83611
 20
64.93830
  0
VERTEX
 5
1153
  8
PLACEMENT_OUTLINE_BOTTOM
 10
0.01520
 20
64.93830
  0
SEQEND
  8
PLACEMENT_OUTLINE_BOTTOM
  0
POLYLINE
 5
1154
  8
PLACEMENT_OUTLINE_BOTTOM
 66
1
 70
1
 40
0.050000
 41
0.050000
  0
VERTEX
 5
1155
  8
PLACEMENT_OUTLINE_BOTTOM
 10
-0.86111
 20
64.93830
 42
1.0
  0
VERTEX
 5
1156
  8
PLACEMENT_OUTLINE_BOTTOM
 10
-0.81111
 20
64.93830
 42
1.0
  0
SEQEND
  8
PLACEMENT_OUTLINE_BOTTOM
  0
POLYLINE
 5
1157
  8
PLACEMENT_OUTLINE_BOTTOM
 66
1
 70
1
 40
0.050000
 41
0.050000
  0
VERTEX
 5
1158
  8
PLACEMENT_OUTLINE_BOTTOM
 10
-0.00980
 20
64.93830
 42
1.0
  0
VERTEX
 5
1159
  8
PLACEMENT_OUTLINE_BOTTOM
 10
0.04020
 20
64.93830
 42
1.0
  0
SEQEND
  8
PLACEMENT_OUTLINE_BOTTOM
  0
POLYLINE
 5
115A
  8
PLACEMENT_OUTLINE_BOTTOM
 66
1
 40
0.100000
 41
0.100000
  0
VERTEX
 5
115B
  8
PLACEMENT_OUTLINE_BOTTOM
 10
0.01520
 20
64.93830
  0
VERTEX
 5
115C
  8
PLACEMENT_OUTLINE_BOTTOM
 10
0.01520
 20
70.04370
  0
SEQEND
  8
PLACEMENT_OUTLINE_BOTTOM
  0
POLYLINE
 5
115D
  8
PLACEMENT_OUTLINE_BOTTOM
 66
1
 70
1
 40
0.050000
 41
0.050000
  0
VERTEX
 5
115E
  8
PLACEMENT_OUTLINE_BOTTOM
 10
-0.00980
 20
64.93830
 42
1.0
  0
VERTEX
 5
115F
  8
PLACEMENT_OUTLINE_BOTTOM
 10
0.04020
 20
64.93830
 42
1.0
  0
SEQEND
  8
PLACEMENT_OUTLINE_BOTTOM
  0
POLYLINE
 5
1160
  8
PLACEMENT_OUTLINE_BOTTOM
 66
1
 70
1
 40
0.050000
 41
0.050000
  0
VERTEX
 5
1161
  8
PLACEMENT_OUTLINE_BOTTOM
 10
-0.00980
 20
70.04370
 42
1.0
  0
VERTEX
 5
1162
  8
PLACEMENT_OUTLINE_BOTTOM
 10
0.04020
 20
70.04370
 42
1.0
  0
SEQEND
  8
PLACEMENT_OUTLINE_BOTTOM
  0
POLYLINE
 5
1163
  8
PLACEMENT_OUTLINE_BOTTOM
 66
1
 40
0.100000
 41
0.100000
  0
VERTEX
 5
1164
  8
PLACEMENT_OUTLINE_BOTTOM
 10
0.01520
 20
70.04370
  0
VERTEX
 5
1165
  8
PLACEMENT_OUTLINE_BOTTOM
 10
-0.83611
 20
70.04370
  0
SEQEND
  8
PLACEMENT_OUTLINE_BOTTOM
  0
POLYLINE
 5
1166
  8
PLACEMENT_OUTLINE_BOTTOM
 66
1
 70
1
 40
0.050000
 41
0.050000
  0
VERTEX
 5
1167
  8
PLACEMENT_OUTLINE_BOTTOM
 10
-0.00980
 20
70.04370
 42
1.0
  0
VERTEX
 5
1168
  8
PLACEMENT_OUTLINE_BOTTOM
 10
0.04020
 20
70.04370
 42
1.0
  0
SEQEND
  8
PLACEMENT_OUTLINE_BOTTOM
  0
POLYLINE
 5
1169
  8
PLACEMENT_OUTLINE_BOTTOM
 66
1
 70
1
 40
0.050000
 41
0.050000
  0
VERTEX
 5
116A
  8
PLACEMENT_OUTLINE_BOTTOM
 10
-0.86111
 20
70.04370
 42
1.0
  0
VERTEX
 5
116B
  8
PLACEMENT_OUTLINE_BOTTOM
 10
-0.81111
 20
70.04370
 42
1.0
  0
SEQEND
  8
PLACEMENT_OUTLINE_BOTTOM
  0
POLYLINE
 5
116C
  8
PLACEMENT_OUTLINE_BOTTOM
 66
1
 40
0.100000
 41
0.100000
  0
VERTEX
 5
116D
  8
PLACEMENT_OUTLINE_BOTTOM
 10
-0.83611
 20
70.04370
  0
VERTEX
 5
116E
  8
PLACEMENT_OUTLINE_BOTTOM
 10
-0.83611
 20
70.88898
  0
SEQEND
  8
PLACEMENT_OUTLINE_BOTTOM
  0
POLYLINE
 5
116F
  8
PLACEMENT_OUTLINE_BOTTOM
 66
1
 70
1
 40
0.050000
 41
0.050000
  0
VERTEX
 5
1170
  8
PLACEMENT_OUTLINE_BOTTOM
 10
-0.86111
 20
70.04370
 42
1.0
  0
VERTEX
 5
1171
  8
PLACEMENT_OUTLINE_BOTTOM
 10
-0.81111
 20
70.04370
 42
1.0
  0
SEQEND
  8
PLACEMENT_OUTLINE_BOTTOM
  0
POLYLINE
 5
1172
  8
PLACEMENT_OUTLINE_BOTTOM
 66
1
 70
1
 40
0.050000
 41
0.050000
  0
VERTEX
 5
1173
  8
PLACEMENT_OUTLINE_BOTTOM
 10
-0.86111
 20
70.88898
 42
1.0
  0
VERTEX
 5
1174
  8
PLACEMENT_OUTLINE_BOTTOM
 10
-0.81111
 20
70.88898
 42
1.0
  0
SEQEND
  8
PLACEMENT_OUTLINE_BOTTOM
  0
SOLID
 5
1175
  8
PADLAYER_BOTTOM
 10
-1.09011
 20
70.63500
 11
-3.34989
 21
70.63500
 12
-1.09011
 22
68.43640
 13
-3.34989
 23
68.43640
  0
SOLID
 5
1176
  8
PADLAYER_BOTTOM
 10
-1.09011
 20
66.54560
 11
-3.34989
 21
66.54560
 12
-1.09011
 22
64.34700
 13
-3.34989
 23
64.34700
  0
POLYLINE
 5
1177
  8
PLACEMENT_OUTLINE_BOTTOM
 66
1
 40
0.299970
 41
0.299970
  0
VERTEX
 5
1178
  8
PLACEMENT_OUTLINE_BOTTOM
 10
-1.75700
 20
78.19600
  0
VERTEX
 5
1179
  8
PLACEMENT_OUTLINE_BOTTOM
 10
1.03700
 20
78.19600
  0
SEQEND
  8
PLACEMENT_OUTLINE_BOTTOM
  0
POLYLINE
 5
117A
  8
PLACEMENT_OUTLINE_BOTTOM
 66
1
 70
1
 40
0.149985
 41
0.149985
  0
VERTEX
 5
117B
  8
PLACEMENT_OUTLINE_BOTTOM
 10
-1.83199
 20
78.19600
 42
1.0
  0
VERTEX
 5
117C
  8
PLACEMENT_OUTLINE_BOTTOM
 10
-1.68201
 20
78.19600
 42
1.0
  0
SEQEND
  8
PLACEMENT_OUTLINE_BOTTOM
  0
POLYLINE
 5
117D
  8
PLACEMENT_OUTLINE_BOTTOM
 66
1
 70
1
 40
0.149985
 41
0.149985
  0
VERTEX
 5
117E
  8
PLACEMENT_OUTLINE_BOTTOM
 10
0.96201
 20
78.19600
 42
1.0
  0
VERTEX
 5
117F
  8
PLACEMENT_OUTLINE_BOTTOM
 10
1.11199
 20
78.19600
 42
1.0
  0
SEQEND
  8
PLACEMENT_OUTLINE_BOTTOM
  0
POLYLINE
 5
1180
  8
PLACEMENT_OUTLINE_BOTTOM
 66
1
 40
0.299970
 41
0.299970
  0
VERTEX
 5
1181
  8
PLACEMENT_OUTLINE_BOTTOM
 10
1.03700
 20
78.19600
  0
VERTEX
 5
1182
  8
PLACEMENT_OUTLINE_BOTTOM
 10
1.03700
 20
76.92600
  0
SEQEND
  8
PLACEMENT_OUTLINE_BOTTOM
  0
POLYLINE
 5
1183
  8
PLACEMENT_OUTLINE_BOTTOM
 66
1
 70
1
 40
0.149985
 41
0.149985
  0
VERTEX
 5
1184
  8
PLACEMENT_OUTLINE_BOTTOM
 10
0.96201
 20
78.19600
 42
1.0
  0
VERTEX
 5
1185
  8
PLACEMENT_OUTLINE_BOTTOM
 10
1.11199
 20
78.19600
 42
1.0
  0
SEQEND
  8
PLACEMENT_OUTLINE_BOTTOM
  0
POLYLINE
 5
1186
  8
PLACEMENT_OUTLINE_BOTTOM
 66
1
 70
1
 40
0.149985
 41
0.149985
  0
VERTEX
 5
1187
  8
PLACEMENT_OUTLINE_BOTTOM
 10
0.96201
 20
76.92600
 42
1.0
  0
VERTEX
 5
1188
  8
PLACEMENT_OUTLINE_BOTTOM
 10
1.11199
 20
76.92600
 42
1.0
  0
SEQEND
  8
PLACEMENT_OUTLINE_BOTTOM
  0
POLYLINE
 5
1189
  8
PLACEMENT_OUTLINE_BOTTOM
 66
1
 40
0.299970
 41
0.299970
  0
VERTEX
 5
118A
  8
PLACEMENT_OUTLINE_BOTTOM
 10
1.03700
 20
76.92600
  0
VERTEX
 5
118B
  8
PLACEMENT_OUTLINE_BOTTOM
 10
-1.75700
 20
76.92600
  0
SEQEND
  8
PLACEMENT_OUTLINE_BOTTOM
  0
POLYLINE
 5
118C
  8
PLACEMENT_OUTLINE_BOTTOM
 66
1
 70
1
 40
0.149985
 41
0.149985
  0
VERTEX
 5
118D
  8
PLACEMENT_OUTLINE_BOTTOM
 10
0.96201
 20
76.92600
 42
1.0
  0
VERTEX
 5
118E
  8
PLACEMENT_OUTLINE_BOTTOM
 10
1.11199
 20
76.92600
 42
1.0
  0
SEQEND
  8
PLACEMENT_OUTLINE_BOTTOM
  0
POLYLINE
 5
118F
  8
PLACEMENT_OUTLINE_BOTTOM
 66
1
 70
1
 40
0.149985
 41
0.149985
  0
VERTEX
 5
1190
  8
PLACEMENT_OUTLINE_BOTTOM
 10
-1.83199
 20
76.92600
 42
1.0
  0
VERTEX
 5
1191
  8
PLACEMENT_OUTLINE_BOTTOM
 10
-1.68201
 20
76.92600
 42
1.0
  0
SEQEND
  8
PLACEMENT_OUTLINE_BOTTOM
  0
POLYLINE
 5
1192
  8
PLACEMENT_OUTLINE_BOTTOM
 66
1
 40
0.299970
 41
0.299970
  0
VERTEX
 5
1193
  8
PLACEMENT_OUTLINE_BOTTOM
 10
-1.75700
 20
76.92600
  0
VERTEX
 5
1194
  8
PLACEMENT_OUTLINE_BOTTOM
 10
-1.75700
 20
78.19600
  0
SEQEND
  8
PLACEMENT_OUTLINE_BOTTOM
  0
POLYLINE
 5
1195
  8
PLACEMENT_OUTLINE_BOTTOM
 66
1
 70
1
 40
0.149985
 41
0.149985
  0
VERTEX
 5
1196
  8
PLACEMENT_OUTLINE_BOTTOM
 10
-1.83199
 20
76.92600
 42
1.0
  0
VERTEX
 5
1197
  8
PLACEMENT_OUTLINE_BOTTOM
 10
-1.68201
 20
76.92600
 42
1.0
  0
SEQEND
  8
PLACEMENT_OUTLINE_BOTTOM
  0
POLYLINE
 5
1198
  8
PLACEMENT_OUTLINE_BOTTOM
 66
1
 70
1
 40
0.149985
 41
0.149985
  0
VERTEX
 5
1199
  8
PLACEMENT_OUTLINE_BOTTOM
 10
-1.83199
 20
78.19600
 42
1.0
  0
VERTEX
 5
119A
  8
PLACEMENT_OUTLINE_BOTTOM
 10
-1.68201
 20
78.19600
 42
1.0
  0
SEQEND
  8
PLACEMENT_OUTLINE_BOTTOM
  0
SOLID
 5
119B
  8
PADLAYER_BOTTOM
 10
-0.05520
 20
77.10380
 11
0.85920
 21
77.10380
 12
-0.05520
 22
78.01820
 13
0.85920
 23
78.01820
  0
SOLID
 5
119C
  8
PADLAYER_BOTTOM
 10
-1.57920
 20
77.10380
 11
-0.66480
 21
77.10380
 12
-1.57920
 22
78.01820
 13
-0.66480
 23
78.01820
  0
POLYLINE
 5
119D
  8
2DLINES_4
 66
1
 40
0.127000
 41
0.127000
  0
VERTEX
 5
119E
  8
2DLINES_4
 10
0.02000
 20
38.20000
  0
VERTEX
 5
119F
  8
2DLINES_4
 10
0.02000
 20
42.80000
  0
SEQEND
  8
2DLINES_4
  0
POLYLINE
 5
11A0
  8
2DLINES_4
 66
1
 70
1
 40
0.063500
 41
0.063500
  0
VERTEX
 5
11A1
  8
2DLINES_4
 10
-0.01175
 20
38.20000
 42
1.0
  0
VERTEX
 5
11A2
  8
2DLINES_4
 10
0.05175
 20
38.20000
 42
1.0
  0
SEQEND
  8
2DLINES_4
  0
POLYLINE
 5
11A3
  8
2DLINES_4
 66
1
 70
1
 40
0.063500
 41
0.063500
  0
VERTEX
 5
11A4
  8
2DLINES_4
 10
-0.01175
 20
42.80000
 42
1.0
  0
VERTEX
 5
11A5
  8
2DLINES_4
 10
0.05175
 20
42.80000
 42
1.0
  0
SEQEND
  8
2DLINES_4
  0
POLYLINE
 5
11A6
  8
2DLINES_4
 66
1
 40
0.127000
 41
0.127000
  0
VERTEX
 5
11A7
  8
2DLINES_4
 10
0.02000
 20
42.80000
  0
VERTEX
 5
11A8
  8
2DLINES_4
 10
-2.58000
 20
42.80000
  0
SEQEND
  8
2DLINES_4
  0
POLYLINE
 5
11A9
  8
2DLINES_4
 66
1
 70
1
 40
0.063500
 41
0.063500
  0
VERTEX
 5
11AA
  8
2DLINES_4
 10
-0.01175
 20
42.80000
 42
1.0
  0
VERTEX
 5
11AB
  8
2DLINES_4
 10
0.05175
 20
42.80000
 42
1.0
  0
SEQEND
  8
2DLINES_4
  0
POLYLINE
 5
11AC
  8
2DLINES_4
 66
1
 70
1
 40
0.063500
 41
0.063500
  0
VERTEX
 5
11AD
  8
2DLINES_4
 10
-2.61175
 20
42.80000
 42
1.0
  0
VERTEX
 5
11AE
  8
2DLINES_4
 10
-2.54825
 20
42.80000
 42
1.0
  0
SEQEND
  8
2DLINES_4
  0
POLYLINE
 5
11AF
  8
2DLINES_4
 66
1
 40
0.127000
 41
0.127000
  0
VERTEX
 5
11B0
  8
2DLINES_4
 10
-2.58000
 20
42.80000
  0
VERTEX
 5
11B1
  8
2DLINES_4
 10
-2.58000
 20
38.20000
  0
SEQEND
  8
2DLINES_4
  0
POLYLINE
 5
11B2
  8
2DLINES_4
 66
1
 70
1
 40
0.063500
 41
0.063500
  0
VERTEX
 5
11B3
  8
2DLINES_4
 10
-2.61175
 20
42.80000
 42
1.0
  0
VERTEX
 5
11B4
  8
2DLINES_4
 10
-2.54825
 20
42.80000
 42
1.0
  0
SEQEND
  8
2DLINES_4
  0
POLYLINE
 5
11B5
  8
2DLINES_4
 66
1
 70
1
 40
0.063500
 41
0.063500
  0
VERTEX
 5
11B6
  8
2DLINES_4
 10
-2.61175
 20
38.20000
 42
1.0
  0
VERTEX
 5
11B7
  8
2DLINES_4
 10
-2.54825
 20
38.20000
 42
1.0
  0
SEQEND
  8
2DLINES_4
  0
POLYLINE
 5
11B8
  8
2DLINES_4
 66
1
 40
0.127000
 41
0.127000
  0
VERTEX
 5
11B9
  8
2DLINES_4
 10
-2.58000
 20
38.20000
  0
VERTEX
 5
11BA
  8
2DLINES_4
 10
0.02000
 20
38.20000
  0
SEQEND
  8
2DLINES_4
  0
POLYLINE
 5
11BB
  8
2DLINES_4
 66
1
 70
1
 40
0.063500
 41
0.063500
  0
VERTEX
 5
11BC
  8
2DLINES_4
 10
-2.61175
 20
38.20000
 42
1.0
  0
VERTEX
 5
11BD
  8
2DLINES_4
 10
-2.54825
 20
38.20000
 42
1.0
  0
SEQEND
  8
2DLINES_4
  0
POLYLINE
 5
11BE
  8
2DLINES_4
 66
1
 70
1
 40
0.063500
 41
0.063500
  0
VERTEX
 5
11BF
  8
2DLINES_4
 10
-0.01175
 20
38.20000
 42
1.0
  0
VERTEX
 5
11C0
  8
2DLINES_4
 10
0.05175
 20
38.20000
 42
1.0
  0
SEQEND
  8
2DLINES_4
  0
POLYLINE
 5
11C1
  8
2DLINES_4
 66
1
 40
0.350000
 41
0.350000
  0
VERTEX
 5
11C2
  8
2DLINES_4
 10
-0.15200
 20
41.00400
  0
VERTEX
 5
11C3
  8
2DLINES_4
 10
-2.45200
 20
41.00400
  0
SEQEND
  8
2DLINES_4
  0
POLYLINE
 5
11C4
  8
2DLINES_4
 66
1
 70
1
 40
0.175000
 41
0.175000
  0
VERTEX
 5
11C5
  8
2DLINES_4
 10
-0.23950
 20
41.00400
 42
1.0
  0
VERTEX
 5
11C6
  8
2DLINES_4
 10
-0.06450
 20
41.00400
 42
1.0
  0
SEQEND
  8
2DLINES_4
  0
POLYLINE
 5
11C7
  8
2DLINES_4
 66
1
 70
1
 40
0.175000
 41
0.175000
  0
VERTEX
 5
11C8
  8
2DLINES_4
 10
-2.53950
 20
41.00400
 42
1.0
  0
VERTEX
 5
11C9
  8
2DLINES_4
 10
-2.36450
 20
41.00400
 42
1.0
  0
SEQEND
  8
2DLINES_4
  0
POLYLINE
 5
11CA
  8
PLACEMENT_OUTLINE_BOTTOM
 66
1
 40
0.127000
 41
0.127000
  0
VERTEX
 5
11CB
  8
PLACEMENT_OUTLINE_BOTTOM
 10
0.02000
 20
38.20000
  0
VERTEX
 5
11CC
  8
PLACEMENT_OUTLINE_BOTTOM
 10
0.02000
 20
42.80000
  0
SEQEND
  8
PLACEMENT_OUTLINE_BOTTOM
  0
POLYLINE
 5
11CD
  8
PLACEMENT_OUTLINE_BOTTOM
 66
1
 70
1
 40
0.063500
 41
0.063500
  0
VERTEX
 5
11CE
  8
PLACEMENT_OUTLINE_BOTTOM
 10
-0.01175
 20
38.20000
 42
1.0
  0
VERTEX
 5
11CF
  8
PLACEMENT_OUTLINE_BOTTOM
 10
0.05175
 20
38.20000
 42
1.0
  0
SEQEND
  8
PLACEMENT_OUTLINE_BOTTOM
  0
POLYLINE
 5
11D0
  8
PLACEMENT_OUTLINE_BOTTOM
 66
1
 70
1
 40
0.063500
 41
0.063500
  0
VERTEX
 5
11D1
  8
PLACEMENT_OUTLINE_BOTTOM
 10
-0.01175
 20
42.80000
 42
1.0
  0
VERTEX
 5
11D2
  8
PLACEMENT_OUTLINE_BOTTOM
 10
0.05175
 20
42.80000
 42
1.0
  0
SEQEND
  8
PLACEMENT_OUTLINE_BOTTOM
  0
POLYLINE
 5
11D3
  8
PLACEMENT_OUTLINE_BOTTOM
 66
1
 40
0.127000
 41
0.127000
  0
VERTEX
 5
11D4
  8
PLACEMENT_OUTLINE_BOTTOM
 10
0.02000
 20
42.80000
  0
VERTEX
 5
11D5
  8
PLACEMENT_OUTLINE_BOTTOM
 10
-2.58000
 20
42.80000
  0
SEQEND
  8
PLACEMENT_OUTLINE_BOTTOM
  0
POLYLINE
 5
11D6
  8
PLACEMENT_OUTLINE_BOTTOM
 66
1
 70
1
 40
0.063500
 41
0.063500
  0
VERTEX
 5
11D7
  8
PLACEMENT_OUTLINE_BOTTOM
 10
-0.01175
 20
42.80000
 42
1.0
  0
VERTEX
 5
11D8
  8
PLACEMENT_OUTLINE_BOTTOM
 10
0.05175
 20
42.80000
 42
1.0
  0
SEQEND
  8
PLACEMENT_OUTLINE_BOTTOM
  0
POLYLINE
 5
11D9
  8
PLACEMENT_OUTLINE_BOTTOM
 66
1
 70
1
 40
0.063500
 41
0.063500
  0
VERTEX
 5
11DA
  8
PLACEMENT_OUTLINE_BOTTOM
 10
-2.61175
 20
42.80000
 42
1.0
  0
VERTEX
 5
11DB
  8
PLACEMENT_OUTLINE_BOTTOM
 10
-2.54825
 20
42.80000
 42
1.0
  0
SEQEND
  8
PLACEMENT_OUTLINE_BOTTOM
  0
POLYLINE
 5
11DC
  8
PLACEMENT_OUTLINE_BOTTOM
 66
1
 40
0.127000
 41
0.127000
  0
VERTEX
 5
11DD
  8
PLACEMENT_OUTLINE_BOTTOM
 10
-2.58000
 20
42.80000
  0
VERTEX
 5
11DE
  8
PLACEMENT_OUTLINE_BOTTOM
 10
-2.58000
 20
38.20000
  0
SEQEND
  8
PLACEMENT_OUTLINE_BOTTOM
  0
POLYLINE
 5
11DF
  8
PLACEMENT_OUTLINE_BOTTOM
 66
1
 70
1
 40
0.063500
 41
0.063500
  0
VERTEX
 5
11E0
  8
PLACEMENT_OUTLINE_BOTTOM
 10
-2.61175
 20
42.80000
 42
1.0
  0
VERTEX
 5
11E1
  8
PLACEMENT_OUTLINE_BOTTOM
 10
-2.54825
 20
42.80000
 42
1.0
  0
SEQEND
  8
PLACEMENT_OUTLINE_BOTTOM
  0
POLYLINE
 5
11E2
  8
PLACEMENT_OUTLINE_BOTTOM
 66
1
 70
1
 40
0.063500
 41
0.063500
  0
VERTEX
 5
11E3
  8
PLACEMENT_OUTLINE_BOTTOM
 10
-2.61175
 20
38.20000
 42
1.0
  0
VERTEX
 5
11E4
  8
PLACEMENT_OUTLINE_BOTTOM
 10
-2.54825
 20
38.20000
 42
1.0
  0
SEQEND
  8
PLACEMENT_OUTLINE_BOTTOM
  0
POLYLINE
 5
11E5
  8
PLACEMENT_OUTLINE_BOTTOM
 66
1
 40
0.127000
 41
0.127000
  0
VERTEX
 5
11E6
  8
PLACEMENT_OUTLINE_BOTTOM
 10
-2.58000
 20
38.20000
  0
VERTEX
 5
11E7
  8
PLACEMENT_OUTLINE_BOTTOM
 10
0.02000
 20
38.20000
  0
SEQEND
  8
PLACEMENT_OUTLINE_BOTTOM
  0
POLYLINE
 5
11E8
  8
PLACEMENT_OUTLINE_BOTTOM
 66
1
 70
1
 40
0.063500
 41
0.063500
  0
VERTEX
 5
11E9
  8
PLACEMENT_OUTLINE_BOTTOM
 10
-2.61175
 20
38.20000
 42
1.0
  0
VERTEX
 5
11EA
  8
PLACEMENT_OUTLINE_BOTTOM
 10
-2.54825
 20
38.20000
 42
1.0
  0
SEQEND
  8
PLACEMENT_OUTLINE_BOTTOM
  0
POLYLINE
 5
11EB
  8
PLACEMENT_OUTLINE_BOTTOM
 66
1
 70
1
 40
0.063500
 41
0.063500
  0
VERTEX
 5
11EC
  8
PLACEMENT_OUTLINE_BOTTOM
 10
-0.01175
 20
38.20000
 42
1.0
  0
VERTEX
 5
11ED
  8
PLACEMENT_OUTLINE_BOTTOM
 10
0.05175
 20
38.20000
 42
1.0
  0
SEQEND
  8
PLACEMENT_OUTLINE_BOTTOM
  0
SOLID
 5
11EE
  8
PADLAYER_BOTTOM
 10
-2.13000
 20
39.70000
 11
-2.13000
 21
37.30000
 12
-0.43000
 22
39.70000
 13
-0.43000
 23
37.30000
  0
SOLID
 5
11EF
  8
PADLAYER_BOTTOM
 10
-2.13000
 20
43.70000
 11
-2.13000
 21
41.30000
 12
-0.43000
 22
43.70000
 13
-0.43000
 23
41.30000
  0
POLYLINE
 5
11F0
  8
Top01
 66
1
 40
0.200000
 41
0.200000
  0
VERTEX
 5
11F1
  8
Top01
 10
-61.78000
 20
-0.83000
 42
1.000000
  0
VERTEX
 5
11F2
  8
Top01
 10
-55.18000
 20
-0.83000
 42
1.000000
  0
VERTEX
 5
11F3
  8
Top01
 10
-61.78000
 20
-0.83000
  0
SEQEND
  8
Top01
  0
POLYLINE
 5
11F4
  8
Bottom04
 66
1
 40
0.200000
 41
0.200000
  0
VERTEX
 5
11F5
  8
Bottom04
 10
-61.78000
 20
-0.83000
 42
1.000000
  0
VERTEX
 5
11F6
  8
Bottom04
 10
-55.18000
 20
-0.83000
 42
1.000000
  0
VERTEX
 5
11F7
  8
Bottom04
 10
-61.78000
 20
-0.83000
  0
SEQEND
  8
Bottom04
  0
POLYLINE
 5
11F8
  8
PLACEMENT_OUTLINE_TOP
 66
1
 40
0.025400
 41
0.025400
  0
VERTEX
 5
11F9
  8
PLACEMENT_OUTLINE_TOP
 10
-61.58000
 20
-3.93000
  0
VERTEX
 5
11FA
  8
PLACEMENT_OUTLINE_TOP
 10
-61.58000
 20
2.27000
  0
SEQEND
  8
PLACEMENT_OUTLINE_TOP
  0
POLYLINE
 5
11FB
  8
PLACEMENT_OUTLINE_TOP
 66
1
 70
1
 40
0.012700
 41
0.012700
  0
VERTEX
 5
11FC
  8
PLACEMENT_OUTLINE_TOP
 10
-61.58635
 20
-3.93000
 42
1.0
  0
VERTEX
 5
11FD
  8
PLACEMENT_OUTLINE_TOP
 10
-61.57365
 20
-3.93000
 42
1.0
  0
SEQEND
  8
PLACEMENT_OUTLINE_TOP
  0
POLYLINE
 5
11FE
  8
PLACEMENT_OUTLINE_TOP
 66
1
 70
1
 40
0.012700
 41
0.012700
  0
VERTEX
 5
11FF
  8
PLACEMENT_OUTLINE_TOP
 10
-61.58635
 20
2.27000
 42
1.0
  0
VERTEX
 5
1200
  8
PLACEMENT_OUTLINE_TOP
 10
-61.57365
 20
2.27000
 42
1.0
  0
SEQEND
  8
PLACEMENT_OUTLINE_TOP
  0
POLYLINE
 5
1201
  8
PLACEMENT_OUTLINE_TOP
 66
1
 40
0.025400
 41
0.025400
  0
VERTEX
 5
1202
  8
PLACEMENT_OUTLINE_TOP
 10
-61.58000
 20
2.27000
  0
VERTEX
 5
1203
  8
PLACEMENT_OUTLINE_TOP
 10
-55.38000
 20
2.27000
  0
SEQEND
  8
PLACEMENT_OUTLINE_TOP
  0
POLYLINE
 5
1204
  8
PLACEMENT_OUTLINE_TOP
 66
1
 70
1
 40
0.012700
 41
0.012700
  0
VERTEX
 5
1205
  8
PLACEMENT_OUTLINE_TOP
 10
-61.58635
 20
2.27000
 42
1.0
  0
VERTEX
 5
1206
  8
PLACEMENT_OUTLINE_TOP
 10
-61.57365
 20
2.27000
 42
1.0
  0
SEQEND
  8
PLACEMENT_OUTLINE_TOP
  0
POLYLINE
 5
1207
  8
PLACEMENT_OUTLINE_TOP
 66
1
 70
1
 40
0.012700
 41
0.012700
  0
VERTEX
 5
1208
  8
PLACEMENT_OUTLINE_TOP
 10
-55.38635
 20
2.27000
 42
1.0
  0
VERTEX
 5
1209
  8
PLACEMENT_OUTLINE_TOP
 10
-55.37365
 20
2.27000
 42
1.0
  0
SEQEND
  8
PLACEMENT_OUTLINE_TOP
  0
POLYLINE
 5
120A
  8
PLACEMENT_OUTLINE_TOP
 66
1
 40
0.025400
 41
0.025400
  0
VERTEX
 5
120B
  8
PLACEMENT_OUTLINE_TOP
 10
-55.38000
 20
2.27000
  0
VERTEX
 5
120C
  8
PLACEMENT_OUTLINE_TOP
 10
-55.38000
 20
-3.93000
  0
SEQEND
  8
PLACEMENT_OUTLINE_TOP
  0
POLYLINE
 5
120D
  8
PLACEMENT_OUTLINE_TOP
 66
1
 70
1
 40
0.012700
 41
0.012700
  0
VERTEX
 5
120E
  8
PLACEMENT_OUTLINE_TOP
 10
-55.38635
 20
2.27000
 42
1.0
  0
VERTEX
 5
120F
  8
PLACEMENT_OUTLINE_TOP
 10
-55.37365
 20
2.27000
 42
1.0
  0
SEQEND
  8
PLACEMENT_OUTLINE_TOP
  0
POLYLINE
 5
1210
  8
PLACEMENT_OUTLINE_TOP
 66
1
 70
1
 40
0.012700
 41
0.012700
  0
VERTEX
 5
1211
  8
PLACEMENT_OUTLINE_TOP
 10
-55.38635
 20
-3.93000
 42
1.0
  0
VERTEX
 5
1212
  8
PLACEMENT_OUTLINE_TOP
 10
-55.37365
 20
-3.93000
 42
1.0
  0
SEQEND
  8
PLACEMENT_OUTLINE_TOP
  0
POLYLINE
 5
1213
  8
PLACEMENT_OUTLINE_TOP
 66
1
 40
0.025400
 41
0.025400
  0
VERTEX
 5
1214
  8
PLACEMENT_OUTLINE_TOP
 10
-55.38000
 20
-3.93000
  0
VERTEX
 5
1215
  8
PLACEMENT_OUTLINE_TOP
 10
-61.58000
 20
-3.93000
  0
SEQEND
  8
PLACEMENT_OUTLINE_TOP
  0
POLYLINE
 5
1216
  8
PLACEMENT_OUTLINE_TOP
 66
1
 70
1
 40
0.012700
 41
0.012700
  0
VERTEX
 5
1217
  8
PLACEMENT_OUTLINE_TOP
 10
-55.38635
 20
-3.93000
 42
1.0
  0
VERTEX
 5
1218
  8
PLACEMENT_OUTLINE_TOP
 10
-55.37365
 20
-3.93000
 42
1.0
  0
SEQEND
  8
PLACEMENT_OUTLINE_TOP
  0
POLYLINE
 5
1219
  8
PLACEMENT_OUTLINE_TOP
 66
1
 70
1
 40
0.012700
 41
0.012700
  0
VERTEX
 5
121A
  8
PLACEMENT_OUTLINE_TOP
 10
-61.58635
 20
-3.93000
 42
1.0
  0
VERTEX
 5
121B
  8
PLACEMENT_OUTLINE_TOP
 10
-61.57365
 20
-3.93000
 42
1.0
  0
SEQEND
  8
PLACEMENT_OUTLINE_TOP
  0
TEXT
  8
LAYNR13
 10
-58.88000
 20
-0.13000
 40
0.725718
  1
FM
 73
 1
 11
-58.88000
 21
-0.13000
  0
POLYLINE
 5
121C
  8
TOOL_TOP
 66
1
 40
0.025400
 41
0.025400
  0
VERTEX
 5
121D
  8
TOOL_TOP
 10
-59.98000
 20
-0.83000
 42
1.000000
  0
VERTEX
 5
121E
  8
TOOL_TOP
 10
-56.98000
 20
-0.83000
 42
1.000000
  0
VERTEX
 5
121F
  8
TOOL_TOP
 10
-59.98000
 20
-0.83000
  0
SEQEND
  8
TOOL_TOP
  0
TEXT
  8
TOOLCODE_TOP
 10
-60.05500
 20
-1.58000
 40
1.500000
  1
T00
  0
POLYLINE
 5
1220
  8
Top01
 66
1
 40
0.200000
 41
0.200000
  0
VERTEX
 5
1221
  8
Top01
 10
8.32000
 20
-0.83000
 42
1.000000
  0
VERTEX
 5
1222
  8
Top01
 10
14.92000
 20
-0.83000
 42
1.000000
  0
VERTEX
 5
1223
  8
Top01
 10
8.32000
 20
-0.83000
  0
SEQEND
  8
Top01
  0
POLYLINE
 5
1224
  8
Bottom04
 66
1
 40
0.200000
 41
0.200000
  0
VERTEX
 5
1225
  8
Bottom04
 10
8.32000
 20
-0.83000
 42
1.000000
  0
VERTEX
 5
1226
  8
Bottom04
 10
14.92000
 20
-0.83000
 42
1.000000
  0
VERTEX
 5
1227
  8
Bottom04
 10
8.32000
 20
-0.83000
  0
SEQEND
  8
Bottom04
  0
POLYLINE
 5
1228
  8
PLACEMENT_OUTLINE_TOP
 66
1
 40
0.025400
 41
0.025400
  0
VERTEX
 5
1229
  8
PLACEMENT_OUTLINE_TOP
 10
8.52000
 20
-3.93000
  0
VERTEX
 5
122A
  8
PLACEMENT_OUTLINE_TOP
 10
8.52000
 20
2.27000
  0
SEQEND
  8
PLACEMENT_OUTLINE_TOP
  0
POLYLINE
 5
122B
  8
PLACEMENT_OUTLINE_TOP
 66
1
 70
1
 40
0.012700
 41
0.012700
  0
VERTEX
 5
122C
  8
PLACEMENT_OUTLINE_TOP
 10
8.51365
 20
-3.93000
 42
1.0
  0
VERTEX
 5
122D
  8
PLACEMENT_OUTLINE_TOP
 10
8.52635
 20
-3.93000
 42
1.0
  0
SEQEND
  8
PLACEMENT_OUTLINE_TOP
  0
POLYLINE
 5
122E
  8
PLACEMENT_OUTLINE_TOP
 66
1
 70
1
 40
0.012700
 41
0.012700
  0
VERTEX
 5
122F
  8
PLACEMENT_OUTLINE_TOP
 10
8.51365
 20
2.27000
 42
1.0
  0
VERTEX
 5
1230
  8
PLACEMENT_OUTLINE_TOP
 10
8.52635
 20
2.27000
 42
1.0
  0
SEQEND
  8
PLACEMENT_OUTLINE_TOP
  0
POLYLINE
 5
1231
  8
PLACEMENT_OUTLINE_TOP
 66
1
 40
0.025400
 41
0.025400
  0
VERTEX
 5
1232
  8
PLACEMENT_OUTLINE_TOP
 10
8.52000
 20
2.27000
  0
VERTEX
 5
1233
  8
PLACEMENT_OUTLINE_TOP
 10
14.72000
 20
2.27000
  0
SEQEND
  8
PLACEMENT_OUTLINE_TOP
  0
POLYLINE
 5
1234
  8
PLACEMENT_OUTLINE_TOP
 66
1
 70
1
 40
0.012700
 41
0.012700
  0
VERTEX
 5
1235
  8
PLACEMENT_OUTLINE_TOP
 10
8.51365
 20
2.27000
 42
1.0
  0
VERTEX
 5
1236
  8
PLACEMENT_OUTLINE_TOP
 10
8.52635
 20
2.27000
 42
1.0
  0
SEQEND
  8
PLACEMENT_OUTLINE_TOP
  0
POLYLINE
 5
1237
  8
PLACEMENT_OUTLINE_TOP
 66
1
 70
1
 40
0.012700
 41
0.012700
  0
VERTEX
 5
1238
  8
PLACEMENT_OUTLINE_TOP
 10
14.71365
 20
2.27000
 42
1.0
  0
VERTEX
 5
1239
  8
PLACEMENT_OUTLINE_TOP
 10
14.72635
 20
2.27000
 42
1.0
  0
SEQEND
  8
PLACEMENT_OUTLINE_TOP
  0
POLYLINE
 5
123A
  8
PLACEMENT_OUTLINE_TOP
 66
1
 40
0.025400
 41
0.025400
  0
VERTEX
 5
123B
  8
PLACEMENT_OUTLINE_TOP
 10
14.72000
 20
2.27000
  0
VERTEX
 5
123C
  8
PLACEMENT_OUTLINE_TOP
 10
14.72000
 20
-3.93000
  0
SEQEND
  8
PLACEMENT_OUTLINE_TOP
  0
POLYLINE
 5
123D
  8
PLACEMENT_OUTLINE_TOP
 66
1
 70
1
 40
0.012700
 41
0.012700
  0
VERTEX
 5
123E
  8
PLACEMENT_OUTLINE_TOP
 10
14.71365
 20
2.27000
 42
1.0
  0
VERTEX
 5
123F
  8
PLACEMENT_OUTLINE_TOP
 10
14.72635
 20
2.27000
 42
1.0
  0
SEQEND
  8
PLACEMENT_OUTLINE_TOP
  0
POLYLINE
 5
1240
  8
PLACEMENT_OUTLINE_TOP
 66
1
 70
1
 40
0.012700
 41
0.012700
  0
VERTEX
 5
1241
  8
PLACEMENT_OUTLINE_TOP
 10
14.71365
 20
-3.93000
 42
1.0
  0
VERTEX
 5
1242
  8
PLACEMENT_OUTLINE_TOP
 10
14.72635
 20
-3.93000
 42
1.0
  0
SEQEND
  8
PLACEMENT_OUTLINE_TOP
  0
POLYLINE
 5
1243
  8
PLACEMENT_OUTLINE_TOP
 66
1
 40
0.025400
 41
0.025400
  0
VERTEX
 5
1244
  8
PLACEMENT_OUTLINE_TOP
 10
14.72000
 20
-3.93000
  0
VERTEX
 5
1245
  8
PLACEMENT_OUTLINE_TOP
 10
8.52000
 20
-3.93000
  0
SEQEND
  8
PLACEMENT_OUTLINE_TOP
  0
POLYLINE
 5
1246
  8
PLACEMENT_OUTLINE_TOP
 66
1
 70
1
 40
0.012700
 41
0.012700
  0
VERTEX
 5
1247
  8
PLACEMENT_OUTLINE_TOP
 10
14.71365
 20
-3.93000
 42
1.0
  0
VERTEX
 5
1248
  8
PLACEMENT_OUTLINE_TOP
 10
14.72635
 20
-3.93000
 42
1.0
  0
SEQEND
  8
PLACEMENT_OUTLINE_TOP
  0
POLYLINE
 5
1249
  8
PLACEMENT_OUTLINE_TOP
 66
1
 70
1
 40
0.012700
 41
0.012700
  0
VERTEX
 5
124A
  8
PLACEMENT_OUTLINE_TOP
 10
8.51365
 20
-3.93000
 42
1.0
  0
VERTEX
 5
124B
  8
PLACEMENT_OUTLINE_TOP
 10
8.52635
 20
-3.93000
 42
1.0
  0
SEQEND
  8
PLACEMENT_OUTLINE_TOP
  0
TEXT
  8
LAYNR13
 10
11.22000
 20
-0.13000
 40
0.725718
  1
FM
 73
 1
 11
11.22000
 21
-0.13000
  0
POLYLINE
 5
124C
  8
TOOL_TOP
 66
1
 40
0.025400
 41
0.025400
  0
VERTEX
 5
124D
  8
TOOL_TOP
 10
10.12000
 20
-0.83000
 42
1.000000
  0
VERTEX
 5
124E
  8
TOOL_TOP
 10
13.12000
 20
-0.83000
 42
1.000000
  0
VERTEX
 5
124F
  8
TOOL_TOP
 10
10.12000
 20
-0.83000
  0
SEQEND
  8
TOOL_TOP
  0
TEXT
  8
TOOLCODE_TOP
 10
10.04500
 20
-1.58000
 40
1.500000
  1
T00
  0
POLYLINE
 5
1250
  8
Top01
 66
1
 40
0.200000
 41
0.200000
  0
VERTEX
 5
1251
  8
Top01
 10
-6.78000
 20
88.67000
 42
1.000000
  0
VERTEX
 5
1252
  8
Top01
 10
-0.18000
 20
88.67000
 42
1.000000
  0
VERTEX
 5
1253
  8
Top01
 10
-6.78000
 20
88.67000
  0
SEQEND
  8
Top01
  0
POLYLINE
 5
1254
  8
Bottom04
 66
1
 40
0.200000
 41
0.200000
  0
VERTEX
 5
1255
  8
Bottom04
 10
-6.78000
 20
88.67000
 42
1.000000
  0
VERTEX
 5
1256
  8
Bottom04
 10
-0.18000
 20
88.67000
 42
1.000000
  0
VERTEX
 5
1257
  8
Bottom04
 10
-6.78000
 20
88.67000
  0
SEQEND
  8
Bottom04
  0
POLYLINE
 5
1258
  8
PLACEMENT_OUTLINE_TOP
 66
1
 40
0.025400
 41
0.025400
  0
VERTEX
 5
1259
  8
PLACEMENT_OUTLINE_TOP
 10
-6.58000
 20
85.57000
  0
VERTEX
 5
125A
  8
PLACEMENT_OUTLINE_TOP
 10
-6.58000
 20
91.77000
  0
SEQEND
  8
PLACEMENT_OUTLINE_TOP
  0
POLYLINE
 5
125B
  8
PLACEMENT_OUTLINE_TOP
 66
1
 70
1
 40
0.012700
 41
0.012700
  0
VERTEX
 5
125C
  8
PLACEMENT_OUTLINE_TOP
 10
-6.58635
 20
85.57000
 42
1.0
  0
VERTEX
 5
125D
  8
PLACEMENT_OUTLINE_TOP
 10
-6.57365
 20
85.57000
 42
1.0
  0
SEQEND
  8
PLACEMENT_OUTLINE_TOP
  0
POLYLINE
 5
125E
  8
PLACEMENT_OUTLINE_TOP
 66
1
 70
1
 40
0.012700
 41
0.012700
  0
VERTEX
 5
125F
  8
PLACEMENT_OUTLINE_TOP
 10
-6.58635
 20
91.77000
 42
1.0
  0
VERTEX
 5
1260
  8
PLACEMENT_OUTLINE_TOP
 10
-6.57365
 20
91.77000
 42
1.0
  0
SEQEND
  8
PLACEMENT_OUTLINE_TOP
  0
POLYLINE
 5
1261
  8
PLACEMENT_OUTLINE_TOP
 66
1
 40
0.025400
 41
0.025400
  0
VERTEX
 5
1262
  8
PLACEMENT_OUTLINE_TOP
 10
-6.58000
 20
91.77000
  0
VERTEX
 5
1263
  8
PLACEMENT_OUTLINE_TOP
 10
-0.38000
 20
91.77000
  0
SEQEND
  8
PLACEMENT_OUTLINE_TOP
  0
POLYLINE
 5
1264
  8
PLACEMENT_OUTLINE_TOP
 66
1
 70
1
 40
0.012700
 41
0.012700
  0
VERTEX
 5
1265
  8
PLACEMENT_OUTLINE_TOP
 10
-6.58635
 20
91.77000
 42
1.0
  0
VERTEX
 5
1266
  8
PLACEMENT_OUTLINE_TOP
 10
-6.57365
 20
91.77000
 42
1.0
  0
SEQEND
  8
PLACEMENT_OUTLINE_TOP
  0
POLYLINE
 5
1267
  8
PLACEMENT_OUTLINE_TOP
 66
1
 70
1
 40
0.012700
 41
0.012700
  0
VERTEX
 5
1268
  8
PLACEMENT_OUTLINE_TOP
 10
-0.38635
 20
91.77000
 42
1.0
  0
VERTEX
 5
1269
  8
PLACEMENT_OUTLINE_TOP
 10
-0.37365
 20
91.77000
 42
1.0
  0
SEQEND
  8
PLACEMENT_OUTLINE_TOP
  0
POLYLINE
 5
126A
  8
PLACEMENT_OUTLINE_TOP
 66
1
 40
0.025400
 41
0.025400
  0
VERTEX
 5
126B
  8
PLACEMENT_OUTLINE_TOP
 10
-0.38000
 20
91.77000
  0
VERTEX
 5
126C
  8
PLACEMENT_OUTLINE_TOP
 10
-0.38000
 20
85.57000
  0
SEQEND
  8
PLACEMENT_OUTLINE_TOP
  0
POLYLINE
 5
126D
  8
PLACEMENT_OUTLINE_TOP
 66
1
 70
1
 40
0.012700
 41
0.012700
  0
VERTEX
 5
126E
  8
PLACEMENT_OUTLINE_TOP
 10
-0.38635
 20
91.77000
 42
1.0
  0
VERTEX
 5
126F
  8
PLACEMENT_OUTLINE_TOP
 10
-0.37365
 20
91.77000
 42
1.0
  0
SEQEND
  8
PLACEMENT_OUTLINE_TOP
  0
POLYLINE
 5
1270
  8
PLACEMENT_OUTLINE_TOP
 66
1
 70
1
 40
0.012700
 41
0.012700
  0
VERTEX
 5
1271
  8
PLACEMENT_OUTLINE_TOP
 10
-0.38635
 20
85.57000
 42
1.0
  0
VERTEX
 5
1272
  8
PLACEMENT_OUTLINE_TOP
 10
-0.37365
 20
85.57000
 42
1.0
  0
SEQEND
  8
PLACEMENT_OUTLINE_TOP
  0
POLYLINE
 5
1273
  8
PLACEMENT_OUTLINE_TOP
 66
1
 40
0.025400
 41
0.025400
  0
VERTEX
 5
1274
  8
PLACEMENT_OUTLINE_TOP
 10
-0.38000
 20
85.57000
  0
VERTEX
 5
1275
  8
PLACEMENT_OUTLINE_TOP
 10
-6.58000
 20
85.57000
  0
SEQEND
  8
PLACEMENT_OUTLINE_TOP
  0
POLYLINE
 5
1276
  8
PLACEMENT_OUTLINE_TOP
 66
1
 70
1
 40
0.012700
 41
0.012700
  0
VERTEX
 5
1277
  8
PLACEMENT_OUTLINE_TOP
 10
-0.38635
 20
85.57000
 42
1.0
  0
VERTEX
 5
1278
  8
PLACEMENT_OUTLINE_TOP
 10
-0.37365
 20
85.57000
 42
1.0
  0
SEQEND
  8
PLACEMENT_OUTLINE_TOP
  0
POLYLINE
 5
1279
  8
PLACEMENT_OUTLINE_TOP
 66
1
 70
1
 40
0.012700
 41
0.012700
  0
VERTEX
 5
127A
  8
PLACEMENT_OUTLINE_TOP
 10
-6.58635
 20
85.57000
 42
1.0
  0
VERTEX
 5
127B
  8
PLACEMENT_OUTLINE_TOP
 10
-6.57365
 20
85.57000
 42
1.0
  0
SEQEND
  8
PLACEMENT_OUTLINE_TOP
  0
TEXT
  8
LAYNR13
 10
-3.88000
 20
89.37000
 40
0.725718
  1
FM
 73
 1
 11
-3.88000
 21
89.37000
  0
POLYLINE
 5
127C
  8
TOOL_TOP
 66
1
 40
0.025400
 41
0.025400
  0
VERTEX
 5
127D
  8
TOOL_TOP
 10
-4.98000
 20
88.67000
 42
1.000000
  0
VERTEX
 5
127E
  8
TOOL_TOP
 10
-1.98000
 20
88.67000
 42
1.000000
  0
VERTEX
 5
127F
  8
TOOL_TOP
 10
-4.98000
 20
88.67000
  0
SEQEND
  8
TOOL_TOP
  0
TEXT
  8
TOOLCODE_TOP
 10
-5.05500
 20
87.92000
 40
1.500000
  1
T00
  0
POLYLINE
 5
1280
  8
Top01
 66
1
 40
0.200000
 41
0.200000
  0
VERTEX
 5
1281
  8
Top01
 10
-61.78000
 20
88.67000
 42
1.000000
  0
VERTEX
 5
1282
  8
Top01
 10
-55.18000
 20
88.67000
 42
1.000000
  0
VERTEX
 5
1283
  8
Top01
 10
-61.78000
 20
88.67000
  0
SEQEND
  8
Top01
  0
POLYLINE
 5
1284
  8
Bottom04
 66
1
 40
0.200000
 41
0.200000
  0
VERTEX
 5
1285
  8
Bottom04
 10
-61.78000
 20
88.67000
 42
1.000000
  0
VERTEX
 5
1286
  8
Bottom04
 10
-55.18000
 20
88.67000
 42
1.000000
  0
VERTEX
 5
1287
  8
Bottom04
 10
-61.78000
 20
88.67000
  0
SEQEND
  8
Bottom04
  0
POLYLINE
 5
1288
  8
PLACEMENT_OUTLINE_TOP
 66
1
 40
0.025400
 41
0.025400
  0
VERTEX
 5
1289
  8
PLACEMENT_OUTLINE_TOP
 10
-61.58000
 20
85.57000
  0
VERTEX
 5
128A
  8
PLACEMENT_OUTLINE_TOP
 10
-61.58000
 20
91.77000
  0
SEQEND
  8
PLACEMENT_OUTLINE_TOP
  0
POLYLINE
 5
128B
  8
PLACEMENT_OUTLINE_TOP
 66
1
 70
1
 40
0.012700
 41
0.012700
  0
VERTEX
 5
128C
  8
PLACEMENT_OUTLINE_TOP
 10
-61.58635
 20
85.57000
 42
1.0
  0
VERTEX
 5
128D
  8
PLACEMENT_OUTLINE_TOP
 10
-61.57365
 20
85.57000
 42
1.0
  0
SEQEND
  8
PLACEMENT_OUTLINE_TOP
  0
POLYLINE
 5
128E
  8
PLACEMENT_OUTLINE_TOP
 66
1
 70
1
 40
0.012700
 41
0.012700
  0
VERTEX
 5
128F
  8
PLACEMENT_OUTLINE_TOP
 10
-61.58635
 20
91.77000
 42
1.0
  0
VERTEX
 5
1290
  8
PLACEMENT_OUTLINE_TOP
 10
-61.57365
 20
91.77000
 42
1.0
  0
SEQEND
  8
PLACEMENT_OUTLINE_TOP
  0
POLYLINE
 5
1291
  8
PLACEMENT_OUTLINE_TOP
 66
1
 40
0.025400
 41
0.025400
  0
VERTEX
 5
1292
  8
PLACEMENT_OUTLINE_TOP
 10
-61.58000
 20
91.77000
  0
VERTEX
 5
1293
  8
PLACEMENT_OUTLINE_TOP
 10
-55.38000
 20
91.77000
  0
SEQEND
  8
PLACEMENT_OUTLINE_TOP
  0
POLYLINE
 5
1294
  8
PLACEMENT_OUTLINE_TOP
 66
1
 70
1
 40
0.012700
 41
0.012700
  0
VERTEX
 5
1295
  8
PLACEMENT_OUTLINE_TOP
 10
-61.58635
 20
91.77000
 42
1.0
  0
VERTEX
 5
1296
  8
PLACEMENT_OUTLINE_TOP
 10
-61.57365
 20
91.77000
 42
1.0
  0
SEQEND
  8
PLACEMENT_OUTLINE_TOP
  0
POLYLINE
 5
1297
  8
PLACEMENT_OUTLINE_TOP
 66
1
 70
1
 40
0.012700
 41
0.012700
  0
VERTEX
 5
1298
  8
PLACEMENT_OUTLINE_TOP
 10
-55.38635
 20
91.77000
 42
1.0
  0
VERTEX
 5
1299
  8
PLACEMENT_OUTLINE_TOP
 10
-55.37365
 20
91.77000
 42
1.0
  0
SEQEND
  8
PLACEMENT_OUTLINE_TOP
  0
POLYLINE
 5
129A
  8
PLACEMENT_OUTLINE_TOP
 66
1
 40
0.025400
 41
0.025400
  0
VERTEX
 5
129B
  8
PLACEMENT_OUTLINE_TOP
 10
-55.38000
 20
91.77000
  0
VERTEX
 5
129C
  8
PLACEMENT_OUTLINE_TOP
 10
-55.38000
 20
85.57000
  0
SEQEND
  8
PLACEMENT_OUTLINE_TOP
  0
POLYLINE
 5
129D
  8
PLACEMENT_OUTLINE_TOP
 66
1
 70
1
 40
0.012700
 41
0.012700
  0
VERTEX
 5
129E
  8
PLACEMENT_OUTLINE_TOP
 10
-55.38635
 20
91.77000
 42
1.0
  0
VERTEX
 5
129F
  8
PLACEMENT_OUTLINE_TOP
 10
-55.37365
 20
91.77000
 42
1.0
  0
SEQEND
  8
PLACEMENT_OUTLINE_TOP
  0
POLYLINE
 5
12A0
  8
PLACEMENT_OUTLINE_TOP
 66
1
 70
1
 40
0.012700
 41
0.012700
  0
VERTEX
 5
12A1
  8
PLACEMENT_OUTLINE_TOP
 10
-55.38635
 20
85.57000
 42
1.0
  0
VERTEX
 5
12A2
  8
PLACEMENT_OUTLINE_TOP
 10
-55.37365
 20
85.57000
 42
1.0
  0
SEQEND
  8
PLACEMENT_OUTLINE_TOP
  0
POLYLINE
 5
12A3
  8
PLACEMENT_OUTLINE_TOP
 66
1
 40
0.025400
 41
0.025400
  0
VERTEX
 5
12A4
  8
PLACEMENT_OUTLINE_TOP
 10
-55.38000
 20
85.57000
  0
VERTEX
 5
12A5
  8
PLACEMENT_OUTLINE_TOP
 10
-61.58000
 20
85.57000
  0
SEQEND
  8
PLACEMENT_OUTLINE_TOP
  0
POLYLINE
 5
12A6
  8
PLACEMENT_OUTLINE_TOP
 66
1
 70
1
 40
0.012700
 41
0.012700
  0
VERTEX
 5
12A7
  8
PLACEMENT_OUTLINE_TOP
 10
-55.38635
 20
85.57000
 42
1.0
  0
VERTEX
 5
12A8
  8
PLACEMENT_OUTLINE_TOP
 10
-55.37365
 20
85.57000
 42
1.0
  0
SEQEND
  8
PLACEMENT_OUTLINE_TOP
  0
POLYLINE
 5
12A9
  8
PLACEMENT_OUTLINE_TOP
 66
1
 70
1
 40
0.012700
 41
0.012700
  0
VERTEX
 5
12AA
  8
PLACEMENT_OUTLINE_TOP
 10
-61.58635
 20
85.57000
 42
1.0
  0
VERTEX
 5
12AB
  8
PLACEMENT_OUTLINE_TOP
 10
-61.57365
 20
85.57000
 42
1.0
  0
SEQEND
  8
PLACEMENT_OUTLINE_TOP
  0
TEXT
  8
LAYNR13
 10
-58.88000
 20
89.37000
 40
0.725718
  1
FM
 73
 1
 11
-58.88000
 21
89.37000
  0
POLYLINE
 5
12AC
  8
TOOL_TOP
 66
1
 40
0.025400
 41
0.025400
  0
VERTEX
 5
12AD
  8
TOOL_TOP
 10
-59.98000
 20
88.67000
 42
1.000000
  0
VERTEX
 5
12AE
  8
TOOL_TOP
 10
-56.98000
 20
88.67000
 42
1.000000
  0
VERTEX
 5
12AF
  8
TOOL_TOP
 10
-59.98000
 20
88.67000
  0
SEQEND
  8
TOOL_TOP
  0
TEXT
  8
TOOLCODE_TOP
 10
-60.05500
 20
87.92000
 40
1.500000
  1
T00
  0
POLYLINE
 5
12B0
  8
2DLINES_4
 66
1
 40
0.150000
 41
0.150000
  0
VERTEX
 5
12B1
  8
2DLINES_4
 10
2.43800
 20
73.09500
  0
VERTEX
 5
12B2
  8
2DLINES_4
 10
7.03800
 20
73.09500
  0
SEQEND
  8
2DLINES_4
  0
POLYLINE
 5
12B3
  8
2DLINES_4
 66
1
 70
1
 40
0.075000
 41
0.075000
  0
VERTEX
 5
12B4
  8
2DLINES_4
 10
2.40050
 20
73.09500
 42
1.0
  0
VERTEX
 5
12B5
  8
2DLINES_4
 10
2.47550
 20
73.09500
 42
1.0
  0
SEQEND
  8
2DLINES_4
  0
POLYLINE
 5
12B6
  8
2DLINES_4
 66
1
 70
1
 40
0.075000
 41
0.075000
  0
VERTEX
 5
12B7
  8
2DLINES_4
 10
7.00050
 20
73.09500
 42
1.0
  0
VERTEX
 5
12B8
  8
2DLINES_4
 10
7.07550
 20
73.09500
 42
1.0
  0
SEQEND
  8
2DLINES_4
  0
POLYLINE
 5
12B9
  8
2DLINES_4
 66
1
 40
0.150000
 41
0.150000
  0
VERTEX
 5
12BA
  8
2DLINES_4
 10
7.03800
 20
73.09500
  0
VERTEX
 5
12BB
  8
2DLINES_4
 10
7.03800
 20
76.22000
  0
SEQEND
  8
2DLINES_4
  0
POLYLINE
 5
12BC
  8
2DLINES_4
 66
1
 70
1
 40
0.075000
 41
0.075000
  0
VERTEX
 5
12BD
  8
2DLINES_4
 10
7.00050
 20
73.09500
 42
1.0
  0
VERTEX
 5
12BE
  8
2DLINES_4
 10
7.07550
 20
73.09500
 42
1.0
  0
SEQEND
  8
2DLINES_4
  0
POLYLINE
 5
12BF
  8
2DLINES_4
 66
1
 70
1
 40
0.075000
 41
0.075000
  0
VERTEX
 5
12C0
  8
2DLINES_4
 10
7.00050
 20
76.22000
 42
1.0
  0
VERTEX
 5
12C1
  8
2DLINES_4
 10
7.07550
 20
76.22000
 42
1.0
  0
SEQEND
  8
2DLINES_4
  0
POLYLINE
 5
12C2
  8
2DLINES_4
 66
1
 40
0.150000
 41
0.150000
  0
VERTEX
 5
12C3
  8
2DLINES_4
 10
7.03800
 20
76.22000
  0
VERTEX
 5
12C4
  8
2DLINES_4
 10
2.43800
 20
76.22000
  0
SEQEND
  8
2DLINES_4
  0
POLYLINE
 5
12C5
  8
2DLINES_4
 66
1
 70
1
 40
0.075000
 41
0.075000
  0
VERTEX
 5
12C6
  8
2DLINES_4
 10
7.00050
 20
76.22000
 42
1.0
  0
VERTEX
 5
12C7
  8
2DLINES_4
 10
7.07550
 20
76.22000
 42
1.0
  0
SEQEND
  8
2DLINES_4
  0
POLYLINE
 5
12C8
  8
2DLINES_4
 66
1
 70
1
 40
0.075000
 41
0.075000
  0
VERTEX
 5
12C9
  8
2DLINES_4
 10
2.40050
 20
76.22000
 42
1.0
  0
VERTEX
 5
12CA
  8
2DLINES_4
 10
2.47550
 20
76.22000
 42
1.0
  0
SEQEND
  8
2DLINES_4
  0
POLYLINE
 5
12CB
  8
2DLINES_4
 66
1
 40
0.150000
 41
0.150000
  0
VERTEX
 5
12CC
  8
2DLINES_4
 10
2.43800
 20
76.22000
  0
VERTEX
 5
12CD
  8
2DLINES_4
 10
2.43800
 20
73.09500
  0
SEQEND
  8
2DLINES_4
  0
POLYLINE
 5
12CE
  8
2DLINES_4
 66
1
 70
1
 40
0.075000
 41
0.075000
  0
VERTEX
 5
12CF
  8
2DLINES_4
 10
2.40050
 20
76.22000
 42
1.0
  0
VERTEX
 5
12D0
  8
2DLINES_4
 10
2.47550
 20
76.22000
 42
1.0
  0
SEQEND
  8
2DLINES_4
  0
POLYLINE
 5
12D1
  8
2DLINES_4
 66
1
 70
1
 40
0.075000
 41
0.075000
  0
VERTEX
 5
12D2
  8
2DLINES_4
 10
2.40050
 20
73.09500
 42
1.0
  0
VERTEX
 5
12D3
  8
2DLINES_4
 10
2.47550
 20
73.09500
 42
1.0
  0
SEQEND
  8
2DLINES_4
  0
POLYLINE
 5
12D4
  8
PLACEMENT_OUTLINE_BOTTOM
 66
1
 40
0.150000
 41
0.150000
  0
VERTEX
 5
12D5
  8
PLACEMENT_OUTLINE_BOTTOM
 10
2.43800
 20
73.09500
  0
VERTEX
 5
12D6
  8
PLACEMENT_OUTLINE_BOTTOM
 10
7.03800
 20
73.09500
  0
SEQEND
  8
PLACEMENT_OUTLINE_BOTTOM
  0
POLYLINE
 5
12D7
  8
PLACEMENT_OUTLINE_BOTTOM
 66
1
 70
1
 40
0.075000
 41
0.075000
  0
VERTEX
 5
12D8
  8
PLACEMENT_OUTLINE_BOTTOM
 10
2.40050
 20
73.09500
 42
1.0
  0
VERTEX
 5
12D9
  8
PLACEMENT_OUTLINE_BOTTOM
 10
2.47550
 20
73.09500
 42
1.0
  0
SEQEND
  8
PLACEMENT_OUTLINE_BOTTOM
  0
POLYLINE
 5
12DA
  8
PLACEMENT_OUTLINE_BOTTOM
 66
1
 70
1
 40
0.075000
 41
0.075000
  0
VERTEX
 5
12DB
  8
PLACEMENT_OUTLINE_BOTTOM
 10
7.00050
 20
73.09500
 42
1.0
  0
VERTEX
 5
12DC
  8
PLACEMENT_OUTLINE_BOTTOM
 10
7.07550
 20
73.09500
 42
1.0
  0
SEQEND
  8
PLACEMENT_OUTLINE_BOTTOM
  0
POLYLINE
 5
12DD
  8
PLACEMENT_OUTLINE_BOTTOM
 66
1
 40
0.150000
 41
0.150000
  0
VERTEX
 5
12DE
  8
PLACEMENT_OUTLINE_BOTTOM
 10
7.03800
 20
73.09500
  0
VERTEX
 5
12DF
  8
PLACEMENT_OUTLINE_BOTTOM
 10
7.03800
 20
76.22000
  0
SEQEND
  8
PLACEMENT_OUTLINE_BOTTOM
  0
POLYLINE
 5
12E0
  8
PLACEMENT_OUTLINE_BOTTOM
 66
1
 70
1
 40
0.075000
 41
0.075000
  0
VERTEX
 5
12E1
  8
PLACEMENT_OUTLINE_BOTTOM
 10
7.00050
 20
73.09500
 42
1.0
  0
VERTEX
 5
12E2
  8
PLACEMENT_OUTLINE_BOTTOM
 10
7.07550
 20
73.09500
 42
1.0
  0
SEQEND
  8
PLACEMENT_OUTLINE_BOTTOM
  0
POLYLINE
 5
12E3
  8
PLACEMENT_OUTLINE_BOTTOM
 66
1
 70
1
 40
0.075000
 41
0.075000
  0
VERTEX
 5
12E4
  8
PLACEMENT_OUTLINE_BOTTOM
 10
7.00050
 20
76.22000
 42
1.0
  0
VERTEX
 5
12E5
  8
PLACEMENT_OUTLINE_BOTTOM
 10
7.07550
 20
76.22000
 42
1.0
  0
SEQEND
  8
PLACEMENT_OUTLINE_BOTTOM
  0
POLYLINE
 5
12E6
  8
PLACEMENT_OUTLINE_BOTTOM
 66
1
 40
0.150000
 41
0.150000
  0
VERTEX
 5
12E7
  8
PLACEMENT_OUTLINE_BOTTOM
 10
7.03800
 20
76.22000
  0
VERTEX
 5
12E8
  8
PLACEMENT_OUTLINE_BOTTOM
 10
2.43800
 20
76.22000
  0
SEQEND
  8
PLACEMENT_OUTLINE_BOTTOM
  0
POLYLINE
 5
12E9
  8
PLACEMENT_OUTLINE_BOTTOM
 66
1
 70
1
 40
0.075000
 41
0.075000
  0
VERTEX
 5
12EA
  8
PLACEMENT_OUTLINE_BOTTOM
 10
7.00050
 20
76.22000
 42
1.0
  0
VERTEX
 5
12EB
  8
PLACEMENT_OUTLINE_BOTTOM
 10
7.07550
 20
76.22000
 42
1.0
  0
SEQEND
  8
PLACEMENT_OUTLINE_BOTTOM
  0
POLYLINE
 5
12EC
  8
PLACEMENT_OUTLINE_BOTTOM
 66
1
 70
1
 40
0.075000
 41
0.075000
  0
VERTEX
 5
12ED
  8
PLACEMENT_OUTLINE_BOTTOM
 10
2.40050
 20
76.22000
 42
1.0
  0
VERTEX
 5
12EE
  8
PLACEMENT_OUTLINE_BOTTOM
 10
2.47550
 20
76.22000
 42
1.0
  0
SEQEND
  8
PLACEMENT_OUTLINE_BOTTOM
  0
POLYLINE
 5
12EF
  8
PLACEMENT_OUTLINE_BOTTOM
 66
1
 40
0.150000
 41
0.150000
  0
VERTEX
 5
12F0
  8
PLACEMENT_OUTLINE_BOTTOM
 10
2.43800
 20
76.22000
  0
VERTEX
 5
12F1
  8
PLACEMENT_OUTLINE_BOTTOM
 10
2.43800
 20
73.09500
  0
SEQEND
  8
PLACEMENT_OUTLINE_BOTTOM
  0
POLYLINE
 5
12F2
  8
PLACEMENT_OUTLINE_BOTTOM
 66
1
 70
1
 40
0.075000
 41
0.075000
  0
VERTEX
 5
12F3
  8
PLACEMENT_OUTLINE_BOTTOM
 10
2.40050
 20
76.22000
 42
1.0
  0
VERTEX
 5
12F4
  8
PLACEMENT_OUTLINE_BOTTOM
 10
2.47550
 20
76.22000
 42
1.0
  0
SEQEND
  8
PLACEMENT_OUTLINE_BOTTOM
  0
POLYLINE
 5
12F5
  8
PLACEMENT_OUTLINE_BOTTOM
 66
1
 70
1
 40
0.075000
 41
0.075000
  0
VERTEX
 5
12F6
  8
PLACEMENT_OUTLINE_BOTTOM
 10
2.40050
 20
73.09500
 42
1.0
  0
VERTEX
 5
12F7
  8
PLACEMENT_OUTLINE_BOTTOM
 10
2.47550
 20
73.09500
 42
1.0
  0
SEQEND
  8
PLACEMENT_OUTLINE_BOTTOM
  0
SOLID
 5
12F8
  8
PADLAYER_BOTTOM
 10
2.73800
 20
77.47000
 11
2.73800
 21
75.97000
 12
3.73800
 22
77.47000
 13
3.73800
 23
75.97000
  0
SOLID
 5
12F9
  8
PADLAYER_BOTTOM
 10
4.43800
 20
77.09500
 11
4.43800
 21
75.89500
 12
5.03800
 22
77.09500
 13
5.03800
 23
75.89500
  0
POLYLINE
 5
12FA
  8
PADLAYER_BOTTOM
 66
1
 70
1
 40
0.000000
 41
0.000000
  0
VERTEX
 5
12FB
  8
PADLAYER_BOTTOM
 10
4.23800
 20
77.47000
  0
VERTEX
 5
12FC
  8
PADLAYER_BOTTOM
 10
4.23800
 20
75.97000
  0
VERTEX
 5
12FD
  8
PADLAYER_BOTTOM
 10
3.73800
 20
75.27000
  0
VERTEX
 5
12FE
  8
PADLAYER_BOTTOM
 10
3.73800
 20
72.27000
  0
VERTEX
 5
12FF
  8
PADLAYER_BOTTOM
 10
5.73800
 20
72.27000
  0
VERTEX
 5
1300
  8
PADLAYER_BOTTOM
 10
5.73800
 20
75.27000
  0
VERTEX
 5
1301
  8
PADLAYER_BOTTOM
 10
5.23800
 20
75.97000
  0
VERTEX
 5
1302
  8
PADLAYER_BOTTOM
 10
5.23800
 20
77.47000
  0
VERTEX
 5
1303
  8
PADLAYER_BOTTOM
 10
4.23800
 20
77.47000
  0
SEQEND
  8
PADLAYER_BOTTOM
  0
SOLID
 5
1304
  8
PADLAYER_BOTTOM
 10
5.73800
 20
77.47000
 11
5.73800
 21
75.97000
 12
6.73800
 22
77.47000
 13
6.73800
 23
75.97000
  0
POLYLINE
 5
1305
  8
PLACEMENT_OUTLINE_BOTTOM
 66
1
 40
0.100000
 41
0.100000
  0
VERTEX
 5
1306
  8
PLACEMENT_OUTLINE_BOTTOM
 10
7.52300
 20
73.75300
  0
VERTEX
 5
1307
  8
PLACEMENT_OUTLINE_BOTTOM
 10
7.52300
 20
76.54700
  0
SEQEND
  8
PLACEMENT_OUTLINE_BOTTOM
  0
POLYLINE
 5
1308
  8
PLACEMENT_OUTLINE_BOTTOM
 66
1
 70
1
 40
0.050000
 41
0.050000
  0
VERTEX
 5
1309
  8
PLACEMENT_OUTLINE_BOTTOM
 10
7.49800
 20
73.75300
 42
1.0
  0
VERTEX
 5
130A
  8
PLACEMENT_OUTLINE_BOTTOM
 10
7.54800
 20
73.75300
 42
1.0
  0
SEQEND
  8
PLACEMENT_OUTLINE_BOTTOM
  0
POLYLINE
 5
130B
  8
PLACEMENT_OUTLINE_BOTTOM
 66
1
 70
1
 40
0.050000
 41
0.050000
  0
VERTEX
 5
130C
  8
PLACEMENT_OUTLINE_BOTTOM
 10
7.49800
 20
76.54700
 42
1.0
  0
VERTEX
 5
130D
  8
PLACEMENT_OUTLINE_BOTTOM
 10
7.54800
 20
76.54700
 42
1.0
  0
SEQEND
  8
PLACEMENT_OUTLINE_BOTTOM
  0
POLYLINE
 5
130E
  8
PLACEMENT_OUTLINE_BOTTOM
 66
1
 40
0.100000
 41
0.100000
  0
VERTEX
 5
130F
  8
PLACEMENT_OUTLINE_BOTTOM
 10
7.52300
 20
76.54700
  0
VERTEX
 5
1310
  8
PLACEMENT_OUTLINE_BOTTOM
 10
8.79300
 20
76.54700
  0
SEQEND
  8
PLACEMENT_OUTLINE_BOTTOM
  0
POLYLINE
 5
1311
  8
PLACEMENT_OUTLINE_BOTTOM
 66
1
 70
1
 40
0.050000
 41
0.050000
  0
VERTEX
 5
1312
  8
PLACEMENT_OUTLINE_BOTTOM
 10
7.49800
 20
76.54700
 42
1.0
  0
VERTEX
 5
1313
  8
PLACEMENT_OUTLINE_BOTTOM
 10
7.54800
 20
76.54700
 42
1.0
  0
SEQEND
  8
PLACEMENT_OUTLINE_BOTTOM
  0
POLYLINE
 5
1314
  8
PLACEMENT_OUTLINE_BOTTOM
 66
1
 70
1
 40
0.050000
 41
0.050000
  0
VERTEX
 5
1315
  8
PLACEMENT_OUTLINE_BOTTOM
 10
8.76800
 20
76.54700
 42
1.0
  0
VERTEX
 5
1316
  8
PLACEMENT_OUTLINE_BOTTOM
 10
8.81800
 20
76.54700
 42
1.0
  0
SEQEND
  8
PLACEMENT_OUTLINE_BOTTOM
  0
POLYLINE
 5
1317
  8
PLACEMENT_OUTLINE_BOTTOM
 66
1
 40
0.100000
 41
0.100000
  0
VERTEX
 5
1318
  8
PLACEMENT_OUTLINE_BOTTOM
 10
8.79300
 20
76.54700
  0
VERTEX
 5
1319
  8
PLACEMENT_OUTLINE_BOTTOM
 10
8.79300
 20
73.75300
  0
SEQEND
  8
PLACEMENT_OUTLINE_BOTTOM
  0
POLYLINE
 5
131A
  8
PLACEMENT_OUTLINE_BOTTOM
 66
1
 70
1
 40
0.050000
 41
0.050000
  0
VERTEX
 5
131B
  8
PLACEMENT_OUTLINE_BOTTOM
 10
8.76800
 20
76.54700
 42
1.0
  0
VERTEX
 5
131C
  8
PLACEMENT_OUTLINE_BOTTOM
 10
8.81800
 20
76.54700
 42
1.0
  0
SEQEND
  8
PLACEMENT_OUTLINE_BOTTOM
  0
POLYLINE
 5
131D
  8
PLACEMENT_OUTLINE_BOTTOM
 66
1
 70
1
 40
0.050000
 41
0.050000
  0
VERTEX
 5
131E
  8
PLACEMENT_OUTLINE_BOTTOM
 10
8.76800
 20
73.75300
 42
1.0
  0
VERTEX
 5
131F
  8
PLACEMENT_OUTLINE_BOTTOM
 10
8.81800
 20
73.75300
 42
1.0
  0
SEQEND
  8
PLACEMENT_OUTLINE_BOTTOM
  0
POLYLINE
 5
1320
  8
PLACEMENT_OUTLINE_BOTTOM
 66
1
 40
0.100000
 41
0.100000
  0
VERTEX
 5
1321
  8
PLACEMENT_OUTLINE_BOTTOM
 10
8.79300
 20
73.75300
  0
VERTEX
 5
1322
  8
PLACEMENT_OUTLINE_BOTTOM
 10
7.52300
 20
73.75300
  0
SEQEND
  8
PLACEMENT_OUTLINE_BOTTOM
  0
POLYLINE
 5
1323
  8
PLACEMENT_OUTLINE_BOTTOM
 66
1
 70
1
 40
0.050000
 41
0.050000
  0
VERTEX
 5
1324
  8
PLACEMENT_OUTLINE_BOTTOM
 10
8.76800
 20
73.75300
 42
1.0
  0
VERTEX
 5
1325
  8
PLACEMENT_OUTLINE_BOTTOM
 10
8.81800
 20
73.75300
 42
1.0
  0
SEQEND
  8
PLACEMENT_OUTLINE_BOTTOM
  0
POLYLINE
 5
1326
  8
PLACEMENT_OUTLINE_BOTTOM
 66
1
 70
1
 40
0.050000
 41
0.050000
  0
VERTEX
 5
1327
  8
PLACEMENT_OUTLINE_BOTTOM
 10
7.49800
 20
73.75300
 42
1.0
  0
VERTEX
 5
1328
  8
PLACEMENT_OUTLINE_BOTTOM
 10
7.54800
 20
73.75300
 42
1.0
  0
SEQEND
  8
PLACEMENT_OUTLINE_BOTTOM
  0
SOLID
 5
1329
  8
PADLAYER_BOTTOM
 10
8.61520
 20
75.45480
 11
8.61520
 21
76.36920
 12
7.70080
 22
75.45480
 13
7.70080
 23
76.36920
  0
SOLID
 5
132A
  8
PADLAYER_BOTTOM
 10
8.61520
 20
73.93080
 11
8.61520
 21
74.84520
 12
7.70080
 22
73.93080
 13
7.70080
 23
74.84520
  0
POLYLINE
 5
132B
  8
PLACEMENT_OUTLINE_BOTTOM
 66
1
 40
0.100000
 41
0.100000
  0
VERTEX
 5
132C
  8
PLACEMENT_OUTLINE_BOTTOM
 10
-6.24446
 20
68.52311
  0
VERTEX
 5
132D
  8
PLACEMENT_OUTLINE_BOTTOM
 10
-11.37531
 20
68.52330
  0
SEQEND
  8
PLACEMENT_OUTLINE_BOTTOM
  0
POLYLINE
 5
132E
  8
PLACEMENT_OUTLINE_BOTTOM
 66
1
 70
1
 40
0.050000
 41
0.050000
  0
VERTEX
 5
132F
  8
PLACEMENT_OUTLINE_BOTTOM
 10
-6.26946
 20
68.52311
 42
1.0
  0
VERTEX
 5
1330
  8
PLACEMENT_OUTLINE_BOTTOM
 10
-6.21946
 20
68.52311
 42
1.0
  0
SEQEND
  8
PLACEMENT_OUTLINE_BOTTOM
  0
POLYLINE
 5
1331
  8
PLACEMENT_OUTLINE_BOTTOM
 66
1
 70
1
 40
0.050000
 41
0.050000
  0
VERTEX
 5
1332
  8
PLACEMENT_OUTLINE_BOTTOM
 10
-11.40031
 20
68.52330
 42
1.0
  0
VERTEX
 5
1333
  8
PLACEMENT_OUTLINE_BOTTOM
 10
-11.35031
 20
68.52330
 42
1.0
  0
SEQEND
  8
PLACEMENT_OUTLINE_BOTTOM
  0
POLYLINE
 5
1334
  8
PLACEMENT_OUTLINE_BOTTOM
 66
1
 40
0.100000
 41
0.100000
  0
VERTEX
 5
1335
  8
PLACEMENT_OUTLINE_BOTTOM
 10
-11.37531
 20
68.52330
  0
VERTEX
 5
1336
  8
PLACEMENT_OUTLINE_BOTTOM
 10
-11.37531
 20
70.65677
  0
SEQEND
  8
PLACEMENT_OUTLINE_BOTTOM
  0
POLYLINE
 5
1337
  8
PLACEMENT_OUTLINE_BOTTOM
 66
1
 70
1
 40
0.050000
 41
0.050000
  0
VERTEX
 5
1338
  8
PLACEMENT_OUTLINE_BOTTOM
 10
-11.40031
 20
68.52330
 42
1.0
  0
VERTEX
 5
1339
  8
PLACEMENT_OUTLINE_BOTTOM
 10
-11.35031
 20
68.52330
 42
1.0
  0
SEQEND
  8
PLACEMENT_OUTLINE_BOTTOM
  0
POLYLINE
 5
133A
  8
PLACEMENT_OUTLINE_BOTTOM
 66
1
 70
1
 40
0.050000
 41
0.050000
  0
VERTEX
 5
133B
  8
PLACEMENT_OUTLINE_BOTTOM
 10
-11.40031
 20
70.65677
 42
1.0
  0
VERTEX
 5
133C
  8
PLACEMENT_OUTLINE_BOTTOM
 10
-11.35031
 20
70.65677
 42
1.0
  0
SEQEND
  8
PLACEMENT_OUTLINE_BOTTOM
  0
POLYLINE
 5
133D
  8
PLACEMENT_OUTLINE_BOTTOM
 66
1
 40
0.100000
 41
0.100000
  0
VERTEX
 5
133E
  8
PLACEMENT_OUTLINE_BOTTOM
 10
-11.37531
 20
70.65677
  0
VERTEX
 5
133F
  8
PLACEMENT_OUTLINE_BOTTOM
 10
-6.24457
 20
70.65692
  0
SEQEND
  8
PLACEMENT_OUTLINE_BOTTOM
  0
POLYLINE
 5
1340
  8
PLACEMENT_OUTLINE_BOTTOM
 66
1
 70
1
 40
0.050000
 41
0.050000
  0
VERTEX
 5
1341
  8
PLACEMENT_OUTLINE_BOTTOM
 10
-11.40031
 20
70.65677
 42
1.0
  0
VERTEX
 5
1342
  8
PLACEMENT_OUTLINE_BOTTOM
 10
-11.35031
 20
70.65677
 42
1.0
  0
SEQEND
  8
PLACEMENT_OUTLINE_BOTTOM
  0
POLYLINE
 5
1343
  8
PLACEMENT_OUTLINE_BOTTOM
 66
1
 70
1
 40
0.050000
 41
0.050000
  0
VERTEX
 5
1344
  8
PLACEMENT_OUTLINE_BOTTOM
 10
-6.26957
 20
70.65692
 42
1.0
  0
VERTEX
 5
1345
  8
PLACEMENT_OUTLINE_BOTTOM
 10
-6.21957
 20
70.65692
 42
1.0
  0
SEQEND
  8
PLACEMENT_OUTLINE_BOTTOM
  0
POLYLINE
 5
1346
  8
PLACEMENT_OUTLINE_BOTTOM
 66
1
 40
0.100000
 41
0.100000
  0
VERTEX
 5
1347
  8
PLACEMENT_OUTLINE_BOTTOM
 10
-6.24457
 20
70.65692
  0
VERTEX
 5
1348
  8
PLACEMENT_OUTLINE_BOTTOM
 10
-6.24446
 20
68.52311
  0
SEQEND
  8
PLACEMENT_OUTLINE_BOTTOM
  0
POLYLINE
 5
1349
  8
PLACEMENT_OUTLINE_BOTTOM
 66
1
 70
1
 40
0.050000
 41
0.050000
  0
VERTEX
 5
134A
  8
PLACEMENT_OUTLINE_BOTTOM
 10
-6.26957
 20
70.65692
 42
1.0
  0
VERTEX
 5
134B
  8
PLACEMENT_OUTLINE_BOTTOM
 10
-6.21957
 20
70.65692
 42
1.0
  0
SEQEND
  8
PLACEMENT_OUTLINE_BOTTOM
  0
POLYLINE
 5
134C
  8
PLACEMENT_OUTLINE_BOTTOM
 66
1
 70
1
 40
0.050000
 41
0.050000
  0
VERTEX
 5
134D
  8
PLACEMENT_OUTLINE_BOTTOM
 10
-6.26946
 20
68.52311
 42
1.0
  0
VERTEX
 5
134E
  8
PLACEMENT_OUTLINE_BOTTOM
 10
-6.21946
 20
68.52311
 42
1.0
  0
SEQEND
  8
PLACEMENT_OUTLINE_BOTTOM
  0
SOLID
 5
134F
  8
PADLAYER_BOTTOM
 10
-11.21030
 20
70.47891
 11
-11.21030
 21
68.70091
 12
-9.81330
 22
70.47891
 13
-9.81330
 23
68.70091
  0
SOLID
 5
1350
  8
PADLAYER_BOTTOM
 10
-7.80670
 20
70.47909
 11
-7.80670
 21
68.70109
 12
-6.40970
 22
70.47909
 13
-6.40970
 23
68.70109
  0
POLYLINE
 5
1351
  8
PLACEMENT_OUTLINE_BOTTOM
 66
1
 40
0.100000
 41
0.100000
  0
VERTEX
 5
1352
  8
PLACEMENT_OUTLINE_BOTTOM
 10
-6.24446
 20
63.52311
  0
VERTEX
 5
1353
  8
PLACEMENT_OUTLINE_BOTTOM
 10
-11.37531
 20
63.52330
  0
SEQEND
  8
PLACEMENT_OUTLINE_BOTTOM
  0
POLYLINE
 5
1354
  8
PLACEMENT_OUTLINE_BOTTOM
 66
1
 70
1
 40
0.050000
 41
0.050000
  0
VERTEX
 5
1355
  8
PLACEMENT_OUTLINE_BOTTOM
 10
-6.26946
 20
63.52311
 42
1.0
  0
VERTEX
 5
1356
  8
PLACEMENT_OUTLINE_BOTTOM
 10
-6.21946
 20
63.52311
 42
1.0
  0
SEQEND
  8
PLACEMENT_OUTLINE_BOTTOM
  0
POLYLINE
 5
1357
  8
PLACEMENT_OUTLINE_BOTTOM
 66
1
 70
1
 40
0.050000
 41
0.050000
  0
VERTEX
 5
1358
  8
PLACEMENT_OUTLINE_BOTTOM
 10
-11.40031
 20
63.52330
 42
1.0
  0
VERTEX
 5
1359
  8
PLACEMENT_OUTLINE_BOTTOM
 10
-11.35031
 20
63.52330
 42
1.0
  0
SEQEND
  8
PLACEMENT_OUTLINE_BOTTOM
  0
POLYLINE
 5
135A
  8
PLACEMENT_OUTLINE_BOTTOM
 66
1
 40
0.100000
 41
0.100000
  0
VERTEX
 5
135B
  8
PLACEMENT_OUTLINE_BOTTOM
 10
-11.37531
 20
63.52330
  0
VERTEX
 5
135C
  8
PLACEMENT_OUTLINE_BOTTOM
 10
-11.37531
 20
65.65677
  0
SEQEND
  8
PLACEMENT_OUTLINE_BOTTOM
  0
POLYLINE
 5
135D
  8
PLACEMENT_OUTLINE_BOTTOM
 66
1
 70
1
 40
0.050000
 41
0.050000
  0
VERTEX
 5
135E
  8
PLACEMENT_OUTLINE_BOTTOM
 10
-11.40031
 20
63.52330
 42
1.0
  0
VERTEX
 5
135F
  8
PLACEMENT_OUTLINE_BOTTOM
 10
-11.35031
 20
63.52330
 42
1.0
  0
SEQEND
  8
PLACEMENT_OUTLINE_BOTTOM
  0
POLYLINE
 5
1360
  8
PLACEMENT_OUTLINE_BOTTOM
 66
1
 70
1
 40
0.050000
 41
0.050000
  0
VERTEX
 5
1361
  8
PLACEMENT_OUTLINE_BOTTOM
 10
-11.40031
 20
65.65677
 42
1.0
  0
VERTEX
 5
1362
  8
PLACEMENT_OUTLINE_BOTTOM
 10
-11.35031
 20
65.65677
 42
1.0
  0
SEQEND
  8
PLACEMENT_OUTLINE_BOTTOM
  0
POLYLINE
 5
1363
  8
PLACEMENT_OUTLINE_BOTTOM
 66
1
 40
0.100000
 41
0.100000
  0
VERTEX
 5
1364
  8
PLACEMENT_OUTLINE_BOTTOM
 10
-11.37531
 20
65.65677
  0
VERTEX
 5
1365
  8
PLACEMENT_OUTLINE_BOTTOM
 10
-6.24457
 20
65.65692
  0
SEQEND
  8
PLACEMENT_OUTLINE_BOTTOM
  0
POLYLINE
 5
1366
  8
PLACEMENT_OUTLINE_BOTTOM
 66
1
 70
1
 40
0.050000
 41
0.050000
  0
VERTEX
 5
1367
  8
PLACEMENT_OUTLINE_BOTTOM
 10
-11.40031
 20
65.65677
 42
1.0
  0
VERTEX
 5
1368
  8
PLACEMENT_OUTLINE_BOTTOM
 10
-11.35031
 20
65.65677
 42
1.0
  0
SEQEND
  8
PLACEMENT_OUTLINE_BOTTOM
  0
POLYLINE
 5
1369
  8
PLACEMENT_OUTLINE_BOTTOM
 66
1
 70
1
 40
0.050000
 41
0.050000
  0
VERTEX
 5
136A
  8
PLACEMENT_OUTLINE_BOTTOM
 10
-6.26957
 20
65.65692
 42
1.0
  0
VERTEX
 5
136B
  8
PLACEMENT_OUTLINE_BOTTOM
 10
-6.21957
 20
65.65692
 42
1.0
  0
SEQEND
  8
PLACEMENT_OUTLINE_BOTTOM
  0
POLYLINE
 5
136C
  8
PLACEMENT_OUTLINE_BOTTOM
 66
1
 40
0.100000
 41
0.100000
  0
VERTEX
 5
136D
  8
PLACEMENT_OUTLINE_BOTTOM
 10
-6.24457
 20
65.65692
  0
VERTEX
 5
136E
  8
PLACEMENT_OUTLINE_BOTTOM
 10
-6.24446
 20
63.52311
  0
SEQEND
  8
PLACEMENT_OUTLINE_BOTTOM
  0
POLYLINE
 5
136F
  8
PLACEMENT_OUTLINE_BOTTOM
 66
1
 70
1
 40
0.050000
 41
0.050000
  0
VERTEX
 5
1370
  8
PLACEMENT_OUTLINE_BOTTOM
 10
-6.26957
 20
65.65692
 42
1.0
  0
VERTEX
 5
1371
  8
PLACEMENT_OUTLINE_BOTTOM
 10
-6.21957
 20
65.65692
 42
1.0
  0
SEQEND
  8
PLACEMENT_OUTLINE_BOTTOM
  0
POLYLINE
 5
1372
  8
PLACEMENT_OUTLINE_BOTTOM
 66
1
 70
1
 40
0.050000
 41
0.050000
  0
VERTEX
 5
1373
  8
PLACEMENT_OUTLINE_BOTTOM
 10
-6.26946
 20
63.52311
 42
1.0
  0
VERTEX
 5
1374
  8
PLACEMENT_OUTLINE_BOTTOM
 10
-6.21946
 20
63.52311
 42
1.0
  0
SEQEND
  8
PLACEMENT_OUTLINE_BOTTOM
  0
SOLID
 5
1375
  8
PADLAYER_BOTTOM
 10
-11.21030
 20
65.47891
 11
-11.21030
 21
63.70091
 12
-9.81330
 22
65.47891
 13
-9.81330
 23
63.70091
  0
SOLID
 5
1376
  8
PADLAYER_BOTTOM
 10
-7.80670
 20
65.47909
 11
-7.80670
 21
63.70109
 12
-6.40970
 22
65.47909
 13
-6.40970
 23
63.70109
  0
POLYLINE
 5
1377
  8
PLACEMENT_OUTLINE_BOTTOM
 66
1
 40
0.100000
 41
0.100000
  0
VERTEX
 5
1378
  8
PLACEMENT_OUTLINE_BOTTOM
 10
-6.24446
 20
66.02311
  0
VERTEX
 5
1379
  8
PLACEMENT_OUTLINE_BOTTOM
 10
-11.37531
 20
66.02330
  0
SEQEND
  8
PLACEMENT_OUTLINE_BOTTOM
  0
POLYLINE
 5
137A
  8
PLACEMENT_OUTLINE_BOTTOM
 66
1
 70
1
 40
0.050000
 41
0.050000
  0
VERTEX
 5
137B
  8
PLACEMENT_OUTLINE_BOTTOM
 10
-6.26946
 20
66.02311
 42
1.0
  0
VERTEX
 5
137C
  8
PLACEMENT_OUTLINE_BOTTOM
 10
-6.21946
 20
66.02311
 42
1.0
  0
SEQEND
  8
PLACEMENT_OUTLINE_BOTTOM
  0
POLYLINE
 5
137D
  8
PLACEMENT_OUTLINE_BOTTOM
 66
1
 70
1
 40
0.050000
 41
0.050000
  0
VERTEX
 5
137E
  8
PLACEMENT_OUTLINE_BOTTOM
 10
-11.40031
 20
66.02330
 42
1.0
  0
VERTEX
 5
137F
  8
PLACEMENT_OUTLINE_BOTTOM
 10
-11.35031
 20
66.02330
 42
1.0
  0
SEQEND
  8
PLACEMENT_OUTLINE_BOTTOM
  0
POLYLINE
 5
1380
  8
PLACEMENT_OUTLINE_BOTTOM
 66
1
 40
0.100000
 41
0.100000
  0
VERTEX
 5
1381
  8
PLACEMENT_OUTLINE_BOTTOM
 10
-11.37531
 20
66.02330
  0
VERTEX
 5
1382
  8
PLACEMENT_OUTLINE_BOTTOM
 10
-11.37531
 20
68.15677
  0
SEQEND
  8
PLACEMENT_OUTLINE_BOTTOM
  0
POLYLINE
 5
1383
  8
PLACEMENT_OUTLINE_BOTTOM
 66
1
 70
1
 40
0.050000
 41
0.050000
  0
VERTEX
 5
1384
  8
PLACEMENT_OUTLINE_BOTTOM
 10
-11.40031
 20
66.02330
 42
1.0
  0
VERTEX
 5
1385
  8
PLACEMENT_OUTLINE_BOTTOM
 10
-11.35031
 20
66.02330
 42
1.0
  0
SEQEND
  8
PLACEMENT_OUTLINE_BOTTOM
  0
POLYLINE
 5
1386
  8
PLACEMENT_OUTLINE_BOTTOM
 66
1
 70
1
 40
0.050000
 41
0.050000
  0
VERTEX
 5
1387
  8
PLACEMENT_OUTLINE_BOTTOM
 10
-11.40031
 20
68.15677
 42
1.0
  0
VERTEX
 5
1388
  8
PLACEMENT_OUTLINE_BOTTOM
 10
-11.35031
 20
68.15677
 42
1.0
  0
SEQEND
  8
PLACEMENT_OUTLINE_BOTTOM
  0
POLYLINE
 5
1389
  8
PLACEMENT_OUTLINE_BOTTOM
 66
1
 40
0.100000
 41
0.100000
  0
VERTEX
 5
138A
  8
PLACEMENT_OUTLINE_BOTTOM
 10
-11.37531
 20
68.15677
  0
VERTEX
 5
138B
  8
PLACEMENT_OUTLINE_BOTTOM
 10
-6.24457
 20
68.15692
  0
SEQEND
  8
PLACEMENT_OUTLINE_BOTTOM
  0
POLYLINE
 5
138C
  8
PLACEMENT_OUTLINE_BOTTOM
 66
1
 70
1
 40
0.050000
 41
0.050000
  0
VERTEX
 5
138D
  8
PLACEMENT_OUTLINE_BOTTOM
 10
-11.40031
 20
68.15677
 42
1.0
  0
VERTEX
 5
138E
  8
PLACEMENT_OUTLINE_BOTTOM
 10
-11.35031
 20
68.15677
 42
1.0
  0
SEQEND
  8
PLACEMENT_OUTLINE_BOTTOM
  0
POLYLINE
 5
138F
  8
PLACEMENT_OUTLINE_BOTTOM
 66
1
 70
1
 40
0.050000
 41
0.050000
  0
VERTEX
 5
1390
  8
PLACEMENT_OUTLINE_BOTTOM
 10
-6.26957
 20
68.15692
 42
1.0
  0
VERTEX
 5
1391
  8
PLACEMENT_OUTLINE_BOTTOM
 10
-6.21957
 20
68.15692
 42
1.0
  0
SEQEND
  8
PLACEMENT_OUTLINE_BOTTOM
  0
POLYLINE
 5
1392
  8
PLACEMENT_OUTLINE_BOTTOM
 66
1
 40
0.100000
 41
0.100000
  0
VERTEX
 5
1393
  8
PLACEMENT_OUTLINE_BOTTOM
 10
-6.24457
 20
68.15692
  0
VERTEX
 5
1394
  8
PLACEMENT_OUTLINE_BOTTOM
 10
-6.24446
 20
66.02311
  0
SEQEND
  8
PLACEMENT_OUTLINE_BOTTOM
  0
POLYLINE
 5
1395
  8
PLACEMENT_OUTLINE_BOTTOM
 66
1
 70
1
 40
0.050000
 41
0.050000
  0
VERTEX
 5
1396
  8
PLACEMENT_OUTLINE_BOTTOM
 10
-6.26957
 20
68.15692
 42
1.0
  0
VERTEX
 5
1397
  8
PLACEMENT_OUTLINE_BOTTOM
 10
-6.21957
 20
68.15692
 42
1.0
  0
SEQEND
  8
PLACEMENT_OUTLINE_BOTTOM
  0
POLYLINE
 5
1398
  8
PLACEMENT_OUTLINE_BOTTOM
 66
1
 70
1
 40
0.050000
 41
0.050000
  0
VERTEX
 5
1399
  8
PLACEMENT_OUTLINE_BOTTOM
 10
-6.26946
 20
66.02311
 42
1.0
  0
VERTEX
 5
139A
  8
PLACEMENT_OUTLINE_BOTTOM
 10
-6.21946
 20
66.02311
 42
1.0
  0
SEQEND
  8
PLACEMENT_OUTLINE_BOTTOM
  0
SOLID
 5
139B
  8
PADLAYER_BOTTOM
 10
-11.21030
 20
67.97891
 11
-11.21030
 21
66.20091
 12
-9.81330
 22
67.97891
 13
-9.81330
 23
66.20091
  0
SOLID
 5
139C
  8
PADLAYER_BOTTOM
 10
-7.80670
 20
67.97909
 11
-7.80670
 21
66.20109
 12
-6.40970
 22
67.97909
 13
-6.40970
 23
66.20109
  0
POLYLINE
 5
139D
  8
PLACEMENT_OUTLINE_BOTTOM
 66
1
 40
0.100000
 41
0.100000
  0
VERTEX
 5
139E
  8
PLACEMENT_OUTLINE_BOTTOM
 10
-8.10446
 20
20.82311
  0
VERTEX
 5
139F
  8
PLACEMENT_OUTLINE_BOTTOM
 10
-13.23531
 20
20.82330
  0
SEQEND
  8
PLACEMENT_OUTLINE_BOTTOM
  0
POLYLINE
 5
13A0
  8
PLACEMENT_OUTLINE_BOTTOM
 66
1
 70
1
 40
0.050000
 41
0.050000
  0
VERTEX
 5
13A1
  8
PLACEMENT_OUTLINE_BOTTOM
 10
-8.12946
 20
20.82311
 42
1.0
  0
VERTEX
 5
13A2
  8
PLACEMENT_OUTLINE_BOTTOM
 10
-8.07946
 20
20.82311
 42
1.0
  0
SEQEND
  8
PLACEMENT_OUTLINE_BOTTOM
  0
POLYLINE
 5
13A3
  8
PLACEMENT_OUTLINE_BOTTOM
 66
1
 70
1
 40
0.050000
 41
0.050000
  0
VERTEX
 5
13A4
  8
PLACEMENT_OUTLINE_BOTTOM
 10
-13.26031
 20
20.82330
 42
1.0
  0
VERTEX
 5
13A5
  8
PLACEMENT_OUTLINE_BOTTOM
 10
-13.21031
 20
20.82330
 42
1.0
  0
SEQEND
  8
PLACEMENT_OUTLINE_BOTTOM
  0
POLYLINE
 5
13A6
  8
PLACEMENT_OUTLINE_BOTTOM
 66
1
 40
0.100000
 41
0.100000
  0
VERTEX
 5
13A7
  8
PLACEMENT_OUTLINE_BOTTOM
 10
-13.23531
 20
20.82330
  0
VERTEX
 5
13A8
  8
PLACEMENT_OUTLINE_BOTTOM
 10
-13.23531
 20
22.95677
  0
SEQEND
  8
PLACEMENT_OUTLINE_BOTTOM
  0
POLYLINE
 5
13A9
  8
PLACEMENT_OUTLINE_BOTTOM
 66
1
 70
1
 40
0.050000
 41
0.050000
  0
VERTEX
 5
13AA
  8
PLACEMENT_OUTLINE_BOTTOM
 10
-13.26031
 20
20.82330
 42
1.0
  0
VERTEX
 5
13AB
  8
PLACEMENT_OUTLINE_BOTTOM
 10
-13.21031
 20
20.82330
 42
1.0
  0
SEQEND
  8
PLACEMENT_OUTLINE_BOTTOM
  0
POLYLINE
 5
13AC
  8
PLACEMENT_OUTLINE_BOTTOM
 66
1
 70
1
 40
0.050000
 41
0.050000
  0
VERTEX
 5
13AD
  8
PLACEMENT_OUTLINE_BOTTOM
 10
-13.26031
 20
22.95677
 42
1.0
  0
VERTEX
 5
13AE
  8
PLACEMENT_OUTLINE_BOTTOM
 10
-13.21031
 20
22.95677
 42
1.0
  0
SEQEND
  8
PLACEMENT_OUTLINE_BOTTOM
  0
POLYLINE
 5
13AF
  8
PLACEMENT_OUTLINE_BOTTOM
 66
1
 40
0.100000
 41
0.100000
  0
VERTEX
 5
13B0
  8
PLACEMENT_OUTLINE_BOTTOM
 10
-13.23531
 20
22.95677
  0
VERTEX
 5
13B1
  8
PLACEMENT_OUTLINE_BOTTOM
 10
-8.10457
 20
22.95692
  0
SEQEND
  8
PLACEMENT_OUTLINE_BOTTOM
  0
POLYLINE
 5
13B2
  8
PLACEMENT_OUTLINE_BOTTOM
 66
1
 70
1
 40
0.050000
 41
0.050000
  0
VERTEX
 5
13B3
  8
PLACEMENT_OUTLINE_BOTTOM
 10
-13.26031
 20
22.95677
 42
1.0
  0
VERTEX
 5
13B4
  8
PLACEMENT_OUTLINE_BOTTOM
 10
-13.21031
 20
22.95677
 42
1.0
  0
SEQEND
  8
PLACEMENT_OUTLINE_BOTTOM
  0
POLYLINE
 5
13B5
  8
PLACEMENT_OUTLINE_BOTTOM
 66
1
 70
1
 40
0.050000
 41
0.050000
  0
VERTEX
 5
13B6
  8
PLACEMENT_OUTLINE_BOTTOM
 10
-8.12957
 20
22.95692
 42
1.0
  0
VERTEX
 5
13B7
  8
PLACEMENT_OUTLINE_BOTTOM
 10
-8.07957
 20
22.95692
 42
1.0
  0
SEQEND
  8
PLACEMENT_OUTLINE_BOTTOM
  0
POLYLINE
 5
13B8
  8
PLACEMENT_OUTLINE_BOTTOM
 66
1
 40
0.100000
 41
0.100000
  0
VERTEX
 5
13B9
  8
PLACEMENT_OUTLINE_BOTTOM
 10
-8.10457
 20
22.95692
  0
VERTEX
 5
13BA
  8
PLACEMENT_OUTLINE_BOTTOM
 10
-8.10446
 20
20.82311
  0
SEQEND
  8
PLACEMENT_OUTLINE_BOTTOM
  0
POLYLINE
 5
13BB
  8
PLACEMENT_OUTLINE_BOTTOM
 66
1
 70
1
 40
0.050000
 41
0.050000
  0
VERTEX
 5
13BC
  8
PLACEMENT_OUTLINE_BOTTOM
 10
-8.12957
 20
22.95692
 42
1.0
  0
VERTEX
 5
13BD
  8
PLACEMENT_OUTLINE_BOTTOM
 10
-8.07957
 20
22.95692
 42
1.0
  0
SEQEND
  8
PLACEMENT_OUTLINE_BOTTOM
  0
POLYLINE
 5
13BE
  8
PLACEMENT_OUTLINE_BOTTOM
 66
1
 70
1
 40
0.050000
 41
0.050000
  0
VERTEX
 5
13BF
  8
PLACEMENT_OUTLINE_BOTTOM
 10
-8.12946
 20
20.82311
 42
1.0
  0
VERTEX
 5
13C0
  8
PLACEMENT_OUTLINE_BOTTOM
 10
-8.07946
 20
20.82311
 42
1.0
  0
SEQEND
  8
PLACEMENT_OUTLINE_BOTTOM
  0
SOLID
 5
13C1
  8
PADLAYER_BOTTOM
 10
-13.07030
 20
22.77891
 11
-13.07030
 21
21.00091
 12
-11.67330
 22
22.77891
 13
-11.67330
 23
21.00091
  0
SOLID
 5
13C2
  8
PADLAYER_BOTTOM
 10
-9.66670
 20
22.77909
 11
-9.66670
 21
21.00109
 12
-8.26970
 22
22.77909
 13
-8.26970
 23
21.00109
  0
POLYLINE
 5
13C3
  8
PLACEMENT_OUTLINE_BOTTOM
 66
1
 40
0.100000
 41
0.100000
  0
VERTEX
 5
13C4
  8
PLACEMENT_OUTLINE_BOTTOM
 10
-8.10446
 20
18.32311
  0
VERTEX
 5
13C5
  8
PLACEMENT_OUTLINE_BOTTOM
 10
-13.23531
 20
18.32330
  0
SEQEND
  8
PLACEMENT_OUTLINE_BOTTOM
  0
POLYLINE
 5
13C6
  8
PLACEMENT_OUTLINE_BOTTOM
 66
1
 70
1
 40
0.050000
 41
0.050000
  0
VERTEX
 5
13C7
  8
PLACEMENT_OUTLINE_BOTTOM
 10
-8.12946
 20
18.32311
 42
1.0
  0
VERTEX
 5
13C8
  8
PLACEMENT_OUTLINE_BOTTOM
 10
-8.07946
 20
18.32311
 42
1.0
  0
SEQEND
  8
PLACEMENT_OUTLINE_BOTTOM
  0
POLYLINE
 5
13C9
  8
PLACEMENT_OUTLINE_BOTTOM
 66
1
 70
1
 40
0.050000
 41
0.050000
  0
VERTEX
 5
13CA
  8
PLACEMENT_OUTLINE_BOTTOM
 10
-13.26031
 20
18.32330
 42
1.0
  0
VERTEX
 5
13CB
  8
PLACEMENT_OUTLINE_BOTTOM
 10
-13.21031
 20
18.32330
 42
1.0
  0
SEQEND
  8
PLACEMENT_OUTLINE_BOTTOM
  0
POLYLINE
 5
13CC
  8
PLACEMENT_OUTLINE_BOTTOM
 66
1
 40
0.100000
 41
0.100000
  0
VERTEX
 5
13CD
  8
PLACEMENT_OUTLINE_BOTTOM
 10
-13.23531
 20
18.32330
  0
VERTEX
 5
13CE
  8
PLACEMENT_OUTLINE_BOTTOM
 10
-13.23531
 20
20.45677
  0
SEQEND
  8
PLACEMENT_OUTLINE_BOTTOM
  0
POLYLINE
 5
13CF
  8
PLACEMENT_OUTLINE_BOTTOM
 66
1
 70
1
 40
0.050000
 41
0.050000
  0
VERTEX
 5
13D0
  8
PLACEMENT_OUTLINE_BOTTOM
 10
-13.26031
 20
18.32330
 42
1.0
  0
VERTEX
 5
13D1
  8
PLACEMENT_OUTLINE_BOTTOM
 10
-13.21031
 20
18.32330
 42
1.0
  0
SEQEND
  8
PLACEMENT_OUTLINE_BOTTOM
  0
POLYLINE
 5
13D2
  8
PLACEMENT_OUTLINE_BOTTOM
 66
1
 70
1
 40
0.050000
 41
0.050000
  0
VERTEX
 5
13D3
  8
PLACEMENT_OUTLINE_BOTTOM
 10
-13.26031
 20
20.45677
 42
1.0
  0
VERTEX
 5
13D4
  8
PLACEMENT_OUTLINE_BOTTOM
 10
-13.21031
 20
20.45677
 42
1.0
  0
SEQEND
  8
PLACEMENT_OUTLINE_BOTTOM
  0
POLYLINE
 5
13D5
  8
PLACEMENT_OUTLINE_BOTTOM
 66
1
 40
0.100000
 41
0.100000
  0
VERTEX
 5
13D6
  8
PLACEMENT_OUTLINE_BOTTOM
 10
-13.23531
 20
20.45677
  0
VERTEX
 5
13D7
  8
PLACEMENT_OUTLINE_BOTTOM
 10
-8.10457
 20
20.45692
  0
SEQEND
  8
PLACEMENT_OUTLINE_BOTTOM
  0
POLYLINE
 5
13D8
  8
PLACEMENT_OUTLINE_BOTTOM
 66
1
 70
1
 40
0.050000
 41
0.050000
  0
VERTEX
 5
13D9
  8
PLACEMENT_OUTLINE_BOTTOM
 10
-13.26031
 20
20.45677
 42
1.0
  0
VERTEX
 5
13DA
  8
PLACEMENT_OUTLINE_BOTTOM
 10
-13.21031
 20
20.45677
 42
1.0
  0
SEQEND
  8
PLACEMENT_OUTLINE_BOTTOM
  0
POLYLINE
 5
13DB
  8
PLACEMENT_OUTLINE_BOTTOM
 66
1
 70
1
 40
0.050000
 41
0.050000
  0
VERTEX
 5
13DC
  8
PLACEMENT_OUTLINE_BOTTOM
 10
-8.12957
 20
20.45692
 42
1.0
  0
VERTEX
 5
13DD
  8
PLACEMENT_OUTLINE_BOTTOM
 10
-8.07957
 20
20.45692
 42
1.0
  0
SEQEND
  8
PLACEMENT_OUTLINE_BOTTOM
  0
POLYLINE
 5
13DE
  8
PLACEMENT_OUTLINE_BOTTOM
 66
1
 40
0.100000
 41
0.100000
  0
VERTEX
 5
13DF
  8
PLACEMENT_OUTLINE_BOTTOM
 10
-8.10457
 20
20.45692
  0
VERTEX
 5
13E0
  8
PLACEMENT_OUTLINE_BOTTOM
 10
-8.10446
 20
18.32311
  0
SEQEND
  8
PLACEMENT_OUTLINE_BOTTOM
  0
POLYLINE
 5
13E1
  8
PLACEMENT_OUTLINE_BOTTOM
 66
1
 70
1
 40
0.050000
 41
0.050000
  0
VERTEX
 5
13E2
  8
PLACEMENT_OUTLINE_BOTTOM
 10
-8.12957
 20
20.45692
 42
1.0
  0
VERTEX
 5
13E3
  8
PLACEMENT_OUTLINE_BOTTOM
 10
-8.07957
 20
20.45692
 42
1.0
  0
SEQEND
  8
PLACEMENT_OUTLINE_BOTTOM
  0
POLYLINE
 5
13E4
  8
PLACEMENT_OUTLINE_BOTTOM
 66
1
 70
1
 40
0.050000
 41
0.050000
  0
VERTEX
 5
13E5
  8
PLACEMENT_OUTLINE_BOTTOM
 10
-8.12946
 20
18.32311
 42
1.0
  0
VERTEX
 5
13E6
  8
PLACEMENT_OUTLINE_BOTTOM
 10
-8.07946
 20
18.32311
 42
1.0
  0
SEQEND
  8
PLACEMENT_OUTLINE_BOTTOM
  0
SOLID
 5
13E7
  8
PADLAYER_BOTTOM
 10
-13.07030
 20
20.27891
 11
-13.07030
 21
18.50091
 12
-11.67330
 22
20.27891
 13
-11.67330
 23
18.50091
  0
SOLID
 5
13E8
  8
PADLAYER_BOTTOM
 10
-9.66670
 20
20.27909
 11
-9.66670
 21
18.50109
 12
-8.26970
 22
20.27909
 13
-8.26970
 23
18.50109
  0
POLYLINE
 5
13E9
  8
PLACEMENT_OUTLINE_BOTTOM
 66
1
 40
0.100000
 41
0.100000
  0
VERTEX
 5
13EA
  8
PLACEMENT_OUTLINE_BOTTOM
 10
-8.10446
 20
15.82311
  0
VERTEX
 5
13EB
  8
PLACEMENT_OUTLINE_BOTTOM
 10
-13.23531
 20
15.82330
  0
SEQEND
  8
PLACEMENT_OUTLINE_BOTTOM
  0
POLYLINE
 5
13EC
  8
PLACEMENT_OUTLINE_BOTTOM
 66
1
 70
1
 40
0.050000
 41
0.050000
  0
VERTEX
 5
13ED
  8
PLACEMENT_OUTLINE_BOTTOM
 10
-8.12946
 20
15.82311
 42
1.0
  0
VERTEX
 5
13EE
  8
PLACEMENT_OUTLINE_BOTTOM
 10
-8.07946
 20
15.82311
 42
1.0
  0
SEQEND
  8
PLACEMENT_OUTLINE_BOTTOM
  0
POLYLINE
 5
13EF
  8
PLACEMENT_OUTLINE_BOTTOM
 66
1
 70
1
 40
0.050000
 41
0.050000
  0
VERTEX
 5
13F0
  8
PLACEMENT_OUTLINE_BOTTOM
 10
-13.26031
 20
15.82330
 42
1.0
  0
VERTEX
 5
13F1
  8
PLACEMENT_OUTLINE_BOTTOM
 10
-13.21031
 20
15.82330
 42
1.0
  0
SEQEND
  8
PLACEMENT_OUTLINE_BOTTOM
  0
POLYLINE
 5
13F2
  8
PLACEMENT_OUTLINE_BOTTOM
 66
1
 40
0.100000
 41
0.100000
  0
VERTEX
 5
13F3
  8
PLACEMENT_OUTLINE_BOTTOM
 10
-13.23531
 20
15.82330
  0
VERTEX
 5
13F4
  8
PLACEMENT_OUTLINE_BOTTOM
 10
-13.23531
 20
17.95677
  0
SEQEND
  8
PLACEMENT_OUTLINE_BOTTOM
  0
POLYLINE
 5
13F5
  8
PLACEMENT_OUTLINE_BOTTOM
 66
1
 70
1
 40
0.050000
 41
0.050000
  0
VERTEX
 5
13F6
  8
PLACEMENT_OUTLINE_BOTTOM
 10
-13.26031
 20
15.82330
 42
1.0
  0
VERTEX
 5
13F7
  8
PLACEMENT_OUTLINE_BOTTOM
 10
-13.21031
 20
15.82330
 42
1.0
  0
SEQEND
  8
PLACEMENT_OUTLINE_BOTTOM
  0
POLYLINE
 5
13F8
  8
PLACEMENT_OUTLINE_BOTTOM
 66
1
 70
1
 40
0.050000
 41
0.050000
  0
VERTEX
 5
13F9
  8
PLACEMENT_OUTLINE_BOTTOM
 10
-13.26031
 20
17.95677
 42
1.0
  0
VERTEX
 5
13FA
  8
PLACEMENT_OUTLINE_BOTTOM
 10
-13.21031
 20
17.95677
 42
1.0
  0
SEQEND
  8
PLACEMENT_OUTLINE_BOTTOM
  0
POLYLINE
 5
13FB
  8
PLACEMENT_OUTLINE_BOTTOM
 66
1
 40
0.100000
 41
0.100000
  0
VERTEX
 5
13FC
  8
PLACEMENT_OUTLINE_BOTTOM
 10
-13.23531
 20
17.95677
  0
VERTEX
 5
13FD
  8
PLACEMENT_OUTLINE_BOTTOM
 10
-8.10457
 20
17.95692
  0
SEQEND
  8
PLACEMENT_OUTLINE_BOTTOM
  0
POLYLINE
 5
13FE
  8
PLACEMENT_OUTLINE_BOTTOM
 66
1
 70
1
 40
0.050000
 41
0.050000
  0
VERTEX
 5
13FF
  8
PLACEMENT_OUTLINE_BOTTOM
 10
-13.26031
 20
17.95677
 42
1.0
  0
VERTEX
 5
1400
  8
PLACEMENT_OUTLINE_BOTTOM
 10
-13.21031
 20
17.95677
 42
1.0
  0
SEQEND
  8
PLACEMENT_OUTLINE_BOTTOM
  0
POLYLINE
 5
1401
  8
PLACEMENT_OUTLINE_BOTTOM
 66
1
 70
1
 40
0.050000
 41
0.050000
  0
VERTEX
 5
1402
  8
PLACEMENT_OUTLINE_BOTTOM
 10
-8.12957
 20
17.95692
 42
1.0
  0
VERTEX
 5
1403
  8
PLACEMENT_OUTLINE_BOTTOM
 10
-8.07957
 20
17.95692
 42
1.0
  0
SEQEND
  8
PLACEMENT_OUTLINE_BOTTOM
  0
POLYLINE
 5
1404
  8
PLACEMENT_OUTLINE_BOTTOM
 66
1
 40
0.100000
 41
0.100000
  0
VERTEX
 5
1405
  8
PLACEMENT_OUTLINE_BOTTOM
 10
-8.10457
 20
17.95692
  0
VERTEX
 5
1406
  8
PLACEMENT_OUTLINE_BOTTOM
 10
-8.10446
 20
15.82311
  0
SEQEND
  8
PLACEMENT_OUTLINE_BOTTOM
  0
POLYLINE
 5
1407
  8
PLACEMENT_OUTLINE_BOTTOM
 66
1
 70
1
 40
0.050000
 41
0.050000
  0
VERTEX
 5
1408
  8
PLACEMENT_OUTLINE_BOTTOM
 10
-8.12957
 20
17.95692
 42
1.0
  0
VERTEX
 5
1409
  8
PLACEMENT_OUTLINE_BOTTOM
 10
-8.07957
 20
17.95692
 42
1.0
  0
SEQEND
  8
PLACEMENT_OUTLINE_BOTTOM
  0
POLYLINE
 5
140A
  8
PLACEMENT_OUTLINE_BOTTOM
 66
1
 70
1
 40
0.050000
 41
0.050000
  0
VERTEX
 5
140B
  8
PLACEMENT_OUTLINE_BOTTOM
 10
-8.12946
 20
15.82311
 42
1.0
  0
VERTEX
 5
140C
  8
PLACEMENT_OUTLINE_BOTTOM
 10
-8.07946
 20
15.82311
 42
1.0
  0
SEQEND
  8
PLACEMENT_OUTLINE_BOTTOM
  0
SOLID
 5
140D
  8
PADLAYER_BOTTOM
 10
-13.07030
 20
17.77891
 11
-13.07030
 21
16.00091
 12
-11.67330
 22
17.77891
 13
-11.67330
 23
16.00091
  0
SOLID
 5
140E
  8
PADLAYER_BOTTOM
 10
-9.66670
 20
17.77909
 11
-9.66670
 21
16.00109
 12
-8.26970
 22
17.77909
 13
-8.26970
 23
16.00109
  0
POLYLINE
 5
140F
  8
2DLINES_4
 66
1
 40
0.299970
 41
0.299970
  0
VERTEX
 5
1410
  8
2DLINES_4
 10
-31.77700
 20
48.46500
 42
1.000000
  0
VERTEX
 5
1411
  8
2DLINES_4
 10
-31.57700
 20
48.46500
 42
1.000000
  0
VERTEX
 5
1412
  8
2DLINES_4
 10
-31.77700
 20
48.46500
  0
SEQEND
  8
2DLINES_4
  0
POLYLINE
 5
1413
  8
PLACEMENT_OUTLINE_BOTTOM
 66
1
 40
0.299970
 41
0.299970
  0
VERTEX
 5
1414
  8
PLACEMENT_OUTLINE_BOTTOM
 10
-31.77700
 20
48.46500
 42
1.000000
  0
VERTEX
 5
1415
  8
PLACEMENT_OUTLINE_BOTTOM
 10
-31.57700
 20
48.46500
 42
1.000000
  0
VERTEX
 5
1416
  8
PLACEMENT_OUTLINE_BOTTOM
 10
-31.77700
 20
48.46500
  0
SEQEND
  8
PLACEMENT_OUTLINE_BOTTOM
  0
SOLID
 5
1417
  8
PADLAYER_BOTTOM
 10
-34.50200
 20
49.47000
 11
-32.05200
 21
49.47000
 12
-34.50200
 22
51.45000
 13
-32.05200
 23
51.45000
  0
SOLID
 5
1418
  8
PADLAYER_BOTTOM
 10
-33.15200
 20
51.45000
 11
-32.75200
 21
51.45000
 12
-33.15200
 22
51.75000
 13
-32.75200
 23
51.75000
  0
SOLID
 5
1419
  8
PADLAYER_BOTTOM
 10
-32.50200
 20
51.45000
 11
-32.10200
 21
51.45000
 12
-32.50200
 22
51.75000
 13
-32.10200
 23
51.75000
  0
SOLID
 5
141A
  8
PADLAYER_BOTTOM
 10
-33.80200
 20
51.45000
 11
-33.40200
 21
51.45000
 12
-33.80200
 22
51.75000
 13
-33.40200
 23
51.75000
  0
SOLID
 5
141B
  8
PADLAYER_BOTTOM
 10
-34.45200
 20
51.45000
 11
-34.05200
 21
51.45000
 12
-34.45200
 22
51.75000
 13
-34.05200
 23
51.75000
  0
SOLID
 5
141C
  8
PADLAYER_BOTTOM
 10
-33.12700
 20
48.95000
 11
-33.12700
 21
48.45000
 12
-32.77700
 22
48.95000
 13
-32.77700
 23
48.45000
  0
SOLID
 5
141D
  8
PADLAYER_BOTTOM
 10
-32.47700
 20
48.95000
 11
-32.47700
 21
48.45000
 12
-32.12700
 22
48.95000
 13
-32.12700
 23
48.45000
  0
SOLID
 5
141E
  8
PADLAYER_BOTTOM
 10
-33.77700
 20
48.95000
 11
-33.77700
 21
48.45000
 12
-33.42700
 22
48.95000
 13
-33.42700
 23
48.45000
  0
SOLID
 5
141F
  8
PADLAYER_BOTTOM
 10
-34.42700
 20
48.95000
 11
-34.42700
 21
48.45000
 12
-34.07700
 22
48.95000
 13
-34.07700
 23
48.45000
  0
SOLID
 5
1420
  8
PADLAYER_BOTTOM
 10
-32.05200
 20
50.31500
 11
-32.05200
 21
49.88500
 12
-31.67200
 22
50.31500
 13
-31.67200
 23
49.88500
  0
SOLID
 5
1421
  8
PADLAYER_BOTTOM
 10
-34.88200
 20
50.31500
 11
-34.88200
 21
49.88500
 12
-34.50200
 22
50.31500
 13
-34.50200
 23
49.88500
  0
POLYLINE
 5
1422
  8
2DLINES_4
 66
1
 40
0.299970
 41
0.299970
  0
VERTEX
 5
1423
  8
2DLINES_4
 10
-41.27700
 20
48.38800
 42
1.000000
  0
VERTEX
 5
1424
  8
2DLINES_4
 10
-41.07700
 20
48.38800
 42
1.000000
  0
VERTEX
 5
1425
  8
2DLINES_4
 10
-41.27700
 20
48.38800
  0
SEQEND
  8
2DLINES_4
  0
POLYLINE
 5
1426
  8
PLACEMENT_OUTLINE_BOTTOM
 66
1
 40
0.299970
 41
0.299970
  0
VERTEX
 5
1427
  8
PLACEMENT_OUTLINE_BOTTOM
 10
-41.27700
 20
48.38800
 42
1.000000
  0
VERTEX
 5
1428
  8
PLACEMENT_OUTLINE_BOTTOM
 10
-41.07700
 20
48.38800
 42
1.000000
  0
VERTEX
 5
1429
  8
PLACEMENT_OUTLINE_BOTTOM
 10
-41.27700
 20
48.38800
  0
SEQEND
  8
PLACEMENT_OUTLINE_BOTTOM
  0
SOLID
 5
142A
  8
PADLAYER_BOTTOM
 10
-44.00200
 20
49.39300
 11
-41.55200
 21
49.39300
 12
-44.00200
 22
51.37300
 13
-41.55200
 23
51.37300
  0
SOLID
 5
142B
  8
PADLAYER_BOTTOM
 10
-42.65200
 20
51.37300
 11
-42.25200
 21
51.37300
 12
-42.65200
 22
51.67300
 13
-42.25200
 23
51.67300
  0
SOLID
 5
142C
  8
PADLAYER_BOTTOM
 10
-42.00200
 20
51.37300
 11
-41.60200
 21
51.37300
 12
-42.00200
 22
51.67300
 13
-41.60200
 23
51.67300
  0
SOLID
 5
142D
  8
PADLAYER_BOTTOM
 10
-43.30200
 20
51.37300
 11
-42.90200
 21
51.37300
 12
-43.30200
 22
51.67300
 13
-42.90200
 23
51.67300
  0
SOLID
 5
142E
  8
PADLAYER_BOTTOM
 10
-43.95200
 20
51.37300
 11
-43.55200
 21
51.37300
 12
-43.95200
 22
51.67300
 13
-43.55200
 23
51.67300
  0
SOLID
 5
142F
  8
PADLAYER_BOTTOM
 10
-42.62700
 20
48.87300
 11
-42.62700
 21
48.37300
 12
-42.27700
 22
48.87300
 13
-42.27700
 23
48.37300
  0
SOLID
 5
1430
  8
PADLAYER_BOTTOM
 10
-41.97700
 20
48.87300
 11
-41.97700
 21
48.37300
 12
-41.62700
 22
48.87300
 13
-41.62700
 23
48.37300
  0
SOLID
 5
1431
  8
PADLAYER_BOTTOM
 10
-43.27700
 20
48.87300
 11
-43.27700
 21
48.37300
 12
-42.92700
 22
48.87300
 13
-42.92700
 23
48.37300
  0
SOLID
 5
1432
  8
PADLAYER_BOTTOM
 10
-43.92700
 20
48.87300
 11
-43.92700
 21
48.37300
 12
-43.57700
 22
48.87300
 13
-43.57700
 23
48.37300
  0
SOLID
 5
1433
  8
PADLAYER_BOTTOM
 10
-41.55200
 20
50.23800
 11
-41.55200
 21
49.80800
 12
-41.17200
 22
50.23800
 13
-41.17200
 23
49.80800
  0
SOLID
 5
1434
  8
PADLAYER_BOTTOM
 10
-44.38200
 20
50.23800
 11
-44.38200
 21
49.80800
 12
-44.00200
 22
50.23800
 13
-44.00200
 23
49.80800
  0
POLYLINE
 5
1435
  8
2DLINES_4
 66
1
 40
0.299970
 41
0.299970
  0
VERTEX
 5
1436
  8
2DLINES_4
 10
-14.87000
 20
14.72500
 42
1.000000
  0
VERTEX
 5
1437
  8
2DLINES_4
 10
-14.67000
 20
14.72500
 42
1.000000
  0
VERTEX
 5
1438
  8
2DLINES_4
 10
-14.87000
 20
14.72500
  0
SEQEND
  8
2DLINES_4
  0
POLYLINE
 5
1439
  8
PLACEMENT_OUTLINE_BOTTOM
 66
1
 40
0.299970
 41
0.299970
  0
VERTEX
 5
143A
  8
PLACEMENT_OUTLINE_BOTTOM
 10
-14.87000
 20
14.72500
 42
1.000000
  0
VERTEX
 5
143B
  8
PLACEMENT_OUTLINE_BOTTOM
 10
-14.67000
 20
14.72500
 42
1.000000
  0
VERTEX
 5
143C
  8
PLACEMENT_OUTLINE_BOTTOM
 10
-14.87000
 20
14.72500
  0
SEQEND
  8
PLACEMENT_OUTLINE_BOTTOM
  0
SOLID
 5
143D
  8
PADLAYER_BOTTOM
 10
-11.94500
 20
13.72000
 11
-14.39500
 21
13.72000
 12
-11.94500
 22
11.74000
 13
-14.39500
 23
11.74000
  0
SOLID
 5
143E
  8
PADLAYER_BOTTOM
 10
-13.29500
 20
11.74000
 11
-13.69500
 21
11.74000
 12
-13.29500
 22
11.44000
 13
-13.69500
 23
11.44000
  0
SOLID
 5
143F
  8
PADLAYER_BOTTOM
 10
-13.94500
 20
11.74000
 11
-14.34500
 21
11.74000
 12
-13.94500
 22
11.44000
 13
-14.34500
 23
11.44000
  0
SOLID
 5
1440
  8
PADLAYER_BOTTOM
 10
-12.64500
 20
11.74000
 11
-13.04500
 21
11.74000
 12
-12.64500
 22
11.44000
 13
-13.04500
 23
11.44000
  0
SOLID
 5
1441
  8
PADLAYER_BOTTOM
 10
-11.99500
 20
11.74000
 11
-12.39500
 21
11.74000
 12
-11.99500
 22
11.44000
 13
-12.39500
 23
11.44000
  0
SOLID
 5
1442
  8
PADLAYER_BOTTOM
 10
-13.32000
 20
14.24000
 11
-13.32000
 21
14.74000
 12
-13.67000
 22
14.24000
 13
-13.67000
 23
14.74000
  0
SOLID
 5
1443
  8
PADLAYER_BOTTOM
 10
-13.97000
 20
14.24000
 11
-13.97000
 21
14.74000
 12
-14.32000
 22
14.24000
 13
-14.32000
 23
14.74000
  0
SOLID
 5
1444
  8
PADLAYER_BOTTOM
 10
-12.67000
 20
14.24000
 11
-12.67000
 21
14.74000
 12
-13.02000
 22
14.24000
 13
-13.02000
 23
14.74000
  0
SOLID
 5
1445
  8
PADLAYER_BOTTOM
 10
-12.02000
 20
14.24000
 11
-12.02000
 21
14.74000
 12
-12.37000
 22
14.24000
 13
-12.37000
 23
14.74000
  0
SOLID
 5
1446
  8
PADLAYER_BOTTOM
 10
-14.39500
 20
12.87500
 11
-14.39500
 21
13.30500
 12
-14.77500
 22
12.87500
 13
-14.77500
 23
13.30500
  0
SOLID
 5
1447
  8
PADLAYER_BOTTOM
 10
-11.56500
 20
12.87500
 11
-11.56500
 21
13.30500
 12
-11.94500
 22
12.87500
 13
-11.94500
 23
13.30500
  0
POLYLINE
 5
1448
  8
PLACEMENT_OUTLINE_BOTTOM
 66
1
 40
0.100000
 41
0.100000
  0
VERTEX
 5
1449
  8
PLACEMENT_OUTLINE_BOTTOM
 10
11.53300
 20
54.18500
  0
VERTEX
 5
144A
  8
PLACEMENT_OUTLINE_BOTTOM
 10
4.16300
 20
54.18500
  0
SEQEND
  8
PLACEMENT_OUTLINE_BOTTOM
  0
POLYLINE
 5
144B
  8
PLACEMENT_OUTLINE_BOTTOM
 66
1
 70
1
 40
0.050000
 41
0.050000
  0
VERTEX
 5
144C
  8
PLACEMENT_OUTLINE_BOTTOM
 10
11.50800
 20
54.18500
 42
1.0
  0
VERTEX
 5
144D
  8
PLACEMENT_OUTLINE_BOTTOM
 10
11.55800
 20
54.18500
 42
1.0
  0
SEQEND
  8
PLACEMENT_OUTLINE_BOTTOM
  0
POLYLINE
 5
144E
  8
PLACEMENT_OUTLINE_BOTTOM
 66
1
 70
1
 40
0.050000
 41
0.050000
  0
VERTEX
 5
144F
  8
PLACEMENT_OUTLINE_BOTTOM
 10
4.13800
 20
54.18500
 42
1.0
  0
VERTEX
 5
1450
  8
PLACEMENT_OUTLINE_BOTTOM
 10
4.18800
 20
54.18500
 42
1.0
  0
SEQEND
  8
PLACEMENT_OUTLINE_BOTTOM
  0
POLYLINE
 5
1451
  8
PLACEMENT_OUTLINE_BOTTOM
 66
1
 40
0.100000
 41
0.100000
  0
VERTEX
 5
1452
  8
PLACEMENT_OUTLINE_BOTTOM
 10
4.16300
 20
54.18500
  0
VERTEX
 5
1453
  8
PLACEMENT_OUTLINE_BOTTOM
 10
4.16300
 20
50.67500
  0
SEQEND
  8
PLACEMENT_OUTLINE_BOTTOM
  0
POLYLINE
 5
1454
  8
PLACEMENT_OUTLINE_BOTTOM
 66
1
 70
1
 40
0.050000
 41
0.050000
  0
VERTEX
 5
1455
  8
PLACEMENT_OUTLINE_BOTTOM
 10
4.13800
 20
54.18500
 42
1.0
  0
VERTEX
 5
1456
  8
PLACEMENT_OUTLINE_BOTTOM
 10
4.18800
 20
54.18500
 42
1.0
  0
SEQEND
  8
PLACEMENT_OUTLINE_BOTTOM
  0
POLYLINE
 5
1457
  8
PLACEMENT_OUTLINE_BOTTOM
 66
1
 70
1
 40
0.050000
 41
0.050000
  0
VERTEX
 5
1458
  8
PLACEMENT_OUTLINE_BOTTOM
 10
4.13800
 20
50.67500
 42
1.0
  0
VERTEX
 5
1459
  8
PLACEMENT_OUTLINE_BOTTOM
 10
4.18800
 20
50.67500
 42
1.0
  0
SEQEND
  8
PLACEMENT_OUTLINE_BOTTOM
  0
POLYLINE
 5
145A
  8
PLACEMENT_OUTLINE_BOTTOM
 66
1
 40
0.100000
 41
0.100000
  0
VERTEX
 5
145B
  8
PLACEMENT_OUTLINE_BOTTOM
 10
4.16300
 20
50.67500
  0
VERTEX
 5
145C
  8
PLACEMENT_OUTLINE_BOTTOM
 10
11.53300
 20
50.67500
  0
SEQEND
  8
PLACEMENT_OUTLINE_BOTTOM
  0
POLYLINE
 5
145D
  8
PLACEMENT_OUTLINE_BOTTOM
 66
1
 70
1
 40
0.050000
 41
0.050000
  0
VERTEX
 5
145E
  8
PLACEMENT_OUTLINE_BOTTOM
 10
4.13800
 20
50.67500
 42
1.0
  0
VERTEX
 5
145F
  8
PLACEMENT_OUTLINE_BOTTOM
 10
4.18800
 20
50.67500
 42
1.0
  0
SEQEND
  8
PLACEMENT_OUTLINE_BOTTOM
  0
POLYLINE
 5
1460
  8
PLACEMENT_OUTLINE_BOTTOM
 66
1
 70
1
 40
0.050000
 41
0.050000
  0
VERTEX
 5
1461
  8
PLACEMENT_OUTLINE_BOTTOM
 10
11.50800
 20
50.67500
 42
1.0
  0
VERTEX
 5
1462
  8
PLACEMENT_OUTLINE_BOTTOM
 10
11.55800
 20
50.67500
 42
1.0
  0
SEQEND
  8
PLACEMENT_OUTLINE_BOTTOM
  0
POLYLINE
 5
1463
  8
PLACEMENT_OUTLINE_BOTTOM
 66
1
 40
0.100000
 41
0.100000
  0
VERTEX
 5
1464
  8
PLACEMENT_OUTLINE_BOTTOM
 10
11.53300
 20
50.67500
  0
VERTEX
 5
1465
  8
PLACEMENT_OUTLINE_BOTTOM
 10
11.53300
 20
54.18500
  0
SEQEND
  8
PLACEMENT_OUTLINE_BOTTOM
  0
POLYLINE
 5
1466
  8
PLACEMENT_OUTLINE_BOTTOM
 66
1
 70
1
 40
0.050000
 41
0.050000
  0
VERTEX
 5
1467
  8
PLACEMENT_OUTLINE_BOTTOM
 10
11.50800
 20
50.67500
 42
1.0
  0
VERTEX
 5
1468
  8
PLACEMENT_OUTLINE_BOTTOM
 10
11.55800
 20
50.67500
 42
1.0
  0
SEQEND
  8
PLACEMENT_OUTLINE_BOTTOM
  0
POLYLINE
 5
1469
  8
PLACEMENT_OUTLINE_BOTTOM
 66
1
 70
1
 40
0.050000
 41
0.050000
  0
VERTEX
 5
146A
  8
PLACEMENT_OUTLINE_BOTTOM
 10
11.50800
 20
54.18500
 42
1.0
  0
VERTEX
 5
146B
  8
PLACEMENT_OUTLINE_BOTTOM
 10
11.55800
 20
54.18500
 42
1.0
  0
SEQEND
  8
PLACEMENT_OUTLINE_BOTTOM
  0
SOLID
 5
146C
  8
PADLAYER_BOTTOM
 10
10.14800
 20
51.18000
 11
10.14800
 21
53.68000
 12
8.84800
 22
51.18000
 13
8.84800
 23
53.68000
  0
SOLID
 5
146D
  8
PADLAYER_BOTTOM
 10
6.84800
 20
51.18000
 11
6.84800
 21
53.68000
 12
5.54800
 22
51.18000
 13
5.54800
 23
53.68000
  0
POLYLINE
 5
146E
  8
2DLINES_4
 66
1
 40
0.299970
 41
0.299970
  0
VERTEX
 5
146F
  8
2DLINES_4
 10
-7.90500
 20
74.54100
 42
1.000000
  0
VERTEX
 5
1470
  8
2DLINES_4
 10
-7.70500
 20
74.54100
 42
1.000000
  0
VERTEX
 5
1471
  8
2DLINES_4
 10
-7.90500
 20
74.54100
  0
SEQEND
  8
2DLINES_4
  0
POLYLINE
 5
1472
  8
PLACEMENT_OUTLINE_BOTTOM
 66
1
 40
0.299970
 41
0.299970
  0
VERTEX
 5
1473
  8
PLACEMENT_OUTLINE_BOTTOM
 10
-7.90500
 20
74.54100
 42
1.000000
  0
VERTEX
 5
1474
  8
PLACEMENT_OUTLINE_BOTTOM
 10
-7.70500
 20
74.54100
 42
1.000000
  0
VERTEX
 5
1475
  8
PLACEMENT_OUTLINE_BOTTOM
 10
-7.90500
 20
74.54100
  0
SEQEND
  8
PLACEMENT_OUTLINE_BOTTOM
  0
SOLID
 5
1476
  8
PADLAYER_BOTTOM
 10
-8.81000
 20
71.71600
 11
-8.81000
 21
74.16600
 12
-10.79000
 22
71.71600
 13
-10.79000
 23
74.16600
  0
SOLID
 5
1477
  8
PADLAYER_BOTTOM
 10
-10.79000
 20
73.06600
 11
-10.79000
 21
73.46600
 12
-11.09000
 22
73.06600
 13
-11.09000
 23
73.46600
  0
SOLID
 5
1478
  8
PADLAYER_BOTTOM
 10
-10.79000
 20
73.71600
 11
-10.79000
 21
74.11600
 12
-11.09000
 22
73.71600
 13
-11.09000
 23
74.11600
  0
SOLID
 5
1479
  8
PADLAYER_BOTTOM
 10
-10.79000
 20
72.41600
 11
-10.79000
 21
72.81600
 12
-11.09000
 22
72.41600
 13
-11.09000
 23
72.81600
  0
SOLID
 5
147A
  8
PADLAYER_BOTTOM
 10
-10.79000
 20
71.76600
 11
-10.79000
 21
72.16600
 12
-11.09000
 22
71.76600
 13
-11.09000
 23
72.16600
  0
SOLID
 5
147B
  8
PADLAYER_BOTTOM
 10
-8.29000
 20
73.09100
 11
-7.79000
 21
73.09100
 12
-8.29000
 22
73.44100
 13
-7.79000
 23
73.44100
  0
SOLID
 5
147C
  8
PADLAYER_BOTTOM
 10
-8.29000
 20
73.74100
 11
-7.79000
 21
73.74100
 12
-8.29000
 22
74.09100
 13
-7.79000
 23
74.09100
  0
SOLID
 5
147D
  8
PADLAYER_BOTTOM
 10
-8.29000
 20
72.44100
 11
-7.79000
 21
72.44100
 12
-8.29000
 22
72.79100
 13
-7.79000
 23
72.79100
  0
SOLID
 5
147E
  8
PADLAYER_BOTTOM
 10
-8.29000
 20
71.79100
 11
-7.79000
 21
71.79100
 12
-8.29000
 22
72.14100
 13
-7.79000
 23
72.14100
  0
SOLID
 5
147F
  8
PADLAYER_BOTTOM
 10
-9.65500
 20
74.16600
 11
-9.22500
 21
74.16600
 12
-9.65500
 22
74.54600
 13
-9.22500
 23
74.54600
  0
SOLID
 5
1480
  8
PADLAYER_BOTTOM
 10
-9.65500
 20
71.33600
 11
-9.22500
 21
71.33600
 12
-9.65500
 22
71.71600
 13
-9.22500
 23
71.71600
  0
POLYLINE
 5
1481
  8
2DLINES_4
 66
1
 40
0.203200
 41
0.203200
  0
VERTEX
 5
1482
  8
2DLINES_4
 10
-6.51000
 20
79.45100
  0
VERTEX
 5
1483
  8
2DLINES_4
 10
-9.51000
 20
79.45100
  0
SEQEND
  8
2DLINES_4
  0
POLYLINE
 5
1484
  8
2DLINES_4
 66
1
 70
1
 40
0.101600
 41
0.101600
  0
VERTEX
 5
1485
  8
2DLINES_4
 10
-6.56080
 20
79.45100
 42
1.0
  0
VERTEX
 5
1486
  8
2DLINES_4
 10
-6.45920
 20
79.45100
 42
1.0
  0
SEQEND
  8
2DLINES_4
  0
POLYLINE
 5
1487
  8
2DLINES_4
 66
1
 70
1
 40
0.101600
 41
0.101600
  0
VERTEX
 5
1488
  8
2DLINES_4
 10
-9.56080
 20
79.45100
 42
1.0
  0
VERTEX
 5
1489
  8
2DLINES_4
 10
-9.45920
 20
79.45100
 42
1.0
  0
SEQEND
  8
2DLINES_4
  0
POLYLINE
 5
148A
  8
2DLINES_4
 66
1
 40
0.203200
 41
0.203200
  0
VERTEX
 5
148B
  8
2DLINES_4
 10
-6.51000
 20
75.45100
  0
VERTEX
 5
148C
  8
2DLINES_4
 10
-9.51000
 20
75.45100
  0
SEQEND
  8
2DLINES_4
  0
POLYLINE
 5
148D
  8
2DLINES_4
 66
1
 70
1
 40
0.101600
 41
0.101600
  0
VERTEX
 5
148E
  8
2DLINES_4
 10
-6.56080
 20
75.45100
 42
1.0
  0
VERTEX
 5
148F
  8
2DLINES_4
 10
-6.45920
 20
75.45100
 42
1.0
  0
SEQEND
  8
2DLINES_4
  0
POLYLINE
 5
1490
  8
2DLINES_4
 66
1
 70
1
 40
0.101600
 41
0.101600
  0
VERTEX
 5
1491
  8
2DLINES_4
 10
-9.56080
 20
75.45100
 42
1.0
  0
VERTEX
 5
1492
  8
2DLINES_4
 10
-9.45920
 20
75.45100
 42
1.0
  0
SEQEND
  8
2DLINES_4
  0
POLYLINE
 5
1493
  8
2DLINES_4
 66
1
 40
0.300000
 41
0.300000
  0
VERTEX
 5
1494
  8
2DLINES_4
 10
-5.76000
 20
78.95100
 42
1.000000
  0
VERTEX
 5
1495
  8
2DLINES_4
 10
-5.46000
 20
78.95100
 42
1.000000
  0
VERTEX
 5
1496
  8
2DLINES_4
 10
-5.76000
 20
78.95100
  0
SEQEND
  8
2DLINES_4
  0
POLYLINE
 5
1497
  8
PLACEMENT_OUTLINE_BOTTOM
 66
1
 40
0.300000
 41
0.300000
  0
VERTEX
 5
1498
  8
PLACEMENT_OUTLINE_BOTTOM
 10
-5.76000
 20
78.95100
 42
1.000000
  0
VERTEX
 5
1499
  8
PLACEMENT_OUTLINE_BOTTOM
 10
-5.46000
 20
78.95100
 42
1.000000
  0
VERTEX
 5
149A
  8
PLACEMENT_OUTLINE_BOTTOM
 10
-5.76000
 20
78.95100
  0
SEQEND
  8
PLACEMENT_OUTLINE_BOTTOM
  0
SOLID
 5
149B
  8
PADLAYER_BOTTOM
 10
-6.98500
 20
78.82600
 11
-6.13500
 21
78.82600
 12
-6.98500
 22
79.07600
 13
-6.13500
 23
79.07600
  0
SOLID
 5
149C
  8
PADLAYER_BOTTOM
 10
-6.98500
 20
78.32600
 11
-6.13500
 21
78.32600
 12
-6.98500
 22
78.57600
 13
-6.13500
 23
78.57600
  0
SOLID
 5
149D
  8
PADLAYER_BOTTOM
 10
-6.98500
 20
77.82600
 11
-6.13500
 21
77.82600
 12
-6.98500
 22
78.07600
 13
-6.13500
 23
78.07600
  0
SOLID
 5
149E
  8
PADLAYER_BOTTOM
 10
-6.98500
 20
77.32600
 11
-6.13500
 21
77.32600
 12
-6.98500
 22
77.57600
 13
-6.13500
 23
77.57600
  0
SOLID
 5
149F
  8
PADLAYER_BOTTOM
 10
-6.98500
 20
76.82600
 11
-6.13500
 21
76.82600
 12
-6.98500
 22
77.07600
 13
-6.13500
 23
77.07600
  0
SOLID
 5
14A0
  8
PADLAYER_BOTTOM
 10
-6.98500
 20
76.32600
 11
-6.13500
 21
76.32600
 12
-6.98500
 22
76.57600
 13
-6.13500
 23
76.57600
  0
SOLID
 5
14A1
  8
PADLAYER_BOTTOM
 10
-6.98500
 20
75.82600
 11
-6.13500
 21
75.82600
 12
-6.98500
 22
76.07600
 13
-6.13500
 23
76.07600
  0
SOLID
 5
14A2
  8
PADLAYER_BOTTOM
 10
-9.88500
 20
75.82600
 11
-9.03500
 21
75.82600
 12
-9.88500
 22
76.07600
 13
-9.03500
 23
76.07600
  0
SOLID
 5
14A3
  8
PADLAYER_BOTTOM
 10
-9.88500
 20
76.32600
 11
-9.03500
 21
76.32600
 12
-9.88500
 22
76.57600
 13
-9.03500
 23
76.57600
  0
SOLID
 5
14A4
  8
PADLAYER_BOTTOM
 10
-9.88500
 20
76.82600
 11
-9.03500
 21
76.82600
 12
-9.88500
 22
77.07600
 13
-9.03500
 23
77.07600
  0
SOLID
 5
14A5
  8
PADLAYER_BOTTOM
 10
-9.88500
 20
77.32600
 11
-9.03500
 21
77.32600
 12
-9.88500
 22
77.57600
 13
-9.03500
 23
77.57600
  0
SOLID
 5
14A6
  8
PADLAYER_BOTTOM
 10
-9.88500
 20
77.82600
 11
-9.03500
 21
77.82600
 12
-9.88500
 22
78.07600
 13
-9.03500
 23
78.07600
  0
SOLID
 5
14A7
  8
PADLAYER_BOTTOM
 10
-9.88500
 20
78.32600
 11
-9.03500
 21
78.32600
 12
-9.88500
 22
78.57600
 13
-9.03500
 23
78.57600
  0
SOLID
 5
14A8
  8
PADLAYER_BOTTOM
 10
-9.88500
 20
78.82600
 11
-9.03500
 21
78.82600
 12
-9.88500
 22
79.07600
 13
-9.03500
 23
79.07600
  0
SOLID
 5
14A9
  8
PADLAYER_BOTTOM
 10
-7.16000
 20
75.80100
 11
-7.16000
 21
79.10100
 12
-8.86000
 22
75.80100
 13
-8.86000
 23
79.10100
  0
POLYLINE
 5
14AA
  8
PLACEMENT_OUTLINE_BOTTOM
 66
1
 40
0.299970
 41
0.299970
  0
VERTEX
 5
14AB
  8
PLACEMENT_OUTLINE_BOTTOM
 10
-2.36300
 20
77.95600
  0
VERTEX
 5
14AC
  8
PLACEMENT_OUTLINE_BOTTOM
 10
-5.15700
 20
77.95600
  0
SEQEND
  8
PLACEMENT_OUTLINE_BOTTOM
  0
POLYLINE
 5
14AD
  8
PLACEMENT_OUTLINE_BOTTOM
 66
1
 70
1
 40
0.149985
 41
0.149985
  0
VERTEX
 5
14AE
  8
PLACEMENT_OUTLINE_BOTTOM
 10
-2.43799
 20
77.95600
 42
1.0
  0
VERTEX
 5
14AF
  8
PLACEMENT_OUTLINE_BOTTOM
 10
-2.28801
 20
77.95600
 42
1.0
  0
SEQEND
  8
PLACEMENT_OUTLINE_BOTTOM
  0
POLYLINE
 5
14B0
  8
PLACEMENT_OUTLINE_BOTTOM
 66
1
 70
1
 40
0.149985
 41
0.149985
  0
VERTEX
 5
14B1
  8
PLACEMENT_OUTLINE_BOTTOM
 10
-5.23199
 20
77.95600
 42
1.0
  0
VERTEX
 5
14B2
  8
PLACEMENT_OUTLINE_BOTTOM
 10
-5.08201
 20
77.95600
 42
1.0
  0
SEQEND
  8
PLACEMENT_OUTLINE_BOTTOM
  0
POLYLINE
 5
14B3
  8
PLACEMENT_OUTLINE_BOTTOM
 66
1
 40
0.299970
 41
0.299970
  0
VERTEX
 5
14B4
  8
PLACEMENT_OUTLINE_BOTTOM
 10
-5.15700
 20
77.95600
  0
VERTEX
 5
14B5
  8
PLACEMENT_OUTLINE_BOTTOM
 10
-5.15700
 20
79.22600
  0
SEQEND
  8
PLACEMENT_OUTLINE_BOTTOM
  0
POLYLINE
 5
14B6
  8
PLACEMENT_OUTLINE_BOTTOM
 66
1
 70
1
 40
0.149985
 41
0.149985
  0
VERTEX
 5
14B7
  8
PLACEMENT_OUTLINE_BOTTOM
 10
-5.23199
 20
77.95600
 42
1.0
  0
VERTEX
 5
14B8
  8
PLACEMENT_OUTLINE_BOTTOM
 10
-5.08201
 20
77.95600
 42
1.0
  0
SEQEND
  8
PLACEMENT_OUTLINE_BOTTOM
  0
POLYLINE
 5
14B9
  8
PLACEMENT_OUTLINE_BOTTOM
 66
1
 70
1
 40
0.149985
 41
0.149985
  0
VERTEX
 5
14BA
  8
PLACEMENT_OUTLINE_BOTTOM
 10
-5.23199
 20
79.22600
 42
1.0
  0
VERTEX
 5
14BB
  8
PLACEMENT_OUTLINE_BOTTOM
 10
-5.08201
 20
79.22600
 42
1.0
  0
SEQEND
  8
PLACEMENT_OUTLINE_BOTTOM
  0
POLYLINE
 5
14BC
  8
PLACEMENT_OUTLINE_BOTTOM
 66
1
 40
0.299970
 41
0.299970
  0
VERTEX
 5
14BD
  8
PLACEMENT_OUTLINE_BOTTOM
 10
-5.15700
 20
79.22600
  0
VERTEX
 5
14BE
  8
PLACEMENT_OUTLINE_BOTTOM
 10
-2.36300
 20
79.22600
  0
SEQEND
  8
PLACEMENT_OUTLINE_BOTTOM
  0
POLYLINE
 5
14BF
  8
PLACEMENT_OUTLINE_BOTTOM
 66
1
 70
1
 40
0.149985
 41
0.149985
  0
VERTEX
 5
14C0
  8
PLACEMENT_OUTLINE_BOTTOM
 10
-5.23199
 20
79.22600
 42
1.0
  0
VERTEX
 5
14C1
  8
PLACEMENT_OUTLINE_BOTTOM
 10
-5.08201
 20
79.22600
 42
1.0
  0
SEQEND
  8
PLACEMENT_OUTLINE_BOTTOM
  0
POLYLINE
 5
14C2
  8
PLACEMENT_OUTLINE_BOTTOM
 66
1
 70
1
 40
0.149985
 41
0.149985
  0
VERTEX
 5
14C3
  8
PLACEMENT_OUTLINE_BOTTOM
 10
-2.43799
 20
79.22600
 42
1.0
  0
VERTEX
 5
14C4
  8
PLACEMENT_OUTLINE_BOTTOM
 10
-2.28801
 20
79.22600
 42
1.0
  0
SEQEND
  8
PLACEMENT_OUTLINE_BOTTOM
  0
POLYLINE
 5
14C5
  8
PLACEMENT_OUTLINE_BOTTOM
 66
1
 40
0.299970
 41
0.299970
  0
VERTEX
 5
14C6
  8
PLACEMENT_OUTLINE_BOTTOM
 10
-2.36300
 20
79.22600
  0
VERTEX
 5
14C7
  8
PLACEMENT_OUTLINE_BOTTOM
 10
-2.36300
 20
77.95600
  0
SEQEND
  8
PLACEMENT_OUTLINE_BOTTOM
  0
POLYLINE
 5
14C8
  8
PLACEMENT_OUTLINE_BOTTOM
 66
1
 70
1
 40
0.149985
 41
0.149985
  0
VERTEX
 5
14C9
  8
PLACEMENT_OUTLINE_BOTTOM
 10
-2.43799
 20
79.22600
 42
1.0
  0
VERTEX
 5
14CA
  8
PLACEMENT_OUTLINE_BOTTOM
 10
-2.28801
 20
79.22600
 42
1.0
  0
SEQEND
  8
PLACEMENT_OUTLINE_BOTTOM
  0
POLYLINE
 5
14CB
  8
PLACEMENT_OUTLINE_BOTTOM
 66
1
 70
1
 40
0.149985
 41
0.149985
  0
VERTEX
 5
14CC
  8
PLACEMENT_OUTLINE_BOTTOM
 10
-2.43799
 20
77.95600
 42
1.0
  0
VERTEX
 5
14CD
  8
PLACEMENT_OUTLINE_BOTTOM
 10
-2.28801
 20
77.95600
 42
1.0
  0
SEQEND
  8
PLACEMENT_OUTLINE_BOTTOM
  0
SOLID
 5
14CE
  8
PADLAYER_BOTTOM
 10
-4.06480
 20
79.04820
 11
-4.97920
 21
79.04820
 12
-4.06480
 22
78.13380
 13
-4.97920
 23
78.13380
  0
SOLID
 5
14CF
  8
PADLAYER_BOTTOM
 10
-2.54080
 20
79.04820
 11
-3.45520
 21
79.04820
 12
-2.54080
 22
78.13380
 13
-3.45520
 23
78.13380
  0
POLYLINE
 5
14D0
  8
PLACEMENT_OUTLINE_BOTTOM
 66
1
 40
0.299970
 41
0.299970
  0
VERTEX
 5
14D1
  8
PLACEMENT_OUTLINE_BOTTOM
 10
-5.15700
 20
80.62600
  0
VERTEX
 5
14D2
  8
PLACEMENT_OUTLINE_BOTTOM
 10
-2.36300
 20
80.62600
  0
SEQEND
  8
PLACEMENT_OUTLINE_BOTTOM
  0
POLYLINE
 5
14D3
  8
PLACEMENT_OUTLINE_BOTTOM
 66
1
 70
1
 40
0.149985
 41
0.149985
  0
VERTEX
 5
14D4
  8
PLACEMENT_OUTLINE_BOTTOM
 10
-5.23199
 20
80.62600
 42
1.0
  0
VERTEX
 5
14D5
  8
PLACEMENT_OUTLINE_BOTTOM
 10
-5.08201
 20
80.62600
 42
1.0
  0
SEQEND
  8
PLACEMENT_OUTLINE_BOTTOM
  0
POLYLINE
 5
14D6
  8
PLACEMENT_OUTLINE_BOTTOM
 66
1
 70
1
 40
0.149985
 41
0.149985
  0
VERTEX
 5
14D7
  8
PLACEMENT_OUTLINE_BOTTOM
 10
-2.43799
 20
80.62600
 42
1.0
  0
VERTEX
 5
14D8
  8
PLACEMENT_OUTLINE_BOTTOM
 10
-2.28801
 20
80.62600
 42
1.0
  0
SEQEND
  8
PLACEMENT_OUTLINE_BOTTOM
  0
POLYLINE
 5
14D9
  8
PLACEMENT_OUTLINE_BOTTOM
 66
1
 40
0.299970
 41
0.299970
  0
VERTEX
 5
14DA
  8
PLACEMENT_OUTLINE_BOTTOM
 10
-2.36300
 20
80.62600
  0
VERTEX
 5
14DB
  8
PLACEMENT_OUTLINE_BOTTOM
 10
-2.36300
 20
79.35600
  0
SEQEND
  8
PLACEMENT_OUTLINE_BOTTOM
  0
POLYLINE
 5
14DC
  8
PLACEMENT_OUTLINE_BOTTOM
 66
1
 70
1
 40
0.149985
 41
0.149985
  0
VERTEX
 5
14DD
  8
PLACEMENT_OUTLINE_BOTTOM
 10
-2.43799
 20
80.62600
 42
1.0
  0
VERTEX
 5
14DE
  8
PLACEMENT_OUTLINE_BOTTOM
 10
-2.28801
 20
80.62600
 42
1.0
  0
SEQEND
  8
PLACEMENT_OUTLINE_BOTTOM
  0
POLYLINE
 5
14DF
  8
PLACEMENT_OUTLINE_BOTTOM
 66
1
 70
1
 40
0.149985
 41
0.149985
  0
VERTEX
 5
14E0
  8
PLACEMENT_OUTLINE_BOTTOM
 10
-2.43799
 20
79.35600
 42
1.0
  0
VERTEX
 5
14E1
  8
PLACEMENT_OUTLINE_BOTTOM
 10
-2.28801
 20
79.35600
 42
1.0
  0
SEQEND
  8
PLACEMENT_OUTLINE_BOTTOM
  0
POLYLINE
 5
14E2
  8
PLACEMENT_OUTLINE_BOTTOM
 66
1
 40
0.299970
 41
0.299970
  0
VERTEX
 5
14E3
  8
PLACEMENT_OUTLINE_BOTTOM
 10
-2.36300
 20
79.35600
  0
VERTEX
 5
14E4
  8
PLACEMENT_OUTLINE_BOTTOM
 10
-5.15700
 20
79.35600
  0
SEQEND
  8
PLACEMENT_OUTLINE_BOTTOM
  0
POLYLINE
 5
14E5
  8
PLACEMENT_OUTLINE_BOTTOM
 66
1
 70
1
 40
0.149985
 41
0.149985
  0
VERTEX
 5
14E6
  8
PLACEMENT_OUTLINE_BOTTOM
 10
-2.43799
 20
79.35600
 42
1.0
  0
VERTEX
 5
14E7
  8
PLACEMENT_OUTLINE_BOTTOM
 10
-2.28801
 20
79.35600
 42
1.0
  0
SEQEND
  8
PLACEMENT_OUTLINE_BOTTOM
  0
POLYLINE
 5
14E8
  8
PLACEMENT_OUTLINE_BOTTOM
 66
1
 70
1
 40
0.149985
 41
0.149985
  0
VERTEX
 5
14E9
  8
PLACEMENT_OUTLINE_BOTTOM
 10
-5.23199
 20
79.35600
 42
1.0
  0
VERTEX
 5
14EA
  8
PLACEMENT_OUTLINE_BOTTOM
 10
-5.08201
 20
79.35600
 42
1.0
  0
SEQEND
  8
PLACEMENT_OUTLINE_BOTTOM
  0
POLYLINE
 5
14EB
  8
PLACEMENT_OUTLINE_BOTTOM
 66
1
 40
0.299970
 41
0.299970
  0
VERTEX
 5
14EC
  8
PLACEMENT_OUTLINE_BOTTOM
 10
-5.15700
 20
79.35600
  0
VERTEX
 5
14ED
  8
PLACEMENT_OUTLINE_BOTTOM
 10
-5.15700
 20
80.62600
  0
SEQEND
  8
PLACEMENT_OUTLINE_BOTTOM
  0
POLYLINE
 5
14EE
  8
PLACEMENT_OUTLINE_BOTTOM
 66
1
 70
1
 40
0.149985
 41
0.149985
  0
VERTEX
 5
14EF
  8
PLACEMENT_OUTLINE_BOTTOM
 10
-5.23199
 20
79.35600
 42
1.0
  0
VERTEX
 5
14F0
  8
PLACEMENT_OUTLINE_BOTTOM
 10
-5.08201
 20
79.35600
 42
1.0
  0
SEQEND
  8
PLACEMENT_OUTLINE_BOTTOM
  0
POLYLINE
 5
14F1
  8
PLACEMENT_OUTLINE_BOTTOM
 66
1
 70
1
 40
0.149985
 41
0.149985
  0
VERTEX
 5
14F2
  8
PLACEMENT_OUTLINE_BOTTOM
 10
-5.23199
 20
80.62600
 42
1.0
  0
VERTEX
 5
14F3
  8
PLACEMENT_OUTLINE_BOTTOM
 10
-5.08201
 20
80.62600
 42
1.0
  0
SEQEND
  8
PLACEMENT_OUTLINE_BOTTOM
  0
SOLID
 5
14F4
  8
PADLAYER_BOTTOM
 10
-3.45520
 20
79.53380
 11
-2.54080
 21
79.53380
 12
-3.45520
 22
80.44820
 13
-2.54080
 23
80.44820
  0
SOLID
 5
14F5
  8
PADLAYER_BOTTOM
 10
-4.97920
 20
79.53380
 11
-4.06480
 21
79.53380
 12
-4.97920
 22
80.44820
 13
-4.06480
 23
80.44820
  0
POLYLINE
 5
14F6
  8
PLACEMENT_OUTLINE_BOTTOM
 66
1
 40
0.299970
 41
0.299970
  0
VERTEX
 5
14F7
  8
PLACEMENT_OUTLINE_BOTTOM
 10
-1.74700
 20
79.59600
  0
VERTEX
 5
14F8
  8
PLACEMENT_OUTLINE_BOTTOM
 10
1.04700
 20
79.59600
  0
SEQEND
  8
PLACEMENT_OUTLINE_BOTTOM
  0
POLYLINE
 5
14F9
  8
PLACEMENT_OUTLINE_BOTTOM
 66
1
 70
1
 40
0.149985
 41
0.149985
  0
VERTEX
 5
14FA
  8
PLACEMENT_OUTLINE_BOTTOM
 10
-1.82199
 20
79.59600
 42
1.0
  0
VERTEX
 5
14FB
  8
PLACEMENT_OUTLINE_BOTTOM
 10
-1.67201
 20
79.59600
 42
1.0
  0
SEQEND
  8
PLACEMENT_OUTLINE_BOTTOM
  0
POLYLINE
 5
14FC
  8
PLACEMENT_OUTLINE_BOTTOM
 66
1
 70
1
 40
0.149985
 41
0.149985
  0
VERTEX
 5
14FD
  8
PLACEMENT_OUTLINE_BOTTOM
 10
0.97201
 20
79.59600
 42
1.0
  0
VERTEX
 5
14FE
  8
PLACEMENT_OUTLINE_BOTTOM
 10
1.12199
 20
79.59600
 42
1.0
  0
SEQEND
  8
PLACEMENT_OUTLINE_BOTTOM
  0
POLYLINE
 5
14FF
  8
PLACEMENT_OUTLINE_BOTTOM
 66
1
 40
0.299970
 41
0.299970
  0
VERTEX
 5
1500
  8
PLACEMENT_OUTLINE_BOTTOM
 10
1.04700
 20
79.59600
  0
VERTEX
 5
1501
  8
PLACEMENT_OUTLINE_BOTTOM
 10
1.04700
 20
78.32600
  0
SEQEND
  8
PLACEMENT_OUTLINE_BOTTOM
  0
POLYLINE
 5
1502
  8
PLACEMENT_OUTLINE_BOTTOM
 66
1
 70
1
 40
0.149985
 41
0.149985
  0
VERTEX
 5
1503
  8
PLACEMENT_OUTLINE_BOTTOM
 10
0.97201
 20
79.59600
 42
1.0
  0
VERTEX
 5
1504
  8
PLACEMENT_OUTLINE_BOTTOM
 10
1.12199
 20
79.59600
 42
1.0
  0
SEQEND
  8
PLACEMENT_OUTLINE_BOTTOM
  0
POLYLINE
 5
1505
  8
PLACEMENT_OUTLINE_BOTTOM
 66
1
 70
1
 40
0.149985
 41
0.149985
  0
VERTEX
 5
1506
  8
PLACEMENT_OUTLINE_BOTTOM
 10
0.97201
 20
78.32600
 42
1.0
  0
VERTEX
 5
1507
  8
PLACEMENT_OUTLINE_BOTTOM
 10
1.12199
 20
78.32600
 42
1.0
  0
SEQEND
  8
PLACEMENT_OUTLINE_BOTTOM
  0
POLYLINE
 5
1508
  8
PLACEMENT_OUTLINE_BOTTOM
 66
1
 40
0.299970
 41
0.299970
  0
VERTEX
 5
1509
  8
PLACEMENT_OUTLINE_BOTTOM
 10
1.04700
 20
78.32600
  0
VERTEX
 5
150A
  8
PLACEMENT_OUTLINE_BOTTOM
 10
-1.74700
 20
78.32600
  0
SEQEND
  8
PLACEMENT_OUTLINE_BOTTOM
  0
POLYLINE
 5
150B
  8
PLACEMENT_OUTLINE_BOTTOM
 66
1
 70
1
 40
0.149985
 41
0.149985
  0
VERTEX
 5
150C
  8
PLACEMENT_OUTLINE_BOTTOM
 10
0.97201
 20
78.32600
 42
1.0
  0
VERTEX
 5
150D
  8
PLACEMENT_OUTLINE_BOTTOM
 10
1.12199
 20
78.32600
 42
1.0
  0
SEQEND
  8
PLACEMENT_OUTLINE_BOTTOM
  0
POLYLINE
 5
150E
  8
PLACEMENT_OUTLINE_BOTTOM
 66
1
 70
1
 40
0.149985
 41
0.149985
  0
VERTEX
 5
150F
  8
PLACEMENT_OUTLINE_BOTTOM
 10
-1.82199
 20
78.32600
 42
1.0
  0
VERTEX
 5
1510
  8
PLACEMENT_OUTLINE_BOTTOM
 10
-1.67201
 20
78.32600
 42
1.0
  0
SEQEND
  8
PLACEMENT_OUTLINE_BOTTOM
  0
POLYLINE
 5
1511
  8
PLACEMENT_OUTLINE_BOTTOM
 66
1
 40
0.299970
 41
0.299970
  0
VERTEX
 5
1512
  8
PLACEMENT_OUTLINE_BOTTOM
 10
-1.74700
 20
78.32600
  0
VERTEX
 5
1513
  8
PLACEMENT_OUTLINE_BOTTOM
 10
-1.74700
 20
79.59600
  0
SEQEND
  8
PLACEMENT_OUTLINE_BOTTOM
  0
POLYLINE
 5
1514
  8
PLACEMENT_OUTLINE_BOTTOM
 66
1
 70
1
 40
0.149985
 41
0.149985
  0
VERTEX
 5
1515
  8
PLACEMENT_OUTLINE_BOTTOM
 10
-1.82199
 20
78.32600
 42
1.0
  0
VERTEX
 5
1516
  8
PLACEMENT_OUTLINE_BOTTOM
 10
-1.67201
 20
78.32600
 42
1.0
  0
SEQEND
  8
PLACEMENT_OUTLINE_BOTTOM
  0
POLYLINE
 5
1517
  8
PLACEMENT_OUTLINE_BOTTOM
 66
1
 70
1
 40
0.149985
 41
0.149985
  0
VERTEX
 5
1518
  8
PLACEMENT_OUTLINE_BOTTOM
 10
-1.82199
 20
79.59600
 42
1.0
  0
VERTEX
 5
1519
  8
PLACEMENT_OUTLINE_BOTTOM
 10
-1.67201
 20
79.59600
 42
1.0
  0
SEQEND
  8
PLACEMENT_OUTLINE_BOTTOM
  0
SOLID
 5
151A
  8
PADLAYER_BOTTOM
 10
-0.04520
 20
78.50380
 11
0.86920
 21
78.50380
 12
-0.04520
 22
79.41820
 13
0.86920
 23
79.41820
  0
SOLID
 5
151B
  8
PADLAYER_BOTTOM
 10
-1.56920
 20
78.50380
 11
-0.65480
 21
78.50380
 12
-1.56920
 22
79.41820
 13
-0.65480
 23
79.41820
  0
POLYLINE
 5
151C
  8
PLACEMENT_OUTLINE_BOTTOM
 66
1
 40
0.100000
 41
0.100000
  0
VERTEX
 5
151D
  8
PLACEMENT_OUTLINE_BOTTOM
 10
-11.22300
 20
77.96600
  0
VERTEX
 5
151E
  8
PLACEMENT_OUTLINE_BOTTOM
 10
-14.01700
 20
77.96600
  0
SEQEND
  8
PLACEMENT_OUTLINE_BOTTOM
  0
POLYLINE
 5
151F
  8
PLACEMENT_OUTLINE_BOTTOM
 66
1
 70
1
 40
0.050000
 41
0.050000
  0
VERTEX
 5
1520
  8
PLACEMENT_OUTLINE_BOTTOM
 10
-11.24800
 20
77.96600
 42
1.0
  0
VERTEX
 5
1521
  8
PLACEMENT_OUTLINE_BOTTOM
 10
-11.19800
 20
77.96600
 42
1.0
  0
SEQEND
  8
PLACEMENT_OUTLINE_BOTTOM
  0
POLYLINE
 5
1522
  8
PLACEMENT_OUTLINE_BOTTOM
 66
1
 70
1
 40
0.050000
 41
0.050000
  0
VERTEX
 5
1523
  8
PLACEMENT_OUTLINE_BOTTOM
 10
-14.04200
 20
77.96600
 42
1.0
  0
VERTEX
 5
1524
  8
PLACEMENT_OUTLINE_BOTTOM
 10
-13.99200
 20
77.96600
 42
1.0
  0
SEQEND
  8
PLACEMENT_OUTLINE_BOTTOM
  0
POLYLINE
 5
1525
  8
PLACEMENT_OUTLINE_BOTTOM
 66
1
 40
0.100000
 41
0.100000
  0
VERTEX
 5
1526
  8
PLACEMENT_OUTLINE_BOTTOM
 10
-14.01700
 20
77.96600
  0
VERTEX
 5
1527
  8
PLACEMENT_OUTLINE_BOTTOM
 10
-14.01700
 20
79.23600
  0
SEQEND
  8
PLACEMENT_OUTLINE_BOTTOM
  0
POLYLINE
 5
1528
  8
PLACEMENT_OUTLINE_BOTTOM
 66
1
 70
1
 40
0.050000
 41
0.050000
  0
VERTEX
 5
1529
  8
PLACEMENT_OUTLINE_BOTTOM
 10
-14.04200
 20
77.96600
 42
1.0
  0
VERTEX
 5
152A
  8
PLACEMENT_OUTLINE_BOTTOM
 10
-13.99200
 20
77.96600
 42
1.0
  0
SEQEND
  8
PLACEMENT_OUTLINE_BOTTOM
  0
POLYLINE
 5
152B
  8
PLACEMENT_OUTLINE_BOTTOM
 66
1
 70
1
 40
0.050000
 41
0.050000
  0
VERTEX
 5
152C
  8
PLACEMENT_OUTLINE_BOTTOM
 10
-14.04200
 20
79.23600
 42
1.0
  0
VERTEX
 5
152D
  8
PLACEMENT_OUTLINE_BOTTOM
 10
-13.99200
 20
79.23600
 42
1.0
  0
SEQEND
  8
PLACEMENT_OUTLINE_BOTTOM
  0
POLYLINE
 5
152E
  8
PLACEMENT_OUTLINE_BOTTOM
 66
1
 40
0.100000
 41
0.100000
  0
VERTEX
 5
152F
  8
PLACEMENT_OUTLINE_BOTTOM
 10
-14.01700
 20
79.23600
  0
VERTEX
 5
1530
  8
PLACEMENT_OUTLINE_BOTTOM
 10
-11.22300
 20
79.23600
  0
SEQEND
  8
PLACEMENT_OUTLINE_BOTTOM
  0
POLYLINE
 5
1531
  8
PLACEMENT_OUTLINE_BOTTOM
 66
1
 70
1
 40
0.050000
 41
0.050000
  0
VERTEX
 5
1532
  8
PLACEMENT_OUTLINE_BOTTOM
 10
-14.04200
 20
79.23600
 42
1.0
  0
VERTEX
 5
1533
  8
PLACEMENT_OUTLINE_BOTTOM
 10
-13.99200
 20
79.23600
 42
1.0
  0
SEQEND
  8
PLACEMENT_OUTLINE_BOTTOM
  0
POLYLINE
 5
1534
  8
PLACEMENT_OUTLINE_BOTTOM
 66
1
 70
1
 40
0.050000
 41
0.050000
  0
VERTEX
 5
1535
  8
PLACEMENT_OUTLINE_BOTTOM
 10
-11.24800
 20
79.23600
 42
1.0
  0
VERTEX
 5
1536
  8
PLACEMENT_OUTLINE_BOTTOM
 10
-11.19800
 20
79.23600
 42
1.0
  0
SEQEND
  8
PLACEMENT_OUTLINE_BOTTOM
  0
POLYLINE
 5
1537
  8
PLACEMENT_OUTLINE_BOTTOM
 66
1
 40
0.100000
 41
0.100000
  0
VERTEX
 5
1538
  8
PLACEMENT_OUTLINE_BOTTOM
 10
-11.22300
 20
79.23600
  0
VERTEX
 5
1539
  8
PLACEMENT_OUTLINE_BOTTOM
 10
-11.22300
 20
77.96600
  0
SEQEND
  8
PLACEMENT_OUTLINE_BOTTOM
  0
POLYLINE
 5
153A
  8
PLACEMENT_OUTLINE_BOTTOM
 66
1
 70
1
 40
0.050000
 41
0.050000
  0
VERTEX
 5
153B
  8
PLACEMENT_OUTLINE_BOTTOM
 10
-11.24800
 20
79.23600
 42
1.0
  0
VERTEX
 5
153C
  8
PLACEMENT_OUTLINE_BOTTOM
 10
-11.19800
 20
79.23600
 42
1.0
  0
SEQEND
  8
PLACEMENT_OUTLINE_BOTTOM
  0
POLYLINE
 5
153D
  8
PLACEMENT_OUTLINE_BOTTOM
 66
1
 70
1
 40
0.050000
 41
0.050000
  0
VERTEX
 5
153E
  8
PLACEMENT_OUTLINE_BOTTOM
 10
-11.24800
 20
77.96600
 42
1.0
  0
VERTEX
 5
153F
  8
PLACEMENT_OUTLINE_BOTTOM
 10
-11.19800
 20
77.96600
 42
1.0
  0
SEQEND
  8
PLACEMENT_OUTLINE_BOTTOM
  0
SOLID
 5
1540
  8
PADLAYER_BOTTOM
 10
-12.92480
 20
79.05820
 11
-13.83920
 21
79.05820
 12
-12.92480
 22
78.14380
 13
-13.83920
 23
78.14380
  0
SOLID
 5
1541
  8
PADLAYER_BOTTOM
 10
-11.40080
 20
79.05820
 11
-12.31520
 21
79.05820
 12
-11.40080
 22
78.14380
 13
-12.31520
 23
78.14380
  0
POLYLINE
 5
1542
  8
PLACEMENT_OUTLINE_BOTTOM
 66
1
 40
0.100000
 41
0.100000
  0
VERTEX
 5
1543
  8
PLACEMENT_OUTLINE_BOTTOM
 10
-14.01700
 20
77.73600
  0
VERTEX
 5
1544
  8
PLACEMENT_OUTLINE_BOTTOM
 10
-11.22300
 20
77.73600
  0
SEQEND
  8
PLACEMENT_OUTLINE_BOTTOM
  0
POLYLINE
 5
1545
  8
PLACEMENT_OUTLINE_BOTTOM
 66
1
 70
1
 40
0.050000
 41
0.050000
  0
VERTEX
 5
1546
  8
PLACEMENT_OUTLINE_BOTTOM
 10
-14.04200
 20
77.73600
 42
1.0
  0
VERTEX
 5
1547
  8
PLACEMENT_OUTLINE_BOTTOM
 10
-13.99200
 20
77.73600
 42
1.0
  0
SEQEND
  8
PLACEMENT_OUTLINE_BOTTOM
  0
POLYLINE
 5
1548
  8
PLACEMENT_OUTLINE_BOTTOM
 66
1
 70
1
 40
0.050000
 41
0.050000
  0
VERTEX
 5
1549
  8
PLACEMENT_OUTLINE_BOTTOM
 10
-11.24800
 20
77.73600
 42
1.0
  0
VERTEX
 5
154A
  8
PLACEMENT_OUTLINE_BOTTOM
 10
-11.19800
 20
77.73600
 42
1.0
  0
SEQEND
  8
PLACEMENT_OUTLINE_BOTTOM
  0
POLYLINE
 5
154B
  8
PLACEMENT_OUTLINE_BOTTOM
 66
1
 40
0.100000
 41
0.100000
  0
VERTEX
 5
154C
  8
PLACEMENT_OUTLINE_BOTTOM
 10
-11.22300
 20
77.73600
  0
VERTEX
 5
154D
  8
PLACEMENT_OUTLINE_BOTTOM
 10
-11.22300
 20
76.46600
  0
SEQEND
  8
PLACEMENT_OUTLINE_BOTTOM
  0
POLYLINE
 5
154E
  8
PLACEMENT_OUTLINE_BOTTOM
 66
1
 70
1
 40
0.050000
 41
0.050000
  0
VERTEX
 5
154F
  8
PLACEMENT_OUTLINE_BOTTOM
 10
-11.24800
 20
77.73600
 42
1.0
  0
VERTEX
 5
1550
  8
PLACEMENT_OUTLINE_BOTTOM
 10
-11.19800
 20
77.73600
 42
1.0
  0
SEQEND
  8
PLACEMENT_OUTLINE_BOTTOM
  0
POLYLINE
 5
1551
  8
PLACEMENT_OUTLINE_BOTTOM
 66
1
 70
1
 40
0.050000
 41
0.050000
  0
VERTEX
 5
1552
  8
PLACEMENT_OUTLINE_BOTTOM
 10
-11.24800
 20
76.46600
 42
1.0
  0
VERTEX
 5
1553
  8
PLACEMENT_OUTLINE_BOTTOM
 10
-11.19800
 20
76.46600
 42
1.0
  0
SEQEND
  8
PLACEMENT_OUTLINE_BOTTOM
  0
POLYLINE
 5
1554
  8
PLACEMENT_OUTLINE_BOTTOM
 66
1
 40
0.100000
 41
0.100000
  0
VERTEX
 5
1555
  8
PLACEMENT_OUTLINE_BOTTOM
 10
-11.22300
 20
76.46600
  0
VERTEX
 5
1556
  8
PLACEMENT_OUTLINE_BOTTOM
 10
-14.01700
 20
76.46600
  0
SEQEND
  8
PLACEMENT_OUTLINE_BOTTOM
  0
POLYLINE
 5
1557
  8
PLACEMENT_OUTLINE_BOTTOM
 66
1
 70
1
 40
0.050000
 41
0.050000
  0
VERTEX
 5
1558
  8
PLACEMENT_OUTLINE_BOTTOM
 10
-11.24800
 20
76.46600
 42
1.0
  0
VERTEX
 5
1559
  8
PLACEMENT_OUTLINE_BOTTOM
 10
-11.19800
 20
76.46600
 42
1.0
  0
SEQEND
  8
PLACEMENT_OUTLINE_BOTTOM
  0
POLYLINE
 5
155A
  8
PLACEMENT_OUTLINE_BOTTOM
 66
1
 70
1
 40
0.050000
 41
0.050000
  0
VERTEX
 5
155B
  8
PLACEMENT_OUTLINE_BOTTOM
 10
-14.04200
 20
76.46600
 42
1.0
  0
VERTEX
 5
155C
  8
PLACEMENT_OUTLINE_BOTTOM
 10
-13.99200
 20
76.46600
 42
1.0
  0
SEQEND
  8
PLACEMENT_OUTLINE_BOTTOM
  0
POLYLINE
 5
155D
  8
PLACEMENT_OUTLINE_BOTTOM
 66
1
 40
0.100000
 41
0.100000
  0
VERTEX
 5
155E
  8
PLACEMENT_OUTLINE_BOTTOM
 10
-14.01700
 20
76.46600
  0
VERTEX
 5
155F
  8
PLACEMENT_OUTLINE_BOTTOM
 10
-14.01700
 20
77.73600
  0
SEQEND
  8
PLACEMENT_OUTLINE_BOTTOM
  0
POLYLINE
 5
1560
  8
PLACEMENT_OUTLINE_BOTTOM
 66
1
 70
1
 40
0.050000
 41
0.050000
  0
VERTEX
 5
1561
  8
PLACEMENT_OUTLINE_BOTTOM
 10
-14.04200
 20
76.46600
 42
1.0
  0
VERTEX
 5
1562
  8
PLACEMENT_OUTLINE_BOTTOM
 10
-13.99200
 20
76.46600
 42
1.0
  0
SEQEND
  8
PLACEMENT_OUTLINE_BOTTOM
  0
POLYLINE
 5
1563
  8
PLACEMENT_OUTLINE_BOTTOM
 66
1
 70
1
 40
0.050000
 41
0.050000
  0
VERTEX
 5
1564
  8
PLACEMENT_OUTLINE_BOTTOM
 10
-14.04200
 20
77.73600
 42
1.0
  0
VERTEX
 5
1565
  8
PLACEMENT_OUTLINE_BOTTOM
 10
-13.99200
 20
77.73600
 42
1.0
  0
SEQEND
  8
PLACEMENT_OUTLINE_BOTTOM
  0
SOLID
 5
1566
  8
PADLAYER_BOTTOM
 10
-12.31520
 20
76.64380
 11
-11.40080
 21
76.64380
 12
-12.31520
 22
77.55820
 13
-11.40080
 23
77.55820
  0
SOLID
 5
1567
  8
PADLAYER_BOTTOM
 10
-13.83920
 20
76.64380
 11
-12.92480
 21
76.64380
 12
-13.83920
 22
77.55820
 13
-12.92480
 23
77.55820
  0
POLYLINE
 5
1568
  8
2DLINES_1
 66
1
 40
0.200000
 41
0.200000
  0
VERTEX
 5
1569
  8
2DLINES_1
 10
-61.98000
 20
43.07000
  0
VERTEX
 5
156A
  8
2DLINES_1
 10
15.12000
 20
43.07000
  0
SEQEND
  8
2DLINES_1
  0
POLYLINE
 5
156B
  8
2DLINES_1
 66
1
 70
1
 40
0.100000
 41
0.100000
  0
VERTEX
 5
156C
  8
2DLINES_1
 10
-62.03000
 20
43.07000
 42
1.0
  0
VERTEX
 5
156D
  8
2DLINES_1
 10
-61.93000
 20
43.07000
 42
1.0
  0
SEQEND
  8
2DLINES_1
  0
POLYLINE
 5
156E
  8
2DLINES_1
 66
1
 70
1
 40
0.100000
 41
0.100000
  0
VERTEX
 5
156F
  8
2DLINES_1
 10
15.07000
 20
43.07000
 42
1.0
  0
VERTEX
 5
1570
  8
2DLINES_1
 10
15.17000
 20
43.07000
 42
1.0
  0
SEQEND
  8
2DLINES_1
  0
POLYLINE
 5
1571
  8
2DLINES_1
 66
1
 40
0.200000
 41
0.200000
  0
VERTEX
 5
1572
  8
2DLINES_1
 10
15.12000
 20
43.07000
  0
VERTEX
 5
1573
  8
2DLINES_1
 10
15.12000
 20
3.17000
  0
SEQEND
  8
2DLINES_1
  0
POLYLINE
 5
1574
  8
2DLINES_1
 66
1
 70
1
 40
0.100000
 41
0.100000
  0
VERTEX
 5
1575
  8
2DLINES_1
 10
15.07000
 20
43.07000
 42
1.0
  0
VERTEX
 5
1576
  8
2DLINES_1
 10
15.17000
 20
43.07000
 42
1.0
  0
SEQEND
  8
2DLINES_1
  0
POLYLINE
 5
1577
  8
2DLINES_1
 66
1
 70
1
 40
0.100000
 41
0.100000
  0
VERTEX
 5
1578
  8
2DLINES_1
 10
15.07000
 20
3.17000
 42
1.0
  0
VERTEX
 5
1579
  8
2DLINES_1
 10
15.17000
 20
3.17000
 42
1.0
  0
SEQEND
  8
2DLINES_1
  0
POLYLINE
 5
157A
  8
2DLINES_1
 66
1
 40
0.200000
 41
0.200000
  0
VERTEX
 5
157B
  8
2DLINES_1
 10
15.12000
 20
3.17000
  0
VERTEX
 5
157C
  8
2DLINES_1
 10
-61.98000
 20
3.17000
  0
SEQEND
  8
2DLINES_1
  0
POLYLINE
 5
157D
  8
2DLINES_1
 66
1
 70
1
 40
0.100000
 41
0.100000
  0
VERTEX
 5
157E
  8
2DLINES_1
 10
15.07000
 20
3.17000
 42
1.0
  0
VERTEX
 5
157F
  8
2DLINES_1
 10
15.17000
 20
3.17000
 42
1.0
  0
SEQEND
  8
2DLINES_1
  0
POLYLINE
 5
1580
  8
2DLINES_1
 66
1
 70
1
 40
0.100000
 41
0.100000
  0
VERTEX
 5
1581
  8
2DLINES_1
 10
-62.03000
 20
3.17000
 42
1.0
  0
VERTEX
 5
1582
  8
2DLINES_1
 10
-61.93000
 20
3.17000
 42
1.0
  0
SEQEND
  8
2DLINES_1
  0
POLYLINE
 5
1583
  8
2DLINES_1
 66
1
 40
0.200000
 41
0.200000
  0
VERTEX
 5
1584
  8
2DLINES_1
 10
-61.98000
 20
3.17000
  0
VERTEX
 5
1585
  8
2DLINES_1
 10
-61.98000
 20
43.07000
  0
SEQEND
  8
2DLINES_1
  0
POLYLINE
 5
1586
  8
2DLINES_1
 66
1
 70
1
 40
0.100000
 41
0.100000
  0
VERTEX
 5
1587
  8
2DLINES_1
 10
-62.03000
 20
3.17000
 42
1.0
  0
VERTEX
 5
1588
  8
2DLINES_1
 10
-61.93000
 20
3.17000
 42
1.0
  0
SEQEND
  8
2DLINES_1
  0
POLYLINE
 5
1589
  8
2DLINES_1
 66
1
 70
1
 40
0.100000
 41
0.100000
  0
VERTEX
 5
158A
  8
2DLINES_1
 10
-62.03000
 20
43.07000
 42
1.0
  0
VERTEX
 5
158B
  8
2DLINES_1
 10
-61.93000
 20
43.07000
 42
1.0
  0
SEQEND
  8
2DLINES_1
  0
POLYLINE
 5
158C
  8
LAYNR1
 66
1
 40
0.300000
 41
0.300000
  0
VERTEX
 5
158D
  8
LAYNR1
 10
-52.43000
 20
32.67000
 42
1.000000
  0
VERTEX
 5
158E
  8
LAYNR1
 10
-45.43000
 20
32.67000
 42
1.000000
  0
VERTEX
 5
158F
  8
LAYNR1
 10
-52.43000
 20
32.67000
  0
SEQEND
  8
LAYNR1
  0
POLYLINE
 5
1590
  8
LAYNR1
 66
1
 40
0.300000
 41
0.300000
  0
VERTEX
 5
1591
  8
LAYNR1
 10
-1.43000
 20
32.67000
 42
1.000000
  0
VERTEX
 5
1592
  8
LAYNR1
 10
5.57000
 20
32.67000
 42
1.000000
  0
VERTEX
 5
1593
  8
LAYNR1
 10
-1.43000
 20
32.67000
  0
SEQEND
  8
LAYNR1
  0
POLYLINE
 5
1594
  8
LAYNR1
 66
1
 40
0.300000
 41
0.300000
  0
VERTEX
 5
1595
  8
LAYNR1
 10
-52.43000
 20
13.42990
 42
1.000000
  0
VERTEX
 5
1596
  8
LAYNR1
 10
-45.43000
 20
13.42990
 42
1.000000
  0
VERTEX
 5
1597
  8
LAYNR1
 10
-52.43000
 20
13.42990
  0
SEQEND
  8
LAYNR1
  0
POLYLINE
 5
1598
  8
LAYNR1
 66
1
 40
0.300000
 41
0.300000
  0
VERTEX
 5
1599
  8
LAYNR1
 10
-1.43000
 20
13.42990
 42
1.000000
  0
VERTEX
 5
159A
  8
LAYNR1
 10
5.57000
 20
13.42990
 42
1.000000
  0
VERTEX
 5
159B
  8
LAYNR1
 10
-1.43000
 20
13.42990
  0
SEQEND
  8
LAYNR1
  0
POLYLINE
 5
159C
  8
Top01
 66
1
 40
0.000000
 41
0.000000
  0
VERTEX
 5
159D
  8
Top01
 10
-62.63500
 20
32.67000
 42
1.000000
  0
VERTEX
 5
159E
  8
Top01
 10
-57.03500
 20
32.67000
 42
1.000000
  0
VERTEX
 5
159F
  8
Top01
 10
-62.63500
 20
32.67000
  0
SEQEND
  8
Top01
  0
POLYLINE
 5
15A0
  8
Bottom04
 66
1
 40
0.000000
 41
0.000000
  0
VERTEX
 5
15A1
  8
Bottom04
 10
-62.63500
 20
32.67000
 42
1.000000
  0
VERTEX
 5
15A2
  8
Bottom04
 10
-57.03500
 20
32.67000
 42
1.000000
  0
VERTEX
 5
15A3
  8
Bottom04
 10
-62.63500
 20
32.67000
  0
SEQEND
  8
Bottom04
  0
POLYLINE
 5
15A4
  8
Top01
 66
1
 40
0.000000
 41
0.000000
  0
VERTEX
 5
15A5
  8
Top01
 10
-62.63500
 20
13.57000
 42
1.000000
  0
VERTEX
 5
15A6
  8
Top01
 10
-57.03500
 20
13.57000
 42
1.000000
  0
VERTEX
 5
15A7
  8
Top01
 10
-62.63500
 20
13.57000
  0
SEQEND
  8
Top01
  0
POLYLINE
 5
15A8
  8
Bottom04
 66
1
 40
0.000000
 41
0.000000
  0
VERTEX
 5
15A9
  8
Bottom04
 10
-62.63500
 20
13.57000
 42
1.000000
  0
VERTEX
 5
15AA
  8
Bottom04
 10
-57.03500
 20
13.57000
 42
1.000000
  0
VERTEX
 5
15AB
  8
Bottom04
 10
-62.63500
 20
13.57000
  0
SEQEND
  8
Bottom04
  0
POLYLINE
 5
15AC
  8
Top01
 66
1
 40
0.000000
 41
0.000000
  0
VERTEX
 5
15AD
  8
Top01
 10
10.17500
 20
32.67000
 42
1.000000
  0
VERTEX
 5
15AE
  8
Top01
 10
15.77500
 20
32.67000
 42
1.000000
  0
VERTEX
 5
15AF
  8
Top01
 10
10.17500
 20
32.67000
  0
SEQEND
  8
Top01
  0
POLYLINE
 5
15B0
  8
Bottom04
 66
1
 40
0.000000
 41
0.000000
  0
VERTEX
 5
15B1
  8
Bottom04
 10
10.17500
 20
32.67000
 42
1.000000
  0
VERTEX
 5
15B2
  8
Bottom04
 10
15.77500
 20
32.67000
 42
1.000000
  0
VERTEX
 5
15B3
  8
Bottom04
 10
10.17500
 20
32.67000
  0
SEQEND
  8
Bottom04
  0
POLYLINE
 5
15B4
  8
Top01
 66
1
 40
0.000000
 41
0.000000
  0
VERTEX
 5
15B5
  8
Top01
 10
10.17500
 20
13.57000
 42
1.000000
  0
VERTEX
 5
15B6
  8
Top01
 10
15.77500
 20
13.57000
 42
1.000000
  0
VERTEX
 5
15B7
  8
Top01
 10
10.17500
 20
13.57000
  0
SEQEND
  8
Top01
  0
POLYLINE
 5
15B8
  8
Bottom04
 66
1
 40
0.000000
 41
0.000000
  0
VERTEX
 5
15B9
  8
Bottom04
 10
10.17500
 20
13.57000
 42
1.000000
  0
VERTEX
 5
15BA
  8
Bottom04
 10
15.77500
 20
13.57000
 42
1.000000
  0
VERTEX
 5
15BB
  8
Bottom04
 10
10.17500
 20
13.57000
  0
SEQEND
  8
Bottom04
  0
POLYLINE
 5
15BC
  8
PLACEMENT_OUTLINE_TOP
 66
1
 40
0.200000
 41
0.200000
  0
VERTEX
 5
15BD
  8
PLACEMENT_OUTLINE_TOP
 10
-61.98000
 20
43.07000
  0
VERTEX
 5
15BE
  8
PLACEMENT_OUTLINE_TOP
 10
15.12000
 20
43.07000
  0
SEQEND
  8
PLACEMENT_OUTLINE_TOP
  0
POLYLINE
 5
15BF
  8
PLACEMENT_OUTLINE_TOP
 66
1
 70
1
 40
0.100000
 41
0.100000
  0
VERTEX
 5
15C0
  8
PLACEMENT_OUTLINE_TOP
 10
-62.03000
 20
43.07000
 42
1.0
  0
VERTEX
 5
15C1
  8
PLACEMENT_OUTLINE_TOP
 10
-61.93000
 20
43.07000
 42
1.0
  0
SEQEND
  8
PLACEMENT_OUTLINE_TOP
  0
POLYLINE
 5
15C2
  8
PLACEMENT_OUTLINE_TOP
 66
1
 70
1
 40
0.100000
 41
0.100000
  0
VERTEX
 5
15C3
  8
PLACEMENT_OUTLINE_TOP
 10
15.07000
 20
43.07000
 42
1.0
  0
VERTEX
 5
15C4
  8
PLACEMENT_OUTLINE_TOP
 10
15.17000
 20
43.07000
 42
1.0
  0
SEQEND
  8
PLACEMENT_OUTLINE_TOP
  0
POLYLINE
 5
15C5
  8
PLACEMENT_OUTLINE_TOP
 66
1
 40
0.200000
 41
0.200000
  0
VERTEX
 5
15C6
  8
PLACEMENT_OUTLINE_TOP
 10
15.12000
 20
43.07000
  0
VERTEX
 5
15C7
  8
PLACEMENT_OUTLINE_TOP
 10
15.12000
 20
3.17000
  0
SEQEND
  8
PLACEMENT_OUTLINE_TOP
  0
POLYLINE
 5
15C8
  8
PLACEMENT_OUTLINE_TOP
 66
1
 70
1
 40
0.100000
 41
0.100000
  0
VERTEX
 5
15C9
  8
PLACEMENT_OUTLINE_TOP
 10
15.07000
 20
43.07000
 42
1.0
  0
VERTEX
 5
15CA
  8
PLACEMENT_OUTLINE_TOP
 10
15.17000
 20
43.07000
 42
1.0
  0
SEQEND
  8
PLACEMENT_OUTLINE_TOP
  0
POLYLINE
 5
15CB
  8
PLACEMENT_OUTLINE_TOP
 66
1
 70
1
 40
0.100000
 41
0.100000
  0
VERTEX
 5
15CC
  8
PLACEMENT_OUTLINE_TOP
 10
15.07000
 20
3.17000
 42
1.0
  0
VERTEX
 5
15CD
  8
PLACEMENT_OUTLINE_TOP
 10
15.17000
 20
3.17000
 42
1.0
  0
SEQEND
  8
PLACEMENT_OUTLINE_TOP
  0
POLYLINE
 5
15CE
  8
PLACEMENT_OUTLINE_TOP
 66
1
 40
0.200000
 41
0.200000
  0
VERTEX
 5
15CF
  8
PLACEMENT_OUTLINE_TOP
 10
15.12000
 20
3.17000
  0
VERTEX
 5
15D0
  8
PLACEMENT_OUTLINE_TOP
 10
-61.98000
 20
3.17000
  0
SEQEND
  8
PLACEMENT_OUTLINE_TOP
  0
POLYLINE
 5
15D1
  8
PLACEMENT_OUTLINE_TOP
 66
1
 70
1
 40
0.100000
 41
0.100000
  0
VERTEX
 5
15D2
  8
PLACEMENT_OUTLINE_TOP
 10
15.07000
 20
3.17000
 42
1.0
  0
VERTEX
 5
15D3
  8
PLACEMENT_OUTLINE_TOP
 10
15.17000
 20
3.17000
 42
1.0
  0
SEQEND
  8
PLACEMENT_OUTLINE_TOP
  0
POLYLINE
 5
15D4
  8
PLACEMENT_OUTLINE_TOP
 66
1
 70
1
 40
0.100000
 41
0.100000
  0
VERTEX
 5
15D5
  8
PLACEMENT_OUTLINE_TOP
 10
-62.03000
 20
3.17000
 42
1.0
  0
VERTEX
 5
15D6
  8
PLACEMENT_OUTLINE_TOP
 10
-61.93000
 20
3.17000
 42
1.0
  0
SEQEND
  8
PLACEMENT_OUTLINE_TOP
  0
POLYLINE
 5
15D7
  8
PLACEMENT_OUTLINE_TOP
 66
1
 40
0.200000
 41
0.200000
  0
VERTEX
 5
15D8
  8
PLACEMENT_OUTLINE_TOP
 10
-61.98000
 20
3.17000
  0
VERTEX
 5
15D9
  8
PLACEMENT_OUTLINE_TOP
 10
-61.98000
 20
43.07000
  0
SEQEND
  8
PLACEMENT_OUTLINE_TOP
  0
POLYLINE
 5
15DA
  8
PLACEMENT_OUTLINE_TOP
 66
1
 70
1
 40
0.100000
 41
0.100000
  0
VERTEX
 5
15DB
  8
PLACEMENT_OUTLINE_TOP
 10
-62.03000
 20
3.17000
 42
1.0
  0
VERTEX
 5
15DC
  8
PLACEMENT_OUTLINE_TOP
 10
-61.93000
 20
3.17000
 42
1.0
  0
SEQEND
  8
PLACEMENT_OUTLINE_TOP
  0
POLYLINE
 5
15DD
  8
PLACEMENT_OUTLINE_TOP
 66
1
 70
1
 40
0.100000
 41
0.100000
  0
VERTEX
 5
15DE
  8
PLACEMENT_OUTLINE_TOP
 10
-62.03000
 20
43.07000
 42
1.0
  0
VERTEX
 5
15DF
  8
PLACEMENT_OUTLINE_TOP
 10
-61.93000
 20
43.07000
 42
1.0
  0
SEQEND
  8
PLACEMENT_OUTLINE_TOP
  0
POLYLINE
 5
15E0
  8
PADLAYER_TOP
 66
1
 70
1
 40
1.800000
 41
1.800000
  0
VERTEX
 5
15E1
  8
PADLAYER_TOP
 10
-60.73500
 20
32.67000
 42
1.0
  0
VERTEX
 5
15E2
  8
PADLAYER_TOP
 10
-58.93500
 20
32.67000
 42
1.0
  0
SEQEND
  8
PADLAYER_TOP
  0
POLYLINE
 5
15E3
  8
PADLAYER_BOTTOM
 66
1
 70
1
 40
1.800000
 41
1.800000
  0
VERTEX
 5
15E4
  8
PADLAYER_BOTTOM
 10
-60.73500
 20
32.67000
 42
1.0
  0
VERTEX
 5
15E5
  8
PADLAYER_BOTTOM
 10
-58.93500
 20
32.67000
 42
1.0
  0
SEQEND
  8
PADLAYER_BOTTOM
  0
POLYLINE
 5
15E6
  8
TOOL_TOP
 66
1
 40
0.200000
 41
0.200000
  0
VERTEX
 5
15E7
  8
TOOL_TOP
 10
-60.73500
 20
32.67000
 42
1.000000
  0
VERTEX
 5
15E8
  8
TOOL_TOP
 10
-58.93500
 20
32.67000
 42
1.000000
  0
VERTEX
 5
15E9
  8
TOOL_TOP
 10
-60.73500
 20
32.67000
  0
SEQEND
  8
TOOL_TOP
  0
TEXT
  8
TOOLCODE_TOP
 10
-60.78000
 20
32.22000
 40
0.900000
  1
T00
  0
POLYLINE
 5
15EA
  8
PADLAYER_TOP
 66
1
 70
1
 40
1.800000
 41
1.800000
  0
VERTEX
 5
15EB
  8
PADLAYER_TOP
 10
12.07500
 20
32.67000
 42
1.0
  0
VERTEX
 5
15EC
  8
PADLAYER_TOP
 10
13.87500
 20
32.67000
 42
1.0
  0
SEQEND
  8
PADLAYER_TOP
  0
POLYLINE
 5
15ED
  8
PADLAYER_BOTTOM
 66
1
 70
1
 40
1.800000
 41
1.800000
  0
VERTEX
 5
15EE
  8
PADLAYER_BOTTOM
 10
12.07500
 20
32.67000
 42
1.0
  0
VERTEX
 5
15EF
  8
PADLAYER_BOTTOM
 10
13.87500
 20
32.67000
 42
1.0
  0
SEQEND
  8
PADLAYER_BOTTOM
  0
POLYLINE
 5
15F0
  8
TOOL_TOP
 66
1
 40
0.200000
 41
0.200000
  0
VERTEX
 5
15F1
  8
TOOL_TOP
 10
12.07500
 20
32.67000
 42
1.000000
  0
VERTEX
 5
15F2
  8
TOOL_TOP
 10
13.87500
 20
32.67000
 42
1.000000
  0
VERTEX
 5
15F3
  8
TOOL_TOP
 10
12.07500
 20
32.67000
  0
SEQEND
  8
TOOL_TOP
  0
TEXT
  8
TOOLCODE_TOP
 10
12.03000
 20
32.22000
 40
0.900000
  1
T00
  0
POLYLINE
 5
15F4
  8
PADLAYER_TOP
 66
1
 70
1
 40
1.800000
 41
1.800000
  0
VERTEX
 5
15F5
  8
PADLAYER_TOP
 10
-60.73500
 20
13.57000
 42
1.0
  0
VERTEX
 5
15F6
  8
PADLAYER_TOP
 10
-58.93500
 20
13.57000
 42
1.0
  0
SEQEND
  8
PADLAYER_TOP
  0
POLYLINE
 5
15F7
  8
PADLAYER_BOTTOM
 66
1
 70
1
 40
1.800000
 41
1.800000
  0
VERTEX
 5
15F8
  8
PADLAYER_BOTTOM
 10
-60.73500
 20
13.57000
 42
1.0
  0
VERTEX
 5
15F9
  8
PADLAYER_BOTTOM
 10
-58.93500
 20
13.57000
 42
1.0
  0
SEQEND
  8
PADLAYER_BOTTOM
  0
POLYLINE
 5
15FA
  8
TOOL_TOP
 66
1
 40
0.200000
 41
0.200000
  0
VERTEX
 5
15FB
  8
TOOL_TOP
 10
-60.73500
 20
13.57000
 42
1.000000
  0
VERTEX
 5
15FC
  8
TOOL_TOP
 10
-58.93500
 20
13.57000
 42
1.000000
  0
VERTEX
 5
15FD
  8
TOOL_TOP
 10
-60.73500
 20
13.57000
  0
SEQEND
  8
TOOL_TOP
  0
TEXT
  8
TOOLCODE_TOP
 10
-60.78000
 20
13.12000
 40
0.900000
  1
T00
  0
POLYLINE
 5
15FE
  8
PADLAYER_TOP
 66
1
 70
1
 40
1.800000
 41
1.800000
  0
VERTEX
 5
15FF
  8
PADLAYER_TOP
 10
12.07500
 20
13.57000
 42
1.0
  0
VERTEX
 5
1600
  8
PADLAYER_TOP
 10
13.87500
 20
13.57000
 42
1.0
  0
SEQEND
  8
PADLAYER_TOP
  0
POLYLINE
 5
1601
  8
PADLAYER_BOTTOM
 66
1
 70
1
 40
1.800000
 41
1.800000
  0
VERTEX
 5
1602
  8
PADLAYER_BOTTOM
 10
12.07500
 20
13.57000
 42
1.0
  0
VERTEX
 5
1603
  8
PADLAYER_BOTTOM
 10
13.87500
 20
13.57000
 42
1.0
  0
SEQEND
  8
PADLAYER_BOTTOM
  0
POLYLINE
 5
1604
  8
TOOL_TOP
 66
1
 40
0.200000
 41
0.200000
  0
VERTEX
 5
1605
  8
TOOL_TOP
 10
12.07500
 20
13.57000
 42
1.000000
  0
VERTEX
 5
1606
  8
TOOL_TOP
 10
13.87500
 20
13.57000
 42
1.000000
  0
VERTEX
 5
1607
  8
TOOL_TOP
 10
12.07500
 20
13.57000
  0
SEQEND
  8
TOOL_TOP
  0
TEXT
  8
TOOLCODE_TOP
 10
12.03000
 20
13.12000
 40
0.900000
  1
T00
  0
POLYLINE
 5
1608
  8
TOOL_TOP
 66
1
 40
0.200000
 41
0.200000
  0
VERTEX
 5
1609
  8
TOOL_TOP
 10
-52.83000
 20
5.62000
 42
1.000000
  0
VERTEX
 5
160A
  8
TOOL_TOP
 10
-49.23000
 20
5.62000
 42
1.000000
  0
VERTEX
 5
160B
  8
TOOL_TOP
 10
-52.83000
 20
5.62000
  0
SEQEND
  8
TOOL_TOP
  0
TEXT
  8
TOOLCODE_TOP
 10
-52.92000
 20
4.72000
 40
1.800000
  1
T00
  0
POLYLINE
 5
160C
  8
TOOL_TOP
 66
1
 40
0.200000
 41
0.200000
  0
VERTEX
 5
160D
  8
TOOL_TOP
 10
2.37000
 20
40.62000
 42
1.000000
  0
VERTEX
 5
160E
  8
TOOL_TOP
 10
5.97000
 20
40.62000
 42
1.000000
  0
VERTEX
 5
160F
  8
TOOL_TOP
 10
2.37000
 20
40.62000
  0
SEQEND
  8
TOOL_TOP
  0
TEXT
  8
TOOLCODE_TOP
 10
2.28000
 20
39.72000
 40
1.800000
  1
T00
  0
POLYLINE
 5
1610
  8
TOOL_TOP
 66
1
 40
0.200000
 41
0.200000
  0
VERTEX
 5
1611
  8
TOOL_TOP
 10
11.28000
 20
5.72000
 42
1.000000
  0
VERTEX
 5
1612
  8
TOOL_TOP
 10
13.66000
 20
5.72000
 42
1.000000
  0
VERTEX
 5
1613
  8
TOOL_TOP
 10
11.28000
 20
5.72000
  0
SEQEND
  8
TOOL_TOP
  0
TEXT
  8
TOOLCODE_TOP
 10
11.22050
 20
5.12500
 40
1.190000
  1
T00
  0
POLYLINE
 5
1614
  8
2DLINES_4
 66
1
 40
0.299970
 41
0.299970
  0
VERTEX
 5
1615
  8
2DLINES_4
 10
-4.55000
 20
14.74000
 42
1.000000
  0
VERTEX
 5
1616
  8
2DLINES_4
 10
-4.35000
 20
14.74000
 42
1.000000
  0
VERTEX
 5
1617
  8
2DLINES_4
 10
-4.55000
 20
14.74000
  0
SEQEND
  8
2DLINES_4
  0
POLYLINE
 5
1618
  8
PLACEMENT_OUTLINE_BOTTOM
 66
1
 40
0.299970
 41
0.299970
  0
VERTEX
 5
1619
  8
PLACEMENT_OUTLINE_BOTTOM
 10
-4.55000
 20
14.74000
 42
1.000000
  0
VERTEX
 5
161A
  8
PLACEMENT_OUTLINE_BOTTOM
 10
-4.35000
 20
14.74000
 42
1.000000
  0
VERTEX
 5
161B
  8
PLACEMENT_OUTLINE_BOTTOM
 10
-4.55000
 20
14.74000
  0
SEQEND
  8
PLACEMENT_OUTLINE_BOTTOM
  0
SOLID
 5
161C
  8
PADLAYER_BOTTOM
 10
-4.66000
 20
14.34000
 11
-4.66000
 21
13.74000
 12
-4.24000
 22
14.34000
 13
-4.24000
 23
13.74000
  0
SOLID
 5
161D
  8
PADLAYER_BOTTOM
 10
-4.01000
 20
14.34000
 11
-4.01000
 21
13.74000
 12
-3.59000
 22
14.34000
 13
-3.59000
 23
13.74000
  0
SOLID
 5
161E
  8
PADLAYER_BOTTOM
 10
-3.36000
 20
14.34000
 11
-3.36000
 21
13.74000
 12
-2.94000
 22
14.34000
 13
-2.94000
 23
13.74000
  0
SOLID
 5
161F
  8
PADLAYER_BOTTOM
 10
-3.36000
 20
12.44000
 11
-3.36000
 21
11.84000
 12
-2.94000
 22
12.44000
 13
-2.94000
 23
11.84000
  0
SOLID
 5
1620
  8
PADLAYER_BOTTOM
 10
-4.01000
 20
12.44000
 11
-4.01000
 21
11.84000
 12
-3.59000
 22
12.44000
 13
-3.59000
 23
11.84000
  0
SOLID
 5
1621
  8
PADLAYER_BOTTOM
 10
-4.66000
 20
12.44000
 11
-4.66000
 21
11.84000
 12
-4.24000
 22
12.44000
 13
-4.24000
 23
11.84000
  0
POLYLINE
 5
1622
  8
2DLINES_4
 66
1
 40
0.299970
 41
0.299970
  0
VERTEX
 5
1623
  8
2DLINES_4
 10
-6.67000
 20
11.45500
 42
1.000000
  0
VERTEX
 5
1624
  8
2DLINES_4
 10
-6.47000
 20
11.45500
 42
1.000000
  0
VERTEX
 5
1625
  8
2DLINES_4
 10
-6.67000
 20
11.45500
  0
SEQEND
  8
2DLINES_4
  0
POLYLINE
 5
1626
  8
PLACEMENT_OUTLINE_BOTTOM
 66
1
 40
0.299970
 41
0.299970
  0
VERTEX
 5
1627
  8
PLACEMENT_OUTLINE_BOTTOM
 10
-6.67000
 20
11.45500
 42
1.000000
  0
VERTEX
 5
1628
  8
PLACEMENT_OUTLINE_BOTTOM
 10
-6.47000
 20
11.45500
 42
1.000000
  0
VERTEX
 5
1629
  8
PLACEMENT_OUTLINE_BOTTOM
 10
-6.67000
 20
11.45500
  0
SEQEND
  8
PLACEMENT_OUTLINE_BOTTOM
  0
SOLID
 5
162A
  8
PADLAYER_BOTTOM
 10
-9.39500
 20
12.46000
 11
-6.94500
 21
12.46000
 12
-9.39500
 22
14.44000
 13
-6.94500
 23
14.44000
  0
SOLID
 5
162B
  8
PADLAYER_BOTTOM
 10
-8.04500
 20
14.44000
 11
-7.64500
 21
14.44000
 12
-8.04500
 22
14.74000
 13
-7.64500
 23
14.74000
  0
SOLID
 5
162C
  8
PADLAYER_BOTTOM
 10
-7.39500
 20
14.44000
 11
-6.99500
 21
14.44000
 12
-7.39500
 22
14.74000
 13
-6.99500
 23
14.74000
  0
SOLID
 5
162D
  8
PADLAYER_BOTTOM
 10
-8.69500
 20
14.44000
 11
-8.29500
 21
14.44000
 12
-8.69500
 22
14.74000
 13
-8.29500
 23
14.74000
  0
SOLID
 5
162E
  8
PADLAYER_BOTTOM
 10
-9.34500
 20
14.44000
 11
-8.94500
 21
14.44000
 12
-9.34500
 22
14.74000
 13
-8.94500
 23
14.74000
  0
SOLID
 5
162F
  8
PADLAYER_BOTTOM
 10
-8.02000
 20
11.94000
 11
-8.02000
 21
11.44000
 12
-7.67000
 22
11.94000
 13
-7.67000
 23
11.44000
  0
SOLID
 5
1630
  8
PADLAYER_BOTTOM
 10
-7.37000
 20
11.94000
 11
-7.37000
 21
11.44000
 12
-7.02000
 22
11.94000
 13
-7.02000
 23
11.44000
  0
SOLID
 5
1631
  8
PADLAYER_BOTTOM
 10
-8.67000
 20
11.94000
 11
-8.67000
 21
11.44000
 12
-8.32000
 22
11.94000
 13
-8.32000
 23
11.44000
  0
SOLID
 5
1632
  8
PADLAYER_BOTTOM
 10
-9.32000
 20
11.94000
 11
-9.32000
 21
11.44000
 12
-8.97000
 22
11.94000
 13
-8.97000
 23
11.44000
  0
SOLID
 5
1633
  8
PADLAYER_BOTTOM
 10
-6.94500
 20
13.30500
 11
-6.94500
 21
12.87500
 12
-6.56500
 22
13.30500
 13
-6.56500
 23
12.87500
  0
SOLID
 5
1634
  8
PADLAYER_BOTTOM
 10
-9.77500
 20
13.30500
 11
-9.77500
 21
12.87500
 12
-9.39500
 22
13.30500
 13
-9.39500
 23
12.87500
  0
POLYLINE
 5
1635
  8
2DLINES_4
 66
1
 40
0.254000
 41
0.254000
  0
VERTEX
 5
1636
  8
2DLINES_4
 10
-45.80400
 20
87.85800
  0
VERTEX
 5
1637
  8
2DLINES_4
 10
-45.80400
 20
87.22300
  0
SEQEND
  8
2DLINES_4
  0
POLYLINE
 5
1638
  8
2DLINES_4
 66
1
 70
1
 40
0.127000
 41
0.127000
  0
VERTEX
 5
1639
  8
2DLINES_4
 10
-45.86750
 20
87.85800
 42
1.0
  0
VERTEX
 5
163A
  8
2DLINES_4
 10
-45.74050
 20
87.85800
 42
1.0
  0
SEQEND
  8
2DLINES_4
  0
POLYLINE
 5
163B
  8
2DLINES_4
 66
1
 70
1
 40
0.127000
 41
0.127000
  0
VERTEX
 5
163C
  8
2DLINES_4
 10
-45.86750
 20
87.22300
 42
1.0
  0
VERTEX
 5
163D
  8
2DLINES_4
 10
-45.74050
 20
87.22300
 42
1.0
  0
SEQEND
  8
2DLINES_4
  0
POLYLINE
 5
163E
  8
2DLINES_4
 66
1
 40
0.254000
 41
0.254000
  0
VERTEX
 5
163F
  8
2DLINES_4
 10
-45.80400
 20
87.22300
  0
VERTEX
 5
1640
  8
2DLINES_4
 10
-47.07400
 20
87.22300
  0
SEQEND
  8
2DLINES_4
  0
POLYLINE
 5
1641
  8
2DLINES_4
 66
1
 70
1
 40
0.127000
 41
0.127000
  0
VERTEX
 5
1642
  8
2DLINES_4
 10
-45.86750
 20
87.22300
 42
1.0
  0
VERTEX
 5
1643
  8
2DLINES_4
 10
-45.74050
 20
87.22300
 42
1.0
  0
SEQEND
  8
2DLINES_4
  0
POLYLINE
 5
1644
  8
2DLINES_4
 66
1
 70
1
 40
0.127000
 41
0.127000
  0
VERTEX
 5
1645
  8
2DLINES_4
 10
-47.13750
 20
87.22300
 42
1.0
  0
VERTEX
 5
1646
  8
2DLINES_4
 10
-47.01050
 20
87.22300
 42
1.0
  0
SEQEND
  8
2DLINES_4
  0
POLYLINE
 5
1647
  8
2DLINES_4
 66
1
 40
0.254000
 41
0.254000
  0
VERTEX
 5
1648
  8
2DLINES_4
 10
-45.80400
 20
89.38200
  0
VERTEX
 5
1649
  8
2DLINES_4
 10
-45.80400
 20
90.01700
  0
SEQEND
  8
2DLINES_4
  0
POLYLINE
 5
164A
  8
2DLINES_4
 66
1
 70
1
 40
0.127000
 41
0.127000
  0
VERTEX
 5
164B
  8
2DLINES_4
 10
-45.86750
 20
89.38200
 42
1.0
  0
VERTEX
 5
164C
  8
2DLINES_4
 10
-45.74050
 20
89.38200
 42
1.0
  0
SEQEND
  8
2DLINES_4
  0
POLYLINE
 5
164D
  8
2DLINES_4
 66
1
 70
1
 40
0.127000
 41
0.127000
  0
VERTEX
 5
164E
  8
2DLINES_4
 10
-45.86750
 20
90.01700
 42
1.0
  0
VERTEX
 5
164F
  8
2DLINES_4
 10
-45.74050
 20
90.01700
 42
1.0
  0
SEQEND
  8
2DLINES_4
  0
POLYLINE
 5
1650
  8
2DLINES_4
 66
1
 40
0.254000
 41
0.254000
  0
VERTEX
 5
1651
  8
2DLINES_4
 10
-45.80400
 20
90.01700
  0
VERTEX
 5
1652
  8
2DLINES_4
 10
-47.07400
 20
90.01700
  0
SEQEND
  8
2DLINES_4
  0
POLYLINE
 5
1653
  8
2DLINES_4
 66
1
 70
1
 40
0.127000
 41
0.127000
  0
VERTEX
 5
1654
  8
2DLINES_4
 10
-45.86750
 20
90.01700
 42
1.0
  0
VERTEX
 5
1655
  8
2DLINES_4
 10
-45.74050
 20
90.01700
 42
1.0
  0
SEQEND
  8
2DLINES_4
  0
POLYLINE
 5
1656
  8
2DLINES_4
 66
1
 70
1
 40
0.127000
 41
0.127000
  0
VERTEX
 5
1657
  8
2DLINES_4
 10
-47.13750
 20
90.01700
 42
1.0
  0
VERTEX
 5
1658
  8
2DLINES_4
 10
-47.01050
 20
90.01700
 42
1.0
  0
SEQEND
  8
2DLINES_4
  0
POLYLINE
 5
1659
  8
2DLINES_4
 66
1
 40
0.254000
 41
0.254000
  0
VERTEX
 5
165A
  8
2DLINES_4
 10
-48.09000
 20
88.49300
  0
VERTEX
 5
165B
  8
2DLINES_4
 10
-48.09000
 20
88.74700
  0
SEQEND
  8
2DLINES_4
  0
POLYLINE
 5
165C
  8
2DLINES_4
 66
1
 70
1
 40
0.127000
 41
0.127000
  0
VERTEX
 5
165D
  8
2DLINES_4
 10
-48.15350
 20
88.49300
 42
1.0
  0
VERTEX
 5
165E
  8
2DLINES_4
 10
-48.02650
 20
88.49300
 42
1.0
  0
SEQEND
  8
2DLINES_4
  0
POLYLINE
 5
165F
  8
2DLINES_4
 66
1
 70
1
 40
0.127000
 41
0.127000
  0
VERTEX
 5
1660
  8
2DLINES_4
 10
-48.15350
 20
88.74700
 42
1.0
  0
VERTEX
 5
1661
  8
2DLINES_4
 10
-48.02650
 20
88.74700
 42
1.0
  0
SEQEND
  8
2DLINES_4
  0
POLYLINE
 5
1662
  8
PLACEMENT_OUTLINE_BOTTOM
 66
1
 40
0.025400
 41
0.025400
  0
VERTEX
 5
1663
  8
PLACEMENT_OUTLINE_BOTTOM
 10
-48.26780
 20
87.21030
  0
VERTEX
 5
1664
  8
PLACEMENT_OUTLINE_BOTTOM
 10
-45.14360
 20
87.21030
  0
SEQEND
  8
PLACEMENT_OUTLINE_BOTTOM
  0
POLYLINE
 5
1665
  8
PLACEMENT_OUTLINE_BOTTOM
 66
1
 70
1
 40
0.012700
 41
0.012700
  0
VERTEX
 5
1666
  8
PLACEMENT_OUTLINE_BOTTOM
 10
-48.27415
 20
87.21030
 42
1.0
  0
VERTEX
 5
1667
  8
PLACEMENT_OUTLINE_BOTTOM
 10
-48.26145
 20
87.21030
 42
1.0
  0
SEQEND
  8
PLACEMENT_OUTLINE_BOTTOM
  0
POLYLINE
 5
1668
  8
PLACEMENT_OUTLINE_BOTTOM
 66
1
 70
1
 40
0.012700
 41
0.012700
  0
VERTEX
 5
1669
  8
PLACEMENT_OUTLINE_BOTTOM
 10
-45.14995
 20
87.21030
 42
1.0
  0
VERTEX
 5
166A
  8
PLACEMENT_OUTLINE_BOTTOM
 10
-45.13725
 20
87.21030
 42
1.0
  0
SEQEND
  8
PLACEMENT_OUTLINE_BOTTOM
  0
POLYLINE
 5
166B
  8
PLACEMENT_OUTLINE_BOTTOM
 66
1
 40
0.025400
 41
0.025400
  0
VERTEX
 5
166C
  8
PLACEMENT_OUTLINE_BOTTOM
 10
-45.14360
 20
87.21030
  0
VERTEX
 5
166D
  8
PLACEMENT_OUTLINE_BOTTOM
 10
-45.14360
 20
90.02970
  0
SEQEND
  8
PLACEMENT_OUTLINE_BOTTOM
  0
POLYLINE
 5
166E
  8
PLACEMENT_OUTLINE_BOTTOM
 66
1
 70
1
 40
0.012700
 41
0.012700
  0
VERTEX
 5
166F
  8
PLACEMENT_OUTLINE_BOTTOM
 10
-45.14995
 20
87.21030
 42
1.0
  0
VERTEX
 5
1670
  8
PLACEMENT_OUTLINE_BOTTOM
 10
-45.13725
 20
87.21030
 42
1.0
  0
SEQEND
  8
PLACEMENT_OUTLINE_BOTTOM
  0
POLYLINE
 5
1671
  8
PLACEMENT_OUTLINE_BOTTOM
 66
1
 70
1
 40
0.012700
 41
0.012700
  0
VERTEX
 5
1672
  8
PLACEMENT_OUTLINE_BOTTOM
 10
-45.14995
 20
90.02970
 42
1.0
  0
VERTEX
 5
1673
  8
PLACEMENT_OUTLINE_BOTTOM
 10
-45.13725
 20
90.02970
 42
1.0
  0
SEQEND
  8
PLACEMENT_OUTLINE_BOTTOM
  0
POLYLINE
 5
1674
  8
PLACEMENT_OUTLINE_BOTTOM
 66
1
 40
0.025400
 41
0.025400
  0
VERTEX
 5
1675
  8
PLACEMENT_OUTLINE_BOTTOM
 10
-45.14360
 20
90.02970
  0
VERTEX
 5
1676
  8
PLACEMENT_OUTLINE_BOTTOM
 10
-48.26780
 20
90.02970
  0
SEQEND
  8
PLACEMENT_OUTLINE_BOTTOM
  0
POLYLINE
 5
1677
  8
PLACEMENT_OUTLINE_BOTTOM
 66
1
 70
1
 40
0.012700
 41
0.012700
  0
VERTEX
 5
1678
  8
PLACEMENT_OUTLINE_BOTTOM
 10
-45.14995
 20
90.02970
 42
1.0
  0
VERTEX
 5
1679
  8
PLACEMENT_OUTLINE_BOTTOM
 10
-45.13725
 20
90.02970
 42
1.0
  0
SEQEND
  8
PLACEMENT_OUTLINE_BOTTOM
  0
POLYLINE
 5
167A
  8
PLACEMENT_OUTLINE_BOTTOM
 66
1
 70
1
 40
0.012700
 41
0.012700
  0
VERTEX
 5
167B
  8
PLACEMENT_OUTLINE_BOTTOM
 10
-48.27415
 20
90.02970
 42
1.0
  0
VERTEX
 5
167C
  8
PLACEMENT_OUTLINE_BOTTOM
 10
-48.26145
 20
90.02970
 42
1.0
  0
SEQEND
  8
PLACEMENT_OUTLINE_BOTTOM
  0
POLYLINE
 5
167D
  8
PLACEMENT_OUTLINE_BOTTOM
 66
1
 40
0.025400
 41
0.025400
  0
VERTEX
 5
167E
  8
PLACEMENT_OUTLINE_BOTTOM
 10
-48.26780
 20
90.02970
  0
VERTEX
 5
167F
  8
PLACEMENT_OUTLINE_BOTTOM
 10
-48.26780
 20
87.21030
  0
SEQEND
  8
PLACEMENT_OUTLINE_BOTTOM
  0
POLYLINE
 5
1680
  8
PLACEMENT_OUTLINE_BOTTOM
 66
1
 70
1
 40
0.012700
 41
0.012700
  0
VERTEX
 5
1681
  8
PLACEMENT_OUTLINE_BOTTOM
 10
-48.27415
 20
90.02970
 42
1.0
  0
VERTEX
 5
1682
  8
PLACEMENT_OUTLINE_BOTTOM
 10
-48.26145
 20
90.02970
 42
1.0
  0
SEQEND
  8
PLACEMENT_OUTLINE_BOTTOM
  0
POLYLINE
 5
1683
  8
PLACEMENT_OUTLINE_BOTTOM
 66
1
 70
1
 40
0.012700
 41
0.012700
  0
VERTEX
 5
1684
  8
PLACEMENT_OUTLINE_BOTTOM
 10
-48.27415
 20
87.21030
 42
1.0
  0
VERTEX
 5
1685
  8
PLACEMENT_OUTLINE_BOTTOM
 10
-48.26145
 20
87.21030
 42
1.0
  0
SEQEND
  8
PLACEMENT_OUTLINE_BOTTOM
  0
SOLID
 5
1686
  8
PADLAYER_BOTTOM
 10
-48.26780
 20
88.12470
 11
-48.26780
 21
87.21030
 12
-47.35340
 22
88.12470
 13
-47.35340
 23
87.21030
  0
SOLID
 5
1687
  8
PADLAYER_BOTTOM
 10
-48.26780
 20
90.02970
 11
-48.26780
 21
89.11530
 12
-47.35340
 22
90.02970
 13
-47.35340
 23
89.11530
  0
SOLID
 5
1688
  8
PADLAYER_BOTTOM
 10
-46.41360
 20
88.16280
 11
-45.14360
 21
88.16280
 12
-46.41360
 22
89.07720
 13
-45.14360
 23
89.07720
  0
POLYLINE
 5
1689
  8
Bottom04
 66
1
 70
1
 40
0.000000
 41
0.000000
  0
VERTEX
 5
168A
  8
Bottom04
 10
-46.79000
 20
77.90730
 42
0.414214
  0
VERTEX
 5
168B
  8
Bottom04
 10
-46.77730
 20
77.92000
  0
VERTEX
 5
168C
  8
Bottom04
 10
-46.77730
 20
81.11000
 42
0.414214
  0
VERTEX
 5
168D
  8
Bottom04
 10
-46.79000
 20
81.12270
  0
VERTEX
 5
168E
  8
Bottom04
 10
-48.29000
 20
81.12270
 42
0.414214
  0
VERTEX
 5
168F
  8
Bottom04
 10
-48.30270
 20
81.11000
  0
VERTEX
 5
1690
  8
Bottom04
 10
-48.30270
 20
77.92000
 42
0.414214
  0
VERTEX
 5
1691
  8
Bottom04
 10
-48.29000
 20
77.90730
  0
VERTEX
 5
1692
  8
Bottom04
 10
-46.79000
 20
77.90730
  0
SEQEND
  8
Bottom04
  0
POLYLINE
 5
1693
  8
2DLINES_4
 66
1
 40
0.152400
 41
0.152400
  0
VERTEX
 5
1694
  8
2DLINES_4
 10
-48.18000
 20
79.52000
  0
VERTEX
 5
1695
  8
2DLINES_4
 10
-46.88000
 20
79.52000
  0
SEQEND
  8
2DLINES_4
  0
POLYLINE
 5
1696
  8
2DLINES_4
 66
1
 70
1
 40
0.076200
 41
0.076200
  0
VERTEX
 5
1697
  8
2DLINES_4
 10
-48.21810
 20
79.52000
 42
1.0
  0
VERTEX
 5
1698
  8
2DLINES_4
 10
-48.14190
 20
79.52000
 42
1.0
  0
SEQEND
  8
2DLINES_4
  0
POLYLINE
 5
1699
  8
2DLINES_4
 66
1
 70
1
 40
0.076200
 41
0.076200
  0
VERTEX
 5
169A
  8
2DLINES_4
 10
-46.91810
 20
79.52000
 42
1.0
  0
VERTEX
 5
169B
  8
2DLINES_4
 10
-46.84190
 20
79.52000
 42
1.0
  0
SEQEND
  8
2DLINES_4
  0
POLYLINE
 5
169C
  8
PLACEMENT_OUTLINE_BOTTOM
 66
1
 40
0.025400
 41
0.025400
  0
VERTEX
 5
169D
  8
PLACEMENT_OUTLINE_BOTTOM
 10
-48.28000
 20
77.92000
  0
VERTEX
 5
169E
  8
PLACEMENT_OUTLINE_BOTTOM
 10
-46.78000
 20
77.92000
  0
SEQEND
  8
PLACEMENT_OUTLINE_BOTTOM
  0
POLYLINE
 5
169F
  8
PLACEMENT_OUTLINE_BOTTOM
 66
1
 70
1
 40
0.012700
 41
0.012700
  0
VERTEX
 5
16A0
  8
PLACEMENT_OUTLINE_BOTTOM
 10
-48.28635
 20
77.92000
 42
1.0
  0
VERTEX
 5
16A1
  8
PLACEMENT_OUTLINE_BOTTOM
 10
-48.27365
 20
77.92000
 42
1.0
  0
SEQEND
  8
PLACEMENT_OUTLINE_BOTTOM
  0
POLYLINE
 5
16A2
  8
PLACEMENT_OUTLINE_BOTTOM
 66
1
 70
1
 40
0.012700
 41
0.012700
  0
VERTEX
 5
16A3
  8
PLACEMENT_OUTLINE_BOTTOM
 10
-46.78635
 20
77.92000
 42
1.0
  0
VERTEX
 5
16A4
  8
PLACEMENT_OUTLINE_BOTTOM
 10
-46.77365
 20
77.92000
 42
1.0
  0
SEQEND
  8
PLACEMENT_OUTLINE_BOTTOM
  0
POLYLINE
 5
16A5
  8
PLACEMENT_OUTLINE_BOTTOM
 66
1
 40
0.025400
 41
0.025400
  0
VERTEX
 5
16A6
  8
PLACEMENT_OUTLINE_BOTTOM
 10
-46.78000
 20
77.92000
  0
VERTEX
 5
16A7
  8
PLACEMENT_OUTLINE_BOTTOM
 10
-46.78000
 20
81.12000
  0
SEQEND
  8
PLACEMENT_OUTLINE_BOTTOM
  0
POLYLINE
 5
16A8
  8
PLACEMENT_OUTLINE_BOTTOM
 66
1
 70
1
 40
0.012700
 41
0.012700
  0
VERTEX
 5
16A9
  8
PLACEMENT_OUTLINE_BOTTOM
 10
-46.78635
 20
77.92000
 42
1.0
  0
VERTEX
 5
16AA
  8
PLACEMENT_OUTLINE_BOTTOM
 10
-46.77365
 20
77.92000
 42
1.0
  0
SEQEND
  8
PLACEMENT_OUTLINE_BOTTOM
  0
POLYLINE
 5
16AB
  8
PLACEMENT_OUTLINE_BOTTOM
 66
1
 70
1
 40
0.012700
 41
0.012700
  0
VERTEX
 5
16AC
  8
PLACEMENT_OUTLINE_BOTTOM
 10
-46.78635
 20
81.12000
 42
1.0
  0
VERTEX
 5
16AD
  8
PLACEMENT_OUTLINE_BOTTOM
 10
-46.77365
 20
81.12000
 42
1.0
  0
SEQEND
  8
PLACEMENT_OUTLINE_BOTTOM
  0
POLYLINE
 5
16AE
  8
PLACEMENT_OUTLINE_BOTTOM
 66
1
 40
0.025400
 41
0.025400
  0
VERTEX
 5
16AF
  8
PLACEMENT_OUTLINE_BOTTOM
 10
-46.78000
 20
81.12000
  0
VERTEX
 5
16B0
  8
PLACEMENT_OUTLINE_BOTTOM
 10
-48.28000
 20
81.12000
  0
SEQEND
  8
PLACEMENT_OUTLINE_BOTTOM
  0
POLYLINE
 5
16B1
  8
PLACEMENT_OUTLINE_BOTTOM
 66
1
 70
1
 40
0.012700
 41
0.012700
  0
VERTEX
 5
16B2
  8
PLACEMENT_OUTLINE_BOTTOM
 10
-46.78635
 20
81.12000
 42
1.0
  0
VERTEX
 5
16B3
  8
PLACEMENT_OUTLINE_BOTTOM
 10
-46.77365
 20
81.12000
 42
1.0
  0
SEQEND
  8
PLACEMENT_OUTLINE_BOTTOM
  0
POLYLINE
 5
16B4
  8
PLACEMENT_OUTLINE_BOTTOM
 66
1
 70
1
 40
0.012700
 41
0.012700
  0
VERTEX
 5
16B5
  8
PLACEMENT_OUTLINE_BOTTOM
 10
-48.28635
 20
81.12000
 42
1.0
  0
VERTEX
 5
16B6
  8
PLACEMENT_OUTLINE_BOTTOM
 10
-48.27365
 20
81.12000
 42
1.0
  0
SEQEND
  8
PLACEMENT_OUTLINE_BOTTOM
  0
POLYLINE
 5
16B7
  8
PLACEMENT_OUTLINE_BOTTOM
 66
1
 40
0.025400
 41
0.025400
  0
VERTEX
 5
16B8
  8
PLACEMENT_OUTLINE_BOTTOM
 10
-48.28000
 20
81.12000
  0
VERTEX
 5
16B9
  8
PLACEMENT_OUTLINE_BOTTOM
 10
-48.28000
 20
77.92000
  0
SEQEND
  8
PLACEMENT_OUTLINE_BOTTOM
  0
POLYLINE
 5
16BA
  8
PLACEMENT_OUTLINE_BOTTOM
 66
1
 70
1
 40
0.012700
 41
0.012700
  0
VERTEX
 5
16BB
  8
PLACEMENT_OUTLINE_BOTTOM
 10
-48.28635
 20
81.12000
 42
1.0
  0
VERTEX
 5
16BC
  8
PLACEMENT_OUTLINE_BOTTOM
 10
-48.27365
 20
81.12000
 42
1.0
  0
SEQEND
  8
PLACEMENT_OUTLINE_BOTTOM
  0
POLYLINE
 5
16BD
  8
PLACEMENT_OUTLINE_BOTTOM
 66
1
 70
1
 40
0.012700
 41
0.012700
  0
VERTEX
 5
16BE
  8
PLACEMENT_OUTLINE_BOTTOM
 10
-48.28635
 20
77.92000
 42
1.0
  0
VERTEX
 5
16BF
  8
PLACEMENT_OUTLINE_BOTTOM
 10
-48.27365
 20
77.92000
 42
1.0
  0
SEQEND
  8
PLACEMENT_OUTLINE_BOTTOM
  0
SOLID
 5
16C0
  8
PADLAYER_BOTTOM
 10
-48.28000
 20
77.92000
 11
-46.78000
 21
77.92000
 12
-48.28000
 22
79.22000
 13
-46.78000
 23
79.22000
  0
SOLID
 5
16C1
  8
PADLAYER_BOTTOM
 10
-48.28000
 20
79.82000
 11
-46.78000
 21
79.82000
 12
-48.28000
 22
81.12000
 13
-46.78000
 23
81.12000
  0
POLYLINE
 5
16C2
  8
PLACEMENT_OUTLINE_BOTTOM
 66
1
 40
0.025400
 41
0.025400
  0
VERTEX
 5
16C3
  8
PLACEMENT_OUTLINE_BOTTOM
 10
-49.48000
 20
82.75000
  0
VERTEX
 5
16C4
  8
PLACEMENT_OUTLINE_BOTTOM
 10
-54.01500
 20
82.75000
  0
SEQEND
  8
PLACEMENT_OUTLINE_BOTTOM
  0
POLYLINE
 5
16C5
  8
PLACEMENT_OUTLINE_BOTTOM
 66
1
 70
1
 40
0.012700
 41
0.012700
  0
VERTEX
 5
16C6
  8
PLACEMENT_OUTLINE_BOTTOM
 10
-49.48635
 20
82.75000
 42
1.0
  0
VERTEX
 5
16C7
  8
PLACEMENT_OUTLINE_BOTTOM
 10
-49.47365
 20
82.75000
 42
1.0
  0
SEQEND
  8
PLACEMENT_OUTLINE_BOTTOM
  0
POLYLINE
 5
16C8
  8
PLACEMENT_OUTLINE_BOTTOM
 66
1
 70
1
 40
0.012700
 41
0.012700
  0
VERTEX
 5
16C9
  8
PLACEMENT_OUTLINE_BOTTOM
 10
-54.02135
 20
82.75000
 42
1.0
  0
VERTEX
 5
16CA
  8
PLACEMENT_OUTLINE_BOTTOM
 10
-54.00865
 20
82.75000
 42
1.0
  0
SEQEND
  8
PLACEMENT_OUTLINE_BOTTOM
  0
POLYLINE
 5
16CB
  8
PLACEMENT_OUTLINE_BOTTOM
 66
1
 40
0.025400
 41
0.025400
  0
VERTEX
 5
16CC
  8
PLACEMENT_OUTLINE_BOTTOM
 10
-54.01500
 20
82.75000
  0
VERTEX
 5
16CD
  8
PLACEMENT_OUTLINE_BOTTOM
 10
-54.01500
 20
76.29000
  0
SEQEND
  8
PLACEMENT_OUTLINE_BOTTOM
  0
POLYLINE
 5
16CE
  8
PLACEMENT_OUTLINE_BOTTOM
 66
1
 70
1
 40
0.012700
 41
0.012700
  0
VERTEX
 5
16CF
  8
PLACEMENT_OUTLINE_BOTTOM
 10
-54.02135
 20
82.75000
 42
1.0
  0
VERTEX
 5
16D0
  8
PLACEMENT_OUTLINE_BOTTOM
 10
-54.00865
 20
82.75000
 42
1.0
  0
SEQEND
  8
PLACEMENT_OUTLINE_BOTTOM
  0
POLYLINE
 5
16D1
  8
PLACEMENT_OUTLINE_BOTTOM
 66
1
 70
1
 40
0.012700
 41
0.012700
  0
VERTEX
 5
16D2
  8
PLACEMENT_OUTLINE_BOTTOM
 10
-54.02135
 20
76.29000
 42
1.0
  0
VERTEX
 5
16D3
  8
PLACEMENT_OUTLINE_BOTTOM
 10
-54.00865
 20
76.29000
 42
1.0
  0
SEQEND
  8
PLACEMENT_OUTLINE_BOTTOM
  0
POLYLINE
 5
16D4
  8
PLACEMENT_OUTLINE_BOTTOM
 66
1
 40
0.025400
 41
0.025400
  0
VERTEX
 5
16D5
  8
PLACEMENT_OUTLINE_BOTTOM
 10
-54.01500
 20
76.29000
  0
VERTEX
 5
16D6
  8
PLACEMENT_OUTLINE_BOTTOM
 10
-49.48000
 20
76.29000
  0
SEQEND
  8
PLACEMENT_OUTLINE_BOTTOM
  0
POLYLINE
 5
16D7
  8
PLACEMENT_OUTLINE_BOTTOM
 66
1
 70
1
 40
0.012700
 41
0.012700
  0
VERTEX
 5
16D8
  8
PLACEMENT_OUTLINE_BOTTOM
 10
-54.02135
 20
76.29000
 42
1.0
  0
VERTEX
 5
16D9
  8
PLACEMENT_OUTLINE_BOTTOM
 10
-54.00865
 20
76.29000
 42
1.0
  0
SEQEND
  8
PLACEMENT_OUTLINE_BOTTOM
  0
POLYLINE
 5
16DA
  8
PLACEMENT_OUTLINE_BOTTOM
 66
1
 70
1
 40
0.012700
 41
0.012700
  0
VERTEX
 5
16DB
  8
PLACEMENT_OUTLINE_BOTTOM
 10
-49.48635
 20
76.29000
 42
1.0
  0
VERTEX
 5
16DC
  8
PLACEMENT_OUTLINE_BOTTOM
 10
-49.47365
 20
76.29000
 42
1.0
  0
SEQEND
  8
PLACEMENT_OUTLINE_BOTTOM
  0
POLYLINE
 5
16DD
  8
PLACEMENT_OUTLINE_BOTTOM
 66
1
 40
0.025400
 41
0.025400
  0
VERTEX
 5
16DE
  8
PLACEMENT_OUTLINE_BOTTOM
 10
-49.48000
 20
76.29000
  0
VERTEX
 5
16DF
  8
PLACEMENT_OUTLINE_BOTTOM
 10
-49.48000
 20
82.75000
  0
SEQEND
  8
PLACEMENT_OUTLINE_BOTTOM
  0
POLYLINE
 5
16E0
  8
PLACEMENT_OUTLINE_BOTTOM
 66
1
 70
1
 40
0.012700
 41
0.012700
  0
VERTEX
 5
16E1
  8
PLACEMENT_OUTLINE_BOTTOM
 10
-49.48635
 20
76.29000
 42
1.0
  0
VERTEX
 5
16E2
  8
PLACEMENT_OUTLINE_BOTTOM
 10
-49.47365
 20
76.29000
 42
1.0
  0
SEQEND
  8
PLACEMENT_OUTLINE_BOTTOM
  0
POLYLINE
 5
16E3
  8
PLACEMENT_OUTLINE_BOTTOM
 66
1
 70
1
 40
0.012700
 41
0.012700
  0
VERTEX
 5
16E4
  8
PLACEMENT_OUTLINE_BOTTOM
 10
-49.48635
 20
82.75000
 42
1.0
  0
VERTEX
 5
16E5
  8
PLACEMENT_OUTLINE_BOTTOM
 10
-49.47365
 20
82.75000
 42
1.0
  0
SEQEND
  8
PLACEMENT_OUTLINE_BOTTOM
  0
SOLID
 5
16E6
  8
PADLAYER_BOTTOM
 10
-53.29500
 20
80.97000
 11
-53.29500
 21
82.75000
 12
-54.01500
 22
80.97000
 13
-54.01500
 23
82.75000
  0
SOLID
 5
16E7
  8
PADLAYER_BOTTOM
 10
-52.03000
 20
80.97000
 11
-52.03000
 21
82.75000
 12
-52.75000
 22
80.97000
 13
-52.75000
 23
82.75000
  0
SOLID
 5
16E8
  8
PADLAYER_BOTTOM
 10
-50.75000
 20
80.97000
 11
-50.75000
 21
82.75000
 12
-51.47000
 22
80.97000
 13
-51.47000
 23
82.75000
  0
SOLID
 5
16E9
  8
PADLAYER_BOTTOM
 10
-49.48000
 20
80.97000
 11
-49.48000
 21
82.75000
 12
-50.20000
 22
80.97000
 13
-50.20000
 23
82.75000
  0
SOLID
 5
16EA
  8
PADLAYER_BOTTOM
 10
-49.48000
 20
76.29000
 11
-49.48000
 21
78.07000
 12
-50.20000
 22
76.29000
 13
-50.20000
 23
78.07000
  0
SOLID
 5
16EB
  8
PADLAYER_BOTTOM
 10
-50.75000
 20
76.29000
 11
-50.75000
 21
78.07000
 12
-51.47000
 22
76.29000
 13
-51.47000
 23
78.07000
  0
SOLID
 5
16EC
  8
PADLAYER_BOTTOM
 10
-52.03000
 20
76.29000
 11
-52.03000
 21
78.07000
 12
-52.75000
 22
76.29000
 13
-52.75000
 23
78.07000
  0
SOLID
 5
16ED
  8
PADLAYER_BOTTOM
 10
-53.29500
 20
76.29000
 11
-53.29500
 21
78.07000
 12
-54.01500
 22
76.29000
 13
-54.01500
 23
78.07000
  0
POLYLINE
 5
16EE
  8
PLACEMENT_OUTLINE_BOTTOM
 66
1
 40
0.299970
 41
0.299970
  0
VERTEX
 5
16EF
  8
PLACEMENT_OUTLINE_BOTTOM
 10
-4.43500
 20
15.27300
  0
VERTEX
 5
16F0
  8
PLACEMENT_OUTLINE_BOTTOM
 10
-4.43500
 20
18.06700
  0
SEQEND
  8
PLACEMENT_OUTLINE_BOTTOM
  0
POLYLINE
 5
16F1
  8
PLACEMENT_OUTLINE_BOTTOM
 66
1
 70
1
 40
0.149985
 41
0.149985
  0
VERTEX
 5
16F2
  8
PLACEMENT_OUTLINE_BOTTOM
 10
-4.50999
 20
15.27300
 42
1.0
  0
VERTEX
 5
16F3
  8
PLACEMENT_OUTLINE_BOTTOM
 10
-4.36001
 20
15.27300
 42
1.0
  0
SEQEND
  8
PLACEMENT_OUTLINE_BOTTOM
  0
POLYLINE
 5
16F4
  8
PLACEMENT_OUTLINE_BOTTOM
 66
1
 70
1
 40
0.149985
 41
0.149985
  0
VERTEX
 5
16F5
  8
PLACEMENT_OUTLINE_BOTTOM
 10
-4.50999
 20
18.06700
 42
1.0
  0
VERTEX
 5
16F6
  8
PLACEMENT_OUTLINE_BOTTOM
 10
-4.36001
 20
18.06700
 42
1.0
  0
SEQEND
  8
PLACEMENT_OUTLINE_BOTTOM
  0
POLYLINE
 5
16F7
  8
PLACEMENT_OUTLINE_BOTTOM
 66
1
 40
0.299970
 41
0.299970
  0
VERTEX
 5
16F8
  8
PLACEMENT_OUTLINE_BOTTOM
 10
-4.43500
 20
18.06700
  0
VERTEX
 5
16F9
  8
PLACEMENT_OUTLINE_BOTTOM
 10
-3.16500
 20
18.06700
  0
SEQEND
  8
PLACEMENT_OUTLINE_BOTTOM
  0
POLYLINE
 5
16FA
  8
PLACEMENT_OUTLINE_BOTTOM
 66
1
 70
1
 40
0.149985
 41
0.149985
  0
VERTEX
 5
16FB
  8
PLACEMENT_OUTLINE_BOTTOM
 10
-4.50999
 20
18.06700
 42
1.0
  0
VERTEX
 5
16FC
  8
PLACEMENT_OUTLINE_BOTTOM
 10
-4.36001
 20
18.06700
 42
1.0
  0
SEQEND
  8
PLACEMENT_OUTLINE_BOTTOM
  0
POLYLINE
 5
16FD
  8
PLACEMENT_OUTLINE_BOTTOM
 66
1
 70
1
 40
0.149985
 41
0.149985
  0
VERTEX
 5
16FE
  8
PLACEMENT_OUTLINE_BOTTOM
 10
-3.23999
 20
18.06700
 42
1.0
  0
VERTEX
 5
16FF
  8
PLACEMENT_OUTLINE_BOTTOM
 10
-3.09001
 20
18.06700
 42
1.0
  0
SEQEND
  8
PLACEMENT_OUTLINE_BOTTOM
  0
POLYLINE
 5
1700
  8
PLACEMENT_OUTLINE_BOTTOM
 66
1
 40
0.299970
 41
0.299970
  0
VERTEX
 5
1701
  8
PLACEMENT_OUTLINE_BOTTOM
 10
-3.16500
 20
18.06700
  0
VERTEX
 5
1702
  8
PLACEMENT_OUTLINE_BOTTOM
 10
-3.16500
 20
15.27300
  0
SEQEND
  8
PLACEMENT_OUTLINE_BOTTOM
  0
POLYLINE
 5
1703
  8
PLACEMENT_OUTLINE_BOTTOM
 66
1
 70
1
 40
0.149985
 41
0.149985
  0
VERTEX
 5
1704
  8
PLACEMENT_OUTLINE_BOTTOM
 10
-3.23999
 20
18.06700
 42
1.0
  0
VERTEX
 5
1705
  8
PLACEMENT_OUTLINE_BOTTOM
 10
-3.09001
 20
18.06700
 42
1.0
  0
SEQEND
  8
PLACEMENT_OUTLINE_BOTTOM
  0
POLYLINE
 5
1706
  8
PLACEMENT_OUTLINE_BOTTOM
 66
1
 70
1
 40
0.149985
 41
0.149985
  0
VERTEX
 5
1707
  8
PLACEMENT_OUTLINE_BOTTOM
 10
-3.23999
 20
15.27300
 42
1.0
  0
VERTEX
 5
1708
  8
PLACEMENT_OUTLINE_BOTTOM
 10
-3.09001
 20
15.27300
 42
1.0
  0
SEQEND
  8
PLACEMENT_OUTLINE_BOTTOM
  0
POLYLINE
 5
1709
  8
PLACEMENT_OUTLINE_BOTTOM
 66
1
 40
0.299970
 41
0.299970
  0
VERTEX
 5
170A
  8
PLACEMENT_OUTLINE_BOTTOM
 10
-3.16500
 20
15.27300
  0
VERTEX
 5
170B
  8
PLACEMENT_OUTLINE_BOTTOM
 10
-4.43500
 20
15.27300
  0
SEQEND
  8
PLACEMENT_OUTLINE_BOTTOM
  0
POLYLINE
 5
170C
  8
PLACEMENT_OUTLINE_BOTTOM
 66
1
 70
1
 40
0.149985
 41
0.149985
  0
VERTEX
 5
170D
  8
PLACEMENT_OUTLINE_BOTTOM
 10
-3.23999
 20
15.27300
 42
1.0
  0
VERTEX
 5
170E
  8
PLACEMENT_OUTLINE_BOTTOM
 10
-3.09001
 20
15.27300
 42
1.0
  0
SEQEND
  8
PLACEMENT_OUTLINE_BOTTOM
  0
POLYLINE
 5
170F
  8
PLACEMENT_OUTLINE_BOTTOM
 66
1
 70
1
 40
0.149985
 41
0.149985
  0
VERTEX
 5
1710
  8
PLACEMENT_OUTLINE_BOTTOM
 10
-4.50999
 20
15.27300
 42
1.0
  0
VERTEX
 5
1711
  8
PLACEMENT_OUTLINE_BOTTOM
 10
-4.36001
 20
15.27300
 42
1.0
  0
SEQEND
  8
PLACEMENT_OUTLINE_BOTTOM
  0
SOLID
 5
1712
  8
PADLAYER_BOTTOM
 10
-3.34280
 20
16.97480
 11
-3.34280
 21
17.88920
 12
-4.25720
 22
16.97480
 13
-4.25720
 23
17.88920
  0
SOLID
 5
1713
  8
PADLAYER_BOTTOM
 10
-3.34280
 20
15.45080
 11
-3.34280
 21
16.36520
 12
-4.25720
 22
15.45080
 13
-4.25720
 23
16.36520
  0
POLYLINE
 5
1714
  8
PLACEMENT_OUTLINE_BOTTOM
 66
1
 40
0.299970
 41
0.299970
  0
VERTEX
 5
1715
  8
PLACEMENT_OUTLINE_BOTTOM
 10
-0.83500
 20
14.48700
  0
VERTEX
 5
1716
  8
PLACEMENT_OUTLINE_BOTTOM
 10
-0.83500
 20
11.69300
  0
SEQEND
  8
PLACEMENT_OUTLINE_BOTTOM
  0
POLYLINE
 5
1717
  8
PLACEMENT_OUTLINE_BOTTOM
 66
1
 70
1
 40
0.149985
 41
0.149985
  0
VERTEX
 5
1718
  8
PLACEMENT_OUTLINE_BOTTOM
 10
-0.90999
 20
14.48700
 42
1.0
  0
VERTEX
 5
1719
  8
PLACEMENT_OUTLINE_BOTTOM
 10
-0.76001
 20
14.48700
 42
1.0
  0
SEQEND
  8
PLACEMENT_OUTLINE_BOTTOM
  0
POLYLINE
 5
171A
  8
PLACEMENT_OUTLINE_BOTTOM
 66
1
 70
1
 40
0.149985
 41
0.149985
  0
VERTEX
 5
171B
  8
PLACEMENT_OUTLINE_BOTTOM
 10
-0.90999
 20
11.69300
 42
1.0
  0
VERTEX
 5
171C
  8
PLACEMENT_OUTLINE_BOTTOM
 10
-0.76001
 20
11.69300
 42
1.0
  0
SEQEND
  8
PLACEMENT_OUTLINE_BOTTOM
  0
POLYLINE
 5
171D
  8
PLACEMENT_OUTLINE_BOTTOM
 66
1
 40
0.299970
 41
0.299970
  0
VERTEX
 5
171E
  8
PLACEMENT_OUTLINE_BOTTOM
 10
-0.83500
 20
11.69300
  0
VERTEX
 5
171F
  8
PLACEMENT_OUTLINE_BOTTOM
 10
-2.10500
 20
11.69300
  0
SEQEND
  8
PLACEMENT_OUTLINE_BOTTOM
  0
POLYLINE
 5
1720
  8
PLACEMENT_OUTLINE_BOTTOM
 66
1
 70
1
 40
0.149985
 41
0.149985
  0
VERTEX
 5
1721
  8
PLACEMENT_OUTLINE_BOTTOM
 10
-0.90999
 20
11.69300
 42
1.0
  0
VERTEX
 5
1722
  8
PLACEMENT_OUTLINE_BOTTOM
 10
-0.76001
 20
11.69300
 42
1.0
  0
SEQEND
  8
PLACEMENT_OUTLINE_BOTTOM
  0
POLYLINE
 5
1723
  8
PLACEMENT_OUTLINE_BOTTOM
 66
1
 70
1
 40
0.149985
 41
0.149985
  0
VERTEX
 5
1724
  8
PLACEMENT_OUTLINE_BOTTOM
 10
-2.17999
 20
11.69300
 42
1.0
  0
VERTEX
 5
1725
  8
PLACEMENT_OUTLINE_BOTTOM
 10
-2.03001
 20
11.69300
 42
1.0
  0
SEQEND
  8
PLACEMENT_OUTLINE_BOTTOM
  0
POLYLINE
 5
1726
  8
PLACEMENT_OUTLINE_BOTTOM
 66
1
 40
0.299970
 41
0.299970
  0
VERTEX
 5
1727
  8
PLACEMENT_OUTLINE_BOTTOM
 10
-2.10500
 20
11.69300
  0
VERTEX
 5
1728
  8
PLACEMENT_OUTLINE_BOTTOM
 10
-2.10500
 20
14.48700
  0
SEQEND
  8
PLACEMENT_OUTLINE_BOTTOM
  0
POLYLINE
 5
1729
  8
PLACEMENT_OUTLINE_BOTTOM
 66
1
 70
1
 40
0.149985
 41
0.149985
  0
VERTEX
 5
172A
  8
PLACEMENT_OUTLINE_BOTTOM
 10
-2.17999
 20
11.69300
 42
1.0
  0
VERTEX
 5
172B
  8
PLACEMENT_OUTLINE_BOTTOM
 10
-2.03001
 20
11.69300
 42
1.0
  0
SEQEND
  8
PLACEMENT_OUTLINE_BOTTOM
  0
POLYLINE
 5
172C
  8
PLACEMENT_OUTLINE_BOTTOM
 66
1
 70
1
 40
0.149985
 41
0.149985
  0
VERTEX
 5
172D
  8
PLACEMENT_OUTLINE_BOTTOM
 10
-2.17999
 20
14.48700
 42
1.0
  0
VERTEX
 5
172E
  8
PLACEMENT_OUTLINE_BOTTOM
 10
-2.03001
 20
14.48700
 42
1.0
  0
SEQEND
  8
PLACEMENT_OUTLINE_BOTTOM
  0
POLYLINE
 5
172F
  8
PLACEMENT_OUTLINE_BOTTOM
 66
1
 40
0.299970
 41
0.299970
  0
VERTEX
 5
1730
  8
PLACEMENT_OUTLINE_BOTTOM
 10
-2.10500
 20
14.48700
  0
VERTEX
 5
1731
  8
PLACEMENT_OUTLINE_BOTTOM
 10
-0.83500
 20
14.48700
  0
SEQEND
  8
PLACEMENT_OUTLINE_BOTTOM
  0
POLYLINE
 5
1732
  8
PLACEMENT_OUTLINE_BOTTOM
 66
1
 70
1
 40
0.149985
 41
0.149985
  0
VERTEX
 5
1733
  8
PLACEMENT_OUTLINE_BOTTOM
 10
-2.17999
 20
14.48700
 42
1.0
  0
VERTEX
 5
1734
  8
PLACEMENT_OUTLINE_BOTTOM
 10
-2.03001
 20
14.48700
 42
1.0
  0
SEQEND
  8
PLACEMENT_OUTLINE_BOTTOM
  0
POLYLINE
 5
1735
  8
PLACEMENT_OUTLINE_BOTTOM
 66
1
 70
1
 40
0.149985
 41
0.149985
  0
VERTEX
 5
1736
  8
PLACEMENT_OUTLINE_BOTTOM
 10
-0.90999
 20
14.48700
 42
1.0
  0
VERTEX
 5
1737
  8
PLACEMENT_OUTLINE_BOTTOM
 10
-0.76001
 20
14.48700
 42
1.0
  0
SEQEND
  8
PLACEMENT_OUTLINE_BOTTOM
  0
SOLID
 5
1738
  8
PADLAYER_BOTTOM
 10
-1.92720
 20
12.78520
 11
-1.92720
 21
11.87080
 12
-1.01280
 22
12.78520
 13
-1.01280
 23
11.87080
  0
SOLID
 5
1739
  8
PADLAYER_BOTTOM
 10
-1.92720
 20
14.30920
 11
-1.92720
 21
13.39480
 12
-1.01280
 22
14.30920
 13
-1.01280
 23
13.39480
  0
POLYLINE
 5
173A
  8
2DLINES_1
 66
1
 40
0.200000
 41
0.200000
  0
VERTEX
 5
173B
  8
2DLINES_1
 10
14.82000
 20
83.87000
  0
VERTEX
 5
173C
  8
2DLINES_1
 10
0.52000
 20
83.87000
  0
SEQEND
  8
2DLINES_1
  0
POLYLINE
 5
173D
  8
2DLINES_1
 66
1
 70
1
 40
0.100000
 41
0.100000
  0
VERTEX
 5
173E
  8
2DLINES_1
 10
14.77000
 20
83.87000
 42
1.0
  0
VERTEX
 5
173F
  8
2DLINES_1
 10
14.87000
 20
83.87000
 42
1.0
  0
SEQEND
  8
2DLINES_1
  0
POLYLINE
 5
1740
  8
2DLINES_1
 66
1
 70
1
 40
0.100000
 41
0.100000
  0
VERTEX
 5
1741
  8
2DLINES_1
 10
0.47000
 20
83.87000
 42
1.0
  0
VERTEX
 5
1742
  8
2DLINES_1
 10
0.57000
 20
83.87000
 42
1.0
  0
SEQEND
  8
2DLINES_1
  0
POLYLINE
 5
1743
  8
2DLINES_1
 66
1
 40
0.200000
 41
0.200000
  0
VERTEX
 5
1744
  8
2DLINES_1
 10
0.52000
 20
83.87000
  0
VERTEX
 5
1745
  8
2DLINES_1
 10
0.52000
 20
92.87000
  0
SEQEND
  8
2DLINES_1
  0
POLYLINE
 5
1746
  8
2DLINES_1
 66
1
 70
1
 40
0.100000
 41
0.100000
  0
VERTEX
 5
1747
  8
2DLINES_1
 10
0.47000
 20
83.87000
 42
1.0
  0
VERTEX
 5
1748
  8
2DLINES_1
 10
0.57000
 20
83.87000
 42
1.0
  0
SEQEND
  8
2DLINES_1
  0
POLYLINE
 5
1749
  8
2DLINES_1
 66
1
 70
1
 40
0.100000
 41
0.100000
  0
VERTEX
 5
174A
  8
2DLINES_1
 10
0.47000
 20
92.87000
 42
1.0
  0
VERTEX
 5
174B
  8
2DLINES_1
 10
0.57000
 20
92.87000
 42
1.0
  0
SEQEND
  8
2DLINES_1
  0
POLYLINE
 5
174C
  8
2DLINES_1
 66
1
 40
0.200000
 41
0.200000
  0
VERTEX
 5
174D
  8
2DLINES_1
 10
0.52000
 20
92.87000
  0
VERTEX
 5
174E
  8
2DLINES_1
 10
14.82000
 20
92.87000
  0
SEQEND
  8
2DLINES_1
  0
POLYLINE
 5
174F
  8
2DLINES_1
 66
1
 70
1
 40
0.100000
 41
0.100000
  0
VERTEX
 5
1750
  8
2DLINES_1
 10
0.47000
 20
92.87000
 42
1.0
  0
VERTEX
 5
1751
  8
2DLINES_1
 10
0.57000
 20
92.87000
 42
1.0
  0
SEQEND
  8
2DLINES_1
  0
POLYLINE
 5
1752
  8
2DLINES_1
 66
1
 70
1
 40
0.100000
 41
0.100000
  0
VERTEX
 5
1753
  8
2DLINES_1
 10
14.77000
 20
92.87000
 42
1.0
  0
VERTEX
 5
1754
  8
2DLINES_1
 10
14.87000
 20
92.87000
 42
1.0
  0
SEQEND
  8
2DLINES_1
  0
POLYLINE
 5
1755
  8
2DLINES_1
 66
1
 40
0.200000
 41
0.200000
  0
VERTEX
 5
1756
  8
2DLINES_1
 10
14.82000
 20
92.87000
  0
VERTEX
 5
1757
  8
2DLINES_1
 10
14.82000
 20
83.87000
  0
SEQEND
  8
2DLINES_1
  0
POLYLINE
 5
1758
  8
2DLINES_1
 66
1
 70
1
 40
0.100000
 41
0.100000
  0
VERTEX
 5
1759
  8
2DLINES_1
 10
14.77000
 20
92.87000
 42
1.0
  0
VERTEX
 5
175A
  8
2DLINES_1
 10
14.87000
 20
92.87000
 42
1.0
  0
SEQEND
  8
2DLINES_1
  0
POLYLINE
 5
175B
  8
2DLINES_1
 66
1
 70
1
 40
0.100000
 41
0.100000
  0
VERTEX
 5
175C
  8
2DLINES_1
 10
14.77000
 20
83.87000
 42
1.0
  0
VERTEX
 5
175D
  8
2DLINES_1
 10
14.87000
 20
83.87000
 42
1.0
  0
SEQEND
  8
2DLINES_1
  0
POLYLINE
 5
175E
  8
PLACEMENT_OUTLINE_TOP
 66
1
 40
0.200000
 41
0.200000
  0
VERTEX
 5
175F
  8
PLACEMENT_OUTLINE_TOP
 10
14.82000
 20
83.87000
  0
VERTEX
 5
1760
  8
PLACEMENT_OUTLINE_TOP
 10
0.52000
 20
83.87000
  0
SEQEND
  8
PLACEMENT_OUTLINE_TOP
  0
POLYLINE
 5
1761
  8
PLACEMENT_OUTLINE_TOP
 66
1
 70
1
 40
0.100000
 41
0.100000
  0
VERTEX
 5
1762
  8
PLACEMENT_OUTLINE_TOP
 10
14.77000
 20
83.87000
 42
1.0
  0
VERTEX
 5
1763
  8
PLACEMENT_OUTLINE_TOP
 10
14.87000
 20
83.87000
 42
1.0
  0
SEQEND
  8
PLACEMENT_OUTLINE_TOP
  0
POLYLINE
 5
1764
  8
PLACEMENT_OUTLINE_TOP
 66
1
 70
1
 40
0.100000
 41
0.100000
  0
VERTEX
 5
1765
  8
PLACEMENT_OUTLINE_TOP
 10
0.47000
 20
83.87000
 42
1.0
  0
VERTEX
 5
1766
  8
PLACEMENT_OUTLINE_TOP
 10
0.57000
 20
83.87000
 42
1.0
  0
SEQEND
  8
PLACEMENT_OUTLINE_TOP
  0
POLYLINE
 5
1767
  8
PLACEMENT_OUTLINE_TOP
 66
1
 40
0.200000
 41
0.200000
  0
VERTEX
 5
1768
  8
PLACEMENT_OUTLINE_TOP
 10
0.52000
 20
83.87000
  0
VERTEX
 5
1769
  8
PLACEMENT_OUTLINE_TOP
 10
0.52000
 20
92.87000
  0
SEQEND
  8
PLACEMENT_OUTLINE_TOP
  0
POLYLINE
 5
176A
  8
PLACEMENT_OUTLINE_TOP
 66
1
 70
1
 40
0.100000
 41
0.100000
  0
VERTEX
 5
176B
  8
PLACEMENT_OUTLINE_TOP
 10
0.47000
 20
83.87000
 42
1.0
  0
VERTEX
 5
176C
  8
PLACEMENT_OUTLINE_TOP
 10
0.57000
 20
83.87000
 42
1.0
  0
SEQEND
  8
PLACEMENT_OUTLINE_TOP
  0
POLYLINE
 5
176D
  8
PLACEMENT_OUTLINE_TOP
 66
1
 70
1
 40
0.100000
 41
0.100000
  0
VERTEX
 5
176E
  8
PLACEMENT_OUTLINE_TOP
 10
0.47000
 20
92.87000
 42
1.0
  0
VERTEX
 5
176F
  8
PLACEMENT_OUTLINE_TOP
 10
0.57000
 20
92.87000
 42
1.0
  0
SEQEND
  8
PLACEMENT_OUTLINE_TOP
  0
POLYLINE
 5
1770
  8
PLACEMENT_OUTLINE_TOP
 66
1
 40
0.200000
 41
0.200000
  0
VERTEX
 5
1771
  8
PLACEMENT_OUTLINE_TOP
 10
0.52000
 20
92.87000
  0
VERTEX
 5
1772
  8
PLACEMENT_OUTLINE_TOP
 10
14.82000
 20
92.87000
  0
SEQEND
  8
PLACEMENT_OUTLINE_TOP
  0
POLYLINE
 5
1773
  8
PLACEMENT_OUTLINE_TOP
 66
1
 70
1
 40
0.100000
 41
0.100000
  0
VERTEX
 5
1774
  8
PLACEMENT_OUTLINE_TOP
 10
0.47000
 20
92.87000
 42
1.0
  0
VERTEX
 5
1775
  8
PLACEMENT_OUTLINE_TOP
 10
0.57000
 20
92.87000
 42
1.0
  0
SEQEND
  8
PLACEMENT_OUTLINE_TOP
  0
POLYLINE
 5
1776
  8
PLACEMENT_OUTLINE_TOP
 66
1
 70
1
 40
0.100000
 41
0.100000
  0
VERTEX
 5
1777
  8
PLACEMENT_OUTLINE_TOP
 10
14.77000
 20
92.87000
 42
1.0
  0
VERTEX
 5
1778
  8
PLACEMENT_OUTLINE_TOP
 10
14.87000
 20
92.87000
 42
1.0
  0
SEQEND
  8
PLACEMENT_OUTLINE_TOP
  0
POLYLINE
 5
1779
  8
PLACEMENT_OUTLINE_TOP
 66
1
 40
0.200000
 41
0.200000
  0
VERTEX
 5
177A
  8
PLACEMENT_OUTLINE_TOP
 10
14.82000
 20
92.87000
  0
VERTEX
 5
177B
  8
PLACEMENT_OUTLINE_TOP
 10
14.82000
 20
83.87000
  0
SEQEND
  8
PLACEMENT_OUTLINE_TOP
  0
POLYLINE
 5
177C
  8
PLACEMENT_OUTLINE_TOP
 66
1
 70
1
 40
0.100000
 41
0.100000
  0
VERTEX
 5
177D
  8
PLACEMENT_OUTLINE_TOP
 10
14.77000
 20
92.87000
 42
1.0
  0
VERTEX
 5
177E
  8
PLACEMENT_OUTLINE_TOP
 10
14.87000
 20
92.87000
 42
1.0
  0
SEQEND
  8
PLACEMENT_OUTLINE_TOP
  0
POLYLINE
 5
177F
  8
PLACEMENT_OUTLINE_TOP
 66
1
 70
1
 40
0.100000
 41
0.100000
  0
VERTEX
 5
1780
  8
PLACEMENT_OUTLINE_TOP
 10
14.77000
 20
83.87000
 42
1.0
  0
VERTEX
 5
1781
  8
PLACEMENT_OUTLINE_TOP
 10
14.87000
 20
83.87000
 42
1.0
  0
SEQEND
  8
PLACEMENT_OUTLINE_TOP
  0
SOLID
 5
1782
  8
PADLAYER_TOP
 10
7.02000
 20
89.57000
 11
7.02000
 21
87.17000
 12
8.42000
 22
89.57000
 13
8.42000
 23
87.17000
  0
POLYLINE
 5
1783
  8
PADLAYER_TOP
 66
1
 70
1
 40
0.700000
 41
0.700000
  0
VERTEX
 5
1784
  8
PADLAYER_TOP
 10
7.37000
 20
89.57000
 42
1.0
  0
VERTEX
 5
1785
  8
PADLAYER_TOP
 10
8.07000
 20
89.57000
 42
1.0
  0
SEQEND
  8
PADLAYER_TOP
  0
POLYLINE
 5
1786
  8
PADLAYER_TOP
 66
1
 70
1
 40
0.700000
 41
0.700000
  0
VERTEX
 5
1787
  8
PADLAYER_TOP
 10
7.37000
 20
87.17000
 42
1.0
  0
VERTEX
 5
1788
  8
PADLAYER_TOP
 10
8.07000
 20
87.17000
 42
1.0
  0
SEQEND
  8
PADLAYER_TOP
  0
SOLID
 5
1789
  8
PADLAYER_BOTTOM
 10
7.02000
 20
89.57000
 11
7.02000
 21
87.17000
 12
8.42000
 22
89.57000
 13
8.42000
 23
87.17000
  0
POLYLINE
 5
178A
  8
PADLAYER_BOTTOM
 66
1
 70
1
 40
0.700000
 41
0.700000
  0
VERTEX
 5
178B
  8
PADLAYER_BOTTOM
 10
7.37000
 20
89.57000
 42
1.0
  0
VERTEX
 5
178C
  8
PADLAYER_BOTTOM
 10
8.07000
 20
89.57000
 42
1.0
  0
SEQEND
  8
PADLAYER_BOTTOM
  0
POLYLINE
 5
178D
  8
PADLAYER_BOTTOM
 66
1
 70
1
 40
0.700000
 41
0.700000
  0
VERTEX
 5
178E
  8
PADLAYER_BOTTOM
 10
7.37000
 20
87.17000
 42
1.0
  0
VERTEX
 5
178F
  8
PADLAYER_BOTTOM
 10
8.07000
 20
87.17000
 42
1.0
  0
SEQEND
  8
PADLAYER_BOTTOM
  0
POLYLINE
 5
1790
  8
DRILLHOLE
 66
1
 40
0.001000
 41
0.001000
  0
VERTEX
 5
1791
  8
DRILLHOLE
 10
8.02000
 20
87.17000
 42
-1.000000
  0
VERTEX
 5
1792
  8
DRILLHOLE
 10
7.42000
 20
87.17000
  0
SEQEND
  8
DRILLHOLE
  0
POLYLINE
 5
1793
  8
DRILLHOLE
 66
1
 70
1
 40
0.000500
 41
0.000500
  0
VERTEX
 5
1794
  8
DRILLHOLE
 10
8.01975
 20
87.17000
 42
1.0
  0
VERTEX
 5
1795
  8
DRILLHOLE
 10
8.02025
 20
87.17000
 42
1.0
  0
SEQEND
  8
DRILLHOLE
  0
POLYLINE
 5
1796
  8
DRILLHOLE
 66
1
 70
1
 40
0.000500
 41
0.000500
  0
VERTEX
 5
1797
  8
DRILLHOLE
 10
7.41975
 20
87.17000
 42
1.0
  0
VERTEX
 5
1798
  8
DRILLHOLE
 10
7.42025
 20
87.17000
 42
1.0
  0
SEQEND
  8
DRILLHOLE
  0
POLYLINE
 5
1799
  8
DRILLHOLE
 66
1
 40
0.001000
 41
0.001000
  0
VERTEX
 5
179A
  8
DRILLHOLE
 10
7.42000
 20
87.17000
  0
VERTEX
 5
179B
  8
DRILLHOLE
 10
7.42000
 20
89.57000
 42
-1.000000
  0
SEQEND
  8
DRILLHOLE
  0
POLYLINE
 5
179C
  8
DRILLHOLE
 66
1
 70
1
 40
0.000500
 41
0.000500
  0
VERTEX
 5
179D
  8
DRILLHOLE
 10
7.41975
 20
87.17000
 42
1.0
  0
VERTEX
 5
179E
  8
DRILLHOLE
 10
7.42025
 20
87.17000
 42
1.0
  0
SEQEND
  8
DRILLHOLE
  0
POLYLINE
 5
179F
  8
DRILLHOLE
 66
1
 70
1
 40
0.000500
 41
0.000500
  0
VERTEX
 5
17A0
  8
DRILLHOLE
 10
7.41975
 20
89.57000
 42
1.0
  0
VERTEX
 5
17A1
  8
DRILLHOLE
 10
7.42025
 20
89.57000
 42
1.0
  0
SEQEND
  8
DRILLHOLE
  0
POLYLINE
 5
17A2
  8
DRILLHOLE
 66
1
 40
0.001000
 41
0.001000
  0
VERTEX
 5
17A3
  8
DRILLHOLE
 10
7.42000
 20
89.57000
 42
-1.000000
  0
VERTEX
 5
17A4
  8
DRILLHOLE
 10
8.02000
 20
89.57000
  0
SEQEND
  8
DRILLHOLE
  0
POLYLINE
 5
17A5
  8
DRILLHOLE
 66
1
 70
1
 40
0.000500
 41
0.000500
  0
VERTEX
 5
17A6
  8
DRILLHOLE
 10
7.41975
 20
89.57000
 42
1.0
  0
VERTEX
 5
17A7
  8
DRILLHOLE
 10
7.42025
 20
89.57000
 42
1.0
  0
SEQEND
  8
DRILLHOLE
  0
POLYLINE
 5
17A8
  8
DRILLHOLE
 66
1
 70
1
 40
0.000500
 41
0.000500
  0
VERTEX
 5
17A9
  8
DRILLHOLE
 10
8.01975
 20
89.57000
 42
1.0
  0
VERTEX
 5
17AA
  8
DRILLHOLE
 10
8.02025
 20
89.57000
 42
1.0
  0
SEQEND
  8
DRILLHOLE
  0
POLYLINE
 5
17AB
  8
DRILLHOLE
 66
1
 40
0.001000
 41
0.001000
  0
VERTEX
 5
17AC
  8
DRILLHOLE
 10
8.02000
 20
89.57000
  0
VERTEX
 5
17AD
  8
DRILLHOLE
 10
8.02000
 20
87.17000
  0
SEQEND
  8
DRILLHOLE
  0
POLYLINE
 5
17AE
  8
DRILLHOLE
 66
1
 70
1
 40
0.000500
 41
0.000500
  0
VERTEX
 5
17AF
  8
DRILLHOLE
 10
8.01975
 20
89.57000
 42
1.0
  0
VERTEX
 5
17B0
  8
DRILLHOLE
 10
8.02025
 20
89.57000
 42
1.0
  0
SEQEND
  8
DRILLHOLE
  0
POLYLINE
 5
17B1
  8
DRILLHOLE
 66
1
 70
1
 40
0.000500
 41
0.000500
  0
VERTEX
 5
17B2
  8
DRILLHOLE
 10
8.01975
 20
87.17000
 42
1.0
  0
VERTEX
 5
17B3
  8
DRILLHOLE
 10
8.02025
 20
87.17000
 42
1.0
  0
SEQEND
  8
DRILLHOLE
  0
SOLID
 5
17B4
  8
PADLAYER_TOP
 10
5.22000
 20
93.87000
 11
2.82000
 21
93.87000
 12
5.22000
 22
92.47000
 13
2.82000
 23
92.47000
  0
POLYLINE
 5
17B5
  8
PADLAYER_TOP
 66
1
 70
1
 40
0.700000
 41
0.700000
  0
VERTEX
 5
17B6
  8
PADLAYER_TOP
 10
4.87000
 20
93.17000
 42
1.0
  0
VERTEX
 5
17B7
  8
PADLAYER_TOP
 10
5.57000
 20
93.17000
 42
1.0
  0
SEQEND
  8
PADLAYER_TOP
  0
POLYLINE
 5
17B8
  8
PADLAYER_TOP
 66
1
 70
1
 40
0.700000
 41
0.700000
  0
VERTEX
 5
17B9
  8
PADLAYER_TOP
 10
2.47000
 20
93.17000
 42
1.0
  0
VERTEX
 5
17BA
  8
PADLAYER_TOP
 10
3.17000
 20
93.17000
 42
1.0
  0
SEQEND
  8
PADLAYER_TOP
  0
SOLID
 5
17BB
  8
PADLAYER_BOTTOM
 10
5.22000
 20
93.87000
 11
2.82000
 21
93.87000
 12
5.22000
 22
92.47000
 13
2.82000
 23
92.47000
  0
POLYLINE
 5
17BC
  8
PADLAYER_BOTTOM
 66
1
 70
1
 40
0.700000
 41
0.700000
  0
VERTEX
 5
17BD
  8
PADLAYER_BOTTOM
 10
4.87000
 20
93.17000
 42
1.0
  0
VERTEX
 5
17BE
  8
PADLAYER_BOTTOM
 10
5.57000
 20
93.17000
 42
1.0
  0
SEQEND
  8
PADLAYER_BOTTOM
  0
POLYLINE
 5
17BF
  8
PADLAYER_BOTTOM
 66
1
 70
1
 40
0.700000
 41
0.700000
  0
VERTEX
 5
17C0
  8
PADLAYER_BOTTOM
 10
2.47000
 20
93.17000
 42
1.0
  0
VERTEX
 5
17C1
  8
PADLAYER_BOTTOM
 10
3.17000
 20
93.17000
 42
1.0
  0
SEQEND
  8
PADLAYER_BOTTOM
  0
POLYLINE
 5
17C2
  8
DRILLHOLE
 66
1
 40
0.001000
 41
0.001000
  0
VERTEX
 5
17C3
  8
DRILLHOLE
 10
2.82000
 20
92.87000
 42
-1.000000
  0
VERTEX
 5
17C4
  8
DRILLHOLE
 10
2.82000
 20
93.47000
  0
SEQEND
  8
DRILLHOLE
  0
POLYLINE
 5
17C5
  8
DRILLHOLE
 66
1
 70
1
 40
0.000500
 41
0.000500
  0
VERTEX
 5
17C6
  8
DRILLHOLE
 10
2.81975
 20
92.87000
 42
1.0
  0
VERTEX
 5
17C7
  8
DRILLHOLE
 10
2.82025
 20
92.87000
 42
1.0
  0
SEQEND
  8
DRILLHOLE
  0
POLYLINE
 5
17C8
  8
DRILLHOLE
 66
1
 70
1
 40
0.000500
 41
0.000500
  0
VERTEX
 5
17C9
  8
DRILLHOLE
 10
2.81975
 20
93.47000
 42
1.0
  0
VERTEX
 5
17CA
  8
DRILLHOLE
 10
2.82025
 20
93.47000
 42
1.0
  0
SEQEND
  8
DRILLHOLE
  0
POLYLINE
 5
17CB
  8
DRILLHOLE
 66
1
 40
0.001000
 41
0.001000
  0
VERTEX
 5
17CC
  8
DRILLHOLE
 10
2.82000
 20
93.47000
  0
VERTEX
 5
17CD
  8
DRILLHOLE
 10
5.22000
 20
93.47000
 42
-1.000000
  0
SEQEND
  8
DRILLHOLE
  0
POLYLINE
 5
17CE
  8
DRILLHOLE
 66
1
 70
1
 40
0.000500
 41
0.000500
  0
VERTEX
 5
17CF
  8
DRILLHOLE
 10
2.81975
 20
93.47000
 42
1.0
  0
VERTEX
 5
17D0
  8
DRILLHOLE
 10
2.82025
 20
93.47000
 42
1.0
  0
SEQEND
  8
DRILLHOLE
  0
POLYLINE
 5
17D1
  8
DRILLHOLE
 66
1
 70
1
 40
0.000500
 41
0.000500
  0
VERTEX
 5
17D2
  8
DRILLHOLE
 10
5.21975
 20
93.47000
 42
1.0
  0
VERTEX
 5
17D3
  8
DRILLHOLE
 10
5.22025
 20
93.47000
 42
1.0
  0
SEQEND
  8
DRILLHOLE
  0
POLYLINE
 5
17D4
  8
DRILLHOLE
 66
1
 40
0.001000
 41
0.001000
  0
VERTEX
 5
17D5
  8
DRILLHOLE
 10
5.22000
 20
93.47000
 42
-1.000000
  0
VERTEX
 5
17D6
  8
DRILLHOLE
 10
5.22000
 20
92.87000
  0
SEQEND
  8
DRILLHOLE
  0
POLYLINE
 5
17D7
  8
DRILLHOLE
 66
1
 70
1
 40
0.000500
 41
0.000500
  0
VERTEX
 5
17D8
  8
DRILLHOLE
 10
5.21975
 20
93.47000
 42
1.0
  0
VERTEX
 5
17D9
  8
DRILLHOLE
 10
5.22025
 20
93.47000
 42
1.0
  0
SEQEND
  8
DRILLHOLE
  0
POLYLINE
 5
17DA
  8
DRILLHOLE
 66
1
 70
1
 40
0.000500
 41
0.000500
  0
VERTEX
 5
17DB
  8
DRILLHOLE
 10
5.21975
 20
92.87000
 42
1.0
  0
VERTEX
 5
17DC
  8
DRILLHOLE
 10
5.22025
 20
92.87000
 42
1.0
  0
SEQEND
  8
DRILLHOLE
  0
POLYLINE
 5
17DD
  8
DRILLHOLE
 66
1
 40
0.001000
 41
0.001000
  0
VERTEX
 5
17DE
  8
DRILLHOLE
 10
5.22000
 20
92.87000
  0
VERTEX
 5
17DF
  8
DRILLHOLE
 10
2.82000
 20
92.87000
  0
SEQEND
  8
DRILLHOLE
  0
POLYLINE
 5
17E0
  8
DRILLHOLE
 66
1
 70
1
 40
0.000500
 41
0.000500
  0
VERTEX
 5
17E1
  8
DRILLHOLE
 10
5.21975
 20
92.87000
 42
1.0
  0
VERTEX
 5
17E2
  8
DRILLHOLE
 10
5.22025
 20
92.87000
 42
1.0
  0
SEQEND
  8
DRILLHOLE
  0
POLYLINE
 5
17E3
  8
DRILLHOLE
 66
1
 70
1
 40
0.000500
 41
0.000500
  0
VERTEX
 5
17E4
  8
DRILLHOLE
 10
2.81975
 20
92.87000
 42
1.0
  0
VERTEX
 5
17E5
  8
DRILLHOLE
 10
2.82025
 20
92.87000
 42
1.0
  0
SEQEND
  8
DRILLHOLE
  0
SOLID
 5
17E6
  8
PADLAYER_TOP
 10
0.62000
 20
89.67000
 11
0.62000
 21
87.07000
 12
2.02000
 22
89.67000
 13
2.02000
 23
87.07000
  0
POLYLINE
 5
17E7
  8
PADLAYER_TOP
 66
1
 70
1
 40
0.700000
 41
0.700000
  0
VERTEX
 5
17E8
  8
PADLAYER_TOP
 10
0.97000
 20
89.67000
 42
1.0
  0
VERTEX
 5
17E9
  8
PADLAYER_TOP
 10
1.67000
 20
89.67000
 42
1.0
  0
SEQEND
  8
PADLAYER_TOP
  0
POLYLINE
 5
17EA
  8
PADLAYER_TOP
 66
1
 70
1
 40
0.700000
 41
0.700000
  0
VERTEX
 5
17EB
  8
PADLAYER_TOP
 10
0.97000
 20
87.07000
 42
1.0
  0
VERTEX
 5
17EC
  8
PADLAYER_TOP
 10
1.67000
 20
87.07000
 42
1.0
  0
SEQEND
  8
PADLAYER_TOP
  0
SOLID
 5
17ED
  8
PADLAYER_BOTTOM
 10
0.62000
 20
89.67000
 11
0.62000
 21
87.07000
 12
2.02000
 22
89.67000
 13
2.02000
 23
87.07000
  0
POLYLINE
 5
17EE
  8
PADLAYER_BOTTOM
 66
1
 70
1
 40
0.700000
 41
0.700000
  0
VERTEX
 5
17EF
  8
PADLAYER_BOTTOM
 10
0.97000
 20
89.67000
 42
1.0
  0
VERTEX
 5
17F0
  8
PADLAYER_BOTTOM
 10
1.67000
 20
89.67000
 42
1.0
  0
SEQEND
  8
PADLAYER_BOTTOM
  0
POLYLINE
 5
17F1
  8
PADLAYER_BOTTOM
 66
1
 70
1
 40
0.700000
 41
0.700000
  0
VERTEX
 5
17F2
  8
PADLAYER_BOTTOM
 10
0.97000
 20
87.07000
 42
1.0
  0
VERTEX
 5
17F3
  8
PADLAYER_BOTTOM
 10
1.67000
 20
87.07000
 42
1.0
  0
SEQEND
  8
PADLAYER_BOTTOM
  0
POLYLINE
 5
17F4
  8
DRILLHOLE
 66
1
 40
0.001000
 41
0.001000
  0
VERTEX
 5
17F5
  8
DRILLHOLE
 10
1.62000
 20
87.07000
 42
-1.000000
  0
VERTEX
 5
17F6
  8
DRILLHOLE
 10
1.02000
 20
87.07000
  0
SEQEND
  8
DRILLHOLE
  0
POLYLINE
 5
17F7
  8
DRILLHOLE
 66
1
 70
1
 40
0.000500
 41
0.000500
  0
VERTEX
 5
17F8
  8
DRILLHOLE
 10
1.61975
 20
87.07000
 42
1.0
  0
VERTEX
 5
17F9
  8
DRILLHOLE
 10
1.62025
 20
87.07000
 42
1.0
  0
SEQEND
  8
DRILLHOLE
  0
POLYLINE
 5
17FA
  8
DRILLHOLE
 66
1
 70
1
 40
0.000500
 41
0.000500
  0
VERTEX
 5
17FB
  8
DRILLHOLE
 10
1.01975
 20
87.07000
 42
1.0
  0
VERTEX
 5
17FC
  8
DRILLHOLE
 10
1.02025
 20
87.07000
 42
1.0
  0
SEQEND
  8
DRILLHOLE
  0
POLYLINE
 5
17FD
  8
DRILLHOLE
 66
1
 40
0.001000
 41
0.001000
  0
VERTEX
 5
17FE
  8
DRILLHOLE
 10
1.02000
 20
87.07000
  0
VERTEX
 5
17FF
  8
DRILLHOLE
 10
1.02000
 20
89.67000
 42
-1.000000
  0
SEQEND
  8
DRILLHOLE
  0
POLYLINE
 5
1800
  8
DRILLHOLE
 66
1
 70
1
 40
0.000500
 41
0.000500
  0
VERTEX
 5
1801
  8
DRILLHOLE
 10
1.01975
 20
87.07000
 42
1.0
  0
VERTEX
 5
1802
  8
DRILLHOLE
 10
1.02025
 20
87.07000
 42
1.0
  0
SEQEND
  8
DRILLHOLE
  0
POLYLINE
 5
1803
  8
DRILLHOLE
 66
1
 70
1
 40
0.000500
 41
0.000500
  0
VERTEX
 5
1804
  8
DRILLHOLE
 10
1.01975
 20
89.67000
 42
1.0
  0
VERTEX
 5
1805
  8
DRILLHOLE
 10
1.02025
 20
89.67000
 42
1.0
  0
SEQEND
  8
DRILLHOLE
  0
POLYLINE
 5
1806
  8
DRILLHOLE
 66
1
 40
0.001000
 41
0.001000
  0
VERTEX
 5
1807
  8
DRILLHOLE
 10
1.02000
 20
89.67000
 42
-1.000000
  0
VERTEX
 5
1808
  8
DRILLHOLE
 10
1.62000
 20
89.67000
  0
SEQEND
  8
DRILLHOLE
  0
POLYLINE
 5
1809
  8
DRILLHOLE
 66
1
 70
1
 40
0.000500
 41
0.000500
  0
VERTEX
 5
180A
  8
DRILLHOLE
 10
1.01975
 20
89.67000
 42
1.0
  0
VERTEX
 5
180B
  8
DRILLHOLE
 10
1.02025
 20
89.67000
 42
1.0
  0
SEQEND
  8
DRILLHOLE
  0
POLYLINE
 5
180C
  8
DRILLHOLE
 66
1
 70
1
 40
0.000500
 41
0.000500
  0
VERTEX
 5
180D
  8
DRILLHOLE
 10
1.61975
 20
89.67000
 42
1.0
  0
VERTEX
 5
180E
  8
DRILLHOLE
 10
1.62025
 20
89.67000
 42
1.0
  0
SEQEND
  8
DRILLHOLE
  0
POLYLINE
 5
180F
  8
DRILLHOLE
 66
1
 40
0.001000
 41
0.001000
  0
VERTEX
 5
1810
  8
DRILLHOLE
 10
1.62000
 20
89.67000
  0
VERTEX
 5
1811
  8
DRILLHOLE
 10
1.62000
 20
87.07000
  0
SEQEND
  8
DRILLHOLE
  0
POLYLINE
 5
1812
  8
DRILLHOLE
 66
1
 70
1
 40
0.000500
 41
0.000500
  0
VERTEX
 5
1813
  8
DRILLHOLE
 10
1.61975
 20
89.67000
 42
1.0
  0
VERTEX
 5
1814
  8
DRILLHOLE
 10
1.62025
 20
89.67000
 42
1.0
  0
SEQEND
  8
DRILLHOLE
  0
POLYLINE
 5
1815
  8
DRILLHOLE
 66
1
 70
1
 40
0.000500
 41
0.000500
  0
VERTEX
 5
1816
  8
DRILLHOLE
 10
1.61975
 20
87.07000
 42
1.0
  0
VERTEX
 5
1817
  8
DRILLHOLE
 10
1.62025
 20
87.07000
 42
1.0
  0
SEQEND
  8
DRILLHOLE
  0
POLYLINE
 5
1818
  8
PLACEMENT_OUTLINE_BOTTOM
 66
1
 40
0.100000
 41
0.100000
  0
VERTEX
 5
1819
  8
PLACEMENT_OUTLINE_BOTTOM
 10
-37.97300
 20
20.63500
  0
VERTEX
 5
181A
  8
PLACEMENT_OUTLINE_BOTTOM
 10
-40.76700
 20
20.63500
  0
SEQEND
  8
PLACEMENT_OUTLINE_BOTTOM
  0
POLYLINE
 5
181B
  8
PLACEMENT_OUTLINE_BOTTOM
 66
1
 70
1
 40
0.050000
 41
0.050000
  0
VERTEX
 5
181C
  8
PLACEMENT_OUTLINE_BOTTOM
 10
-37.99800
 20
20.63500
 42
1.0
  0
VERTEX
 5
181D
  8
PLACEMENT_OUTLINE_BOTTOM
 10
-37.94800
 20
20.63500
 42
1.0
  0
SEQEND
  8
PLACEMENT_OUTLINE_BOTTOM
  0
POLYLINE
 5
181E
  8
PLACEMENT_OUTLINE_BOTTOM
 66
1
 70
1
 40
0.050000
 41
0.050000
  0
VERTEX
 5
181F
  8
PLACEMENT_OUTLINE_BOTTOM
 10
-40.79200
 20
20.63500
 42
1.0
  0
VERTEX
 5
1820
  8
PLACEMENT_OUTLINE_BOTTOM
 10
-40.74200
 20
20.63500
 42
1.0
  0
SEQEND
  8
PLACEMENT_OUTLINE_BOTTOM
  0
POLYLINE
 5
1821
  8
PLACEMENT_OUTLINE_BOTTOM
 66
1
 40
0.100000
 41
0.100000
  0
VERTEX
 5
1822
  8
PLACEMENT_OUTLINE_BOTTOM
 10
-40.76700
 20
20.63500
  0
VERTEX
 5
1823
  8
PLACEMENT_OUTLINE_BOTTOM
 10
-40.76700
 20
21.90500
  0
SEQEND
  8
PLACEMENT_OUTLINE_BOTTOM
  0
POLYLINE
 5
1824
  8
PLACEMENT_OUTLINE_BOTTOM
 66
1
 70
1
 40
0.050000
 41
0.050000
  0
VERTEX
 5
1825
  8
PLACEMENT_OUTLINE_BOTTOM
 10
-40.79200
 20
20.63500
 42
1.0
  0
VERTEX
 5
1826
  8
PLACEMENT_OUTLINE_BOTTOM
 10
-40.74200
 20
20.63500
 42
1.0
  0
SEQEND
  8
PLACEMENT_OUTLINE_BOTTOM
  0
POLYLINE
 5
1827
  8
PLACEMENT_OUTLINE_BOTTOM
 66
1
 70
1
 40
0.050000
 41
0.050000
  0
VERTEX
 5
1828
  8
PLACEMENT_OUTLINE_BOTTOM
 10
-40.79200
 20
21.90500
 42
1.0
  0
VERTEX
 5
1829
  8
PLACEMENT_OUTLINE_BOTTOM
 10
-40.74200
 20
21.90500
 42
1.0
  0
SEQEND
  8
PLACEMENT_OUTLINE_BOTTOM
  0
POLYLINE
 5
182A
  8
PLACEMENT_OUTLINE_BOTTOM
 66
1
 40
0.100000
 41
0.100000
  0
VERTEX
 5
182B
  8
PLACEMENT_OUTLINE_BOTTOM
 10
-40.76700
 20
21.90500
  0
VERTEX
 5
182C
  8
PLACEMENT_OUTLINE_BOTTOM
 10
-37.97300
 20
21.90500
  0
SEQEND
  8
PLACEMENT_OUTLINE_BOTTOM
  0
POLYLINE
 5
182D
  8
PLACEMENT_OUTLINE_BOTTOM
 66
1
 70
1
 40
0.050000
 41
0.050000
  0
VERTEX
 5
182E
  8
PLACEMENT_OUTLINE_BOTTOM
 10
-40.79200
 20
21.90500
 42
1.0
  0
VERTEX
 5
182F
  8
PLACEMENT_OUTLINE_BOTTOM
 10
-40.74200
 20
21.90500
 42
1.0
  0
SEQEND
  8
PLACEMENT_OUTLINE_BOTTOM
  0
POLYLINE
 5
1830
  8
PLACEMENT_OUTLINE_BOTTOM
 66
1
 70
1
 40
0.050000
 41
0.050000
  0
VERTEX
 5
1831
  8
PLACEMENT_OUTLINE_BOTTOM
 10
-37.99800
 20
21.90500
 42
1.0
  0
VERTEX
 5
1832
  8
PLACEMENT_OUTLINE_BOTTOM
 10
-37.94800
 20
21.90500
 42
1.0
  0
SEQEND
  8
PLACEMENT_OUTLINE_BOTTOM
  0
POLYLINE
 5
1833
  8
PLACEMENT_OUTLINE_BOTTOM
 66
1
 40
0.100000
 41
0.100000
  0
VERTEX
 5
1834
  8
PLACEMENT_OUTLINE_BOTTOM
 10
-37.97300
 20
21.90500
  0
VERTEX
 5
1835
  8
PLACEMENT_OUTLINE_BOTTOM
 10
-37.97300
 20
20.63500
  0
SEQEND
  8
PLACEMENT_OUTLINE_BOTTOM
  0
POLYLINE
 5
1836
  8
PLACEMENT_OUTLINE_BOTTOM
 66
1
 70
1
 40
0.050000
 41
0.050000
  0
VERTEX
 5
1837
  8
PLACEMENT_OUTLINE_BOTTOM
 10
-37.99800
 20
21.90500
 42
1.0
  0
VERTEX
 5
1838
  8
PLACEMENT_OUTLINE_BOTTOM
 10
-37.94800
 20
21.90500
 42
1.0
  0
SEQEND
  8
PLACEMENT_OUTLINE_BOTTOM
  0
POLYLINE
 5
1839
  8
PLACEMENT_OUTLINE_BOTTOM
 66
1
 70
1
 40
0.050000
 41
0.050000
  0
VERTEX
 5
183A
  8
PLACEMENT_OUTLINE_BOTTOM
 10
-37.99800
 20
20.63500
 42
1.0
  0
VERTEX
 5
183B
  8
PLACEMENT_OUTLINE_BOTTOM
 10
-37.94800
 20
20.63500
 42
1.0
  0
SEQEND
  8
PLACEMENT_OUTLINE_BOTTOM
  0
SOLID
 5
183C
  8
PADLAYER_BOTTOM
 10
-39.67480
 20
21.72720
 11
-40.58920
 21
21.72720
 12
-39.67480
 22
20.81280
 13
-40.58920
 23
20.81280
  0
SOLID
 5
183D
  8
PADLAYER_BOTTOM
 10
-38.15080
 20
21.72720
 11
-39.06520
 21
21.72720
 12
-38.15080
 22
20.81280
 13
-39.06520
 23
20.81280
  0
POLYLINE
 5
183E
  8
PLACEMENT_OUTLINE_BOTTOM
 66
1
 40
0.299970
 41
0.299970
  0
VERTEX
 5
183F
  8
PLACEMENT_OUTLINE_BOTTOM
 10
-39.23300
 20
26.62500
  0
VERTEX
 5
1840
  8
PLACEMENT_OUTLINE_BOTTOM
 10
-42.02700
 20
26.62500
  0
SEQEND
  8
PLACEMENT_OUTLINE_BOTTOM
  0
POLYLINE
 5
1841
  8
PLACEMENT_OUTLINE_BOTTOM
 66
1
 70
1
 40
0.149985
 41
0.149985
  0
VERTEX
 5
1842
  8
PLACEMENT_OUTLINE_BOTTOM
 10
-39.30799
 20
26.62500
 42
1.0
  0
VERTEX
 5
1843
  8
PLACEMENT_OUTLINE_BOTTOM
 10
-39.15801
 20
26.62500
 42
1.0
  0
SEQEND
  8
PLACEMENT_OUTLINE_BOTTOM
  0
POLYLINE
 5
1844
  8
PLACEMENT_OUTLINE_BOTTOM
 66
1
 70
1
 40
0.149985
 41
0.149985
  0
VERTEX
 5
1845
  8
PLACEMENT_OUTLINE_BOTTOM
 10
-42.10199
 20
26.62500
 42
1.0
  0
VERTEX
 5
1846
  8
PLACEMENT_OUTLINE_BOTTOM
 10
-41.95201
 20
26.62500
 42
1.0
  0
SEQEND
  8
PLACEMENT_OUTLINE_BOTTOM
  0
POLYLINE
 5
1847
  8
PLACEMENT_OUTLINE_BOTTOM
 66
1
 40
0.299970
 41
0.299970
  0
VERTEX
 5
1848
  8
PLACEMENT_OUTLINE_BOTTOM
 10
-42.02700
 20
26.62500
  0
VERTEX
 5
1849
  8
PLACEMENT_OUTLINE_BOTTOM
 10
-42.02700
 20
27.89500
  0
SEQEND
  8
PLACEMENT_OUTLINE_BOTTOM
  0
POLYLINE
 5
184A
  8
PLACEMENT_OUTLINE_BOTTOM
 66
1
 70
1
 40
0.149985
 41
0.149985
  0
VERTEX
 5
184B
  8
PLACEMENT_OUTLINE_BOTTOM
 10
-42.10199
 20
26.62500
 42
1.0
  0
VERTEX
 5
184C
  8
PLACEMENT_OUTLINE_BOTTOM
 10
-41.95201
 20
26.62500
 42
1.0
  0
SEQEND
  8
PLACEMENT_OUTLINE_BOTTOM
  0
POLYLINE
 5
184D
  8
PLACEMENT_OUTLINE_BOTTOM
 66
1
 70
1
 40
0.149985
 41
0.149985
  0
VERTEX
 5
184E
  8
PLACEMENT_OUTLINE_BOTTOM
 10
-42.10199
 20
27.89500
 42
1.0
  0
VERTEX
 5
184F
  8
PLACEMENT_OUTLINE_BOTTOM
 10
-41.95201
 20
27.89500
 42
1.0
  0
SEQEND
  8
PLACEMENT_OUTLINE_BOTTOM
  0
POLYLINE
 5
1850
  8
PLACEMENT_OUTLINE_BOTTOM
 66
1
 40
0.299970
 41
0.299970
  0
VERTEX
 5
1851
  8
PLACEMENT_OUTLINE_BOTTOM
 10
-42.02700
 20
27.89500
  0
VERTEX
 5
1852
  8
PLACEMENT_OUTLINE_BOTTOM
 10
-39.23300
 20
27.89500
  0
SEQEND
  8
PLACEMENT_OUTLINE_BOTTOM
  0
POLYLINE
 5
1853
  8
PLACEMENT_OUTLINE_BOTTOM
 66
1
 70
1
 40
0.149985
 41
0.149985
  0
VERTEX
 5
1854
  8
PLACEMENT_OUTLINE_BOTTOM
 10
-42.10199
 20
27.89500
 42
1.0
  0
VERTEX
 5
1855
  8
PLACEMENT_OUTLINE_BOTTOM
 10
-41.95201
 20
27.89500
 42
1.0
  0
SEQEND
  8
PLACEMENT_OUTLINE_BOTTOM
  0
POLYLINE
 5
1856
  8
PLACEMENT_OUTLINE_BOTTOM
 66
1
 70
1
 40
0.149985
 41
0.149985
  0
VERTEX
 5
1857
  8
PLACEMENT_OUTLINE_BOTTOM
 10
-39.30799
 20
27.89500
 42
1.0
  0
VERTEX
 5
1858
  8
PLACEMENT_OUTLINE_BOTTOM
 10
-39.15801
 20
27.89500
 42
1.0
  0
SEQEND
  8
PLACEMENT_OUTLINE_BOTTOM
  0
POLYLINE
 5
1859
  8
PLACEMENT_OUTLINE_BOTTOM
 66
1
 40
0.299970
 41
0.299970
  0
VERTEX
 5
185A
  8
PLACEMENT_OUTLINE_BOTTOM
 10
-39.23300
 20
27.89500
  0
VERTEX
 5
185B
  8
PLACEMENT_OUTLINE_BOTTOM
 10
-39.23300
 20
26.62500
  0
SEQEND
  8
PLACEMENT_OUTLINE_BOTTOM
  0
POLYLINE
 5
185C
  8
PLACEMENT_OUTLINE_BOTTOM
 66
1
 70
1
 40
0.149985
 41
0.149985
  0
VERTEX
 5
185D
  8
PLACEMENT_OUTLINE_BOTTOM
 10
-39.30799
 20
27.89500
 42
1.0
  0
VERTEX
 5
185E
  8
PLACEMENT_OUTLINE_BOTTOM
 10
-39.15801
 20
27.89500
 42
1.0
  0
SEQEND
  8
PLACEMENT_OUTLINE_BOTTOM
  0
POLYLINE
 5
185F
  8
PLACEMENT_OUTLINE_BOTTOM
 66
1
 70
1
 40
0.149985
 41
0.149985
  0
VERTEX
 5
1860
  8
PLACEMENT_OUTLINE_BOTTOM
 10
-39.30799
 20
26.62500
 42
1.0
  0
VERTEX
 5
1861
  8
PLACEMENT_OUTLINE_BOTTOM
 10
-39.15801
 20
26.62500
 42
1.0
  0
SEQEND
  8
PLACEMENT_OUTLINE_BOTTOM
  0
SOLID
 5
1862
  8
PADLAYER_BOTTOM
 10
-40.93480
 20
27.71720
 11
-41.84920
 21
27.71720
 12
-40.93480
 22
26.80280
 13
-41.84920
 23
26.80280
  0
SOLID
 5
1863
  8
PADLAYER_BOTTOM
 10
-39.41080
 20
27.71720
 11
-40.32520
 21
27.71720
 12
-39.41080
 22
26.80280
 13
-40.32520
 23
26.80280
  0
POLYLINE
 5
1864
  8
PLACEMENT_OUTLINE_BOTTOM
 66
1
 40
0.299970
 41
0.299970
  0
VERTEX
 5
1865
  8
PLACEMENT_OUTLINE_BOTTOM
 10
-37.57300
 20
25.13500
  0
VERTEX
 5
1866
  8
PLACEMENT_OUTLINE_BOTTOM
 10
-40.36700
 20
25.13500
  0
SEQEND
  8
PLACEMENT_OUTLINE_BOTTOM
  0
POLYLINE
 5
1867
  8
PLACEMENT_OUTLINE_BOTTOM
 66
1
 70
1
 40
0.149985
 41
0.149985
  0
VERTEX
 5
1868
  8
PLACEMENT_OUTLINE_BOTTOM
 10
-37.64799
 20
25.13500
 42
1.0
  0
VERTEX
 5
1869
  8
PLACEMENT_OUTLINE_BOTTOM
 10
-37.49801
 20
25.13500
 42
1.0
  0
SEQEND
  8
PLACEMENT_OUTLINE_BOTTOM
  0
POLYLINE
 5
186A
  8
PLACEMENT_OUTLINE_BOTTOM
 66
1
 70
1
 40
0.149985
 41
0.149985
  0
VERTEX
 5
186B
  8
PLACEMENT_OUTLINE_BOTTOM
 10
-40.44199
 20
25.13500
 42
1.0
  0
VERTEX
 5
186C
  8
PLACEMENT_OUTLINE_BOTTOM
 10
-40.29201
 20
25.13500
 42
1.0
  0
SEQEND
  8
PLACEMENT_OUTLINE_BOTTOM
  0
POLYLINE
 5
186D
  8
PLACEMENT_OUTLINE_BOTTOM
 66
1
 40
0.299970
 41
0.299970
  0
VERTEX
 5
186E
  8
PLACEMENT_OUTLINE_BOTTOM
 10
-40.36700
 20
25.13500
  0
VERTEX
 5
186F
  8
PLACEMENT_OUTLINE_BOTTOM
 10
-40.36700
 20
26.40500
  0
SEQEND
  8
PLACEMENT_OUTLINE_BOTTOM
  0
POLYLINE
 5
1870
  8
PLACEMENT_OUTLINE_BOTTOM
 66
1
 70
1
 40
0.149985
 41
0.149985
  0
VERTEX
 5
1871
  8
PLACEMENT_OUTLINE_BOTTOM
 10
-40.44199
 20
25.13500
 42
1.0
  0
VERTEX
 5
1872
  8
PLACEMENT_OUTLINE_BOTTOM
 10
-40.29201
 20
25.13500
 42
1.0
  0
SEQEND
  8
PLACEMENT_OUTLINE_BOTTOM
  0
POLYLINE
 5
1873
  8
PLACEMENT_OUTLINE_BOTTOM
 66
1
 70
1
 40
0.149985
 41
0.149985
  0
VERTEX
 5
1874
  8
PLACEMENT_OUTLINE_BOTTOM
 10
-40.44199
 20
26.40500
 42
1.0
  0
VERTEX
 5
1875
  8
PLACEMENT_OUTLINE_BOTTOM
 10
-40.29201
 20
26.40500
 42
1.0
  0
SEQEND
  8
PLACEMENT_OUTLINE_BOTTOM
  0
POLYLINE
 5
1876
  8
PLACEMENT_OUTLINE_BOTTOM
 66
1
 40
0.299970
 41
0.299970
  0
VERTEX
 5
1877
  8
PLACEMENT_OUTLINE_BOTTOM
 10
-40.36700
 20
26.40500
  0
VERTEX
 5
1878
  8
PLACEMENT_OUTLINE_BOTTOM
 10
-37.57300
 20
26.40500
  0
SEQEND
  8
PLACEMENT_OUTLINE_BOTTOM
  0
POLYLINE
 5
1879
  8
PLACEMENT_OUTLINE_BOTTOM
 66
1
 70
1
 40
0.149985
 41
0.149985
  0
VERTEX
 5
187A
  8
PLACEMENT_OUTLINE_BOTTOM
 10
-40.44199
 20
26.40500
 42
1.0
  0
VERTEX
 5
187B
  8
PLACEMENT_OUTLINE_BOTTOM
 10
-40.29201
 20
26.40500
 42
1.0
  0
SEQEND
  8
PLACEMENT_OUTLINE_BOTTOM
  0
POLYLINE
 5
187C
  8
PLACEMENT_OUTLINE_BOTTOM
 66
1
 70
1
 40
0.149985
 41
0.149985
  0
VERTEX
 5
187D
  8
PLACEMENT_OUTLINE_BOTTOM
 10
-37.64799
 20
26.40500
 42
1.0
  0
VERTEX
 5
187E
  8
PLACEMENT_OUTLINE_BOTTOM
 10
-37.49801
 20
26.40500
 42
1.0
  0
SEQEND
  8
PLACEMENT_OUTLINE_BOTTOM
  0
POLYLINE
 5
187F
  8
PLACEMENT_OUTLINE_BOTTOM
 66
1
 40
0.299970
 41
0.299970
  0
VERTEX
 5
1880
  8
PLACEMENT_OUTLINE_BOTTOM
 10
-37.57300
 20
26.40500
  0
VERTEX
 5
1881
  8
PLACEMENT_OUTLINE_BOTTOM
 10
-37.57300
 20
25.13500
  0
SEQEND
  8
PLACEMENT_OUTLINE_BOTTOM
  0
POLYLINE
 5
1882
  8
PLACEMENT_OUTLINE_BOTTOM
 66
1
 70
1
 40
0.149985
 41
0.149985
  0
VERTEX
 5
1883
  8
PLACEMENT_OUTLINE_BOTTOM
 10
-37.64799
 20
26.40500
 42
1.0
  0
VERTEX
 5
1884
  8
PLACEMENT_OUTLINE_BOTTOM
 10
-37.49801
 20
26.40500
 42
1.0
  0
SEQEND
  8
PLACEMENT_OUTLINE_BOTTOM
  0
POLYLINE
 5
1885
  8
PLACEMENT_OUTLINE_BOTTOM
 66
1
 70
1
 40
0.149985
 41
0.149985
  0
VERTEX
 5
1886
  8
PLACEMENT_OUTLINE_BOTTOM
 10
-37.64799
 20
25.13500
 42
1.0
  0
VERTEX
 5
1887
  8
PLACEMENT_OUTLINE_BOTTOM
 10
-37.49801
 20
25.13500
 42
1.0
  0
SEQEND
  8
PLACEMENT_OUTLINE_BOTTOM
  0
SOLID
 5
1888
  8
PADLAYER_BOTTOM
 10
-39.27480
 20
26.22720
 11
-40.18920
 21
26.22720
 12
-39.27480
 22
25.31280
 13
-40.18920
 23
25.31280
  0
SOLID
 5
1889
  8
PADLAYER_BOTTOM
 10
-37.75080
 20
26.22720
 11
-38.66520
 21
26.22720
 12
-37.75080
 22
25.31280
 13
-38.66520
 23
25.31280
  0
POLYLINE
 5
188A
  8
PLACEMENT_OUTLINE_BOTTOM
 66
1
 40
0.299970
 41
0.299970
  0
VERTEX
 5
188B
  8
PLACEMENT_OUTLINE_BOTTOM
 10
-37.97300
 20
22.13500
  0
VERTEX
 5
188C
  8
PLACEMENT_OUTLINE_BOTTOM
 10
-40.76700
 20
22.13500
  0
SEQEND
  8
PLACEMENT_OUTLINE_BOTTOM
  0
POLYLINE
 5
188D
  8
PLACEMENT_OUTLINE_BOTTOM
 66
1
 70
1
 40
0.149985
 41
0.149985
  0
VERTEX
 5
188E
  8
PLACEMENT_OUTLINE_BOTTOM
 10
-38.04799
 20
22.13500
 42
1.0
  0
VERTEX
 5
188F
  8
PLACEMENT_OUTLINE_BOTTOM
 10
-37.89801
 20
22.13500
 42
1.0
  0
SEQEND
  8
PLACEMENT_OUTLINE_BOTTOM
  0
POLYLINE
 5
1890
  8
PLACEMENT_OUTLINE_BOTTOM
 66
1
 70
1
 40
0.149985
 41
0.149985
  0
VERTEX
 5
1891
  8
PLACEMENT_OUTLINE_BOTTOM
 10
-40.84199
 20
22.13500
 42
1.0
  0
VERTEX
 5
1892
  8
PLACEMENT_OUTLINE_BOTTOM
 10
-40.69201
 20
22.13500
 42
1.0
  0
SEQEND
  8
PLACEMENT_OUTLINE_BOTTOM
  0
POLYLINE
 5
1893
  8
PLACEMENT_OUTLINE_BOTTOM
 66
1
 40
0.299970
 41
0.299970
  0
VERTEX
 5
1894
  8
PLACEMENT_OUTLINE_BOTTOM
 10
-40.76700
 20
22.13500
  0
VERTEX
 5
1895
  8
PLACEMENT_OUTLINE_BOTTOM
 10
-40.76700
 20
23.40500
  0
SEQEND
  8
PLACEMENT_OUTLINE_BOTTOM
  0
POLYLINE
 5
1896
  8
PLACEMENT_OUTLINE_BOTTOM
 66
1
 70
1
 40
0.149985
 41
0.149985
  0
VERTEX
 5
1897
  8
PLACEMENT_OUTLINE_BOTTOM
 10
-40.84199
 20
22.13500
 42
1.0
  0
VERTEX
 5
1898
  8
PLACEMENT_OUTLINE_BOTTOM
 10
-40.69201
 20
22.13500
 42
1.0
  0
SEQEND
  8
PLACEMENT_OUTLINE_BOTTOM
  0
POLYLINE
 5
1899
  8
PLACEMENT_OUTLINE_BOTTOM
 66
1
 70
1
 40
0.149985
 41
0.149985
  0
VERTEX
 5
189A
  8
PLACEMENT_OUTLINE_BOTTOM
 10
-40.84199
 20
23.40500
 42
1.0
  0
VERTEX
 5
189B
  8
PLACEMENT_OUTLINE_BOTTOM
 10
-40.69201
 20
23.40500
 42
1.0
  0
SEQEND
  8
PLACEMENT_OUTLINE_BOTTOM
  0
POLYLINE
 5
189C
  8
PLACEMENT_OUTLINE_BOTTOM
 66
1
 40
0.299970
 41
0.299970
  0
VERTEX
 5
189D
  8
PLACEMENT_OUTLINE_BOTTOM
 10
-40.76700
 20
23.40500
  0
VERTEX
 5
189E
  8
PLACEMENT_OUTLINE_BOTTOM
 10
-37.97300
 20
23.40500
  0
SEQEND
  8
PLACEMENT_OUTLINE_BOTTOM
  0
POLYLINE
 5
189F
  8
PLACEMENT_OUTLINE_BOTTOM
 66
1
 70
1
 40
0.149985
 41
0.149985
  0
VERTEX
 5
18A0
  8
PLACEMENT_OUTLINE_BOTTOM
 10
-40.84199
 20
23.40500
 42
1.0
  0
VERTEX
 5
18A1
  8
PLACEMENT_OUTLINE_BOTTOM
 10
-40.69201
 20
23.40500
 42
1.0
  0
SEQEND
  8
PLACEMENT_OUTLINE_BOTTOM
  0
POLYLINE
 5
18A2
  8
PLACEMENT_OUTLINE_BOTTOM
 66
1
 70
1
 40
0.149985
 41
0.149985
  0
VERTEX
 5
18A3
  8
PLACEMENT_OUTLINE_BOTTOM
 10
-38.04799
 20
23.40500
 42
1.0
  0
VERTEX
 5
18A4
  8
PLACEMENT_OUTLINE_BOTTOM
 10
-37.89801
 20
23.40500
 42
1.0
  0
SEQEND
  8
PLACEMENT_OUTLINE_BOTTOM
  0
POLYLINE
 5
18A5
  8
PLACEMENT_OUTLINE_BOTTOM
 66
1
 40
0.299970
 41
0.299970
  0
VERTEX
 5
18A6
  8
PLACEMENT_OUTLINE_BOTTOM
 10
-37.97300
 20
23.40500
  0
VERTEX
 5
18A7
  8
PLACEMENT_OUTLINE_BOTTOM
 10
-37.97300
 20
22.13500
  0
SEQEND
  8
PLACEMENT_OUTLINE_BOTTOM
  0
POLYLINE
 5
18A8
  8
PLACEMENT_OUTLINE_BOTTOM
 66
1
 70
1
 40
0.149985
 41
0.149985
  0
VERTEX
 5
18A9
  8
PLACEMENT_OUTLINE_BOTTOM
 10
-38.04799
 20
23.40500
 42
1.0
  0
VERTEX
 5
18AA
  8
PLACEMENT_OUTLINE_BOTTOM
 10
-37.89801
 20
23.40500
 42
1.0
  0
SEQEND
  8
PLACEMENT_OUTLINE_BOTTOM
  0
POLYLINE
 5
18AB
  8
PLACEMENT_OUTLINE_BOTTOM
 66
1
 70
1
 40
0.149985
 41
0.149985
  0
VERTEX
 5
18AC
  8
PLACEMENT_OUTLINE_BOTTOM
 10
-38.04799
 20
22.13500
 42
1.0
  0
VERTEX
 5
18AD
  8
PLACEMENT_OUTLINE_BOTTOM
 10
-37.89801
 20
22.13500
 42
1.0
  0
SEQEND
  8
PLACEMENT_OUTLINE_BOTTOM
  0
SOLID
 5
18AE
  8
PADLAYER_BOTTOM
 10
-39.67480
 20
23.22720
 11
-40.58920
 21
23.22720
 12
-39.67480
 22
22.31280
 13
-40.58920
 23
22.31280
  0
SOLID
 5
18AF
  8
PADLAYER_BOTTOM
 10
-38.15080
 20
23.22720
 11
-39.06520
 21
23.22720
 12
-38.15080
 22
22.31280
 13
-39.06520
 23
22.31280
  0
POLYLINE
 5
18B0
  8
PLACEMENT_OUTLINE_BOTTOM
 66
1
 40
0.299970
 41
0.299970
  0
VERTEX
 5
18B1
  8
PLACEMENT_OUTLINE_BOTTOM
 10
-37.67300
 20
23.63500
  0
VERTEX
 5
18B2
  8
PLACEMENT_OUTLINE_BOTTOM
 10
-40.46700
 20
23.63500
  0
SEQEND
  8
PLACEMENT_OUTLINE_BOTTOM
  0
POLYLINE
 5
18B3
  8
PLACEMENT_OUTLINE_BOTTOM
 66
1
 70
1
 40
0.149985
 41
0.149985
  0
VERTEX
 5
18B4
  8
PLACEMENT_OUTLINE_BOTTOM
 10
-37.74799
 20
23.63500
 42
1.0
  0
VERTEX
 5
18B5
  8
PLACEMENT_OUTLINE_BOTTOM
 10
-37.59801
 20
23.63500
 42
1.0
  0
SEQEND
  8
PLACEMENT_OUTLINE_BOTTOM
  0
POLYLINE
 5
18B6
  8
PLACEMENT_OUTLINE_BOTTOM
 66
1
 70
1
 40
0.149985
 41
0.149985
  0
VERTEX
 5
18B7
  8
PLACEMENT_OUTLINE_BOTTOM
 10
-40.54199
 20
23.63500
 42
1.0
  0
VERTEX
 5
18B8
  8
PLACEMENT_OUTLINE_BOTTOM
 10
-40.39201
 20
23.63500
 42
1.0
  0
SEQEND
  8
PLACEMENT_OUTLINE_BOTTOM
  0
POLYLINE
 5
18B9
  8
PLACEMENT_OUTLINE_BOTTOM
 66
1
 40
0.299970
 41
0.299970
  0
VERTEX
 5
18BA
  8
PLACEMENT_OUTLINE_BOTTOM
 10
-40.46700
 20
23.63500
  0
VERTEX
 5
18BB
  8
PLACEMENT_OUTLINE_BOTTOM
 10
-40.46700
 20
24.90500
  0
SEQEND
  8
PLACEMENT_OUTLINE_BOTTOM
  0
POLYLINE
 5
18BC
  8
PLACEMENT_OUTLINE_BOTTOM
 66
1
 70
1
 40
0.149985
 41
0.149985
  0
VERTEX
 5
18BD
  8
PLACEMENT_OUTLINE_BOTTOM
 10
-40.54199
 20
23.63500
 42
1.0
  0
VERTEX
 5
18BE
  8
PLACEMENT_OUTLINE_BOTTOM
 10
-40.39201
 20
23.63500
 42
1.0
  0
SEQEND
  8
PLACEMENT_OUTLINE_BOTTOM
  0
POLYLINE
 5
18BF
  8
PLACEMENT_OUTLINE_BOTTOM
 66
1
 70
1
 40
0.149985
 41
0.149985
  0
VERTEX
 5
18C0
  8
PLACEMENT_OUTLINE_BOTTOM
 10
-40.54199
 20
24.90500
 42
1.0
  0
VERTEX
 5
18C1
  8
PLACEMENT_OUTLINE_BOTTOM
 10
-40.39201
 20
24.90500
 42
1.0
  0
SEQEND
  8
PLACEMENT_OUTLINE_BOTTOM
  0
POLYLINE
 5
18C2
  8
PLACEMENT_OUTLINE_BOTTOM
 66
1
 40
0.299970
 41
0.299970
  0
VERTEX
 5
18C3
  8
PLACEMENT_OUTLINE_BOTTOM
 10
-40.46700
 20
24.90500
  0
VERTEX
 5
18C4
  8
PLACEMENT_OUTLINE_BOTTOM
 10
-37.67300
 20
24.90500
  0
SEQEND
  8
PLACEMENT_OUTLINE_BOTTOM
  0
POLYLINE
 5
18C5
  8
PLACEMENT_OUTLINE_BOTTOM
 66
1
 70
1
 40
0.149985
 41
0.149985
  0
VERTEX
 5
18C6
  8
PLACEMENT_OUTLINE_BOTTOM
 10
-40.54199
 20
24.90500
 42
1.0
  0
VERTEX
 5
18C7
  8
PLACEMENT_OUTLINE_BOTTOM
 10
-40.39201
 20
24.90500
 42
1.0
  0
SEQEND
  8
PLACEMENT_OUTLINE_BOTTOM
  0
POLYLINE
 5
18C8
  8
PLACEMENT_OUTLINE_BOTTOM
 66
1
 70
1
 40
0.149985
 41
0.149985
  0
VERTEX
 5
18C9
  8
PLACEMENT_OUTLINE_BOTTOM
 10
-37.74799
 20
24.90500
 42
1.0
  0
VERTEX
 5
18CA
  8
PLACEMENT_OUTLINE_BOTTOM
 10
-37.59801
 20
24.90500
 42
1.0
  0
SEQEND
  8
PLACEMENT_OUTLINE_BOTTOM
  0
POLYLINE
 5
18CB
  8
PLACEMENT_OUTLINE_BOTTOM
 66
1
 40
0.299970
 41
0.299970
  0
VERTEX
 5
18CC
  8
PLACEMENT_OUTLINE_BOTTOM
 10
-37.67300
 20
24.90500
  0
VERTEX
 5
18CD
  8
PLACEMENT_OUTLINE_BOTTOM
 10
-37.67300
 20
23.63500
  0
SEQEND
  8
PLACEMENT_OUTLINE_BOTTOM
  0
POLYLINE
 5
18CE
  8
PLACEMENT_OUTLINE_BOTTOM
 66
1
 70
1
 40
0.149985
 41
0.149985
  0
VERTEX
 5
18CF
  8
PLACEMENT_OUTLINE_BOTTOM
 10
-37.74799
 20
24.90500
 42
1.0
  0
VERTEX
 5
18D0
  8
PLACEMENT_OUTLINE_BOTTOM
 10
-37.59801
 20
24.90500
 42
1.0
  0
SEQEND
  8
PLACEMENT_OUTLINE_BOTTOM
  0
POLYLINE
 5
18D1
  8
PLACEMENT_OUTLINE_BOTTOM
 66
1
 70
1
 40
0.149985
 41
0.149985
  0
VERTEX
 5
18D2
  8
PLACEMENT_OUTLINE_BOTTOM
 10
-37.74799
 20
23.63500
 42
1.0
  0
VERTEX
 5
18D3
  8
PLACEMENT_OUTLINE_BOTTOM
 10
-37.59801
 20
23.63500
 42
1.0
  0
SEQEND
  8
PLACEMENT_OUTLINE_BOTTOM
  0
SOLID
 5
18D4
  8
PADLAYER_BOTTOM
 10
-39.37480
 20
24.72720
 11
-40.28920
 21
24.72720
 12
-39.37480
 22
23.81280
 13
-40.28920
 23
23.81280
  0
SOLID
 5
18D5
  8
PADLAYER_BOTTOM
 10
-37.85080
 20
24.72720
 11
-38.76520
 21
24.72720
 12
-37.85080
 22
23.81280
 13
-38.76520
 23
23.81280
  0
POLYLINE
 5
18D6
  8
PLACEMENT_OUTLINE_BOTTOM
 66
1
 40
0.100000
 41
0.100000
  0
VERTEX
 5
18D7
  8
PLACEMENT_OUTLINE_BOTTOM
 10
-40.52500
 20
26.40700
  0
VERTEX
 5
18D8
  8
PLACEMENT_OUTLINE_BOTTOM
 10
-40.52500
 20
23.61300
  0
SEQEND
  8
PLACEMENT_OUTLINE_BOTTOM
  0
POLYLINE
 5
18D9
  8
PLACEMENT_OUTLINE_BOTTOM
 66
1
 70
1
 40
0.050000
 41
0.050000
  0
VERTEX
 5
18DA
  8
PLACEMENT_OUTLINE_BOTTOM
 10
-40.55000
 20
26.40700
 42
1.0
  0
VERTEX
 5
18DB
  8
PLACEMENT_OUTLINE_BOTTOM
 10
-40.50000
 20
26.40700
 42
1.0
  0
SEQEND
  8
PLACEMENT_OUTLINE_BOTTOM
  0
POLYLINE
 5
18DC
  8
PLACEMENT_OUTLINE_BOTTOM
 66
1
 70
1
 40
0.050000
 41
0.050000
  0
VERTEX
 5
18DD
  8
PLACEMENT_OUTLINE_BOTTOM
 10
-40.55000
 20
23.61300
 42
1.0
  0
VERTEX
 5
18DE
  8
PLACEMENT_OUTLINE_BOTTOM
 10
-40.50000
 20
23.61300
 42
1.0
  0
SEQEND
  8
PLACEMENT_OUTLINE_BOTTOM
  0
POLYLINE
 5
18DF
  8
PLACEMENT_OUTLINE_BOTTOM
 66
1
 40
0.100000
 41
0.100000
  0
VERTEX
 5
18E0
  8
PLACEMENT_OUTLINE_BOTTOM
 10
-40.52500
 20
23.61300
  0
VERTEX
 5
18E1
  8
PLACEMENT_OUTLINE_BOTTOM
 10
-41.79500
 20
23.61300
  0
SEQEND
  8
PLACEMENT_OUTLINE_BOTTOM
  0
POLYLINE
 5
18E2
  8
PLACEMENT_OUTLINE_BOTTOM
 66
1
 70
1
 40
0.050000
 41
0.050000
  0
VERTEX
 5
18E3
  8
PLACEMENT_OUTLINE_BOTTOM
 10
-40.55000
 20
23.61300
 42
1.0
  0
VERTEX
 5
18E4
  8
PLACEMENT_OUTLINE_BOTTOM
 10
-40.50000
 20
23.61300
 42
1.0
  0
SEQEND
  8
PLACEMENT_OUTLINE_BOTTOM
  0
POLYLINE
 5
18E5
  8
PLACEMENT_OUTLINE_BOTTOM
 66
1
 70
1
 40
0.050000
 41
0.050000
  0
VERTEX
 5
18E6
  8
PLACEMENT_OUTLINE_BOTTOM
 10
-41.82000
 20
23.61300
 42
1.0
  0
VERTEX
 5
18E7
  8
PLACEMENT_OUTLINE_BOTTOM
 10
-41.77000
 20
23.61300
 42
1.0
  0
SEQEND
  8
PLACEMENT_OUTLINE_BOTTOM
  0
POLYLINE
 5
18E8
  8
PLACEMENT_OUTLINE_BOTTOM
 66
1
 40
0.100000
 41
0.100000
  0
VERTEX
 5
18E9
  8
PLACEMENT_OUTLINE_BOTTOM
 10
-41.79500
 20
23.61300
  0
VERTEX
 5
18EA
  8
PLACEMENT_OUTLINE_BOTTOM
 10
-41.79500
 20
26.40700
  0
SEQEND
  8
PLACEMENT_OUTLINE_BOTTOM
  0
POLYLINE
 5
18EB
  8
PLACEMENT_OUTLINE_BOTTOM
 66
1
 70
1
 40
0.050000
 41
0.050000
  0
VERTEX
 5
18EC
  8
PLACEMENT_OUTLINE_BOTTOM
 10
-41.82000
 20
23.61300
 42
1.0
  0
VERTEX
 5
18ED
  8
PLACEMENT_OUTLINE_BOTTOM
 10
-41.77000
 20
23.61300
 42
1.0
  0
SEQEND
  8
PLACEMENT_OUTLINE_BOTTOM
  0
POLYLINE
 5
18EE
  8
PLACEMENT_OUTLINE_BOTTOM
 66
1
 70
1
 40
0.050000
 41
0.050000
  0
VERTEX
 5
18EF
  8
PLACEMENT_OUTLINE_BOTTOM
 10
-41.82000
 20
26.40700
 42
1.0
  0
VERTEX
 5
18F0
  8
PLACEMENT_OUTLINE_BOTTOM
 10
-41.77000
 20
26.40700
 42
1.0
  0
SEQEND
  8
PLACEMENT_OUTLINE_BOTTOM
  0
POLYLINE
 5
18F1
  8
PLACEMENT_OUTLINE_BOTTOM
 66
1
 40
0.100000
 41
0.100000
  0
VERTEX
 5
18F2
  8
PLACEMENT_OUTLINE_BOTTOM
 10
-41.79500
 20
26.40700
  0
VERTEX
 5
18F3
  8
PLACEMENT_OUTLINE_BOTTOM
 10
-40.52500
 20
26.40700
  0
SEQEND
  8
PLACEMENT_OUTLINE_BOTTOM
  0
POLYLINE
 5
18F4
  8
PLACEMENT_OUTLINE_BOTTOM
 66
1
 70
1
 40
0.050000
 41
0.050000
  0
VERTEX
 5
18F5
  8
PLACEMENT_OUTLINE_BOTTOM
 10
-41.82000
 20
26.40700
 42
1.0
  0
VERTEX
 5
18F6
  8
PLACEMENT_OUTLINE_BOTTOM
 10
-41.77000
 20
26.40700
 42
1.0
  0
SEQEND
  8
PLACEMENT_OUTLINE_BOTTOM
  0
POLYLINE
 5
18F7
  8
PLACEMENT_OUTLINE_BOTTOM
 66
1
 70
1
 40
0.050000
 41
0.050000
  0
VERTEX
 5
18F8
  8
PLACEMENT_OUTLINE_BOTTOM
 10
-40.55000
 20
26.40700
 42
1.0
  0
VERTEX
 5
18F9
  8
PLACEMENT_OUTLINE_BOTTOM
 10
-40.50000
 20
26.40700
 42
1.0
  0
SEQEND
  8
PLACEMENT_OUTLINE_BOTTOM
  0
SOLID
 5
18FA
  8
PADLAYER_BOTTOM
 10
-41.61720
 20
24.70520
 11
-41.61720
 21
23.79080
 12
-40.70280
 22
24.70520
 13
-40.70280
 23
23.79080
  0
SOLID
 5
18FB
  8
PADLAYER_BOTTOM
 10
-41.61720
 20
26.22920
 11
-41.61720
 21
25.31480
 12
-40.70280
 22
26.22920
 13
-40.70280
 23
25.31480
  0
POLYLINE
 5
18FC
  8
PLACEMENT_OUTLINE_BOTTOM
 66
1
 40
0.299970
 41
0.299970
  0
VERTEX
 5
18FD
  8
PLACEMENT_OUTLINE_BOTTOM
 10
-37.97300
 20
19.13500
  0
VERTEX
 5
18FE
  8
PLACEMENT_OUTLINE_BOTTOM
 10
-40.76700
 20
19.13500
  0
SEQEND
  8
PLACEMENT_OUTLINE_BOTTOM
  0
POLYLINE
 5
18FF
  8
PLACEMENT_OUTLINE_BOTTOM
 66
1
 70
1
 40
0.149985
 41
0.149985
  0
VERTEX
 5
1900
  8
PLACEMENT_OUTLINE_BOTTOM
 10
-38.04799
 20
19.13500
 42
1.0
  0
VERTEX
 5
1901
  8
PLACEMENT_OUTLINE_BOTTOM
 10
-37.89801
 20
19.13500
 42
1.0
  0
SEQEND
  8
PLACEMENT_OUTLINE_BOTTOM
  0
POLYLINE
 5
1902
  8
PLACEMENT_OUTLINE_BOTTOM
 66
1
 70
1
 40
0.149985
 41
0.149985
  0
VERTEX
 5
1903
  8
PLACEMENT_OUTLINE_BOTTOM
 10
-40.84199
 20
19.13500
 42
1.0
  0
VERTEX
 5
1904
  8
PLACEMENT_OUTLINE_BOTTOM
 10
-40.69201
 20
19.13500
 42
1.0
  0
SEQEND
  8
PLACEMENT_OUTLINE_BOTTOM
  0
POLYLINE
 5
1905
  8
PLACEMENT_OUTLINE_BOTTOM
 66
1
 40
0.299970
 41
0.299970
  0
VERTEX
 5
1906
  8
PLACEMENT_OUTLINE_BOTTOM
 10
-40.76700
 20
19.13500
  0
VERTEX
 5
1907
  8
PLACEMENT_OUTLINE_BOTTOM
 10
-40.76700
 20
20.40500
  0
SEQEND
  8
PLACEMENT_OUTLINE_BOTTOM
  0
POLYLINE
 5
1908
  8
PLACEMENT_OUTLINE_BOTTOM
 66
1
 70
1
 40
0.149985
 41
0.149985
  0
VERTEX
 5
1909
  8
PLACEMENT_OUTLINE_BOTTOM
 10
-40.84199
 20
19.13500
 42
1.0
  0
VERTEX
 5
190A
  8
PLACEMENT_OUTLINE_BOTTOM
 10
-40.69201
 20
19.13500
 42
1.0
  0
SEQEND
  8
PLACEMENT_OUTLINE_BOTTOM
  0
POLYLINE
 5
190B
  8
PLACEMENT_OUTLINE_BOTTOM
 66
1
 70
1
 40
0.149985
 41
0.149985
  0
VERTEX
 5
190C
  8
PLACEMENT_OUTLINE_BOTTOM
 10
-40.84199
 20
20.40500
 42
1.0
  0
VERTEX
 5
190D
  8
PLACEMENT_OUTLINE_BOTTOM
 10
-40.69201
 20
20.40500
 42
1.0
  0
SEQEND
  8
PLACEMENT_OUTLINE_BOTTOM
  0
POLYLINE
 5
190E
  8
PLACEMENT_OUTLINE_BOTTOM
 66
1
 40
0.299970
 41
0.299970
  0
VERTEX
 5
190F
  8
PLACEMENT_OUTLINE_BOTTOM
 10
-40.76700
 20
20.40500
  0
VERTEX
 5
1910
  8
PLACEMENT_OUTLINE_BOTTOM
 10
-37.97300
 20
20.40500
  0
SEQEND
  8
PLACEMENT_OUTLINE_BOTTOM
  0
POLYLINE
 5
1911
  8
PLACEMENT_OUTLINE_BOTTOM
 66
1
 70
1
 40
0.149985
 41
0.149985
  0
VERTEX
 5
1912
  8
PLACEMENT_OUTLINE_BOTTOM
 10
-40.84199
 20
20.40500
 42
1.0
  0
VERTEX
 5
1913
  8
PLACEMENT_OUTLINE_BOTTOM
 10
-40.69201
 20
20.40500
 42
1.0
  0
SEQEND
  8
PLACEMENT_OUTLINE_BOTTOM
  0
POLYLINE
 5
1914
  8
PLACEMENT_OUTLINE_BOTTOM
 66
1
 70
1
 40
0.149985
 41
0.149985
  0
VERTEX
 5
1915
  8
PLACEMENT_OUTLINE_BOTTOM
 10
-38.04799
 20
20.40500
 42
1.0
  0
VERTEX
 5
1916
  8
PLACEMENT_OUTLINE_BOTTOM
 10
-37.89801
 20
20.40500
 42
1.0
  0
SEQEND
  8
PLACEMENT_OUTLINE_BOTTOM
  0
POLYLINE
 5
1917
  8
PLACEMENT_OUTLINE_BOTTOM
 66
1
 40
0.299970
 41
0.299970
  0
VERTEX
 5
1918
  8
PLACEMENT_OUTLINE_BOTTOM
 10
-37.97300
 20
20.40500
  0
VERTEX
 5
1919
  8
PLACEMENT_OUTLINE_BOTTOM
 10
-37.97300
 20
19.13500
  0
SEQEND
  8
PLACEMENT_OUTLINE_BOTTOM
  0
POLYLINE
 5
191A
  8
PLACEMENT_OUTLINE_BOTTOM
 66
1
 70
1
 40
0.149985
 41
0.149985
  0
VERTEX
 5
191B
  8
PLACEMENT_OUTLINE_BOTTOM
 10
-38.04799
 20
20.40500
 42
1.0
  0
VERTEX
 5
191C
  8
PLACEMENT_OUTLINE_BOTTOM
 10
-37.89801
 20
20.40500
 42
1.0
  0
SEQEND
  8
PLACEMENT_OUTLINE_BOTTOM
  0
POLYLINE
 5
191D
  8
PLACEMENT_OUTLINE_BOTTOM
 66
1
 70
1
 40
0.149985
 41
0.149985
  0
VERTEX
 5
191E
  8
PLACEMENT_OUTLINE_BOTTOM
 10
-38.04799
 20
19.13500
 42
1.0
  0
VERTEX
 5
191F
  8
PLACEMENT_OUTLINE_BOTTOM
 10
-37.89801
 20
19.13500
 42
1.0
  0
SEQEND
  8
PLACEMENT_OUTLINE_BOTTOM
  0
SOLID
 5
1920
  8
PADLAYER_BOTTOM
 10
-39.67480
 20
20.22720
 11
-40.58920
 21
20.22720
 12
-39.67480
 22
19.31280
 13
-40.58920
 23
19.31280
  0
SOLID
 5
1921
  8
PADLAYER_BOTTOM
 10
-38.15080
 20
20.22720
 11
-39.06520
 21
20.22720
 12
-38.15080
 22
19.31280
 13
-39.06520
 23
19.31280
  0
POLYLINE
 5
1922
  8
2DLINES_4
 66
1
 40
0.152400
 41
0.152400
  0
VERTEX
 5
1923
  8
2DLINES_4
 10
-42.67500
 20
21.30100
  0
VERTEX
 5
1924
  8
2DLINES_4
 10
-41.77500
 20
21.30100
  0
SEQEND
  8
2DLINES_4
  0
POLYLINE
 5
1925
  8
2DLINES_4
 66
1
 70
1
 40
0.076200
 41
0.076200
  0
VERTEX
 5
1926
  8
2DLINES_4
 10
-42.71310
 20
21.30100
 42
1.0
  0
VERTEX
 5
1927
  8
2DLINES_4
 10
-42.63690
 20
21.30100
 42
1.0
  0
SEQEND
  8
2DLINES_4
  0
POLYLINE
 5
1928
  8
2DLINES_4
 66
1
 70
1
 40
0.076200
 41
0.076200
  0
VERTEX
 5
1929
  8
2DLINES_4
 10
-41.81310
 20
21.30100
 42
1.0
  0
VERTEX
 5
192A
  8
2DLINES_4
 10
-41.73690
 20
21.30100
 42
1.0
  0
SEQEND
  8
2DLINES_4
  0
POLYLINE
 5
192B
  8
2DLINES_4
 66
1
 40
0.152400
 41
0.152400
  0
VERTEX
 5
192C
  8
2DLINES_4
 10
-41.77500
 20
21.30100
  0
VERTEX
 5
192D
  8
2DLINES_4
 10
-41.77500
 20
18.90100
  0
SEQEND
  8
2DLINES_4
  0
POLYLINE
 5
192E
  8
2DLINES_4
 66
1
 70
1
 40
0.076200
 41
0.076200
  0
VERTEX
 5
192F
  8
2DLINES_4
 10
-41.81310
 20
21.30100
 42
1.0
  0
VERTEX
 5
1930
  8
2DLINES_4
 10
-41.73690
 20
21.30100
 42
1.0
  0
SEQEND
  8
2DLINES_4
  0
POLYLINE
 5
1931
  8
2DLINES_4
 66
1
 70
1
 40
0.076200
 41
0.076200
  0
VERTEX
 5
1932
  8
2DLINES_4
 10
-41.81310
 20
18.90100
 42
1.0
  0
VERTEX
 5
1933
  8
2DLINES_4
 10
-41.73690
 20
18.90100
 42
1.0
  0
SEQEND
  8
2DLINES_4
  0
POLYLINE
 5
1934
  8
2DLINES_4
 66
1
 40
0.152400
 41
0.152400
  0
VERTEX
 5
1935
  8
2DLINES_4
 10
-44.07500
 20
21.30100
  0
VERTEX
 5
1936
  8
2DLINES_4
 10
-44.97500
 20
21.30100
  0
SEQEND
  8
2DLINES_4
  0
POLYLINE
 5
1937
  8
2DLINES_4
 66
1
 70
1
 40
0.076200
 41
0.076200
  0
VERTEX
 5
1938
  8
2DLINES_4
 10
-44.11310
 20
21.30100
 42
1.0
  0
VERTEX
 5
1939
  8
2DLINES_4
 10
-44.03690
 20
21.30100
 42
1.0
  0
SEQEND
  8
2DLINES_4
  0
POLYLINE
 5
193A
  8
2DLINES_4
 66
1
 70
1
 40
0.076200
 41
0.076200
  0
VERTEX
 5
193B
  8
2DLINES_4
 10
-45.01310
 20
21.30100
 42
1.0
  0
VERTEX
 5
193C
  8
2DLINES_4
 10
-44.93690
 20
21.30100
 42
1.0
  0
SEQEND
  8
2DLINES_4
  0
POLYLINE
 5
193D
  8
2DLINES_4
 66
1
 40
0.152400
 41
0.152400
  0
VERTEX
 5
193E
  8
2DLINES_4
 10
-44.97500
 20
21.30100
  0
VERTEX
 5
193F
  8
2DLINES_4
 10
-44.97500
 20
18.90100
  0
SEQEND
  8
2DLINES_4
  0
POLYLINE
 5
1940
  8
2DLINES_4
 66
1
 70
1
 40
0.076200
 41
0.076200
  0
VERTEX
 5
1941
  8
2DLINES_4
 10
-45.01310
 20
21.30100
 42
1.0
  0
VERTEX
 5
1942
  8
2DLINES_4
 10
-44.93690
 20
21.30100
 42
1.0
  0
SEQEND
  8
2DLINES_4
  0
POLYLINE
 5
1943
  8
2DLINES_4
 66
1
 70
1
 40
0.076200
 41
0.076200
  0
VERTEX
 5
1944
  8
2DLINES_4
 10
-45.01310
 20
18.90100
 42
1.0
  0
VERTEX
 5
1945
  8
2DLINES_4
 10
-44.93690
 20
18.90100
 42
1.0
  0
SEQEND
  8
2DLINES_4
  0
POLYLINE
 5
1946
  8
PLACEMENT_OUTLINE_BOTTOM
 66
1
 40
0.254000
 41
0.254000
  0
VERTEX
 5
1947
  8
PLACEMENT_OUTLINE_BOTTOM
 10
-41.47000
 20
19.78350
  0
VERTEX
 5
1948
  8
PLACEMENT_OUTLINE_BOTTOM
 10
-41.47000
 20
17.87850
  0
SEQEND
  8
PLACEMENT_OUTLINE_BOTTOM
  0
POLYLINE
 5
1949
  8
PLACEMENT_OUTLINE_BOTTOM
 66
1
 70
1
 40
0.127000
 41
0.127000
  0
VERTEX
 5
194A
  8
PLACEMENT_OUTLINE_BOTTOM
 10
-41.53350
 20
19.78350
 42
1.0
  0
VERTEX
 5
194B
  8
PLACEMENT_OUTLINE_BOTTOM
 10
-41.40650
 20
19.78350
 42
1.0
  0
SEQEND
  8
PLACEMENT_OUTLINE_BOTTOM
  0
POLYLINE
 5
194C
  8
PLACEMENT_OUTLINE_BOTTOM
 66
1
 70
1
 40
0.127000
 41
0.127000
  0
VERTEX
 5
194D
  8
PLACEMENT_OUTLINE_BOTTOM
 10
-41.53350
 20
17.87850
 42
1.0
  0
VERTEX
 5
194E
  8
PLACEMENT_OUTLINE_BOTTOM
 10
-41.40650
 20
17.87850
 42
1.0
  0
SEQEND
  8
PLACEMENT_OUTLINE_BOTTOM
  0
POLYLINE
 5
194F
  8
PLACEMENT_OUTLINE_BOTTOM
 66
1
 40
0.254000
 41
0.254000
  0
VERTEX
 5
1950
  8
PLACEMENT_OUTLINE_BOTTOM
 10
-41.47000
 20
17.87850
  0
VERTEX
 5
1951
  8
PLACEMENT_OUTLINE_BOTTOM
 10
-45.28000
 20
17.87850
  0
SEQEND
  8
PLACEMENT_OUTLINE_BOTTOM
  0
POLYLINE
 5
1952
  8
PLACEMENT_OUTLINE_BOTTOM
 66
1
 70
1
 40
0.127000
 41
0.127000
  0
VERTEX
 5
1953
  8
PLACEMENT_OUTLINE_BOTTOM
 10
-41.53350
 20
17.87850
 42
1.0
  0
VERTEX
 5
1954
  8
PLACEMENT_OUTLINE_BOTTOM
 10
-41.40650
 20
17.87850
 42
1.0
  0
SEQEND
  8
PLACEMENT_OUTLINE_BOTTOM
  0
POLYLINE
 5
1955
  8
PLACEMENT_OUTLINE_BOTTOM
 66
1
 70
1
 40
0.127000
 41
0.127000
  0
VERTEX
 5
1956
  8
PLACEMENT_OUTLINE_BOTTOM
 10
-45.34350
 20
17.87850
 42
1.0
  0
VERTEX
 5
1957
  8
PLACEMENT_OUTLINE_BOTTOM
 10
-45.21650
 20
17.87850
 42
1.0
  0
SEQEND
  8
PLACEMENT_OUTLINE_BOTTOM
  0
POLYLINE
 5
1958
  8
PLACEMENT_OUTLINE_BOTTOM
 66
1
 40
0.254000
 41
0.254000
  0
VERTEX
 5
1959
  8
PLACEMENT_OUTLINE_BOTTOM
 10
-45.28000
 20
17.87850
  0
VERTEX
 5
195A
  8
PLACEMENT_OUTLINE_BOTTOM
 10
-45.28000
 20
22.32350
  0
SEQEND
  8
PLACEMENT_OUTLINE_BOTTOM
  0
POLYLINE
 5
195B
  8
PLACEMENT_OUTLINE_BOTTOM
 66
1
 70
1
 40
0.127000
 41
0.127000
  0
VERTEX
 5
195C
  8
PLACEMENT_OUTLINE_BOTTOM
 10
-45.34350
 20
17.87850
 42
1.0
  0
VERTEX
 5
195D
  8
PLACEMENT_OUTLINE_BOTTOM
 10
-45.21650
 20
17.87850
 42
1.0
  0
SEQEND
  8
PLACEMENT_OUTLINE_BOTTOM
  0
POLYLINE
 5
195E
  8
PLACEMENT_OUTLINE_BOTTOM
 66
1
 70
1
 40
0.127000
 41
0.127000
  0
VERTEX
 5
195F
  8
PLACEMENT_OUTLINE_BOTTOM
 10
-45.34350
 20
22.32350
 42
1.0
  0
VERTEX
 5
1960
  8
PLACEMENT_OUTLINE_BOTTOM
 10
-45.21650
 20
22.32350
 42
1.0
  0
SEQEND
  8
PLACEMENT_OUTLINE_BOTTOM
  0
POLYLINE
 5
1961
  8
PLACEMENT_OUTLINE_BOTTOM
 66
1
 40
0.254000
 41
0.254000
  0
VERTEX
 5
1962
  8
PLACEMENT_OUTLINE_BOTTOM
 10
-45.28000
 20
22.32350
  0
VERTEX
 5
1963
  8
PLACEMENT_OUTLINE_BOTTOM
 10
-41.47000
 20
22.32350
  0
SEQEND
  8
PLACEMENT_OUTLINE_BOTTOM
  0
POLYLINE
 5
1964
  8
PLACEMENT_OUTLINE_BOTTOM
 66
1
 70
1
 40
0.127000
 41
0.127000
  0
VERTEX
 5
1965
  8
PLACEMENT_OUTLINE_BOTTOM
 10
-45.34350
 20
22.32350
 42
1.0
  0
VERTEX
 5
1966
  8
PLACEMENT_OUTLINE_BOTTOM
 10
-45.21650
 20
22.32350
 42
1.0
  0
SEQEND
  8
PLACEMENT_OUTLINE_BOTTOM
  0
POLYLINE
 5
1967
  8
PLACEMENT_OUTLINE_BOTTOM
 66
1
 70
1
 40
0.127000
 41
0.127000
  0
VERTEX
 5
1968
  8
PLACEMENT_OUTLINE_BOTTOM
 10
-41.53350
 20
22.32350
 42
1.0
  0
VERTEX
 5
1969
  8
PLACEMENT_OUTLINE_BOTTOM
 10
-41.40650
 20
22.32350
 42
1.0
  0
SEQEND
  8
PLACEMENT_OUTLINE_BOTTOM
  0
POLYLINE
 5
196A
  8
PLACEMENT_OUTLINE_BOTTOM
 66
1
 40
0.254000
 41
0.254000
  0
VERTEX
 5
196B
  8
PLACEMENT_OUTLINE_BOTTOM
 10
-41.47000
 20
22.32350
  0
VERTEX
 5
196C
  8
PLACEMENT_OUTLINE_BOTTOM
 10
-41.47000
 20
19.78350
  0
SEQEND
  8
PLACEMENT_OUTLINE_BOTTOM
  0
POLYLINE
 5
196D
  8
PLACEMENT_OUTLINE_BOTTOM
 66
1
 70
1
 40
0.127000
 41
0.127000
  0
VERTEX
 5
196E
  8
PLACEMENT_OUTLINE_BOTTOM
 10
-41.53350
 20
22.32350
 42
1.0
  0
VERTEX
 5
196F
  8
PLACEMENT_OUTLINE_BOTTOM
 10
-41.40650
 20
22.32350
 42
1.0
  0
SEQEND
  8
PLACEMENT_OUTLINE_BOTTOM
  0
POLYLINE
 5
1970
  8
PLACEMENT_OUTLINE_BOTTOM
 66
1
 70
1
 40
0.127000
 41
0.127000
  0
VERTEX
 5
1971
  8
PLACEMENT_OUTLINE_BOTTOM
 10
-41.53350
 20
19.78350
 42
1.0
  0
VERTEX
 5
1972
  8
PLACEMENT_OUTLINE_BOTTOM
 10
-41.40650
 20
19.78350
 42
1.0
  0
SEQEND
  8
PLACEMENT_OUTLINE_BOTTOM
  0
SOLID
 5
1973
  8
PADLAYER_BOTTOM
 10
-42.04400
 20
18.32950
 11
-42.04400
 21
19.47250
 12
-42.80600
 22
18.32950
 13
-42.80600
 23
19.47250
  0
SOLID
 5
1974
  8
PADLAYER_BOTTOM
 10
-43.94400
 20
18.32950
 11
-43.94400
 21
19.47250
 12
-44.70600
 22
18.32950
 13
-44.70600
 23
19.47250
  0
SOLID
 5
1975
  8
PADLAYER_BOTTOM
 10
-42.99400
 20
20.72950
 11
-42.99400
 21
21.87250
 12
-43.75600
 22
20.72950
 13
-43.75600
 23
21.87250
  0
POLYLINE
 5
1976
  8
2DLINES_4
 66
1
 40
0.152400
 41
0.152400
  0
VERTEX
 5
1977
  8
2DLINES_4
 10
-30.64000
 20
44.66000
  0
VERTEX
 5
1978
  8
2DLINES_4
 10
-42.14000
 20
44.66000
  0
SEQEND
  8
2DLINES_4
  0
POLYLINE
 5
1979
  8
2DLINES_4
 66
1
 70
1
 40
0.076200
 41
0.076200
  0
VERTEX
 5
197A
  8
2DLINES_4
 10
-30.67810
 20
44.66000
 42
1.0
  0
VERTEX
 5
197B
  8
2DLINES_4
 10
-30.60190
 20
44.66000
 42
1.0
  0
SEQEND
  8
2DLINES_4
  0
POLYLINE
 5
197C
  8
2DLINES_4
 66
1
 70
1
 40
0.076200
 41
0.076200
  0
VERTEX
 5
197D
  8
2DLINES_4
 10
-42.17810
 20
44.66000
 42
1.0
  0
VERTEX
 5
197E
  8
2DLINES_4
 10
-42.10190
 20
44.66000
 42
1.0
  0
SEQEND
  8
2DLINES_4
  0
POLYLINE
 5
197F
  8
2DLINES_4
 66
1
 40
0.152400
 41
0.152400
  0
VERTEX
 5
1980
  8
2DLINES_4
 10
-42.14000
 20
44.66000
  0
VERTEX
 5
1981
  8
2DLINES_4
 10
-42.14000
 20
34.16000
  0
SEQEND
  8
2DLINES_4
  0
POLYLINE
 5
1982
  8
2DLINES_4
 66
1
 70
1
 40
0.076200
 41
0.076200
  0
VERTEX
 5
1983
  8
2DLINES_4
 10
-42.17810
 20
44.66000
 42
1.0
  0
VERTEX
 5
1984
  8
2DLINES_4
 10
-42.10190
 20
44.66000
 42
1.0
  0
SEQEND
  8
2DLINES_4
  0
POLYLINE
 5
1985
  8
2DLINES_4
 66
1
 70
1
 40
0.076200
 41
0.076200
  0
VERTEX
 5
1986
  8
2DLINES_4
 10
-42.17810
 20
34.16000
 42
1.0
  0
VERTEX
 5
1987
  8
2DLINES_4
 10
-42.10190
 20
34.16000
 42
1.0
  0
SEQEND
  8
2DLINES_4
  0
POLYLINE
 5
1988
  8
2DLINES_4
 66
1
 40
0.152400
 41
0.152400
  0
VERTEX
 5
1989
  8
2DLINES_4
 10
-42.14000
 20
34.16000
  0
VERTEX
 5
198A
  8
2DLINES_4
 10
-30.64000
 20
34.16000
  0
SEQEND
  8
2DLINES_4
  0
POLYLINE
 5
198B
  8
2DLINES_4
 66
1
 70
1
 40
0.076200
 41
0.076200
  0
VERTEX
 5
198C
  8
2DLINES_4
 10
-42.17810
 20
34.16000
 42
1.0
  0
VERTEX
 5
198D
  8
2DLINES_4
 10
-42.10190
 20
34.16000
 42
1.0
  0
SEQEND
  8
2DLINES_4
  0
POLYLINE
 5
198E
  8
2DLINES_4
 66
1
 70
1
 40
0.076200
 41
0.076200
  0
VERTEX
 5
198F
  8
2DLINES_4
 10
-30.67810
 20
34.16000
 42
1.0
  0
VERTEX
 5
1990
  8
2DLINES_4
 10
-30.60190
 20
34.16000
 42
1.0
  0
SEQEND
  8
2DLINES_4
  0
POLYLINE
 5
1991
  8
2DLINES_4
 66
1
 40
0.152400
 41
0.152400
  0
VERTEX
 5
1992
  8
2DLINES_4
 10
-30.64000
 20
34.16000
  0
VERTEX
 5
1993
  8
2DLINES_4
 10
-30.64000
 20
44.66000
  0
SEQEND
  8
2DLINES_4
  0
POLYLINE
 5
1994
  8
2DLINES_4
 66
1
 70
1
 40
0.076200
 41
0.076200
  0
VERTEX
 5
1995
  8
2DLINES_4
 10
-30.67810
 20
34.16000
 42
1.0
  0
VERTEX
 5
1996
  8
2DLINES_4
 10
-30.60190
 20
34.16000
 42
1.0
  0
SEQEND
  8
2DLINES_4
  0
POLYLINE
 5
1997
  8
2DLINES_4
 66
1
 70
1
 40
0.076200
 41
0.076200
  0
VERTEX
 5
1998
  8
2DLINES_4
 10
-30.67810
 20
44.66000
 42
1.0
  0
VERTEX
 5
1999
  8
2DLINES_4
 10
-30.60190
 20
44.66000
 42
1.0
  0
SEQEND
  8
2DLINES_4
  0
POLYLINE
 5
199A
  8
PLACEMENT_OUTLINE_BOTTOM
 66
1
 40
0.152400
 41
0.152400
  0
VERTEX
 5
199B
  8
PLACEMENT_OUTLINE_BOTTOM
 10
-30.64000
 20
44.66000
  0
VERTEX
 5
199C
  8
PLACEMENT_OUTLINE_BOTTOM
 10
-42.14000
 20
44.66000
  0
SEQEND
  8
PLACEMENT_OUTLINE_BOTTOM
  0
POLYLINE
 5
199D
  8
PLACEMENT_OUTLINE_BOTTOM
 66
1
 70
1
 40
0.076200
 41
0.076200
  0
VERTEX
 5
199E
  8
PLACEMENT_OUTLINE_BOTTOM
 10
-30.67810
 20
44.66000
 42
1.0
  0
VERTEX
 5
199F
  8
PLACEMENT_OUTLINE_BOTTOM
 10
-30.60190
 20
44.66000
 42
1.0
  0
SEQEND
  8
PLACEMENT_OUTLINE_BOTTOM
  0
POLYLINE
 5
19A0
  8
PLACEMENT_OUTLINE_BOTTOM
 66
1
 70
1
 40
0.076200
 41
0.076200
  0
VERTEX
 5
19A1
  8
PLACEMENT_OUTLINE_BOTTOM
 10
-42.17810
 20
44.66000
 42
1.0
  0
VERTEX
 5
19A2
  8
PLACEMENT_OUTLINE_BOTTOM
 10
-42.10190
 20
44.66000
 42
1.0
  0
SEQEND
  8
PLACEMENT_OUTLINE_BOTTOM
  0
POLYLINE
 5
19A3
  8
PLACEMENT_OUTLINE_BOTTOM
 66
1
 40
0.152400
 41
0.152400
  0
VERTEX
 5
19A4
  8
PLACEMENT_OUTLINE_BOTTOM
 10
-42.14000
 20
44.66000
  0
VERTEX
 5
19A5
  8
PLACEMENT_OUTLINE_BOTTOM
 10
-42.14000
 20
34.16000
  0
SEQEND
  8
PLACEMENT_OUTLINE_BOTTOM
  0
POLYLINE
 5
19A6
  8
PLACEMENT_OUTLINE_BOTTOM
 66
1
 70
1
 40
0.076200
 41
0.076200
  0
VERTEX
 5
19A7
  8
PLACEMENT_OUTLINE_BOTTOM
 10
-42.17810
 20
44.66000
 42
1.0
  0
VERTEX
 5
19A8
  8
PLACEMENT_OUTLINE_BOTTOM
 10
-42.10190
 20
44.66000
 42
1.0
  0
SEQEND
  8
PLACEMENT_OUTLINE_BOTTOM
  0
POLYLINE
 5
19A9
  8
PLACEMENT_OUTLINE_BOTTOM
 66
1
 70
1
 40
0.076200
 41
0.076200
  0
VERTEX
 5
19AA
  8
PLACEMENT_OUTLINE_BOTTOM
 10
-42.17810
 20
34.16000
 42
1.0
  0
VERTEX
 5
19AB
  8
PLACEMENT_OUTLINE_BOTTOM
 10
-42.10190
 20
34.16000
 42
1.0
  0
SEQEND
  8
PLACEMENT_OUTLINE_BOTTOM
  0
POLYLINE
 5
19AC
  8
PLACEMENT_OUTLINE_BOTTOM
 66
1
 40
0.152400
 41
0.152400
  0
VERTEX
 5
19AD
  8
PLACEMENT_OUTLINE_BOTTOM
 10
-42.14000
 20
34.16000
  0
VERTEX
 5
19AE
  8
PLACEMENT_OUTLINE_BOTTOM
 10
-30.64000
 20
34.16000
  0
SEQEND
  8
PLACEMENT_OUTLINE_BOTTOM
  0
POLYLINE
 5
19AF
  8
PLACEMENT_OUTLINE_BOTTOM
 66
1
 70
1
 40
0.076200
 41
0.076200
  0
VERTEX
 5
19B0
  8
PLACEMENT_OUTLINE_BOTTOM
 10
-42.17810
 20
34.16000
 42
1.0
  0
VERTEX
 5
19B1
  8
PLACEMENT_OUTLINE_BOTTOM
 10
-42.10190
 20
34.16000
 42
1.0
  0
SEQEND
  8
PLACEMENT_OUTLINE_BOTTOM
  0
POLYLINE
 5
19B2
  8
PLACEMENT_OUTLINE_BOTTOM
 66
1
 70
1
 40
0.076200
 41
0.076200
  0
VERTEX
 5
19B3
  8
PLACEMENT_OUTLINE_BOTTOM
 10
-30.67810
 20
34.16000
 42
1.0
  0
VERTEX
 5
19B4
  8
PLACEMENT_OUTLINE_BOTTOM
 10
-30.60190
 20
34.16000
 42
1.0
  0
SEQEND
  8
PLACEMENT_OUTLINE_BOTTOM
  0
POLYLINE
 5
19B5
  8
PLACEMENT_OUTLINE_BOTTOM
 66
1
 40
0.152400
 41
0.152400
  0
VERTEX
 5
19B6
  8
PLACEMENT_OUTLINE_BOTTOM
 10
-30.64000
 20
34.16000
  0
VERTEX
 5
19B7
  8
PLACEMENT_OUTLINE_BOTTOM
 10
-30.64000
 20
44.66000
  0
SEQEND
  8
PLACEMENT_OUTLINE_BOTTOM
  0
POLYLINE
 5
19B8
  8
PLACEMENT_OUTLINE_BOTTOM
 66
1
 70
1
 40
0.076200
 41
0.076200
  0
VERTEX
 5
19B9
  8
PLACEMENT_OUTLINE_BOTTOM
 10
-30.67810
 20
34.16000
 42
1.0
  0
VERTEX
 5
19BA
  8
PLACEMENT_OUTLINE_BOTTOM
 10
-30.60190
 20
34.16000
 42
1.0
  0
SEQEND
  8
PLACEMENT_OUTLINE_BOTTOM
  0
POLYLINE
 5
19BB
  8
PLACEMENT_OUTLINE_BOTTOM
 66
1
 70
1
 40
0.076200
 41
0.076200
  0
VERTEX
 5
19BC
  8
PLACEMENT_OUTLINE_BOTTOM
 10
-30.67810
 20
44.66000
 42
1.0
  0
VERTEX
 5
19BD
  8
PLACEMENT_OUTLINE_BOTTOM
 10
-30.60190
 20
44.66000
 42
1.0
  0
SEQEND
  8
PLACEMENT_OUTLINE_BOTTOM
  0
SOLID
 5
19BE
  8
PADLAYER_BOTTOM
 10
-29.89000
 20
37.41000
 11
-29.89000
 21
41.41000
 12
-33.39000
 22
37.41000
 13
-33.39000
 23
41.41000
  0
SOLID
 5
19BF
  8
PADLAYER_BOTTOM
 10
-39.39000
 20
37.41000
 11
-39.39000
 21
41.41000
 12
-42.89000
 22
37.41000
 13
-42.89000
 23
41.41000
  0
POLYLINE
 5
19C0
  8
PLACEMENT_OUTLINE_BOTTOM
 66
1
 40
0.025400
 41
0.025400
  0
VERTEX
 5
19C1
  8
PLACEMENT_OUTLINE_BOTTOM
 10
-33.94000
 20
30.86000
  0
VERTEX
 5
19C2
  8
PLACEMENT_OUTLINE_BOTTOM
 10
-38.84000
 20
30.86000
  0
SEQEND
  8
PLACEMENT_OUTLINE_BOTTOM
  0
POLYLINE
 5
19C3
  8
PLACEMENT_OUTLINE_BOTTOM
 66
1
 70
1
 40
0.012700
 41
0.012700
  0
VERTEX
 5
19C4
  8
PLACEMENT_OUTLINE_BOTTOM
 10
-33.94635
 20
30.86000
 42
1.0
  0
VERTEX
 5
19C5
  8
PLACEMENT_OUTLINE_BOTTOM
 10
-33.93365
 20
30.86000
 42
1.0
  0
SEQEND
  8
PLACEMENT_OUTLINE_BOTTOM
  0
POLYLINE
 5
19C6
  8
PLACEMENT_OUTLINE_BOTTOM
 66
1
 70
1
 40
0.012700
 41
0.012700
  0
VERTEX
 5
19C7
  8
PLACEMENT_OUTLINE_BOTTOM
 10
-38.84635
 20
30.86000
 42
1.0
  0
VERTEX
 5
19C8
  8
PLACEMENT_OUTLINE_BOTTOM
 10
-38.83365
 20
30.86000
 42
1.0
  0
SEQEND
  8
PLACEMENT_OUTLINE_BOTTOM
  0
POLYLINE
 5
19C9
  8
PLACEMENT_OUTLINE_BOTTOM
 66
1
 40
0.025400
 41
0.025400
  0
VERTEX
 5
19CA
  8
PLACEMENT_OUTLINE_BOTTOM
 10
-38.84000
 20
30.86000
  0
VERTEX
 5
19CB
  8
PLACEMENT_OUTLINE_BOTTOM
 10
-38.84000
 20
26.96000
  0
SEQEND
  8
PLACEMENT_OUTLINE_BOTTOM
  0
POLYLINE
 5
19CC
  8
PLACEMENT_OUTLINE_BOTTOM
 66
1
 70
1
 40
0.012700
 41
0.012700
  0
VERTEX
 5
19CD
  8
PLACEMENT_OUTLINE_BOTTOM
 10
-38.84635
 20
30.86000
 42
1.0
  0
VERTEX
 5
19CE
  8
PLACEMENT_OUTLINE_BOTTOM
 10
-38.83365
 20
30.86000
 42
1.0
  0
SEQEND
  8
PLACEMENT_OUTLINE_BOTTOM
  0
POLYLINE
 5
19CF
  8
PLACEMENT_OUTLINE_BOTTOM
 66
1
 70
1
 40
0.012700
 41
0.012700
  0
VERTEX
 5
19D0
  8
PLACEMENT_OUTLINE_BOTTOM
 10
-38.84635
 20
26.96000
 42
1.0
  0
VERTEX
 5
19D1
  8
PLACEMENT_OUTLINE_BOTTOM
 10
-38.83365
 20
26.96000
 42
1.0
  0
SEQEND
  8
PLACEMENT_OUTLINE_BOTTOM
  0
POLYLINE
 5
19D2
  8
PLACEMENT_OUTLINE_BOTTOM
 66
1
 40
0.025400
 41
0.025400
  0
VERTEX
 5
19D3
  8
PLACEMENT_OUTLINE_BOTTOM
 10
-38.84000
 20
26.96000
  0
VERTEX
 5
19D4
  8
PLACEMENT_OUTLINE_BOTTOM
 10
-33.94000
 20
26.96000
  0
SEQEND
  8
PLACEMENT_OUTLINE_BOTTOM
  0
POLYLINE
 5
19D5
  8
PLACEMENT_OUTLINE_BOTTOM
 66
1
 70
1
 40
0.012700
 41
0.012700
  0
VERTEX
 5
19D6
  8
PLACEMENT_OUTLINE_BOTTOM
 10
-38.84635
 20
26.96000
 42
1.0
  0
VERTEX
 5
19D7
  8
PLACEMENT_OUTLINE_BOTTOM
 10
-38.83365
 20
26.96000
 42
1.0
  0
SEQEND
  8
PLACEMENT_OUTLINE_BOTTOM
  0
POLYLINE
 5
19D8
  8
PLACEMENT_OUTLINE_BOTTOM
 66
1
 70
1
 40
0.012700
 41
0.012700
  0
VERTEX
 5
19D9
  8
PLACEMENT_OUTLINE_BOTTOM
 10
-33.94635
 20
26.96000
 42
1.0
  0
VERTEX
 5
19DA
  8
PLACEMENT_OUTLINE_BOTTOM
 10
-33.93365
 20
26.96000
 42
1.0
  0
SEQEND
  8
PLACEMENT_OUTLINE_BOTTOM
  0
POLYLINE
 5
19DB
  8
PLACEMENT_OUTLINE_BOTTOM
 66
1
 40
0.025400
 41
0.025400
  0
VERTEX
 5
19DC
  8
PLACEMENT_OUTLINE_BOTTOM
 10
-33.94000
 20
26.96000
  0
VERTEX
 5
19DD
  8
PLACEMENT_OUTLINE_BOTTOM
 10
-33.94000
 20
30.86000
  0
SEQEND
  8
PLACEMENT_OUTLINE_BOTTOM
  0
POLYLINE
 5
19DE
  8
PLACEMENT_OUTLINE_BOTTOM
 66
1
 70
1
 40
0.012700
 41
0.012700
  0
VERTEX
 5
19DF
  8
PLACEMENT_OUTLINE_BOTTOM
 10
-33.94635
 20
26.96000
 42
1.0
  0
VERTEX
 5
19E0
  8
PLACEMENT_OUTLINE_BOTTOM
 10
-33.93365
 20
26.96000
 42
1.0
  0
SEQEND
  8
PLACEMENT_OUTLINE_BOTTOM
  0
POLYLINE
 5
19E1
  8
PLACEMENT_OUTLINE_BOTTOM
 66
1
 70
1
 40
0.012700
 41
0.012700
  0
VERTEX
 5
19E2
  8
PLACEMENT_OUTLINE_BOTTOM
 10
-33.94635
 20
30.86000
 42
1.0
  0
VERTEX
 5
19E3
  8
PLACEMENT_OUTLINE_BOTTOM
 10
-33.93365
 20
30.86000
 42
1.0
  0
SEQEND
  8
PLACEMENT_OUTLINE_BOTTOM
  0
SOLID
 5
19E4
  8
PADLAYER_BOTTOM
 10
-38.24000
 20
29.78000
 11
-38.84000
 21
29.78000
 12
-38.24000
 22
29.54000
 13
-38.84000
 23
29.54000
  0
SOLID
 5
19E5
  8
PADLAYER_BOTTOM
 10
-38.02000
 20
30.26000
 11
-38.02000
 21
30.86000
 12
-38.26000
 22
30.26000
 13
-38.26000
 23
30.86000
  0
SOLID
 5
19E6
  8
PADLAYER_BOTTOM
 10
-37.52000
 20
30.26000
 11
-37.52000
 21
30.86000
 12
-37.76000
 22
30.26000
 13
-37.76000
 23
30.86000
  0
SOLID
 5
19E7
  8
PADLAYER_BOTTOM
 10
-37.02000
 20
30.26000
 11
-37.02000
 21
30.86000
 12
-37.26000
 22
30.26000
 13
-37.26000
 23
30.86000
  0
SOLID
 5
19E8
  8
PADLAYER_BOTTOM
 10
-36.52000
 20
30.26000
 11
-36.52000
 21
30.86000
 12
-36.76000
 22
30.26000
 13
-36.76000
 23
30.86000
  0
SOLID
 5
19E9
  8
PADLAYER_BOTTOM
 10
-36.02000
 20
30.26000
 11
-36.02000
 21
30.86000
 12
-36.26000
 22
30.26000
 13
-36.26000
 23
30.86000
  0
SOLID
 5
19EA
  8
PADLAYER_BOTTOM
 10
-35.52000
 20
30.26000
 11
-35.52000
 21
30.86000
 12
-35.76000
 22
30.26000
 13
-35.76000
 23
30.86000
  0
SOLID
 5
19EB
  8
PADLAYER_BOTTOM
 10
-35.02000
 20
30.26000
 11
-35.02000
 21
30.86000
 12
-35.26000
 22
30.26000
 13
-35.26000
 23
30.86000
  0
SOLID
 5
19EC
  8
PADLAYER_BOTTOM
 10
-34.52000
 20
30.26000
 11
-34.52000
 21
30.86000
 12
-34.76000
 22
30.26000
 13
-34.76000
 23
30.86000
  0
SOLID
 5
19ED
  8
PADLAYER_BOTTOM
 10
-33.94000
 20
29.78000
 11
-34.54000
 21
29.78000
 12
-33.94000
 22
29.54000
 13
-34.54000
 23
29.54000
  0
SOLID
 5
19EE
  8
PADLAYER_BOTTOM
 10
-33.94000
 20
28.28000
 11
-34.54000
 21
28.28000
 12
-33.94000
 22
28.04000
 13
-34.54000
 23
28.04000
  0
SOLID
 5
19EF
  8
PADLAYER_BOTTOM
 10
-34.52000
 20
26.96000
 11
-34.52000
 21
27.56000
 12
-34.76000
 22
26.96000
 13
-34.76000
 23
27.56000
  0
SOLID
 5
19F0
  8
PADLAYER_BOTTOM
 10
-35.02000
 20
26.96000
 11
-35.02000
 21
27.56000
 12
-35.26000
 22
26.96000
 13
-35.26000
 23
27.56000
  0
SOLID
 5
19F1
  8
PADLAYER_BOTTOM
 10
-35.52000
 20
26.96000
 11
-35.52000
 21
27.56000
 12
-35.76000
 22
26.96000
 13
-35.76000
 23
27.56000
  0
SOLID
 5
19F2
  8
PADLAYER_BOTTOM
 10
-36.02000
 20
26.96000
 11
-36.02000
 21
27.56000
 12
-36.26000
 22
26.96000
 13
-36.26000
 23
27.56000
  0
SOLID
 5
19F3
  8
PADLAYER_BOTTOM
 10
-36.52000
 20
26.96000
 11
-36.52000
 21
27.56000
 12
-36.76000
 22
26.96000
 13
-36.76000
 23
27.56000
  0
SOLID
 5
19F4
  8
PADLAYER_BOTTOM
 10
-37.02000
 20
26.96000
 11
-37.02000
 21
27.56000
 12
-37.26000
 22
26.96000
 13
-37.26000
 23
27.56000
  0
SOLID
 5
19F5
  8
PADLAYER_BOTTOM
 10
-37.52000
 20
26.96000
 11
-37.52000
 21
27.56000
 12
-37.76000
 22
26.96000
 13
-37.76000
 23
27.56000
  0
SOLID
 5
19F6
  8
PADLAYER_BOTTOM
 10
-38.02000
 20
26.96000
 11
-38.02000
 21
27.56000
 12
-38.26000
 22
26.96000
 13
-38.26000
 23
27.56000
  0
SOLID
 5
19F7
  8
PADLAYER_BOTTOM
 10
-38.24000
 20
28.28000
 11
-38.84000
 21
28.28000
 12
-38.24000
 22
28.04000
 13
-38.84000
 23
28.04000
  0
SOLID
 5
19F8
  8
PADLAYER_BOTTOM
 10
-34.86500
 20
29.93500
 11
-37.91500
 21
29.93500
 12
-34.86500
 22
27.88500
 13
-37.91500
 23
27.88500
  0
POLYLINE
 5
19F9
  8
PLACEMENT_OUTLINE_BOTTOM
 66
1
 40
0.100000
 41
0.100000
  0
VERTEX
 5
19FA
  8
PLACEMENT_OUTLINE_BOTTOM
 10
-39.23300
 20
29.02500
  0
VERTEX
 5
19FB
  8
PLACEMENT_OUTLINE_BOTTOM
 10
-42.02700
 20
29.02500
  0
SEQEND
  8
PLACEMENT_OUTLINE_BOTTOM
  0
POLYLINE
 5
19FC
  8
PLACEMENT_OUTLINE_BOTTOM
 66
1
 70
1
 40
0.050000
 41
0.050000
  0
VERTEX
 5
19FD
  8
PLACEMENT_OUTLINE_BOTTOM
 10
-39.25800
 20
29.02500
 42
1.0
  0
VERTEX
 5
19FE
  8
PLACEMENT_OUTLINE_BOTTOM
 10
-39.20800
 20
29.02500
 42
1.0
  0
SEQEND
  8
PLACEMENT_OUTLINE_BOTTOM
  0
POLYLINE
 5
19FF
  8
PLACEMENT_OUTLINE_BOTTOM
 66
1
 70
1
 40
0.050000
 41
0.050000
  0
VERTEX
 5
1A00
  8
PLACEMENT_OUTLINE_BOTTOM
 10
-42.05200
 20
29.02500
 42
1.0
  0
VERTEX
 5
1A01
  8
PLACEMENT_OUTLINE_BOTTOM
 10
-42.00200
 20
29.02500
 42
1.0
  0
SEQEND
  8
PLACEMENT_OUTLINE_BOTTOM
  0
POLYLINE
 5
1A02
  8
PLACEMENT_OUTLINE_BOTTOM
 66
1
 40
0.100000
 41
0.100000
  0
VERTEX
 5
1A03
  8
PLACEMENT_OUTLINE_BOTTOM
 10
-42.02700
 20
29.02500
  0
VERTEX
 5
1A04
  8
PLACEMENT_OUTLINE_BOTTOM
 10
-42.02700
 20
30.29500
  0
SEQEND
  8
PLACEMENT_OUTLINE_BOTTOM
  0
POLYLINE
 5
1A05
  8
PLACEMENT_OUTLINE_BOTTOM
 66
1
 70
1
 40
0.050000
 41
0.050000
  0
VERTEX
 5
1A06
  8
PLACEMENT_OUTLINE_BOTTOM
 10
-42.05200
 20
29.02500
 42
1.0
  0
VERTEX
 5
1A07
  8
PLACEMENT_OUTLINE_BOTTOM
 10
-42.00200
 20
29.02500
 42
1.0
  0
SEQEND
  8
PLACEMENT_OUTLINE_BOTTOM
  0
POLYLINE
 5
1A08
  8
PLACEMENT_OUTLINE_BOTTOM
 66
1
 70
1
 40
0.050000
 41
0.050000
  0
VERTEX
 5
1A09
  8
PLACEMENT_OUTLINE_BOTTOM
 10
-42.05200
 20
30.29500
 42
1.0
  0
VERTEX
 5
1A0A
  8
PLACEMENT_OUTLINE_BOTTOM
 10
-42.00200
 20
30.29500
 42
1.0
  0
SEQEND
  8
PLACEMENT_OUTLINE_BOTTOM
  0
POLYLINE
 5
1A0B
  8
PLACEMENT_OUTLINE_BOTTOM
 66
1
 40
0.100000
 41
0.100000
  0
VERTEX
 5
1A0C
  8
PLACEMENT_OUTLINE_BOTTOM
 10
-42.02700
 20
30.29500
  0
VERTEX
 5
1A0D
  8
PLACEMENT_OUTLINE_BOTTOM
 10
-39.23300
 20
30.29500
  0
SEQEND
  8
PLACEMENT_OUTLINE_BOTTOM
  0
POLYLINE
 5
1A0E
  8
PLACEMENT_OUTLINE_BOTTOM
 66
1
 70
1
 40
0.050000
 41
0.050000
  0
VERTEX
 5
1A0F
  8
PLACEMENT_OUTLINE_BOTTOM
 10
-42.05200
 20
30.29500
 42
1.0
  0
VERTEX
 5
1A10
  8
PLACEMENT_OUTLINE_BOTTOM
 10
-42.00200
 20
30.29500
 42
1.0
  0
SEQEND
  8
PLACEMENT_OUTLINE_BOTTOM
  0
POLYLINE
 5
1A11
  8
PLACEMENT_OUTLINE_BOTTOM
 66
1
 70
1
 40
0.050000
 41
0.050000
  0
VERTEX
 5
1A12
  8
PLACEMENT_OUTLINE_BOTTOM
 10
-39.25800
 20
30.29500
 42
1.0
  0
VERTEX
 5
1A13
  8
PLACEMENT_OUTLINE_BOTTOM
 10
-39.20800
 20
30.29500
 42
1.0
  0
SEQEND
  8
PLACEMENT_OUTLINE_BOTTOM
  0
POLYLINE
 5
1A14
  8
PLACEMENT_OUTLINE_BOTTOM
 66
1
 40
0.100000
 41
0.100000
  0
VERTEX
 5
1A15
  8
PLACEMENT_OUTLINE_BOTTOM
 10
-39.23300
 20
30.29500
  0
VERTEX
 5
1A16
  8
PLACEMENT_OUTLINE_BOTTOM
 10
-39.23300
 20
29.02500
  0
SEQEND
  8
PLACEMENT_OUTLINE_BOTTOM
  0
POLYLINE
 5
1A17
  8
PLACEMENT_OUTLINE_BOTTOM
 66
1
 70
1
 40
0.050000
 41
0.050000
  0
VERTEX
 5
1A18
  8
PLACEMENT_OUTLINE_BOTTOM
 10
-39.25800
 20
30.29500
 42
1.0
  0
VERTEX
 5
1A19
  8
PLACEMENT_OUTLINE_BOTTOM
 10
-39.20800
 20
30.29500
 42
1.0
  0
SEQEND
  8
PLACEMENT_OUTLINE_BOTTOM
  0
POLYLINE
 5
1A1A
  8
PLACEMENT_OUTLINE_BOTTOM
 66
1
 70
1
 40
0.050000
 41
0.050000
  0
VERTEX
 5
1A1B
  8
PLACEMENT_OUTLINE_BOTTOM
 10
-39.25800
 20
29.02500
 42
1.0
  0
VERTEX
 5
1A1C
  8
PLACEMENT_OUTLINE_BOTTOM
 10
-39.20800
 20
29.02500
 42
1.0
  0
SEQEND
  8
PLACEMENT_OUTLINE_BOTTOM
  0
SOLID
 5
1A1D
  8
PADLAYER_BOTTOM
 10
-40.93480
 20
30.11720
 11
-41.84920
 21
30.11720
 12
-40.93480
 22
29.20280
 13
-41.84920
 23
29.20280
  0
SOLID
 5
1A1E
  8
PADLAYER_BOTTOM
 10
-39.41080
 20
30.11720
 11
-40.32520
 21
30.11720
 12
-39.41080
 22
29.20280
 13
-40.32520
 23
29.20280
  0
POLYLINE
 5
1A1F
  8
PLACEMENT_OUTLINE_BOTTOM
 66
1
 40
0.100000
 41
0.100000
  0
VERTEX
 5
1A20
  8
PLACEMENT_OUTLINE_BOTTOM
 10
-35.83700
 20
32.80500
  0
VERTEX
 5
1A21
  8
PLACEMENT_OUTLINE_BOTTOM
 10
-33.04300
 20
32.80500
  0
SEQEND
  8
PLACEMENT_OUTLINE_BOTTOM
  0
POLYLINE
 5
1A22
  8
PLACEMENT_OUTLINE_BOTTOM
 66
1
 70
1
 40
0.050000
 41
0.050000
  0
VERTEX
 5
1A23
  8
PLACEMENT_OUTLINE_BOTTOM
 10
-35.86200
 20
32.80500
 42
1.0
  0
VERTEX
 5
1A24
  8
PLACEMENT_OUTLINE_BOTTOM
 10
-35.81200
 20
32.80500
 42
1.0
  0
SEQEND
  8
PLACEMENT_OUTLINE_BOTTOM
  0
POLYLINE
 5
1A25
  8
PLACEMENT_OUTLINE_BOTTOM
 66
1
 70
1
 40
0.050000
 41
0.050000
  0
VERTEX
 5
1A26
  8
PLACEMENT_OUTLINE_BOTTOM
 10
-33.06800
 20
32.80500
 42
1.0
  0
VERTEX
 5
1A27
  8
PLACEMENT_OUTLINE_BOTTOM
 10
-33.01800
 20
32.80500
 42
1.0
  0
SEQEND
  8
PLACEMENT_OUTLINE_BOTTOM
  0
POLYLINE
 5
1A28
  8
PLACEMENT_OUTLINE_BOTTOM
 66
1
 40
0.100000
 41
0.100000
  0
VERTEX
 5
1A29
  8
PLACEMENT_OUTLINE_BOTTOM
 10
-33.04300
 20
32.80500
  0
VERTEX
 5
1A2A
  8
PLACEMENT_OUTLINE_BOTTOM
 10
-33.04300
 20
31.53500
  0
SEQEND
  8
PLACEMENT_OUTLINE_BOTTOM
  0
POLYLINE
 5
1A2B
  8
PLACEMENT_OUTLINE_BOTTOM
 66
1
 70
1
 40
0.050000
 41
0.050000
  0
VERTEX
 5
1A2C
  8
PLACEMENT_OUTLINE_BOTTOM
 10
-33.06800
 20
32.80500
 42
1.0
  0
VERTEX
 5
1A2D
  8
PLACEMENT_OUTLINE_BOTTOM
 10
-33.01800
 20
32.80500
 42
1.0
  0
SEQEND
  8
PLACEMENT_OUTLINE_BOTTOM
  0
POLYLINE
 5
1A2E
  8
PLACEMENT_OUTLINE_BOTTOM
 66
1
 70
1
 40
0.050000
 41
0.050000
  0
VERTEX
 5
1A2F
  8
PLACEMENT_OUTLINE_BOTTOM
 10
-33.06800
 20
31.53500
 42
1.0
  0
VERTEX
 5
1A30
  8
PLACEMENT_OUTLINE_BOTTOM
 10
-33.01800
 20
31.53500
 42
1.0
  0
SEQEND
  8
PLACEMENT_OUTLINE_BOTTOM
  0
POLYLINE
 5
1A31
  8
PLACEMENT_OUTLINE_BOTTOM
 66
1
 40
0.100000
 41
0.100000
  0
VERTEX
 5
1A32
  8
PLACEMENT_OUTLINE_BOTTOM
 10
-33.04300
 20
31.53500
  0
VERTEX
 5
1A33
  8
PLACEMENT_OUTLINE_BOTTOM
 10
-35.83700
 20
31.53500
  0
SEQEND
  8
PLACEMENT_OUTLINE_BOTTOM
  0
POLYLINE
 5
1A34
  8
PLACEMENT_OUTLINE_BOTTOM
 66
1
 70
1
 40
0.050000
 41
0.050000
  0
VERTEX
 5
1A35
  8
PLACEMENT_OUTLINE_BOTTOM
 10
-33.06800
 20
31.53500
 42
1.0
  0
VERTEX
 5
1A36
  8
PLACEMENT_OUTLINE_BOTTOM
 10
-33.01800
 20
31.53500
 42
1.0
  0
SEQEND
  8
PLACEMENT_OUTLINE_BOTTOM
  0
POLYLINE
 5
1A37
  8
PLACEMENT_OUTLINE_BOTTOM
 66
1
 70
1
 40
0.050000
 41
0.050000
  0
VERTEX
 5
1A38
  8
PLACEMENT_OUTLINE_BOTTOM
 10
-35.86200
 20
31.53500
 42
1.0
  0
VERTEX
 5
1A39
  8
PLACEMENT_OUTLINE_BOTTOM
 10
-35.81200
 20
31.53500
 42
1.0
  0
SEQEND
  8
PLACEMENT_OUTLINE_BOTTOM
  0
POLYLINE
 5
1A3A
  8
PLACEMENT_OUTLINE_BOTTOM
 66
1
 40
0.100000
 41
0.100000
  0
VERTEX
 5
1A3B
  8
PLACEMENT_OUTLINE_BOTTOM
 10
-35.83700
 20
31.53500
  0
VERTEX
 5
1A3C
  8
PLACEMENT_OUTLINE_BOTTOM
 10
-35.83700
 20
32.80500
  0
SEQEND
  8
PLACEMENT_OUTLINE_BOTTOM
  0
POLYLINE
 5
1A3D
  8
PLACEMENT_OUTLINE_BOTTOM
 66
1
 70
1
 40
0.050000
 41
0.050000
  0
VERTEX
 5
1A3E
  8
PLACEMENT_OUTLINE_BOTTOM
 10
-35.86200
 20
31.53500
 42
1.0
  0
VERTEX
 5
1A3F
  8
PLACEMENT_OUTLINE_BOTTOM
 10
-35.81200
 20
31.53500
 42
1.0
  0
SEQEND
  8
PLACEMENT_OUTLINE_BOTTOM
  0
POLYLINE
 5
1A40
  8
PLACEMENT_OUTLINE_BOTTOM
 66
1
 70
1
 40
0.050000
 41
0.050000
  0
VERTEX
 5
1A41
  8
PLACEMENT_OUTLINE_BOTTOM
 10
-35.86200
 20
32.80500
 42
1.0
  0
VERTEX
 5
1A42
  8
PLACEMENT_OUTLINE_BOTTOM
 10
-35.81200
 20
32.80500
 42
1.0
  0
SEQEND
  8
PLACEMENT_OUTLINE_BOTTOM
  0
SOLID
 5
1A43
  8
PADLAYER_BOTTOM
 10
-34.13520
 20
31.71280
 11
-33.22080
 21
31.71280
 12
-34.13520
 22
32.62720
 13
-33.22080
 23
32.62720
  0
SOLID
 5
1A44
  8
PADLAYER_BOTTOM
 10
-35.65920
 20
31.71280
 11
-34.74480
 21
31.71280
 12
-35.65920
 22
32.62720
 13
-34.74480
 23
32.62720
  0
POLYLINE
 5
1A45
  8
PLACEMENT_OUTLINE_BOTTOM
 66
1
 40
0.299970
 41
0.299970
  0
VERTEX
 5
1A46
  8
PLACEMENT_OUTLINE_BOTTOM
 10
-36.01300
 20
31.53500
  0
VERTEX
 5
1A47
  8
PLACEMENT_OUTLINE_BOTTOM
 10
-38.80700
 20
31.53500
  0
SEQEND
  8
PLACEMENT_OUTLINE_BOTTOM
  0
POLYLINE
 5
1A48
  8
PLACEMENT_OUTLINE_BOTTOM
 66
1
 70
1
 40
0.149985
 41
0.149985
  0
VERTEX
 5
1A49
  8
PLACEMENT_OUTLINE_BOTTOM
 10
-36.08799
 20
31.53500
 42
1.0
  0
VERTEX
 5
1A4A
  8
PLACEMENT_OUTLINE_BOTTOM
 10
-35.93801
 20
31.53500
 42
1.0
  0
SEQEND
  8
PLACEMENT_OUTLINE_BOTTOM
  0
POLYLINE
 5
1A4B
  8
PLACEMENT_OUTLINE_BOTTOM
 66
1
 70
1
 40
0.149985
 41
0.149985
  0
VERTEX
 5
1A4C
  8
PLACEMENT_OUTLINE_BOTTOM
 10
-38.88199
 20
31.53500
 42
1.0
  0
VERTEX
 5
1A4D
  8
PLACEMENT_OUTLINE_BOTTOM
 10
-38.73201
 20
31.53500
 42
1.0
  0
SEQEND
  8
PLACEMENT_OUTLINE_BOTTOM
  0
POLYLINE
 5
1A4E
  8
PLACEMENT_OUTLINE_BOTTOM
 66
1
 40
0.299970
 41
0.299970
  0
VERTEX
 5
1A4F
  8
PLACEMENT_OUTLINE_BOTTOM
 10
-38.80700
 20
31.53500
  0
VERTEX
 5
1A50
  8
PLACEMENT_OUTLINE_BOTTOM
 10
-38.80700
 20
32.80500
  0
SEQEND
  8
PLACEMENT_OUTLINE_BOTTOM
  0
POLYLINE
 5
1A51
  8
PLACEMENT_OUTLINE_BOTTOM
 66
1
 70
1
 40
0.149985
 41
0.149985
  0
VERTEX
 5
1A52
  8
PLACEMENT_OUTLINE_BOTTOM
 10
-38.88199
 20
31.53500
 42
1.0
  0
VERTEX
 5
1A53
  8
PLACEMENT_OUTLINE_BOTTOM
 10
-38.73201
 20
31.53500
 42
1.0
  0
SEQEND
  8
PLACEMENT_OUTLINE_BOTTOM
  0
POLYLINE
 5
1A54
  8
PLACEMENT_OUTLINE_BOTTOM
 66
1
 70
1
 40
0.149985
 41
0.149985
  0
VERTEX
 5
1A55
  8
PLACEMENT_OUTLINE_BOTTOM
 10
-38.88199
 20
32.80500
 42
1.0
  0
VERTEX
 5
1A56
  8
PLACEMENT_OUTLINE_BOTTOM
 10
-38.73201
 20
32.80500
 42
1.0
  0
SEQEND
  8
PLACEMENT_OUTLINE_BOTTOM
  0
POLYLINE
 5
1A57
  8
PLACEMENT_OUTLINE_BOTTOM
 66
1
 40
0.299970
 41
0.299970
  0
VERTEX
 5
1A58
  8
PLACEMENT_OUTLINE_BOTTOM
 10
-38.80700
 20
32.80500
  0
VERTEX
 5
1A59
  8
PLACEMENT_OUTLINE_BOTTOM
 10
-36.01300
 20
32.80500
  0
SEQEND
  8
PLACEMENT_OUTLINE_BOTTOM
  0
POLYLINE
 5
1A5A
  8
PLACEMENT_OUTLINE_BOTTOM
 66
1
 70
1
 40
0.149985
 41
0.149985
  0
VERTEX
 5
1A5B
  8
PLACEMENT_OUTLINE_BOTTOM
 10
-38.88199
 20
32.80500
 42
1.0
  0
VERTEX
 5
1A5C
  8
PLACEMENT_OUTLINE_BOTTOM
 10
-38.73201
 20
32.80500
 42
1.0
  0
SEQEND
  8
PLACEMENT_OUTLINE_BOTTOM
  0
POLYLINE
 5
1A5D
  8
PLACEMENT_OUTLINE_BOTTOM
 66
1
 70
1
 40
0.149985
 41
0.149985
  0
VERTEX
 5
1A5E
  8
PLACEMENT_OUTLINE_BOTTOM
 10
-36.08799
 20
32.80500
 42
1.0
  0
VERTEX
 5
1A5F
  8
PLACEMENT_OUTLINE_BOTTOM
 10
-35.93801
 20
32.80500
 42
1.0
  0
SEQEND
  8
PLACEMENT_OUTLINE_BOTTOM
  0
POLYLINE
 5
1A60
  8
PLACEMENT_OUTLINE_BOTTOM
 66
1
 40
0.299970
 41
0.299970
  0
VERTEX
 5
1A61
  8
PLACEMENT_OUTLINE_BOTTOM
 10
-36.01300
 20
32.80500
  0
VERTEX
 5
1A62
  8
PLACEMENT_OUTLINE_BOTTOM
 10
-36.01300
 20
31.53500
  0
SEQEND
  8
PLACEMENT_OUTLINE_BOTTOM
  0
POLYLINE
 5
1A63
  8
PLACEMENT_OUTLINE_BOTTOM
 66
1
 70
1
 40
0.149985
 41
0.149985
  0
VERTEX
 5
1A64
  8
PLACEMENT_OUTLINE_BOTTOM
 10
-36.08799
 20
32.80500
 42
1.0
  0
VERTEX
 5
1A65
  8
PLACEMENT_OUTLINE_BOTTOM
 10
-35.93801
 20
32.80500
 42
1.0
  0
SEQEND
  8
PLACEMENT_OUTLINE_BOTTOM
  0
POLYLINE
 5
1A66
  8
PLACEMENT_OUTLINE_BOTTOM
 66
1
 70
1
 40
0.149985
 41
0.149985
  0
VERTEX
 5
1A67
  8
PLACEMENT_OUTLINE_BOTTOM
 10
-36.08799
 20
31.53500
 42
1.0
  0
VERTEX
 5
1A68
  8
PLACEMENT_OUTLINE_BOTTOM
 10
-35.93801
 20
31.53500
 42
1.0
  0
SEQEND
  8
PLACEMENT_OUTLINE_BOTTOM
  0
SOLID
 5
1A69
  8
PADLAYER_BOTTOM
 10
-37.71480
 20
32.62720
 11
-38.62920
 21
32.62720
 12
-37.71480
 22
31.71280
 13
-38.62920
 23
31.71280
  0
SOLID
 5
1A6A
  8
PADLAYER_BOTTOM
 10
-36.19080
 20
32.62720
 11
-37.10520
 21
32.62720
 12
-36.19080
 22
31.71280
 13
-37.10520
 23
31.71280
  0
POLYLINE
 5
1A6B
  8
PLACEMENT_OUTLINE_BOTTOM
 66
1
 40
0.100000
 41
0.100000
  0
VERTEX
 5
1A6C
  8
PLACEMENT_OUTLINE_BOTTOM
 10
-33.44700
 20
30.66500
  0
VERTEX
 5
1A6D
  8
PLACEMENT_OUTLINE_BOTTOM
 10
-30.65300
 20
30.66500
  0
SEQEND
  8
PLACEMENT_OUTLINE_BOTTOM
  0
POLYLINE
 5
1A6E
  8
PLACEMENT_OUTLINE_BOTTOM
 66
1
 70
1
 40
0.050000
 41
0.050000
  0
VERTEX
 5
1A6F
  8
PLACEMENT_OUTLINE_BOTTOM
 10
-33.47200
 20
30.66500
 42
1.0
  0
VERTEX
 5
1A70
  8
PLACEMENT_OUTLINE_BOTTOM
 10
-33.42200
 20
30.66500
 42
1.0
  0
SEQEND
  8
PLACEMENT_OUTLINE_BOTTOM
  0
POLYLINE
 5
1A71
  8
PLACEMENT_OUTLINE_BOTTOM
 66
1
 70
1
 40
0.050000
 41
0.050000
  0
VERTEX
 5
1A72
  8
PLACEMENT_OUTLINE_BOTTOM
 10
-30.67800
 20
30.66500
 42
1.0
  0
VERTEX
 5
1A73
  8
PLACEMENT_OUTLINE_BOTTOM
 10
-30.62800
 20
30.66500
 42
1.0
  0
SEQEND
  8
PLACEMENT_OUTLINE_BOTTOM
  0
POLYLINE
 5
1A74
  8
PLACEMENT_OUTLINE_BOTTOM
 66
1
 40
0.100000
 41
0.100000
  0
VERTEX
 5
1A75
  8
PLACEMENT_OUTLINE_BOTTOM
 10
-30.65300
 20
30.66500
  0
VERTEX
 5
1A76
  8
PLACEMENT_OUTLINE_BOTTOM
 10
-30.65300
 20
29.39500
  0
SEQEND
  8
PLACEMENT_OUTLINE_BOTTOM
  0
POLYLINE
 5
1A77
  8
PLACEMENT_OUTLINE_BOTTOM
 66
1
 70
1
 40
0.050000
 41
0.050000
  0
VERTEX
 5
1A78
  8
PLACEMENT_OUTLINE_BOTTOM
 10
-30.67800
 20
30.66500
 42
1.0
  0
VERTEX
 5
1A79
  8
PLACEMENT_OUTLINE_BOTTOM
 10
-30.62800
 20
30.66500
 42
1.0
  0
SEQEND
  8
PLACEMENT_OUTLINE_BOTTOM
  0
POLYLINE
 5
1A7A
  8
PLACEMENT_OUTLINE_BOTTOM
 66
1
 70
1
 40
0.050000
 41
0.050000
  0
VERTEX
 5
1A7B
  8
PLACEMENT_OUTLINE_BOTTOM
 10
-30.67800
 20
29.39500
 42
1.0
  0
VERTEX
 5
1A7C
  8
PLACEMENT_OUTLINE_BOTTOM
 10
-30.62800
 20
29.39500
 42
1.0
  0
SEQEND
  8
PLACEMENT_OUTLINE_BOTTOM
  0
POLYLINE
 5
1A7D
  8
PLACEMENT_OUTLINE_BOTTOM
 66
1
 40
0.100000
 41
0.100000
  0
VERTEX
 5
1A7E
  8
PLACEMENT_OUTLINE_BOTTOM
 10
-30.65300
 20
29.39500
  0
VERTEX
 5
1A7F
  8
PLACEMENT_OUTLINE_BOTTOM
 10
-33.44700
 20
29.39500
  0
SEQEND
  8
PLACEMENT_OUTLINE_BOTTOM
  0
POLYLINE
 5
1A80
  8
PLACEMENT_OUTLINE_BOTTOM
 66
1
 70
1
 40
0.050000
 41
0.050000
  0
VERTEX
 5
1A81
  8
PLACEMENT_OUTLINE_BOTTOM
 10
-30.67800
 20
29.39500
 42
1.0
  0
VERTEX
 5
1A82
  8
PLACEMENT_OUTLINE_BOTTOM
 10
-30.62800
 20
29.39500
 42
1.0
  0
SEQEND
  8
PLACEMENT_OUTLINE_BOTTOM
  0
POLYLINE
 5
1A83
  8
PLACEMENT_OUTLINE_BOTTOM
 66
1
 70
1
 40
0.050000
 41
0.050000
  0
VERTEX
 5
1A84
  8
PLACEMENT_OUTLINE_BOTTOM
 10
-33.47200
 20
29.39500
 42
1.0
  0
VERTEX
 5
1A85
  8
PLACEMENT_OUTLINE_BOTTOM
 10
-33.42200
 20
29.39500
 42
1.0
  0
SEQEND
  8
PLACEMENT_OUTLINE_BOTTOM
  0
POLYLINE
 5
1A86
  8
PLACEMENT_OUTLINE_BOTTOM
 66
1
 40
0.100000
 41
0.100000
  0
VERTEX
 5
1A87
  8
PLACEMENT_OUTLINE_BOTTOM
 10
-33.44700
 20
29.39500
  0
VERTEX
 5
1A88
  8
PLACEMENT_OUTLINE_BOTTOM
 10
-33.44700
 20
30.66500
  0
SEQEND
  8
PLACEMENT_OUTLINE_BOTTOM
  0
POLYLINE
 5
1A89
  8
PLACEMENT_OUTLINE_BOTTOM
 66
1
 70
1
 40
0.050000
 41
0.050000
  0
VERTEX
 5
1A8A
  8
PLACEMENT_OUTLINE_BOTTOM
 10
-33.47200
 20
29.39500
 42
1.0
  0
VERTEX
 5
1A8B
  8
PLACEMENT_OUTLINE_BOTTOM
 10
-33.42200
 20
29.39500
 42
1.0
  0
SEQEND
  8
PLACEMENT_OUTLINE_BOTTOM
  0
POLYLINE
 5
1A8C
  8
PLACEMENT_OUTLINE_BOTTOM
 66
1
 70
1
 40
0.050000
 41
0.050000
  0
VERTEX
 5
1A8D
  8
PLACEMENT_OUTLINE_BOTTOM
 10
-33.47200
 20
30.66500
 42
1.0
  0
VERTEX
 5
1A8E
  8
PLACEMENT_OUTLINE_BOTTOM
 10
-33.42200
 20
30.66500
 42
1.0
  0
SEQEND
  8
PLACEMENT_OUTLINE_BOTTOM
  0
SOLID
 5
1A8F
  8
PADLAYER_BOTTOM
 10
-31.74520
 20
29.57280
 11
-30.83080
 21
29.57280
 12
-31.74520
 22
30.48720
 13
-30.83080
 23
30.48720
  0
SOLID
 5
1A90
  8
PADLAYER_BOTTOM
 10
-33.26920
 20
29.57280
 11
-32.35480
 21
29.57280
 12
-33.26920
 22
30.48720
 13
-32.35480
 23
30.48720
  0
POLYLINE
 5
1A91
  8
PLACEMENT_OUTLINE_BOTTOM
 66
1
 40
0.299970
 41
0.299970
  0
VERTEX
 5
1A92
  8
PLACEMENT_OUTLINE_BOTTOM
 10
-41.97400
 20
16.69100
  0
VERTEX
 5
1A93
  8
PLACEMENT_OUTLINE_BOTTOM
 10
-44.76800
 20
16.69100
  0
SEQEND
  8
PLACEMENT_OUTLINE_BOTTOM
  0
POLYLINE
 5
1A94
  8
PLACEMENT_OUTLINE_BOTTOM
 66
1
 70
1
 40
0.149985
 41
0.149985
  0
VERTEX
 5
1A95
  8
PLACEMENT_OUTLINE_BOTTOM
 10
-42.04899
 20
16.69100
 42
1.0
  0
VERTEX
 5
1A96
  8
PLACEMENT_OUTLINE_BOTTOM
 10
-41.89901
 20
16.69100
 42
1.0
  0
SEQEND
  8
PLACEMENT_OUTLINE_BOTTOM
  0
POLYLINE
 5
1A97
  8
PLACEMENT_OUTLINE_BOTTOM
 66
1
 70
1
 40
0.149985
 41
0.149985
  0
VERTEX
 5
1A98
  8
PLACEMENT_OUTLINE_BOTTOM
 10
-44.84299
 20
16.69100
 42
1.0
  0
VERTEX
 5
1A99
  8
PLACEMENT_OUTLINE_BOTTOM
 10
-44.69301
 20
16.69100
 42
1.0
  0
SEQEND
  8
PLACEMENT_OUTLINE_BOTTOM
  0
POLYLINE
 5
1A9A
  8
PLACEMENT_OUTLINE_BOTTOM
 66
1
 40
0.299970
 41
0.299970
  0
VERTEX
 5
1A9B
  8
PLACEMENT_OUTLINE_BOTTOM
 10
-44.76800
 20
16.69100
  0
VERTEX
 5
1A9C
  8
PLACEMENT_OUTLINE_BOTTOM
 10
-44.76800
 20
17.96100
  0
SEQEND
  8
PLACEMENT_OUTLINE_BOTTOM
  0
POLYLINE
 5
1A9D
  8
PLACEMENT_OUTLINE_BOTTOM
 66
1
 70
1
 40
0.149985
 41
0.149985
  0
VERTEX
 5
1A9E
  8
PLACEMENT_OUTLINE_BOTTOM
 10
-44.84299
 20
16.69100
 42
1.0
  0
VERTEX
 5
1A9F
  8
PLACEMENT_OUTLINE_BOTTOM
 10
-44.69301
 20
16.69100
 42
1.0
  0
SEQEND
  8
PLACEMENT_OUTLINE_BOTTOM
  0
POLYLINE
 5
1AA0
  8
PLACEMENT_OUTLINE_BOTTOM
 66
1
 70
1
 40
0.149985
 41
0.149985
  0
VERTEX
 5
1AA1
  8
PLACEMENT_OUTLINE_BOTTOM
 10
-44.84299
 20
17.96100
 42
1.0
  0
VERTEX
 5
1AA2
  8
PLACEMENT_OUTLINE_BOTTOM
 10
-44.69301
 20
17.96100
 42
1.0
  0
SEQEND
  8
PLACEMENT_OUTLINE_BOTTOM
  0
POLYLINE
 5
1AA3
  8
PLACEMENT_OUTLINE_BOTTOM
 66
1
 40
0.299970
 41
0.299970
  0
VERTEX
 5
1AA4
  8
PLACEMENT_OUTLINE_BOTTOM
 10
-44.76800
 20
17.96100
  0
VERTEX
 5
1AA5
  8
PLACEMENT_OUTLINE_BOTTOM
 10
-41.97400
 20
17.96100
  0
SEQEND
  8
PLACEMENT_OUTLINE_BOTTOM
  0
POLYLINE
 5
1AA6
  8
PLACEMENT_OUTLINE_BOTTOM
 66
1
 70
1
 40
0.149985
 41
0.149985
  0
VERTEX
 5
1AA7
  8
PLACEMENT_OUTLINE_BOTTOM
 10
-44.84299
 20
17.96100
 42
1.0
  0
VERTEX
 5
1AA8
  8
PLACEMENT_OUTLINE_BOTTOM
 10
-44.69301
 20
17.96100
 42
1.0
  0
SEQEND
  8
PLACEMENT_OUTLINE_BOTTOM
  0
POLYLINE
 5
1AA9
  8
PLACEMENT_OUTLINE_BOTTOM
 66
1
 70
1
 40
0.149985
 41
0.149985
  0
VERTEX
 5
1AAA
  8
PLACEMENT_OUTLINE_BOTTOM
 10
-42.04899
 20
17.96100
 42
1.0
  0
VERTEX
 5
1AAB
  8
PLACEMENT_OUTLINE_BOTTOM
 10
-41.89901
 20
17.96100
 42
1.0
  0
SEQEND
  8
PLACEMENT_OUTLINE_BOTTOM
  0
POLYLINE
 5
1AAC
  8
PLACEMENT_OUTLINE_BOTTOM
 66
1
 40
0.299970
 41
0.299970
  0
VERTEX
 5
1AAD
  8
PLACEMENT_OUTLINE_BOTTOM
 10
-41.97400
 20
17.96100
  0
VERTEX
 5
1AAE
  8
PLACEMENT_OUTLINE_BOTTOM
 10
-41.97400
 20
16.69100
  0
SEQEND
  8
PLACEMENT_OUTLINE_BOTTOM
  0
POLYLINE
 5
1AAF
  8
PLACEMENT_OUTLINE_BOTTOM
 66
1
 70
1
 40
0.149985
 41
0.149985
  0
VERTEX
 5
1AB0
  8
PLACEMENT_OUTLINE_BOTTOM
 10
-42.04899
 20
17.96100
 42
1.0
  0
VERTEX
 5
1AB1
  8
PLACEMENT_OUTLINE_BOTTOM
 10
-41.89901
 20
17.96100
 42
1.0
  0
SEQEND
  8
PLACEMENT_OUTLINE_BOTTOM
  0
POLYLINE
 5
1AB2
  8
PLACEMENT_OUTLINE_BOTTOM
 66
1
 70
1
 40
0.149985
 41
0.149985
  0
VERTEX
 5
1AB3
  8
PLACEMENT_OUTLINE_BOTTOM
 10
-42.04899
 20
16.69100
 42
1.0
  0
VERTEX
 5
1AB4
  8
PLACEMENT_OUTLINE_BOTTOM
 10
-41.89901
 20
16.69100
 42
1.0
  0
SEQEND
  8
PLACEMENT_OUTLINE_BOTTOM
  0
SOLID
 5
1AB5
  8
PADLAYER_BOTTOM
 10
-43.67580
 20
17.78320
 11
-44.59020
 21
17.78320
 12
-43.67580
 22
16.86880
 13
-44.59020
 23
16.86880
  0
SOLID
 5
1AB6
  8
PADLAYER_BOTTOM
 10
-42.15180
 20
17.78320
 11
-43.06620
 21
17.78320
 12
-42.15180
 22
16.86880
 13
-43.06620
 23
16.86880
  0
POLYLINE
 5
1AB7
  8
Bottom04
 66
1
 70
1
 40
0.000000
 41
0.000000
  0
VERTEX
 5
1AB8
  8
Bottom04
 10
-25.16730
 20
36.98000
 42
0.414214
  0
VERTEX
 5
1AB9
  8
Bottom04
 10
-25.18000
 20
36.99270
  0
VERTEX
 5
1ABA
  8
Bottom04
 10
-28.37000
 20
36.99270
 42
0.414214
  0
VERTEX
 5
1ABB
  8
Bottom04
 10
-28.38270
 20
36.98000
  0
VERTEX
 5
1ABC
  8
Bottom04
 10
-28.38270
 20
35.48000
 42
0.414214
  0
VERTEX
 5
1ABD
  8
Bottom04
 10
-28.37000
 20
35.46730
  0
VERTEX
 5
1ABE
  8
Bottom04
 10
-25.18000
 20
35.46730
 42
0.414214
  0
VERTEX
 5
1ABF
  8
Bottom04
 10
-25.16730
 20
35.48000
  0
VERTEX
 5
1AC0
  8
Bottom04
 10
-25.16730
 20
36.98000
  0
SEQEND
  8
Bottom04
  0
POLYLINE
 5
1AC1
  8
2DLINES_4
 66
1
 40
0.152400
 41
0.152400
  0
VERTEX
 5
1AC2
  8
2DLINES_4
 10
-26.78000
 20
35.59000
  0
VERTEX
 5
1AC3
  8
2DLINES_4
 10
-26.78000
 20
36.89000
  0
SEQEND
  8
2DLINES_4
  0
POLYLINE
 5
1AC4
  8
2DLINES_4
 66
1
 70
1
 40
0.076200
 41
0.076200
  0
VERTEX
 5
1AC5
  8
2DLINES_4
 10
-26.81810
 20
35.59000
 42
1.0
  0
VERTEX
 5
1AC6
  8
2DLINES_4
 10
-26.74190
 20
35.59000
 42
1.0
  0
SEQEND
  8
2DLINES_4
  0
POLYLINE
 5
1AC7
  8
2DLINES_4
 66
1
 70
1
 40
0.076200
 41
0.076200
  0
VERTEX
 5
1AC8
  8
2DLINES_4
 10
-26.81810
 20
36.89000
 42
1.0
  0
VERTEX
 5
1AC9
  8
2DLINES_4
 10
-26.74190
 20
36.89000
 42
1.0
  0
SEQEND
  8
2DLINES_4
  0
POLYLINE
 5
1ACA
  8
PLACEMENT_OUTLINE_BOTTOM
 66
1
 40
0.025400
 41
0.025400
  0
VERTEX
 5
1ACB
  8
PLACEMENT_OUTLINE_BOTTOM
 10
-25.18000
 20
35.49000
  0
VERTEX
 5
1ACC
  8
PLACEMENT_OUTLINE_BOTTOM
 10
-25.18000
 20
36.99000
  0
SEQEND
  8
PLACEMENT_OUTLINE_BOTTOM
  0
POLYLINE
 5
1ACD
  8
PLACEMENT_OUTLINE_BOTTOM
 66
1
 70
1
 40
0.012700
 41
0.012700
  0
VERTEX
 5
1ACE
  8
PLACEMENT_OUTLINE_BOTTOM
 10
-25.18635
 20
35.49000
 42
1.0
  0
VERTEX
 5
1ACF
  8
PLACEMENT_OUTLINE_BOTTOM
 10
-25.17365
 20
35.49000
 42
1.0
  0
SEQEND
  8
PLACEMENT_OUTLINE_BOTTOM
  0
POLYLINE
 5
1AD0
  8
PLACEMENT_OUTLINE_BOTTOM
 66
1
 70
1
 40
0.012700
 41
0.012700
  0
VERTEX
 5
1AD1
  8
PLACEMENT_OUTLINE_BOTTOM
 10
-25.18635
 20
36.99000
 42
1.0
  0
VERTEX
 5
1AD2
  8
PLACEMENT_OUTLINE_BOTTOM
 10
-25.17365
 20
36.99000
 42
1.0
  0
SEQEND
  8
PLACEMENT_OUTLINE_BOTTOM
  0
POLYLINE
 5
1AD3
  8
PLACEMENT_OUTLINE_BOTTOM
 66
1
 40
0.025400
 41
0.025400
  0
VERTEX
 5
1AD4
  8
PLACEMENT_OUTLINE_BOTTOM
 10
-25.18000
 20
36.99000
  0
VERTEX
 5
1AD5
  8
PLACEMENT_OUTLINE_BOTTOM
 10
-28.38000
 20
36.99000
  0
SEQEND
  8
PLACEMENT_OUTLINE_BOTTOM
  0
POLYLINE
 5
1AD6
  8
PLACEMENT_OUTLINE_BOTTOM
 66
1
 70
1
 40
0.012700
 41
0.012700
  0
VERTEX
 5
1AD7
  8
PLACEMENT_OUTLINE_BOTTOM
 10
-25.18635
 20
36.99000
 42
1.0
  0
VERTEX
 5
1AD8
  8
PLACEMENT_OUTLINE_BOTTOM
 10
-25.17365
 20
36.99000
 42
1.0
  0
SEQEND
  8
PLACEMENT_OUTLINE_BOTTOM
  0
POLYLINE
 5
1AD9
  8
PLACEMENT_OUTLINE_BOTTOM
 66
1
 70
1
 40
0.012700
 41
0.012700
  0
VERTEX
 5
1ADA
  8
PLACEMENT_OUTLINE_BOTTOM
 10
-28.38635
 20
36.99000
 42
1.0
  0
VERTEX
 5
1ADB
  8
PLACEMENT_OUTLINE_BOTTOM
 10
-28.37365
 20
36.99000
 42
1.0
  0
SEQEND
  8
PLACEMENT_OUTLINE_BOTTOM
  0
POLYLINE
 5
1ADC
  8
PLACEMENT_OUTLINE_BOTTOM
 66
1
 40
0.025400
 41
0.025400
  0
VERTEX
 5
1ADD
  8
PLACEMENT_OUTLINE_BOTTOM
 10
-28.38000
 20
36.99000
  0
VERTEX
 5
1ADE
  8
PLACEMENT_OUTLINE_BOTTOM
 10
-28.38000
 20
35.49000
  0
SEQEND
  8
PLACEMENT_OUTLINE_BOTTOM
  0
POLYLINE
 5
1ADF
  8
PLACEMENT_OUTLINE_BOTTOM
 66
1
 70
1
 40
0.012700
 41
0.012700
  0
VERTEX
 5
1AE0
  8
PLACEMENT_OUTLINE_BOTTOM
 10
-28.38635
 20
36.99000
 42
1.0
  0
VERTEX
 5
1AE1
  8
PLACEMENT_OUTLINE_BOTTOM
 10
-28.37365
 20
36.99000
 42
1.0
  0
SEQEND
  8
PLACEMENT_OUTLINE_BOTTOM
  0
POLYLINE
 5
1AE2
  8
PLACEMENT_OUTLINE_BOTTOM
 66
1
 70
1
 40
0.012700
 41
0.012700
  0
VERTEX
 5
1AE3
  8
PLACEMENT_OUTLINE_BOTTOM
 10
-28.38635
 20
35.49000
 42
1.0
  0
VERTEX
 5
1AE4
  8
PLACEMENT_OUTLINE_BOTTOM
 10
-28.37365
 20
35.49000
 42
1.0
  0
SEQEND
  8
PLACEMENT_OUTLINE_BOTTOM
  0
POLYLINE
 5
1AE5
  8
PLACEMENT_OUTLINE_BOTTOM
 66
1
 40
0.025400
 41
0.025400
  0
VERTEX
 5
1AE6
  8
PLACEMENT_OUTLINE_BOTTOM
 10
-28.38000
 20
35.49000
  0
VERTEX
 5
1AE7
  8
PLACEMENT_OUTLINE_BOTTOM
 10
-25.18000
 20
35.49000
  0
SEQEND
  8
PLACEMENT_OUTLINE_BOTTOM
  0
POLYLINE
 5
1AE8
  8
PLACEMENT_OUTLINE_BOTTOM
 66
1
 70
1
 40
0.012700
 41
0.012700
  0
VERTEX
 5
1AE9
  8
PLACEMENT_OUTLINE_BOTTOM
 10
-28.38635
 20
35.49000
 42
1.0
  0
VERTEX
 5
1AEA
  8
PLACEMENT_OUTLINE_BOTTOM
 10
-28.37365
 20
35.49000
 42
1.0
  0
SEQEND
  8
PLACEMENT_OUTLINE_BOTTOM
  0
POLYLINE
 5
1AEB
  8
PLACEMENT_OUTLINE_BOTTOM
 66
1
 70
1
 40
0.012700
 41
0.012700
  0
VERTEX
 5
1AEC
  8
PLACEMENT_OUTLINE_BOTTOM
 10
-25.18635
 20
35.49000
 42
1.0
  0
VERTEX
 5
1AED
  8
PLACEMENT_OUTLINE_BOTTOM
 10
-25.17365
 20
35.49000
 42
1.0
  0
SEQEND
  8
PLACEMENT_OUTLINE_BOTTOM
  0
SOLID
 5
1AEE
  8
PADLAYER_BOTTOM
 10
-25.18000
 20
35.49000
 11
-25.18000
 21
36.99000
 12
-26.48000
 22
35.49000
 13
-26.48000
 23
36.99000
  0
SOLID
 5
1AEF
  8
PADLAYER_BOTTOM
 10
-27.08000
 20
35.49000
 11
-27.08000
 21
36.99000
 12
-28.38000
 22
35.49000
 13
-28.38000
 23
36.99000
  0
POLYLINE
 5
1AF0
  8
Bottom04
 66
1
 70
1
 40
0.000000
 41
0.000000
  0
VERTEX
 5
1AF1
  8
Bottom04
 10
-25.16730
 20
34.98000
 42
0.414214
  0
VERTEX
 5
1AF2
  8
Bottom04
 10
-25.18000
 20
34.99270
  0
VERTEX
 5
1AF3
  8
Bottom04
 10
-28.37000
 20
34.99270
 42
0.414214
  0
VERTEX
 5
1AF4
  8
Bottom04
 10
-28.38270
 20
34.98000
  0
VERTEX
 5
1AF5
  8
Bottom04
 10
-28.38270
 20
33.48000
 42
0.414214
  0
VERTEX
 5
1AF6
  8
Bottom04
 10
-28.37000
 20
33.46730
  0
VERTEX
 5
1AF7
  8
Bottom04
 10
-25.18000
 20
33.46730
 42
0.414214
  0
VERTEX
 5
1AF8
  8
Bottom04
 10
-25.16730
 20
33.48000
  0
VERTEX
 5
1AF9
  8
Bottom04
 10
-25.16730
 20
34.98000
  0
SEQEND
  8
Bottom04
  0
POLYLINE
 5
1AFA
  8
2DLINES_4
 66
1
 40
0.152400
 41
0.152400
  0
VERTEX
 5
1AFB
  8
2DLINES_4
 10
-26.78000
 20
33.59000
  0
VERTEX
 5
1AFC
  8
2DLINES_4
 10
-26.78000
 20
34.89000
  0
SEQEND
  8
2DLINES_4
  0
POLYLINE
 5
1AFD
  8
2DLINES_4
 66
1
 70
1
 40
0.076200
 41
0.076200
  0
VERTEX
 5
1AFE
  8
2DLINES_4
 10
-26.81810
 20
33.59000
 42
1.0
  0
VERTEX
 5
1AFF
  8
2DLINES_4
 10
-26.74190
 20
33.59000
 42
1.0
  0
SEQEND
  8
2DLINES_4
  0
POLYLINE
 5
1B00
  8
2DLINES_4
 66
1
 70
1
 40
0.076200
 41
0.076200
  0
VERTEX
 5
1B01
  8
2DLINES_4
 10
-26.81810
 20
34.89000
 42
1.0
  0
VERTEX
 5
1B02
  8
2DLINES_4
 10
-26.74190
 20
34.89000
 42
1.0
  0
SEQEND
  8
2DLINES_4
  0
POLYLINE
 5
1B03
  8
PLACEMENT_OUTLINE_BOTTOM
 66
1
 40
0.025400
 41
0.025400
  0
VERTEX
 5
1B04
  8
PLACEMENT_OUTLINE_BOTTOM
 10
-25.18000
 20
33.49000
  0
VERTEX
 5
1B05
  8
PLACEMENT_OUTLINE_BOTTOM
 10
-25.18000
 20
34.99000
  0
SEQEND
  8
PLACEMENT_OUTLINE_BOTTOM
  0
POLYLINE
 5
1B06
  8
PLACEMENT_OUTLINE_BOTTOM
 66
1
 70
1
 40
0.012700
 41
0.012700
  0
VERTEX
 5
1B07
  8
PLACEMENT_OUTLINE_BOTTOM
 10
-25.18635
 20
33.49000
 42
1.0
  0
VERTEX
 5
1B08
  8
PLACEMENT_OUTLINE_BOTTOM
 10
-25.17365
 20
33.49000
 42
1.0
  0
SEQEND
  8
PLACEMENT_OUTLINE_BOTTOM
  0
POLYLINE
 5
1B09
  8
PLACEMENT_OUTLINE_BOTTOM
 66
1
 70
1
 40
0.012700
 41
0.012700
  0
VERTEX
 5
1B0A
  8
PLACEMENT_OUTLINE_BOTTOM
 10
-25.18635
 20
34.99000
 42
1.0
  0
VERTEX
 5
1B0B
  8
PLACEMENT_OUTLINE_BOTTOM
 10
-25.17365
 20
34.99000
 42
1.0
  0
SEQEND
  8
PLACEMENT_OUTLINE_BOTTOM
  0
POLYLINE
 5
1B0C
  8
PLACEMENT_OUTLINE_BOTTOM
 66
1
 40
0.025400
 41
0.025400
  0
VERTEX
 5
1B0D
  8
PLACEMENT_OUTLINE_BOTTOM
 10
-25.18000
 20
34.99000
  0
VERTEX
 5
1B0E
  8
PLACEMENT_OUTLINE_BOTTOM
 10
-28.38000
 20
34.99000
  0
SEQEND
  8
PLACEMENT_OUTLINE_BOTTOM
  0
POLYLINE
 5
1B0F
  8
PLACEMENT_OUTLINE_BOTTOM
 66
1
 70
1
 40
0.012700
 41
0.012700
  0
VERTEX
 5
1B10
  8
PLACEMENT_OUTLINE_BOTTOM
 10
-25.18635
 20
34.99000
 42
1.0
  0
VERTEX
 5
1B11
  8
PLACEMENT_OUTLINE_BOTTOM
 10
-25.17365
 20
34.99000
 42
1.0
  0
SEQEND
  8
PLACEMENT_OUTLINE_BOTTOM
  0
POLYLINE
 5
1B12
  8
PLACEMENT_OUTLINE_BOTTOM
 66
1
 70
1
 40
0.012700
 41
0.012700
  0
VERTEX
 5
1B13
  8
PLACEMENT_OUTLINE_BOTTOM
 10
-28.38635
 20
34.99000
 42
1.0
  0
VERTEX
 5
1B14
  8
PLACEMENT_OUTLINE_BOTTOM
 10
-28.37365
 20
34.99000
 42
1.0
  0
SEQEND
  8
PLACEMENT_OUTLINE_BOTTOM
  0
POLYLINE
 5
1B15
  8
PLACEMENT_OUTLINE_BOTTOM
 66
1
 40
0.025400
 41
0.025400
  0
VERTEX
 5
1B16
  8
PLACEMENT_OUTLINE_BOTTOM
 10
-28.38000
 20
34.99000
  0
VERTEX
 5
1B17
  8
PLACEMENT_OUTLINE_BOTTOM
 10
-28.38000
 20
33.49000
  0
SEQEND
  8
PLACEMENT_OUTLINE_BOTTOM
  0
POLYLINE
 5
1B18
  8
PLACEMENT_OUTLINE_BOTTOM
 66
1
 70
1
 40
0.012700
 41
0.012700
  0
VERTEX
 5
1B19
  8
PLACEMENT_OUTLINE_BOTTOM
 10
-28.38635
 20
34.99000
 42
1.0
  0
VERTEX
 5
1B1A
  8
PLACEMENT_OUTLINE_BOTTOM
 10
-28.37365
 20
34.99000
 42
1.0
  0
SEQEND
  8
PLACEMENT_OUTLINE_BOTTOM
  0
POLYLINE
 5
1B1B
  8
PLACEMENT_OUTLINE_BOTTOM
 66
1
 70
1
 40
0.012700
 41
0.012700
  0
VERTEX
 5
1B1C
  8
PLACEMENT_OUTLINE_BOTTOM
 10
-28.38635
 20
33.49000
 42
1.0
  0
VERTEX
 5
1B1D
  8
PLACEMENT_OUTLINE_BOTTOM
 10
-28.37365
 20
33.49000
 42
1.0
  0
SEQEND
  8
PLACEMENT_OUTLINE_BOTTOM
  0
POLYLINE
 5
1B1E
  8
PLACEMENT_OUTLINE_BOTTOM
 66
1
 40
0.025400
 41
0.025400
  0
VERTEX
 5
1B1F
  8
PLACEMENT_OUTLINE_BOTTOM
 10
-28.38000
 20
33.49000
  0
VERTEX
 5
1B20
  8
PLACEMENT_OUTLINE_BOTTOM
 10
-25.18000
 20
33.49000
  0
SEQEND
  8
PLACEMENT_OUTLINE_BOTTOM
  0
POLYLINE
 5
1B21
  8
PLACEMENT_OUTLINE_BOTTOM
 66
1
 70
1
 40
0.012700
 41
0.012700
  0
VERTEX
 5
1B22
  8
PLACEMENT_OUTLINE_BOTTOM
 10
-28.38635
 20
33.49000
 42
1.0
  0
VERTEX
 5
1B23
  8
PLACEMENT_OUTLINE_BOTTOM
 10
-28.37365
 20
33.49000
 42
1.0
  0
SEQEND
  8
PLACEMENT_OUTLINE_BOTTOM
  0
POLYLINE
 5
1B24
  8
PLACEMENT_OUTLINE_BOTTOM
 66
1
 70
1
 40
0.012700
 41
0.012700
  0
VERTEX
 5
1B25
  8
PLACEMENT_OUTLINE_BOTTOM
 10
-25.18635
 20
33.49000
 42
1.0
  0
VERTEX
 5
1B26
  8
PLACEMENT_OUTLINE_BOTTOM
 10
-25.17365
 20
33.49000
 42
1.0
  0
SEQEND
  8
PLACEMENT_OUTLINE_BOTTOM
  0
SOLID
 5
1B27
  8
PADLAYER_BOTTOM
 10
-25.18000
 20
33.49000
 11
-25.18000
 21
34.99000
 12
-26.48000
 22
33.49000
 13
-26.48000
 23
34.99000
  0
SOLID
 5
1B28
  8
PADLAYER_BOTTOM
 10
-27.08000
 20
33.49000
 11
-27.08000
 21
34.99000
 12
-28.38000
 22
33.49000
 13
-28.38000
 23
34.99000
  0
POLYLINE
 5
1B29
  8
PLACEMENT_OUTLINE_BOTTOM
 66
1
 40
0.100000
 41
0.100000
  0
VERTEX
 5
1B2A
  8
PLACEMENT_OUTLINE_BOTTOM
 10
-28.17700
 20
38.59500
  0
VERTEX
 5
1B2B
  8
PLACEMENT_OUTLINE_BOTTOM
 10
-25.38300
 20
38.59500
  0
SEQEND
  8
PLACEMENT_OUTLINE_BOTTOM
  0
POLYLINE
 5
1B2C
  8
PLACEMENT_OUTLINE_BOTTOM
 66
1
 70
1
 40
0.050000
 41
0.050000
  0
VERTEX
 5
1B2D
  8
PLACEMENT_OUTLINE_BOTTOM
 10
-28.20200
 20
38.59500
 42
1.0
  0
VERTEX
 5
1B2E
  8
PLACEMENT_OUTLINE_BOTTOM
 10
-28.15200
 20
38.59500
 42
1.0
  0
SEQEND
  8
PLACEMENT_OUTLINE_BOTTOM
  0
POLYLINE
 5
1B2F
  8
PLACEMENT_OUTLINE_BOTTOM
 66
1
 70
1
 40
0.050000
 41
0.050000
  0
VERTEX
 5
1B30
  8
PLACEMENT_OUTLINE_BOTTOM
 10
-25.40800
 20
38.59500
 42
1.0
  0
VERTEX
 5
1B31
  8
PLACEMENT_OUTLINE_BOTTOM
 10
-25.35800
 20
38.59500
 42
1.0
  0
SEQEND
  8
PLACEMENT_OUTLINE_BOTTOM
  0
POLYLINE
 5
1B32
  8
PLACEMENT_OUTLINE_BOTTOM
 66
1
 40
0.100000
 41
0.100000
  0
VERTEX
 5
1B33
  8
PLACEMENT_OUTLINE_BOTTOM
 10
-25.38300
 20
38.59500
  0
VERTEX
 5
1B34
  8
PLACEMENT_OUTLINE_BOTTOM
 10
-25.38300
 20
37.32500
  0
SEQEND
  8
PLACEMENT_OUTLINE_BOTTOM
  0
POLYLINE
 5
1B35
  8
PLACEMENT_OUTLINE_BOTTOM
 66
1
 70
1
 40
0.050000
 41
0.050000
  0
VERTEX
 5
1B36
  8
PLACEMENT_OUTLINE_BOTTOM
 10
-25.40800
 20
38.59500
 42
1.0
  0
VERTEX
 5
1B37
  8
PLACEMENT_OUTLINE_BOTTOM
 10
-25.35800
 20
38.59500
 42
1.0
  0
SEQEND
  8
PLACEMENT_OUTLINE_BOTTOM
  0
POLYLINE
 5
1B38
  8
PLACEMENT_OUTLINE_BOTTOM
 66
1
 70
1
 40
0.050000
 41
0.050000
  0
VERTEX
 5
1B39
  8
PLACEMENT_OUTLINE_BOTTOM
 10
-25.40800
 20
37.32500
 42
1.0
  0
VERTEX
 5
1B3A
  8
PLACEMENT_OUTLINE_BOTTOM
 10
-25.35800
 20
37.32500
 42
1.0
  0
SEQEND
  8
PLACEMENT_OUTLINE_BOTTOM
  0
POLYLINE
 5
1B3B
  8
PLACEMENT_OUTLINE_BOTTOM
 66
1
 40
0.100000
 41
0.100000
  0
VERTEX
 5
1B3C
  8
PLACEMENT_OUTLINE_BOTTOM
 10
-25.38300
 20
37.32500
  0
VERTEX
 5
1B3D
  8
PLACEMENT_OUTLINE_BOTTOM
 10
-28.17700
 20
37.32500
  0
SEQEND
  8
PLACEMENT_OUTLINE_BOTTOM
  0
POLYLINE
 5
1B3E
  8
PLACEMENT_OUTLINE_BOTTOM
 66
1
 70
1
 40
0.050000
 41
0.050000
  0
VERTEX
 5
1B3F
  8
PLACEMENT_OUTLINE_BOTTOM
 10
-25.40800
 20
37.32500
 42
1.0
  0
VERTEX
 5
1B40
  8
PLACEMENT_OUTLINE_BOTTOM
 10
-25.35800
 20
37.32500
 42
1.0
  0
SEQEND
  8
PLACEMENT_OUTLINE_BOTTOM
  0
POLYLINE
 5
1B41
  8
PLACEMENT_OUTLINE_BOTTOM
 66
1
 70
1
 40
0.050000
 41
0.050000
  0
VERTEX
 5
1B42
  8
PLACEMENT_OUTLINE_BOTTOM
 10
-28.20200
 20
37.32500
 42
1.0
  0
VERTEX
 5
1B43
  8
PLACEMENT_OUTLINE_BOTTOM
 10
-28.15200
 20
37.32500
 42
1.0
  0
SEQEND
  8
PLACEMENT_OUTLINE_BOTTOM
  0
POLYLINE
 5
1B44
  8
PLACEMENT_OUTLINE_BOTTOM
 66
1
 40
0.100000
 41
0.100000
  0
VERTEX
 5
1B45
  8
PLACEMENT_OUTLINE_BOTTOM
 10
-28.17700
 20
37.32500
  0
VERTEX
 5
1B46
  8
PLACEMENT_OUTLINE_BOTTOM
 10
-28.17700
 20
38.59500
  0
SEQEND
  8
PLACEMENT_OUTLINE_BOTTOM
  0
POLYLINE
 5
1B47
  8
PLACEMENT_OUTLINE_BOTTOM
 66
1
 70
1
 40
0.050000
 41
0.050000
  0
VERTEX
 5
1B48
  8
PLACEMENT_OUTLINE_BOTTOM
 10
-28.20200
 20
37.32500
 42
1.0
  0
VERTEX
 5
1B49
  8
PLACEMENT_OUTLINE_BOTTOM
 10
-28.15200
 20
37.32500
 42
1.0
  0
SEQEND
  8
PLACEMENT_OUTLINE_BOTTOM
  0
POLYLINE
 5
1B4A
  8
PLACEMENT_OUTLINE_BOTTOM
 66
1
 70
1
 40
0.050000
 41
0.050000
  0
VERTEX
 5
1B4B
  8
PLACEMENT_OUTLINE_BOTTOM
 10
-28.20200
 20
38.59500
 42
1.0
  0
VERTEX
 5
1B4C
  8
PLACEMENT_OUTLINE_BOTTOM
 10
-28.15200
 20
38.59500
 42
1.0
  0
SEQEND
  8
PLACEMENT_OUTLINE_BOTTOM
  0
SOLID
 5
1B4D
  8
PADLAYER_BOTTOM
 10
-26.47520
 20
37.50280
 11
-25.56080
 21
37.50280
 12
-26.47520
 22
38.41720
 13
-25.56080
 23
38.41720
  0
SOLID
 5
1B4E
  8
PADLAYER_BOTTOM
 10
-27.99920
 20
37.50280
 11
-27.08480
 21
37.50280
 12
-27.99920
 22
38.41720
 13
-27.08480
 23
38.41720
  0
POLYLINE
 5
1B4F
  8
PLACEMENT_OUTLINE_BOTTOM
 66
1
 40
0.100000
 41
0.100000
  0
VERTEX
 5
1B50
  8
PLACEMENT_OUTLINE_BOTTOM
 10
-32.04446
 20
24.20311
  0
VERTEX
 5
1B51
  8
PLACEMENT_OUTLINE_BOTTOM
 10
-37.17531
 20
24.20330
  0
SEQEND
  8
PLACEMENT_OUTLINE_BOTTOM
  0
POLYLINE
 5
1B52
  8
PLACEMENT_OUTLINE_BOTTOM
 66
1
 70
1
 40
0.050000
 41
0.050000
  0
VERTEX
 5
1B53
  8
PLACEMENT_OUTLINE_BOTTOM
 10
-32.06946
 20
24.20311
 42
1.0
  0
VERTEX
 5
1B54
  8
PLACEMENT_OUTLINE_BOTTOM
 10
-32.01946
 20
24.20311
 42
1.0
  0
SEQEND
  8
PLACEMENT_OUTLINE_BOTTOM
  0
POLYLINE
 5
1B55
  8
PLACEMENT_OUTLINE_BOTTOM
 66
1
 70
1
 40
0.050000
 41
0.050000
  0
VERTEX
 5
1B56
  8
PLACEMENT_OUTLINE_BOTTOM
 10
-37.20031
 20
24.20330
 42
1.0
  0
VERTEX
 5
1B57
  8
PLACEMENT_OUTLINE_BOTTOM
 10
-37.15031
 20
24.20330
 42
1.0
  0
SEQEND
  8
PLACEMENT_OUTLINE_BOTTOM
  0
POLYLINE
 5
1B58
  8
PLACEMENT_OUTLINE_BOTTOM
 66
1
 40
0.100000
 41
0.100000
  0
VERTEX
 5
1B59
  8
PLACEMENT_OUTLINE_BOTTOM
 10
-37.17531
 20
24.20330
  0
VERTEX
 5
1B5A
  8
PLACEMENT_OUTLINE_BOTTOM
 10
-37.17531
 20
26.33677
  0
SEQEND
  8
PLACEMENT_OUTLINE_BOTTOM
  0
POLYLINE
 5
1B5B
  8
PLACEMENT_OUTLINE_BOTTOM
 66
1
 70
1
 40
0.050000
 41
0.050000
  0
VERTEX
 5
1B5C
  8
PLACEMENT_OUTLINE_BOTTOM
 10
-37.20031
 20
24.20330
 42
1.0
  0
VERTEX
 5
1B5D
  8
PLACEMENT_OUTLINE_BOTTOM
 10
-37.15031
 20
24.20330
 42
1.0
  0
SEQEND
  8
PLACEMENT_OUTLINE_BOTTOM
  0
POLYLINE
 5
1B5E
  8
PLACEMENT_OUTLINE_BOTTOM
 66
1
 70
1
 40
0.050000
 41
0.050000
  0
VERTEX
 5
1B5F
  8
PLACEMENT_OUTLINE_BOTTOM
 10
-37.20031
 20
26.33677
 42
1.0
  0
VERTEX
 5
1B60
  8
PLACEMENT_OUTLINE_BOTTOM
 10
-37.15031
 20
26.33677
 42
1.0
  0
SEQEND
  8
PLACEMENT_OUTLINE_BOTTOM
  0
POLYLINE
 5
1B61
  8
PLACEMENT_OUTLINE_BOTTOM
 66
1
 40
0.100000
 41
0.100000
  0
VERTEX
 5
1B62
  8
PLACEMENT_OUTLINE_BOTTOM
 10
-37.17531
 20
26.33677
  0
VERTEX
 5
1B63
  8
PLACEMENT_OUTLINE_BOTTOM
 10
-32.04457
 20
26.33692
  0
SEQEND
  8
PLACEMENT_OUTLINE_BOTTOM
  0
POLYLINE
 5
1B64
  8
PLACEMENT_OUTLINE_BOTTOM
 66
1
 70
1
 40
0.050000
 41
0.050000
  0
VERTEX
 5
1B65
  8
PLACEMENT_OUTLINE_BOTTOM
 10
-37.20031
 20
26.33677
 42
1.0
  0
VERTEX
 5
1B66
  8
PLACEMENT_OUTLINE_BOTTOM
 10
-37.15031
 20
26.33677
 42
1.0
  0
SEQEND
  8
PLACEMENT_OUTLINE_BOTTOM
  0
POLYLINE
 5
1B67
  8
PLACEMENT_OUTLINE_BOTTOM
 66
1
 70
1
 40
0.050000
 41
0.050000
  0
VERTEX
 5
1B68
  8
PLACEMENT_OUTLINE_BOTTOM
 10
-32.06957
 20
26.33692
 42
1.0
  0
VERTEX
 5
1B69
  8
PLACEMENT_OUTLINE_BOTTOM
 10
-32.01957
 20
26.33692
 42
1.0
  0
SEQEND
  8
PLACEMENT_OUTLINE_BOTTOM
  0
POLYLINE
 5
1B6A
  8
PLACEMENT_OUTLINE_BOTTOM
 66
1
 40
0.100000
 41
0.100000
  0
VERTEX
 5
1B6B
  8
PLACEMENT_OUTLINE_BOTTOM
 10
-32.04457
 20
26.33692
  0
VERTEX
 5
1B6C
  8
PLACEMENT_OUTLINE_BOTTOM
 10
-32.04446
 20
24.20311
  0
SEQEND
  8
PLACEMENT_OUTLINE_BOTTOM
  0
POLYLINE
 5
1B6D
  8
PLACEMENT_OUTLINE_BOTTOM
 66
1
 70
1
 40
0.050000
 41
0.050000
  0
VERTEX
 5
1B6E
  8
PLACEMENT_OUTLINE_BOTTOM
 10
-32.06957
 20
26.33692
 42
1.0
  0
VERTEX
 5
1B6F
  8
PLACEMENT_OUTLINE_BOTTOM
 10
-32.01957
 20
26.33692
 42
1.0
  0
SEQEND
  8
PLACEMENT_OUTLINE_BOTTOM
  0
POLYLINE
 5
1B70
  8
PLACEMENT_OUTLINE_BOTTOM
 66
1
 70
1
 40
0.050000
 41
0.050000
  0
VERTEX
 5
1B71
  8
PLACEMENT_OUTLINE_BOTTOM
 10
-32.06946
 20
24.20311
 42
1.0
  0
VERTEX
 5
1B72
  8
PLACEMENT_OUTLINE_BOTTOM
 10
-32.01946
 20
24.20311
 42
1.0
  0
SEQEND
  8
PLACEMENT_OUTLINE_BOTTOM
  0
SOLID
 5
1B73
  8
PADLAYER_BOTTOM
 10
-37.01030
 20
26.15891
 11
-37.01030
 21
24.38091
 12
-35.61330
 22
26.15891
 13
-35.61330
 23
24.38091
  0
SOLID
 5
1B74
  8
PADLAYER_BOTTOM
 10
-33.60670
 20
26.15909
 11
-33.60670
 21
24.38109
 12
-32.20970
 22
26.15909
 13
-32.20970
 23
24.38109
  0
POLYLINE
 5
1B75
  8
PLACEMENT_OUTLINE_BOTTOM
 66
1
 40
0.100000
 41
0.100000
  0
VERTEX
 5
1B76
  8
PLACEMENT_OUTLINE_BOTTOM
 10
-32.04446
 20
21.70311
  0
VERTEX
 5
1B77
  8
PLACEMENT_OUTLINE_BOTTOM
 10
-37.17531
 20
21.70330
  0
SEQEND
  8
PLACEMENT_OUTLINE_BOTTOM
  0
POLYLINE
 5
1B78
  8
PLACEMENT_OUTLINE_BOTTOM
 66
1
 70
1
 40
0.050000
 41
0.050000
  0
VERTEX
 5
1B79
  8
PLACEMENT_OUTLINE_BOTTOM
 10
-32.06946
 20
21.70311
 42
1.0
  0
VERTEX
 5
1B7A
  8
PLACEMENT_OUTLINE_BOTTOM
 10
-32.01946
 20
21.70311
 42
1.0
  0
SEQEND
  8
PLACEMENT_OUTLINE_BOTTOM
  0
POLYLINE
 5
1B7B
  8
PLACEMENT_OUTLINE_BOTTOM
 66
1
 70
1
 40
0.050000
 41
0.050000
  0
VERTEX
 5
1B7C
  8
PLACEMENT_OUTLINE_BOTTOM
 10
-37.20031
 20
21.70330
 42
1.0
  0
VERTEX
 5
1B7D
  8
PLACEMENT_OUTLINE_BOTTOM
 10
-37.15031
 20
21.70330
 42
1.0
  0
SEQEND
  8
PLACEMENT_OUTLINE_BOTTOM
  0
POLYLINE
 5
1B7E
  8
PLACEMENT_OUTLINE_BOTTOM
 66
1
 40
0.100000
 41
0.100000
  0
VERTEX
 5
1B7F
  8
PLACEMENT_OUTLINE_BOTTOM
 10
-37.17531
 20
21.70330
  0
VERTEX
 5
1B80
  8
PLACEMENT_OUTLINE_BOTTOM
 10
-37.17531
 20
23.83677
  0
SEQEND
  8
PLACEMENT_OUTLINE_BOTTOM
  0
POLYLINE
 5
1B81
  8
PLACEMENT_OUTLINE_BOTTOM
 66
1
 70
1
 40
0.050000
 41
0.050000
  0
VERTEX
 5
1B82
  8
PLACEMENT_OUTLINE_BOTTOM
 10
-37.20031
 20
21.70330
 42
1.0
  0
VERTEX
 5
1B83
  8
PLACEMENT_OUTLINE_BOTTOM
 10
-37.15031
 20
21.70330
 42
1.0
  0
SEQEND
  8
PLACEMENT_OUTLINE_BOTTOM
  0
POLYLINE
 5
1B84
  8
PLACEMENT_OUTLINE_BOTTOM
 66
1
 70
1
 40
0.050000
 41
0.050000
  0
VERTEX
 5
1B85
  8
PLACEMENT_OUTLINE_BOTTOM
 10
-37.20031
 20
23.83677
 42
1.0
  0
VERTEX
 5
1B86
  8
PLACEMENT_OUTLINE_BOTTOM
 10
-37.15031
 20
23.83677
 42
1.0
  0
SEQEND
  8
PLACEMENT_OUTLINE_BOTTOM
  0
POLYLINE
 5
1B87
  8
PLACEMENT_OUTLINE_BOTTOM
 66
1
 40
0.100000
 41
0.100000
  0
VERTEX
 5
1B88
  8
PLACEMENT_OUTLINE_BOTTOM
 10
-37.17531
 20
23.83677
  0
VERTEX
 5
1B89
  8
PLACEMENT_OUTLINE_BOTTOM
 10
-32.04457
 20
23.83692
  0
SEQEND
  8
PLACEMENT_OUTLINE_BOTTOM
  0
POLYLINE
 5
1B8A
  8
PLACEMENT_OUTLINE_BOTTOM
 66
1
 70
1
 40
0.050000
 41
0.050000
  0
VERTEX
 5
1B8B
  8
PLACEMENT_OUTLINE_BOTTOM
 10
-37.20031
 20
23.83677
 42
1.0
  0
VERTEX
 5
1B8C
  8
PLACEMENT_OUTLINE_BOTTOM
 10
-37.15031
 20
23.83677
 42
1.0
  0
SEQEND
  8
PLACEMENT_OUTLINE_BOTTOM
  0
POLYLINE
 5
1B8D
  8
PLACEMENT_OUTLINE_BOTTOM
 66
1
 70
1
 40
0.050000
 41
0.050000
  0
VERTEX
 5
1B8E
  8
PLACEMENT_OUTLINE_BOTTOM
 10
-32.06957
 20
23.83692
 42
1.0
  0
VERTEX
 5
1B8F
  8
PLACEMENT_OUTLINE_BOTTOM
 10
-32.01957
 20
23.83692
 42
1.0
  0
SEQEND
  8
PLACEMENT_OUTLINE_BOTTOM
  0
POLYLINE
 5
1B90
  8
PLACEMENT_OUTLINE_BOTTOM
 66
1
 40
0.100000
 41
0.100000
  0
VERTEX
 5
1B91
  8
PLACEMENT_OUTLINE_BOTTOM
 10
-32.04457
 20
23.83692
  0
VERTEX
 5
1B92
  8
PLACEMENT_OUTLINE_BOTTOM
 10
-32.04446
 20
21.70311
  0
SEQEND
  8
PLACEMENT_OUTLINE_BOTTOM
  0
POLYLINE
 5
1B93
  8
PLACEMENT_OUTLINE_BOTTOM
 66
1
 70
1
 40
0.050000
 41
0.050000
  0
VERTEX
 5
1B94
  8
PLACEMENT_OUTLINE_BOTTOM
 10
-32.06957
 20
23.83692
 42
1.0
  0
VERTEX
 5
1B95
  8
PLACEMENT_OUTLINE_BOTTOM
 10
-32.01957
 20
23.83692
 42
1.0
  0
SEQEND
  8
PLACEMENT_OUTLINE_BOTTOM
  0
POLYLINE
 5
1B96
  8
PLACEMENT_OUTLINE_BOTTOM
 66
1
 70
1
 40
0.050000
 41
0.050000
  0
VERTEX
 5
1B97
  8
PLACEMENT_OUTLINE_BOTTOM
 10
-32.06946
 20
21.70311
 42
1.0
  0
VERTEX
 5
1B98
  8
PLACEMENT_OUTLINE_BOTTOM
 10
-32.01946
 20
21.70311
 42
1.0
  0
SEQEND
  8
PLACEMENT_OUTLINE_BOTTOM
  0
SOLID
 5
1B99
  8
PADLAYER_BOTTOM
 10
-37.01030
 20
23.65891
 11
-37.01030
 21
21.88091
 12
-35.61330
 22
23.65891
 13
-35.61330
 23
21.88091
  0
SOLID
 5
1B9A
  8
PADLAYER_BOTTOM
 10
-33.60670
 20
23.65909
 11
-33.60670
 21
21.88109
 12
-32.20970
 22
23.65909
 13
-32.20970
 23
21.88109
  0
POLYLINE
 5
1B9B
  8
PLACEMENT_OUTLINE_BOTTOM
 66
1
 40
0.100000
 41
0.100000
  0
VERTEX
 5
1B9C
  8
PLACEMENT_OUTLINE_BOTTOM
 10
-32.04446
 20
19.20311
  0
VERTEX
 5
1B9D
  8
PLACEMENT_OUTLINE_BOTTOM
 10
-37.17531
 20
19.20330
  0
SEQEND
  8
PLACEMENT_OUTLINE_BOTTOM
  0
POLYLINE
 5
1B9E
  8
PLACEMENT_OUTLINE_BOTTOM
 66
1
 70
1
 40
0.050000
 41
0.050000
  0
VERTEX
 5
1B9F
  8
PLACEMENT_OUTLINE_BOTTOM
 10
-32.06946
 20
19.20311
 42
1.0
  0
VERTEX
 5
1BA0
  8
PLACEMENT_OUTLINE_BOTTOM
 10
-32.01946
 20
19.20311
 42
1.0
  0
SEQEND
  8
PLACEMENT_OUTLINE_BOTTOM
  0
POLYLINE
 5
1BA1
  8
PLACEMENT_OUTLINE_BOTTOM
 66
1
 70
1
 40
0.050000
 41
0.050000
  0
VERTEX
 5
1BA2
  8
PLACEMENT_OUTLINE_BOTTOM
 10
-37.20031
 20
19.20330
 42
1.0
  0
VERTEX
 5
1BA3
  8
PLACEMENT_OUTLINE_BOTTOM
 10
-37.15031
 20
19.20330
 42
1.0
  0
SEQEND
  8
PLACEMENT_OUTLINE_BOTTOM
  0
POLYLINE
 5
1BA4
  8
PLACEMENT_OUTLINE_BOTTOM
 66
1
 40
0.100000
 41
0.100000
  0
VERTEX
 5
1BA5
  8
PLACEMENT_OUTLINE_BOTTOM
 10
-37.17531
 20
19.20330
  0
VERTEX
 5
1BA6
  8
PLACEMENT_OUTLINE_BOTTOM
 10
-37.17531
 20
21.33677
  0
SEQEND
  8
PLACEMENT_OUTLINE_BOTTOM
  0
POLYLINE
 5
1BA7
  8
PLACEMENT_OUTLINE_BOTTOM
 66
1
 70
1
 40
0.050000
 41
0.050000
  0
VERTEX
 5
1BA8
  8
PLACEMENT_OUTLINE_BOTTOM
 10
-37.20031
 20
19.20330
 42
1.0
  0
VERTEX
 5
1BA9
  8
PLACEMENT_OUTLINE_BOTTOM
 10
-37.15031
 20
19.20330
 42
1.0
  0
SEQEND
  8
PLACEMENT_OUTLINE_BOTTOM
  0
POLYLINE
 5
1BAA
  8
PLACEMENT_OUTLINE_BOTTOM
 66
1
 70
1
 40
0.050000
 41
0.050000
  0
VERTEX
 5
1BAB
  8
PLACEMENT_OUTLINE_BOTTOM
 10
-37.20031
 20
21.33677
 42
1.0
  0
VERTEX
 5
1BAC
  8
PLACEMENT_OUTLINE_BOTTOM
 10
-37.15031
 20
21.33677
 42
1.0
  0
SEQEND
  8
PLACEMENT_OUTLINE_BOTTOM
  0
POLYLINE
 5
1BAD
  8
PLACEMENT_OUTLINE_BOTTOM
 66
1
 40
0.100000
 41
0.100000
  0
VERTEX
 5
1BAE
  8
PLACEMENT_OUTLINE_BOTTOM
 10
-37.17531
 20
21.33677
  0
VERTEX
 5
1BAF
  8
PLACEMENT_OUTLINE_BOTTOM
 10
-32.04457
 20
21.33692
  0
SEQEND
  8
PLACEMENT_OUTLINE_BOTTOM
  0
POLYLINE
 5
1BB0
  8
PLACEMENT_OUTLINE_BOTTOM
 66
1
 70
1
 40
0.050000
 41
0.050000
  0
VERTEX
 5
1BB1
  8
PLACEMENT_OUTLINE_BOTTOM
 10
-37.20031
 20
21.33677
 42
1.0
  0
VERTEX
 5
1BB2
  8
PLACEMENT_OUTLINE_BOTTOM
 10
-37.15031
 20
21.33677
 42
1.0
  0
SEQEND
  8
PLACEMENT_OUTLINE_BOTTOM
  0
POLYLINE
 5
1BB3
  8
PLACEMENT_OUTLINE_BOTTOM
 66
1
 70
1
 40
0.050000
 41
0.050000
  0
VERTEX
 5
1BB4
  8
PLACEMENT_OUTLINE_BOTTOM
 10
-32.06957
 20
21.33692
 42
1.0
  0
VERTEX
 5
1BB5
  8
PLACEMENT_OUTLINE_BOTTOM
 10
-32.01957
 20
21.33692
 42
1.0
  0
SEQEND
  8
PLACEMENT_OUTLINE_BOTTOM
  0
POLYLINE
 5
1BB6
  8
PLACEMENT_OUTLINE_BOTTOM
 66
1
 40
0.100000
 41
0.100000
  0
VERTEX
 5
1BB7
  8
PLACEMENT_OUTLINE_BOTTOM
 10
-32.04457
 20
21.33692
  0
VERTEX
 5
1BB8
  8
PLACEMENT_OUTLINE_BOTTOM
 10
-32.04446
 20
19.20311
  0
SEQEND
  8
PLACEMENT_OUTLINE_BOTTOM
  0
POLYLINE
 5
1BB9
  8
PLACEMENT_OUTLINE_BOTTOM
 66
1
 70
1
 40
0.050000
 41
0.050000
  0
VERTEX
 5
1BBA
  8
PLACEMENT_OUTLINE_BOTTOM
 10
-32.06957
 20
21.33692
 42
1.0
  0
VERTEX
 5
1BBB
  8
PLACEMENT_OUTLINE_BOTTOM
 10
-32.01957
 20
21.33692
 42
1.0
  0
SEQEND
  8
PLACEMENT_OUTLINE_BOTTOM
  0
POLYLINE
 5
1BBC
  8
PLACEMENT_OUTLINE_BOTTOM
 66
1
 70
1
 40
0.050000
 41
0.050000
  0
VERTEX
 5
1BBD
  8
PLACEMENT_OUTLINE_BOTTOM
 10
-32.06946
 20
19.20311
 42
1.0
  0
VERTEX
 5
1BBE
  8
PLACEMENT_OUTLINE_BOTTOM
 10
-32.01946
 20
19.20311
 42
1.0
  0
SEQEND
  8
PLACEMENT_OUTLINE_BOTTOM
  0
SOLID
 5
1BBF
  8
PADLAYER_BOTTOM
 10
-37.01030
 20
21.15891
 11
-37.01030
 21
19.38091
 12
-35.61330
 22
21.15891
 13
-35.61330
 23
19.38091
  0
SOLID
 5
1BC0
  8
PADLAYER_BOTTOM
 10
-33.60670
 20
21.15909
 11
-33.60670
 21
19.38109
 12
-32.20970
 22
21.15909
 13
-32.20970
 23
19.38109
  0
POLYLINE
 5
1BC1
  8
2DLINES_4
 66
1
 40
0.299970
 41
0.299970
  0
VERTEX
 5
1BC2
  8
2DLINES_4
 10
-38.81000
 20
18.10500
 42
1.000000
  0
VERTEX
 5
1BC3
  8
2DLINES_4
 10
-38.61000
 20
18.10500
 42
1.000000
  0
VERTEX
 5
1BC4
  8
2DLINES_4
 10
-38.81000
 20
18.10500
  0
SEQEND
  8
2DLINES_4
  0
POLYLINE
 5
1BC5
  8
PLACEMENT_OUTLINE_BOTTOM
 66
1
 40
0.299970
 41
0.299970
  0
VERTEX
 5
1BC6
  8
PLACEMENT_OUTLINE_BOTTOM
 10
-38.81000
 20
18.10500
 42
1.000000
  0
VERTEX
 5
1BC7
  8
PLACEMENT_OUTLINE_BOTTOM
 10
-38.61000
 20
18.10500
 42
1.000000
  0
VERTEX
 5
1BC8
  8
PLACEMENT_OUTLINE_BOTTOM
 10
-38.81000
 20
18.10500
  0
SEQEND
  8
PLACEMENT_OUTLINE_BOTTOM
  0
SOLID
 5
1BC9
  8
PADLAYER_BOTTOM
 10
-35.88500
 20
17.10000
 11
-38.33500
 21
17.10000
 12
-35.88500
 22
15.12000
 13
-38.33500
 23
15.12000
  0
SOLID
 5
1BCA
  8
PADLAYER_BOTTOM
 10
-37.23500
 20
15.12000
 11
-37.63500
 21
15.12000
 12
-37.23500
 22
14.82000
 13
-37.63500
 23
14.82000
  0
SOLID
 5
1BCB
  8
PADLAYER_BOTTOM
 10
-37.88500
 20
15.12000
 11
-38.28500
 21
15.12000
 12
-37.88500
 22
14.82000
 13
-38.28500
 23
14.82000
  0
SOLID
 5
1BCC
  8
PADLAYER_BOTTOM
 10
-36.58500
 20
15.12000
 11
-36.98500
 21
15.12000
 12
-36.58500
 22
14.82000
 13
-36.98500
 23
14.82000
  0
SOLID
 5
1BCD
  8
PADLAYER_BOTTOM
 10
-35.93500
 20
15.12000
 11
-36.33500
 21
15.12000
 12
-35.93500
 22
14.82000
 13
-36.33500
 23
14.82000
  0
SOLID
 5
1BCE
  8
PADLAYER_BOTTOM
 10
-37.26000
 20
17.62000
 11
-37.26000
 21
18.12000
 12
-37.61000
 22
17.62000
 13
-37.61000
 23
18.12000
  0
SOLID
 5
1BCF
  8
PADLAYER_BOTTOM
 10
-37.91000
 20
17.62000
 11
-37.91000
 21
18.12000
 12
-38.26000
 22
17.62000
 13
-38.26000
 23
18.12000
  0
SOLID
 5
1BD0
  8
PADLAYER_BOTTOM
 10
-36.61000
 20
17.62000
 11
-36.61000
 21
18.12000
 12
-36.96000
 22
17.62000
 13
-36.96000
 23
18.12000
  0
SOLID
 5
1BD1
  8
PADLAYER_BOTTOM
 10
-35.96000
 20
17.62000
 11
-35.96000
 21
18.12000
 12
-36.31000
 22
17.62000
 13
-36.31000
 23
18.12000
  0
SOLID
 5
1BD2
  8
PADLAYER_BOTTOM
 10
-38.33500
 20
16.25500
 11
-38.33500
 21
16.68500
 12
-38.71500
 22
16.25500
 13
-38.71500
 23
16.68500
  0
SOLID
 5
1BD3
  8
PADLAYER_BOTTOM
 10
-35.50500
 20
16.25500
 11
-35.50500
 21
16.68500
 12
-35.88500
 22
16.25500
 13
-35.88500
 23
16.68500
  0
POLYLINE
 5
1BD4
  8
2DLINES_4
 66
1
 40
0.299970
 41
0.299970
  0
VERTEX
 5
1BD5
  8
2DLINES_4
 10
-28.49000
 20
18.12000
 42
1.000000
  0
VERTEX
 5
1BD6
  8
2DLINES_4
 10
-28.29000
 20
18.12000
 42
1.000000
  0
VERTEX
 5
1BD7
  8
2DLINES_4
 10
-28.49000
 20
18.12000
  0
SEQEND
  8
2DLINES_4
  0
POLYLINE
 5
1BD8
  8
PLACEMENT_OUTLINE_BOTTOM
 66
1
 40
0.299970
 41
0.299970
  0
VERTEX
 5
1BD9
  8
PLACEMENT_OUTLINE_BOTTOM
 10
-28.49000
 20
18.12000
 42
1.000000
  0
VERTEX
 5
1BDA
  8
PLACEMENT_OUTLINE_BOTTOM
 10
-28.29000
 20
18.12000
 42
1.000000
  0
VERTEX
 5
1BDB
  8
PLACEMENT_OUTLINE_BOTTOM
 10
-28.49000
 20
18.12000
  0
SEQEND
  8
PLACEMENT_OUTLINE_BOTTOM
  0
SOLID
 5
1BDC
  8
PADLAYER_BOTTOM
 10
-28.60000
 20
17.72000
 11
-28.60000
 21
17.12000
 12
-28.18000
 22
17.72000
 13
-28.18000
 23
17.12000
  0
SOLID
 5
1BDD
  8
PADLAYER_BOTTOM
 10
-27.95000
 20
17.72000
 11
-27.95000
 21
17.12000
 12
-27.53000
 22
17.72000
 13
-27.53000
 23
17.12000
  0
SOLID
 5
1BDE
  8
PADLAYER_BOTTOM
 10
-27.30000
 20
17.72000
 11
-27.30000
 21
17.12000
 12
-26.88000
 22
17.72000
 13
-26.88000
 23
17.12000
  0
SOLID
 5
1BDF
  8
PADLAYER_BOTTOM
 10
-27.30000
 20
15.82000
 11
-27.30000
 21
15.22000
 12
-26.88000
 22
15.82000
 13
-26.88000
 23
15.22000
  0
SOLID
 5
1BE0
  8
PADLAYER_BOTTOM
 10
-27.95000
 20
15.82000
 11
-27.95000
 21
15.22000
 12
-27.53000
 22
15.82000
 13
-27.53000
 23
15.22000
  0
SOLID
 5
1BE1
  8
PADLAYER_BOTTOM
 10
-28.60000
 20
15.82000
 11
-28.60000
 21
15.22000
 12
-28.18000
 22
15.82000
 13
-28.18000
 23
15.22000
  0
POLYLINE
 5
1BE2
  8
2DLINES_4
 66
1
 40
0.299970
 41
0.299970
  0
VERTEX
 5
1BE3
  8
2DLINES_4
 10
-30.61000
 20
14.83500
 42
1.000000
  0
VERTEX
 5
1BE4
  8
2DLINES_4
 10
-30.41000
 20
14.83500
 42
1.000000
  0
VERTEX
 5
1BE5
  8
2DLINES_4
 10
-30.61000
 20
14.83500
  0
SEQEND
  8
2DLINES_4
  0
POLYLINE
 5
1BE6
  8
PLACEMENT_OUTLINE_BOTTOM
 66
1
 40
0.299970
 41
0.299970
  0
VERTEX
 5
1BE7
  8
PLACEMENT_OUTLINE_BOTTOM
 10
-30.61000
 20
14.83500
 42
1.000000
  0
VERTEX
 5
1BE8
  8
PLACEMENT_OUTLINE_BOTTOM
 10
-30.41000
 20
14.83500
 42
1.000000
  0
VERTEX
 5
1BE9
  8
PLACEMENT_OUTLINE_BOTTOM
 10
-30.61000
 20
14.83500
  0
SEQEND
  8
PLACEMENT_OUTLINE_BOTTOM
  0
SOLID
 5
1BEA
  8
PADLAYER_BOTTOM
 10
-33.33500
 20
15.84000
 11
-30.88500
 21
15.84000
 12
-33.33500
 22
17.82000
 13
-30.88500
 23
17.82000
  0
SOLID
 5
1BEB
  8
PADLAYER_BOTTOM
 10
-31.98500
 20
17.82000
 11
-31.58500
 21
17.82000
 12
-31.98500
 22
18.12000
 13
-31.58500
 23
18.12000
  0
SOLID
 5
1BEC
  8
PADLAYER_BOTTOM
 10
-31.33500
 20
17.82000
 11
-30.93500
 21
17.82000
 12
-31.33500
 22
18.12000
 13
-30.93500
 23
18.12000
  0
SOLID
 5
1BED
  8
PADLAYER_BOTTOM
 10
-32.63500
 20
17.82000
 11
-32.23500
 21
17.82000
 12
-32.63500
 22
18.12000
 13
-32.23500
 23
18.12000
  0
SOLID
 5
1BEE
  8
PADLAYER_BOTTOM
 10
-33.28500
 20
17.82000
 11
-32.88500
 21
17.82000
 12
-33.28500
 22
18.12000
 13
-32.88500
 23
18.12000
  0
SOLID
 5
1BEF
  8
PADLAYER_BOTTOM
 10
-31.96000
 20
15.32000
 11
-31.96000
 21
14.82000
 12
-31.61000
 22
15.32000
 13
-31.61000
 23
14.82000
  0
SOLID
 5
1BF0
  8
PADLAYER_BOTTOM
 10
-31.31000
 20
15.32000
 11
-31.31000
 21
14.82000
 12
-30.96000
 22
15.32000
 13
-30.96000
 23
14.82000
  0
SOLID
 5
1BF1
  8
PADLAYER_BOTTOM
 10
-32.61000
 20
15.32000
 11
-32.61000
 21
14.82000
 12
-32.26000
 22
15.32000
 13
-32.26000
 23
14.82000
  0
SOLID
 5
1BF2
  8
PADLAYER_BOTTOM
 10
-33.26000
 20
15.32000
 11
-33.26000
 21
14.82000
 12
-32.91000
 22
15.32000
 13
-32.91000
 23
14.82000
  0
SOLID
 5
1BF3
  8
PADLAYER_BOTTOM
 10
-30.88500
 20
16.68500
 11
-30.88500
 21
16.25500
 12
-30.50500
 22
16.68500
 13
-30.50500
 23
16.25500
  0
SOLID
 5
1BF4
  8
PADLAYER_BOTTOM
 10
-33.71500
 20
16.68500
 11
-33.71500
 21
16.25500
 12
-33.33500
 22
16.68500
 13
-33.33500
 23
16.25500
  0
POLYLINE
 5
1BF5
  8
PLACEMENT_OUTLINE_BOTTOM
 66
1
 40
0.299970
 41
0.299970
  0
VERTEX
 5
1BF6
  8
PLACEMENT_OUTLINE_BOTTOM
 10
-28.37500
 20
18.65300
  0
VERTEX
 5
1BF7
  8
PLACEMENT_OUTLINE_BOTTOM
 10
-28.37500
 20
21.44700
  0
SEQEND
  8
PLACEMENT_OUTLINE_BOTTOM
  0
POLYLINE
 5
1BF8
  8
PLACEMENT_OUTLINE_BOTTOM
 66
1
 70
1
 40
0.149985
 41
0.149985
  0
VERTEX
 5
1BF9
  8
PLACEMENT_OUTLINE_BOTTOM
 10
-28.44999
 20
18.65300
 42
1.0
  0
VERTEX
 5
1BFA
  8
PLACEMENT_OUTLINE_BOTTOM
 10
-28.30001
 20
18.65300
 42
1.0
  0
SEQEND
  8
PLACEMENT_OUTLINE_BOTTOM
  0
POLYLINE
 5
1BFB
  8
PLACEMENT_OUTLINE_BOTTOM
 66
1
 70
1
 40
0.149985
 41
0.149985
  0
VERTEX
 5
1BFC
  8
PLACEMENT_OUTLINE_BOTTOM
 10
-28.44999
 20
21.44700
 42
1.0
  0
VERTEX
 5
1BFD
  8
PLACEMENT_OUTLINE_BOTTOM
 10
-28.30001
 20
21.44700
 42
1.0
  0
SEQEND
  8
PLACEMENT_OUTLINE_BOTTOM
  0
POLYLINE
 5
1BFE
  8
PLACEMENT_OUTLINE_BOTTOM
 66
1
 40
0.299970
 41
0.299970
  0
VERTEX
 5
1BFF
  8
PLACEMENT_OUTLINE_BOTTOM
 10
-28.37500
 20
21.44700
  0
VERTEX
 5
1C00
  8
PLACEMENT_OUTLINE_BOTTOM
 10
-27.10500
 20
21.44700
  0
SEQEND
  8
PLACEMENT_OUTLINE_BOTTOM
  0
POLYLINE
 5
1C01
  8
PLACEMENT_OUTLINE_BOTTOM
 66
1
 70
1
 40
0.149985
 41
0.149985
  0
VERTEX
 5
1C02
  8
PLACEMENT_OUTLINE_BOTTOM
 10
-28.44999
 20
21.44700
 42
1.0
  0
VERTEX
 5
1C03
  8
PLACEMENT_OUTLINE_BOTTOM
 10
-28.30001
 20
21.44700
 42
1.0
  0
SEQEND
  8
PLACEMENT_OUTLINE_BOTTOM
  0
POLYLINE
 5
1C04
  8
PLACEMENT_OUTLINE_BOTTOM
 66
1
 70
1
 40
0.149985
 41
0.149985
  0
VERTEX
 5
1C05
  8
PLACEMENT_OUTLINE_BOTTOM
 10
-27.17999
 20
21.44700
 42
1.0
  0
VERTEX
 5
1C06
  8
PLACEMENT_OUTLINE_BOTTOM
 10
-27.03001
 20
21.44700
 42
1.0
  0
SEQEND
  8
PLACEMENT_OUTLINE_BOTTOM
  0
POLYLINE
 5
1C07
  8
PLACEMENT_OUTLINE_BOTTOM
 66
1
 40
0.299970
 41
0.299970
  0
VERTEX
 5
1C08
  8
PLACEMENT_OUTLINE_BOTTOM
 10
-27.10500
 20
21.44700
  0
VERTEX
 5
1C09
  8
PLACEMENT_OUTLINE_BOTTOM
 10
-27.10500
 20
18.65300
  0
SEQEND
  8
PLACEMENT_OUTLINE_BOTTOM
  0
POLYLINE
 5
1C0A
  8
PLACEMENT_OUTLINE_BOTTOM
 66
1
 70
1
 40
0.149985
 41
0.149985
  0
VERTEX
 5
1C0B
  8
PLACEMENT_OUTLINE_BOTTOM
 10
-27.17999
 20
21.44700
 42
1.0
  0
VERTEX
 5
1C0C
  8
PLACEMENT_OUTLINE_BOTTOM
 10
-27.03001
 20
21.44700
 42
1.0
  0
SEQEND
  8
PLACEMENT_OUTLINE_BOTTOM
  0
POLYLINE
 5
1C0D
  8
PLACEMENT_OUTLINE_BOTTOM
 66
1
 70
1
 40
0.149985
 41
0.149985
  0
VERTEX
 5
1C0E
  8
PLACEMENT_OUTLINE_BOTTOM
 10
-27.17999
 20
18.65300
 42
1.0
  0
VERTEX
 5
1C0F
  8
PLACEMENT_OUTLINE_BOTTOM
 10
-27.03001
 20
18.65300
 42
1.0
  0
SEQEND
  8
PLACEMENT_OUTLINE_BOTTOM
  0
POLYLINE
 5
1C10
  8
PLACEMENT_OUTLINE_BOTTOM
 66
1
 40
0.299970
 41
0.299970
  0
VERTEX
 5
1C11
  8
PLACEMENT_OUTLINE_BOTTOM
 10
-27.10500
 20
18.65300
  0
VERTEX
 5
1C12
  8
PLACEMENT_OUTLINE_BOTTOM
 10
-28.37500
 20
18.65300
  0
SEQEND
  8
PLACEMENT_OUTLINE_BOTTOM
  0
POLYLINE
 5
1C13
  8
PLACEMENT_OUTLINE_BOTTOM
 66
1
 70
1
 40
0.149985
 41
0.149985
  0
VERTEX
 5
1C14
  8
PLACEMENT_OUTLINE_BOTTOM
 10
-27.17999
 20
18.65300
 42
1.0
  0
VERTEX
 5
1C15
  8
PLACEMENT_OUTLINE_BOTTOM
 10
-27.03001
 20
18.65300
 42
1.0
  0
SEQEND
  8
PLACEMENT_OUTLINE_BOTTOM
  0
POLYLINE
 5
1C16
  8
PLACEMENT_OUTLINE_BOTTOM
 66
1
 70
1
 40
0.149985
 41
0.149985
  0
VERTEX
 5
1C17
  8
PLACEMENT_OUTLINE_BOTTOM
 10
-28.44999
 20
18.65300
 42
1.0
  0
VERTEX
 5
1C18
  8
PLACEMENT_OUTLINE_BOTTOM
 10
-28.30001
 20
18.65300
 42
1.0
  0
SEQEND
  8
PLACEMENT_OUTLINE_BOTTOM
  0
SOLID
 5
1C19
  8
PADLAYER_BOTTOM
 10
-27.28280
 20
20.35480
 11
-27.28280
 21
21.26920
 12
-28.19720
 22
20.35480
 13
-28.19720
 23
21.26920
  0
SOLID
 5
1C1A
  8
PADLAYER_BOTTOM
 10
-27.28280
 20
18.83080
 11
-27.28280
 21
19.74520
 12
-28.19720
 22
18.83080
 13
-28.19720
 23
19.74520
  0
POLYLINE
 5
1C1B
  8
PLACEMENT_OUTLINE_BOTTOM
 66
1
 40
0.299970
 41
0.299970
  0
VERTEX
 5
1C1C
  8
PLACEMENT_OUTLINE_BOTTOM
 10
-24.77500
 20
17.86700
  0
VERTEX
 5
1C1D
  8
PLACEMENT_OUTLINE_BOTTOM
 10
-24.77500
 20
15.07300
  0
SEQEND
  8
PLACEMENT_OUTLINE_BOTTOM
  0
POLYLINE
 5
1C1E
  8
PLACEMENT_OUTLINE_BOTTOM
 66
1
 70
1
 40
0.149985
 41
0.149985
  0
VERTEX
 5
1C1F
  8
PLACEMENT_OUTLINE_BOTTOM
 10
-24.84999
 20
17.86700
 42
1.0
  0
VERTEX
 5
1C20
  8
PLACEMENT_OUTLINE_BOTTOM
 10
-24.70001
 20
17.86700
 42
1.0
  0
SEQEND
  8
PLACEMENT_OUTLINE_BOTTOM
  0
POLYLINE
 5
1C21
  8
PLACEMENT_OUTLINE_BOTTOM
 66
1
 70
1
 40
0.149985
 41
0.149985
  0
VERTEX
 5
1C22
  8
PLACEMENT_OUTLINE_BOTTOM
 10
-24.84999
 20
15.07300
 42
1.0
  0
VERTEX
 5
1C23
  8
PLACEMENT_OUTLINE_BOTTOM
 10
-24.70001
 20
15.07300
 42
1.0
  0
SEQEND
  8
PLACEMENT_OUTLINE_BOTTOM
  0
POLYLINE
 5
1C24
  8
PLACEMENT_OUTLINE_BOTTOM
 66
1
 40
0.299970
 41
0.299970
  0
VERTEX
 5
1C25
  8
PLACEMENT_OUTLINE_BOTTOM
 10
-24.77500
 20
15.07300
  0
VERTEX
 5
1C26
  8
PLACEMENT_OUTLINE_BOTTOM
 10
-26.04500
 20
15.07300
  0
SEQEND
  8
PLACEMENT_OUTLINE_BOTTOM
  0
POLYLINE
 5
1C27
  8
PLACEMENT_OUTLINE_BOTTOM
 66
1
 70
1
 40
0.149985
 41
0.149985
  0
VERTEX
 5
1C28
  8
PLACEMENT_OUTLINE_BOTTOM
 10
-24.84999
 20
15.07300
 42
1.0
  0
VERTEX
 5
1C29
  8
PLACEMENT_OUTLINE_BOTTOM
 10
-24.70001
 20
15.07300
 42
1.0
  0
SEQEND
  8
PLACEMENT_OUTLINE_BOTTOM
  0
POLYLINE
 5
1C2A
  8
PLACEMENT_OUTLINE_BOTTOM
 66
1
 70
1
 40
0.149985
 41
0.149985
  0
VERTEX
 5
1C2B
  8
PLACEMENT_OUTLINE_BOTTOM
 10
-26.11999
 20
15.07300
 42
1.0
  0
VERTEX
 5
1C2C
  8
PLACEMENT_OUTLINE_BOTTOM
 10
-25.97001
 20
15.07300
 42
1.0
  0
SEQEND
  8
PLACEMENT_OUTLINE_BOTTOM
  0
POLYLINE
 5
1C2D
  8
PLACEMENT_OUTLINE_BOTTOM
 66
1
 40
0.299970
 41
0.299970
  0
VERTEX
 5
1C2E
  8
PLACEMENT_OUTLINE_BOTTOM
 10
-26.04500
 20
15.07300
  0
VERTEX
 5
1C2F
  8
PLACEMENT_OUTLINE_BOTTOM
 10
-26.04500
 20
17.86700
  0
SEQEND
  8
PLACEMENT_OUTLINE_BOTTOM
  0
POLYLINE
 5
1C30
  8
PLACEMENT_OUTLINE_BOTTOM
 66
1
 70
1
 40
0.149985
 41
0.149985
  0
VERTEX
 5
1C31
  8
PLACEMENT_OUTLINE_BOTTOM
 10
-26.11999
 20
15.07300
 42
1.0
  0
VERTEX
 5
1C32
  8
PLACEMENT_OUTLINE_BOTTOM
 10
-25.97001
 20
15.07300
 42
1.0
  0
SEQEND
  8
PLACEMENT_OUTLINE_BOTTOM
  0
POLYLINE
 5
1C33
  8
PLACEMENT_OUTLINE_BOTTOM
 66
1
 70
1
 40
0.149985
 41
0.149985
  0
VERTEX
 5
1C34
  8
PLACEMENT_OUTLINE_BOTTOM
 10
-26.11999
 20
17.86700
 42
1.0
  0
VERTEX
 5
1C35
  8
PLACEMENT_OUTLINE_BOTTOM
 10
-25.97001
 20
17.86700
 42
1.0
  0
SEQEND
  8
PLACEMENT_OUTLINE_BOTTOM
  0
POLYLINE
 5
1C36
  8
PLACEMENT_OUTLINE_BOTTOM
 66
1
 40
0.299970
 41
0.299970
  0
VERTEX
 5
1C37
  8
PLACEMENT_OUTLINE_BOTTOM
 10
-26.04500
 20
17.86700
  0
VERTEX
 5
1C38
  8
PLACEMENT_OUTLINE_BOTTOM
 10
-24.77500
 20
17.86700
  0
SEQEND
  8
PLACEMENT_OUTLINE_BOTTOM
  0
POLYLINE
 5
1C39
  8
PLACEMENT_OUTLINE_BOTTOM
 66
1
 70
1
 40
0.149985
 41
0.149985
  0
VERTEX
 5
1C3A
  8
PLACEMENT_OUTLINE_BOTTOM
 10
-26.11999
 20
17.86700
 42
1.0
  0
VERTEX
 5
1C3B
  8
PLACEMENT_OUTLINE_BOTTOM
 10
-25.97001
 20
17.86700
 42
1.0
  0
SEQEND
  8
PLACEMENT_OUTLINE_BOTTOM
  0
POLYLINE
 5
1C3C
  8
PLACEMENT_OUTLINE_BOTTOM
 66
1
 70
1
 40
0.149985
 41
0.149985
  0
VERTEX
 5
1C3D
  8
PLACEMENT_OUTLINE_BOTTOM
 10
-24.84999
 20
17.86700
 42
1.0
  0
VERTEX
 5
1C3E
  8
PLACEMENT_OUTLINE_BOTTOM
 10
-24.70001
 20
17.86700
 42
1.0
  0
SEQEND
  8
PLACEMENT_OUTLINE_BOTTOM
  0
SOLID
 5
1C3F
  8
PADLAYER_BOTTOM
 10
-25.86720
 20
16.16520
 11
-25.86720
 21
15.25080
 12
-24.95280
 22
16.16520
 13
-24.95280
 23
15.25080
  0
SOLID
 5
1C40
  8
PADLAYER_BOTTOM
 10
-25.86720
 20
17.68920
 11
-25.86720
 21
16.77480
 12
-24.95280
 22
17.68920
 13
-24.95280
 23
16.77480
  0
POLYLINE
 5
1C41
  8
PLACEMENT_OUTLINE_BOTTOM
 66
1
 40
0.100000
 41
0.100000
  0
VERTEX
 5
1C42
  8
PLACEMENT_OUTLINE_BOTTOM
 10
11.53300
 20
46.18500
  0
VERTEX
 5
1C43
  8
PLACEMENT_OUTLINE_BOTTOM
 10
4.16300
 20
46.18500
  0
SEQEND
  8
PLACEMENT_OUTLINE_BOTTOM
  0
POLYLINE
 5
1C44
  8
PLACEMENT_OUTLINE_BOTTOM
 66
1
 70
1
 40
0.050000
 41
0.050000
  0
VERTEX
 5
1C45
  8
PLACEMENT_OUTLINE_BOTTOM
 10
11.50800
 20
46.18500
 42
1.0
  0
VERTEX
 5
1C46
  8
PLACEMENT_OUTLINE_BOTTOM
 10
11.55800
 20
46.18500
 42
1.0
  0
SEQEND
  8
PLACEMENT_OUTLINE_BOTTOM
  0
POLYLINE
 5
1C47
  8
PLACEMENT_OUTLINE_BOTTOM
 66
1
 70
1
 40
0.050000
 41
0.050000
  0
VERTEX
 5
1C48
  8
PLACEMENT_OUTLINE_BOTTOM
 10
4.13800
 20
46.18500
 42
1.0
  0
VERTEX
 5
1C49
  8
PLACEMENT_OUTLINE_BOTTOM
 10
4.18800
 20
46.18500
 42
1.0
  0
SEQEND
  8
PLACEMENT_OUTLINE_BOTTOM
  0
POLYLINE
 5
1C4A
  8
PLACEMENT_OUTLINE_BOTTOM
 66
1
 40
0.100000
 41
0.100000
  0
VERTEX
 5
1C4B
  8
PLACEMENT_OUTLINE_BOTTOM
 10
4.16300
 20
46.18500
  0
VERTEX
 5
1C4C
  8
PLACEMENT_OUTLINE_BOTTOM
 10
4.16300
 20
42.67500
  0
SEQEND
  8
PLACEMENT_OUTLINE_BOTTOM
  0
POLYLINE
 5
1C4D
  8
PLACEMENT_OUTLINE_BOTTOM
 66
1
 70
1
 40
0.050000
 41
0.050000
  0
VERTEX
 5
1C4E
  8
PLACEMENT_OUTLINE_BOTTOM
 10
4.13800
 20
46.18500
 42
1.0
  0
VERTEX
 5
1C4F
  8
PLACEMENT_OUTLINE_BOTTOM
 10
4.18800
 20
46.18500
 42
1.0
  0
SEQEND
  8
PLACEMENT_OUTLINE_BOTTOM
  0
POLYLINE
 5
1C50
  8
PLACEMENT_OUTLINE_BOTTOM
 66
1
 70
1
 40
0.050000
 41
0.050000
  0
VERTEX
 5
1C51
  8
PLACEMENT_OUTLINE_BOTTOM
 10
4.13800
 20
42.67500
 42
1.0
  0
VERTEX
 5
1C52
  8
PLACEMENT_OUTLINE_BOTTOM
 10
4.18800
 20
42.67500
 42
1.0
  0
SEQEND
  8
PLACEMENT_OUTLINE_BOTTOM
  0
POLYLINE
 5
1C53
  8
PLACEMENT_OUTLINE_BOTTOM
 66
1
 40
0.100000
 41
0.100000
  0
VERTEX
 5
1C54
  8
PLACEMENT_OUTLINE_BOTTOM
 10
4.16300
 20
42.67500
  0
VERTEX
 5
1C55
  8
PLACEMENT_OUTLINE_BOTTOM
 10
11.53300
 20
42.67500
  0
SEQEND
  8
PLACEMENT_OUTLINE_BOTTOM
  0
POLYLINE
 5
1C56
  8
PLACEMENT_OUTLINE_BOTTOM
 66
1
 70
1
 40
0.050000
 41
0.050000
  0
VERTEX
 5
1C57
  8
PLACEMENT_OUTLINE_BOTTOM
 10
4.13800
 20
42.67500
 42
1.0
  0
VERTEX
 5
1C58
  8
PLACEMENT_OUTLINE_BOTTOM
 10
4.18800
 20
42.67500
 42
1.0
  0
SEQEND
  8
PLACEMENT_OUTLINE_BOTTOM
  0
POLYLINE
 5
1C59
  8
PLACEMENT_OUTLINE_BOTTOM
 66
1
 70
1
 40
0.050000
 41
0.050000
  0
VERTEX
 5
1C5A
  8
PLACEMENT_OUTLINE_BOTTOM
 10
11.50800
 20
42.67500
 42
1.0
  0
VERTEX
 5
1C5B
  8
PLACEMENT_OUTLINE_BOTTOM
 10
11.55800
 20
42.67500
 42
1.0
  0
SEQEND
  8
PLACEMENT_OUTLINE_BOTTOM
  0
POLYLINE
 5
1C5C
  8
PLACEMENT_OUTLINE_BOTTOM
 66
1
 40
0.100000
 41
0.100000
  0
VERTEX
 5
1C5D
  8
PLACEMENT_OUTLINE_BOTTOM
 10
11.53300
 20
42.67500
  0
VERTEX
 5
1C5E
  8
PLACEMENT_OUTLINE_BOTTOM
 10
11.53300
 20
46.18500
  0
SEQEND
  8
PLACEMENT_OUTLINE_BOTTOM
  0
POLYLINE
 5
1C5F
  8
PLACEMENT_OUTLINE_BOTTOM
 66
1
 70
1
 40
0.050000
 41
0.050000
  0
VERTEX
 5
1C60
  8
PLACEMENT_OUTLINE_BOTTOM
 10
11.50800
 20
42.67500
 42
1.0
  0
VERTEX
 5
1C61
  8
PLACEMENT_OUTLINE_BOTTOM
 10
11.55800
 20
42.67500
 42
1.0
  0
SEQEND
  8
PLACEMENT_OUTLINE_BOTTOM
  0
POLYLINE
 5
1C62
  8
PLACEMENT_OUTLINE_BOTTOM
 66
1
 70
1
 40
0.050000
 41
0.050000
  0
VERTEX
 5
1C63
  8
PLACEMENT_OUTLINE_BOTTOM
 10
11.50800
 20
46.18500
 42
1.0
  0
VERTEX
 5
1C64
  8
PLACEMENT_OUTLINE_BOTTOM
 10
11.55800
 20
46.18500
 42
1.0
  0
SEQEND
  8
PLACEMENT_OUTLINE_BOTTOM
  0
SOLID
 5
1C65
  8
PADLAYER_BOTTOM
 10
10.14800
 20
43.18000
 11
10.14800
 21
45.68000
 12
8.84800
 22
43.18000
 13
8.84800
 23
45.68000
  0
SOLID
 5
1C66
  8
PADLAYER_BOTTOM
 10
6.84800
 20
43.18000
 11
6.84800
 21
45.68000
 12
5.54800
 22
43.18000
 13
5.54800
 23
45.68000
  0
POLYLINE
 5
1C67
  8
PLACEMENT_OUTLINE_BOTTOM
 66
1
 40
0.100000
 41
0.100000
  0
VERTEX
 5
1C68
  8
PLACEMENT_OUTLINE_BOTTOM
 10
11.53300
 20
50.18500
  0
VERTEX
 5
1C69
  8
PLACEMENT_OUTLINE_BOTTOM
 10
4.16300
 20
50.18500
  0
SEQEND
  8
PLACEMENT_OUTLINE_BOTTOM
  0
POLYLINE
 5
1C6A
  8
PLACEMENT_OUTLINE_BOTTOM
 66
1
 70
1
 40
0.050000
 41
0.050000
  0
VERTEX
 5
1C6B
  8
PLACEMENT_OUTLINE_BOTTOM
 10
11.50800
 20
50.18500
 42
1.0
  0
VERTEX
 5
1C6C
  8
PLACEMENT_OUTLINE_BOTTOM
 10
11.55800
 20
50.18500
 42
1.0
  0
SEQEND
  8
PLACEMENT_OUTLINE_BOTTOM
  0
POLYLINE
 5
1C6D
  8
PLACEMENT_OUTLINE_BOTTOM
 66
1
 70
1
 40
0.050000
 41
0.050000
  0
VERTEX
 5
1C6E
  8
PLACEMENT_OUTLINE_BOTTOM
 10
4.13800
 20
50.18500
 42
1.0
  0
VERTEX
 5
1C6F
  8
PLACEMENT_OUTLINE_BOTTOM
 10
4.18800
 20
50.18500
 42
1.0
  0
SEQEND
  8
PLACEMENT_OUTLINE_BOTTOM
  0
POLYLINE
 5
1C70
  8
PLACEMENT_OUTLINE_BOTTOM
 66
1
 40
0.100000
 41
0.100000
  0
VERTEX
 5
1C71
  8
PLACEMENT_OUTLINE_BOTTOM
 10
4.16300
 20
50.18500
  0
VERTEX
 5
1C72
  8
PLACEMENT_OUTLINE_BOTTOM
 10
4.16300
 20
46.67500
  0
SEQEND
  8
PLACEMENT_OUTLINE_BOTTOM
  0
POLYLINE
 5
1C73
  8
PLACEMENT_OUTLINE_BOTTOM
 66
1
 70
1
 40
0.050000
 41
0.050000
  0
VERTEX
 5
1C74
  8
PLACEMENT_OUTLINE_BOTTOM
 10
4.13800
 20
50.18500
 42
1.0
  0
VERTEX
 5
1C75
  8
PLACEMENT_OUTLINE_BOTTOM
 10
4.18800
 20
50.18500
 42
1.0
  0
SEQEND
  8
PLACEMENT_OUTLINE_BOTTOM
  0
POLYLINE
 5
1C76
  8
PLACEMENT_OUTLINE_BOTTOM
 66
1
 70
1
 40
0.050000
 41
0.050000
  0
VERTEX
 5
1C77
  8
PLACEMENT_OUTLINE_BOTTOM
 10
4.13800
 20
46.67500
 42
1.0
  0
VERTEX
 5
1C78
  8
PLACEMENT_OUTLINE_BOTTOM
 10
4.18800
 20
46.67500
 42
1.0
  0
SEQEND
  8
PLACEMENT_OUTLINE_BOTTOM
  0
POLYLINE
 5
1C79
  8
PLACEMENT_OUTLINE_BOTTOM
 66
1
 40
0.100000
 41
0.100000
  0
VERTEX
 5
1C7A
  8
PLACEMENT_OUTLINE_BOTTOM
 10
4.16300
 20
46.67500
  0
VERTEX
 5
1C7B
  8
PLACEMENT_OUTLINE_BOTTOM
 10
11.53300
 20
46.67500
  0
SEQEND
  8
PLACEMENT_OUTLINE_BOTTOM
  0
POLYLINE
 5
1C7C
  8
PLACEMENT_OUTLINE_BOTTOM
 66
1
 70
1
 40
0.050000
 41
0.050000
  0
VERTEX
 5
1C7D
  8
PLACEMENT_OUTLINE_BOTTOM
 10
4.13800
 20
46.67500
 42
1.0
  0
VERTEX
 5
1C7E
  8
PLACEMENT_OUTLINE_BOTTOM
 10
4.18800
 20
46.67500
 42
1.0
  0
SEQEND
  8
PLACEMENT_OUTLINE_BOTTOM
  0
POLYLINE
 5
1C7F
  8
PLACEMENT_OUTLINE_BOTTOM
 66
1
 70
1
 40
0.050000
 41
0.050000
  0
VERTEX
 5
1C80
  8
PLACEMENT_OUTLINE_BOTTOM
 10
11.50800
 20
46.67500
 42
1.0
  0
VERTEX
 5
1C81
  8
PLACEMENT_OUTLINE_BOTTOM
 10
11.55800
 20
46.67500
 42
1.0
  0
SEQEND
  8
PLACEMENT_OUTLINE_BOTTOM
  0
POLYLINE
 5
1C82
  8
PLACEMENT_OUTLINE_BOTTOM
 66
1
 40
0.100000
 41
0.100000
  0
VERTEX
 5
1C83
  8
PLACEMENT_OUTLINE_BOTTOM
 10
11.53300
 20
46.67500
  0
VERTEX
 5
1C84
  8
PLACEMENT_OUTLINE_BOTTOM
 10
11.53300
 20
50.18500
  0
SEQEND
  8
PLACEMENT_OUTLINE_BOTTOM
  0
POLYLINE
 5
1C85
  8
PLACEMENT_OUTLINE_BOTTOM
 66
1
 70
1
 40
0.050000
 41
0.050000
  0
VERTEX
 5
1C86
  8
PLACEMENT_OUTLINE_BOTTOM
 10
11.50800
 20
46.67500
 42
1.0
  0
VERTEX
 5
1C87
  8
PLACEMENT_OUTLINE_BOTTOM
 10
11.55800
 20
46.67500
 42
1.0
  0
SEQEND
  8
PLACEMENT_OUTLINE_BOTTOM
  0
POLYLINE
 5
1C88
  8
PLACEMENT_OUTLINE_BOTTOM
 66
1
 70
1
 40
0.050000
 41
0.050000
  0
VERTEX
 5
1C89
  8
PLACEMENT_OUTLINE_BOTTOM
 10
11.50800
 20
50.18500
 42
1.0
  0
VERTEX
 5
1C8A
  8
PLACEMENT_OUTLINE_BOTTOM
 10
11.55800
 20
50.18500
 42
1.0
  0
SEQEND
  8
PLACEMENT_OUTLINE_BOTTOM
  0
SOLID
 5
1C8B
  8
PADLAYER_BOTTOM
 10
10.14800
 20
47.18000
 11
10.14800
 21
49.68000
 12
8.84800
 22
47.18000
 13
8.84800
 23
49.68000
  0
SOLID
 5
1C8C
  8
PADLAYER_BOTTOM
 10
6.84800
 20
47.18000
 11
6.84800
 21
49.68000
 12
5.54800
 22
47.18000
 13
5.54800
 23
49.68000
  0
POLYLINE
 5
1C8D
  8
2DLINES_4
 66
1
 40
0.200000
 41
0.200000
  0
VERTEX
 5
1C8E
  8
2DLINES_4
 10
-7.08000
 20
91.17000
  0
VERTEX
 5
1C8F
  8
2DLINES_4
 10
-29.94000
 20
91.17000
  0
SEQEND
  8
2DLINES_4
  0
POLYLINE
 5
1C90
  8
2DLINES_4
 66
1
 70
1
 40
0.100000
 41
0.100000
  0
VERTEX
 5
1C91
  8
2DLINES_4
 10
-7.13000
 20
91.17000
 42
1.0
  0
VERTEX
 5
1C92
  8
2DLINES_4
 10
-7.03000
 20
91.17000
 42
1.0
  0
SEQEND
  8
2DLINES_4
  0
POLYLINE
 5
1C93
  8
2DLINES_4
 66
1
 70
1
 40
0.100000
 41
0.100000
  0
VERTEX
 5
1C94
  8
2DLINES_4
 10
-29.99000
 20
91.17000
 42
1.0
  0
VERTEX
 5
1C95
  8
2DLINES_4
 10
-29.89000
 20
91.17000
 42
1.0
  0
SEQEND
  8
2DLINES_4
  0
POLYLINE
 5
1C96
  8
2DLINES_4
 66
1
 40
0.200000
 41
0.200000
  0
VERTEX
 5
1C97
  8
2DLINES_4
 10
-29.94000
 20
91.17000
  0
VERTEX
 5
1C98
  8
2DLINES_4
 10
-29.94000
 20
86.17000
  0
SEQEND
  8
2DLINES_4
  0
POLYLINE
 5
1C99
  8
2DLINES_4
 66
1
 70
1
 40
0.100000
 41
0.100000
  0
VERTEX
 5
1C9A
  8
2DLINES_4
 10
-29.99000
 20
91.17000
 42
1.0
  0
VERTEX
 5
1C9B
  8
2DLINES_4
 10
-29.89000
 20
91.17000
 42
1.0
  0
SEQEND
  8
2DLINES_4
  0
POLYLINE
 5
1C9C
  8
2DLINES_4
 66
1
 70
1
 40
0.100000
 41
0.100000
  0
VERTEX
 5
1C9D
  8
2DLINES_4
 10
-29.99000
 20
86.17000
 42
1.0
  0
VERTEX
 5
1C9E
  8
2DLINES_4
 10
-29.89000
 20
86.17000
 42
1.0
  0
SEQEND
  8
2DLINES_4
  0
POLYLINE
 5
1C9F
  8
2DLINES_4
 66
1
 40
0.200000
 41
0.200000
  0
VERTEX
 5
1CA0
  8
2DLINES_4
 10
-29.94000
 20
86.17000
  0
VERTEX
 5
1CA1
  8
2DLINES_4
 10
-7.08000
 20
86.17000
  0
SEQEND
  8
2DLINES_4
  0
POLYLINE
 5
1CA2
  8
2DLINES_4
 66
1
 70
1
 40
0.100000
 41
0.100000
  0
VERTEX
 5
1CA3
  8
2DLINES_4
 10
-29.99000
 20
86.17000
 42
1.0
  0
VERTEX
 5
1CA4
  8
2DLINES_4
 10
-29.89000
 20
86.17000
 42
1.0
  0
SEQEND
  8
2DLINES_4
  0
POLYLINE
 5
1CA5
  8
2DLINES_4
 66
1
 70
1
 40
0.100000
 41
0.100000
  0
VERTEX
 5
1CA6
  8
2DLINES_4
 10
-7.13000
 20
86.17000
 42
1.0
  0
VERTEX
 5
1CA7
  8
2DLINES_4
 10
-7.03000
 20
86.17000
 42
1.0
  0
SEQEND
  8
2DLINES_4
  0
POLYLINE
 5
1CA8
  8
2DLINES_4
 66
1
 40
0.200000
 41
0.200000
  0
VERTEX
 5
1CA9
  8
2DLINES_4
 10
-7.08000
 20
86.17000
  0
VERTEX
 5
1CAA
  8
2DLINES_4
 10
-7.08000
 20
91.17000
  0
SEQEND
  8
2DLINES_4
  0
POLYLINE
 5
1CAB
  8
2DLINES_4
 66
1
 70
1
 40
0.100000
 41
0.100000
  0
VERTEX
 5
1CAC
  8
2DLINES_4
 10
-7.13000
 20
86.17000
 42
1.0
  0
VERTEX
 5
1CAD
  8
2DLINES_4
 10
-7.03000
 20
86.17000
 42
1.0
  0
SEQEND
  8
2DLINES_4
  0
POLYLINE
 5
1CAE
  8
2DLINES_4
 66
1
 70
1
 40
0.100000
 41
0.100000
  0
VERTEX
 5
1CAF
  8
2DLINES_4
 10
-7.13000
 20
91.17000
 42
1.0
  0
VERTEX
 5
1CB0
  8
2DLINES_4
 10
-7.03000
 20
91.17000
 42
1.0
  0
SEQEND
  8
2DLINES_4
  0
POLYLINE
 5
1CB1
  8
PLACEMENT_OUTLINE_BOTTOM
 66
1
 40
0.200000
 41
0.200000
  0
VERTEX
 5
1CB2
  8
PLACEMENT_OUTLINE_BOTTOM
 10
-7.08000
 20
91.17000
  0
VERTEX
 5
1CB3
  8
PLACEMENT_OUTLINE_BOTTOM
 10
-29.94000
 20
91.17000
  0
SEQEND
  8
PLACEMENT_OUTLINE_BOTTOM
  0
POLYLINE
 5
1CB4
  8
PLACEMENT_OUTLINE_BOTTOM
 66
1
 70
1
 40
0.100000
 41
0.100000
  0
VERTEX
 5
1CB5
  8
PLACEMENT_OUTLINE_BOTTOM
 10
-7.13000
 20
91.17000
 42
1.0
  0
VERTEX
 5
1CB6
  8
PLACEMENT_OUTLINE_BOTTOM
 10
-7.03000
 20
91.17000
 42
1.0
  0
SEQEND
  8
PLACEMENT_OUTLINE_BOTTOM
  0
POLYLINE
 5
1CB7
  8
PLACEMENT_OUTLINE_BOTTOM
 66
1
 70
1
 40
0.100000
 41
0.100000
  0
VERTEX
 5
1CB8
  8
PLACEMENT_OUTLINE_BOTTOM
 10
-29.99000
 20
91.17000
 42
1.0
  0
VERTEX
 5
1CB9
  8
PLACEMENT_OUTLINE_BOTTOM
 10
-29.89000
 20
91.17000
 42
1.0
  0
SEQEND
  8
PLACEMENT_OUTLINE_BOTTOM
  0
POLYLINE
 5
1CBA
  8
PLACEMENT_OUTLINE_BOTTOM
 66
1
 40
0.200000
 41
0.200000
  0
VERTEX
 5
1CBB
  8
PLACEMENT_OUTLINE_BOTTOM
 10
-29.94000
 20
91.17000
  0
VERTEX
 5
1CBC
  8
PLACEMENT_OUTLINE_BOTTOM
 10
-29.94000
 20
86.17000
  0
SEQEND
  8
PLACEMENT_OUTLINE_BOTTOM
  0
POLYLINE
 5
1CBD
  8
PLACEMENT_OUTLINE_BOTTOM
 66
1
 70
1
 40
0.100000
 41
0.100000
  0
VERTEX
 5
1CBE
  8
PLACEMENT_OUTLINE_BOTTOM
 10
-29.99000
 20
91.17000
 42
1.0
  0
VERTEX
 5
1CBF
  8
PLACEMENT_OUTLINE_BOTTOM
 10
-29.89000
 20
91.17000
 42
1.0
  0
SEQEND
  8
PLACEMENT_OUTLINE_BOTTOM
  0
POLYLINE
 5
1CC0
  8
PLACEMENT_OUTLINE_BOTTOM
 66
1
 70
1
 40
0.100000
 41
0.100000
  0
VERTEX
 5
1CC1
  8
PLACEMENT_OUTLINE_BOTTOM
 10
-29.99000
 20
86.17000
 42
1.0
  0
VERTEX
 5
1CC2
  8
PLACEMENT_OUTLINE_BOTTOM
 10
-29.89000
 20
86.17000
 42
1.0
  0
SEQEND
  8
PLACEMENT_OUTLINE_BOTTOM
  0
POLYLINE
 5
1CC3
  8
PLACEMENT_OUTLINE_BOTTOM
 66
1
 40
0.200000
 41
0.200000
  0
VERTEX
 5
1CC4
  8
PLACEMENT_OUTLINE_BOTTOM
 10
-29.94000
 20
86.17000
  0
VERTEX
 5
1CC5
  8
PLACEMENT_OUTLINE_BOTTOM
 10
-7.08000
 20
86.17000
  0
SEQEND
  8
PLACEMENT_OUTLINE_BOTTOM
  0
POLYLINE
 5
1CC6
  8
PLACEMENT_OUTLINE_BOTTOM
 66
1
 70
1
 40
0.100000
 41
0.100000
  0
VERTEX
 5
1CC7
  8
PLACEMENT_OUTLINE_BOTTOM
 10
-29.99000
 20
86.17000
 42
1.0
  0
VERTEX
 5
1CC8
  8
PLACEMENT_OUTLINE_BOTTOM
 10
-29.89000
 20
86.17000
 42
1.0
  0
SEQEND
  8
PLACEMENT_OUTLINE_BOTTOM
  0
POLYLINE
 5
1CC9
  8
PLACEMENT_OUTLINE_BOTTOM
 66
1
 70
1
 40
0.100000
 41
0.100000
  0
VERTEX
 5
1CCA
  8
PLACEMENT_OUTLINE_BOTTOM
 10
-7.13000
 20
86.17000
 42
1.0
  0
VERTEX
 5
1CCB
  8
PLACEMENT_OUTLINE_BOTTOM
 10
-7.03000
 20
86.17000
 42
1.0
  0
SEQEND
  8
PLACEMENT_OUTLINE_BOTTOM
  0
POLYLINE
 5
1CCC
  8
PLACEMENT_OUTLINE_BOTTOM
 66
1
 40
0.200000
 41
0.200000
  0
VERTEX
 5
1CCD
  8
PLACEMENT_OUTLINE_BOTTOM
 10
-7.08000
 20
86.17000
  0
VERTEX
 5
1CCE
  8
PLACEMENT_OUTLINE_BOTTOM
 10
-7.08000
 20
91.17000
  0
SEQEND
  8
PLACEMENT_OUTLINE_BOTTOM
  0
POLYLINE
 5
1CCF
  8
PLACEMENT_OUTLINE_BOTTOM
 66
1
 70
1
 40
0.100000
 41
0.100000
  0
VERTEX
 5
1CD0
  8
PLACEMENT_OUTLINE_BOTTOM
 10
-7.13000
 20
86.17000
 42
1.0
  0
VERTEX
 5
1CD1
  8
PLACEMENT_OUTLINE_BOTTOM
 10
-7.03000
 20
86.17000
 42
1.0
  0
SEQEND
  8
PLACEMENT_OUTLINE_BOTTOM
  0
POLYLINE
 5
1CD2
  8
PLACEMENT_OUTLINE_BOTTOM
 66
1
 70
1
 40
0.100000
 41
0.100000
  0
VERTEX
 5
1CD3
  8
PLACEMENT_OUTLINE_BOTTOM
 10
-7.13000
 20
91.17000
 42
1.0
  0
VERTEX
 5
1CD4
  8
PLACEMENT_OUTLINE_BOTTOM
 10
-7.03000
 20
91.17000
 42
1.0
  0
SEQEND
  8
PLACEMENT_OUTLINE_BOTTOM
  0
SOLID
 5
1CD5
  8
PADLAYER_BOTTOM
 10
-7.74000
 20
84.57000
 11
-7.74000
 21
86.77000
 12
-8.96000
 22
84.57000
 13
-8.96000
 23
86.77000
  0
SOLID
 5
1CD6
  8
PADLAYER_BOTTOM
 10
-7.74000
 20
90.57000
 11
-7.74000
 21
92.77000
 12
-8.96000
 22
90.57000
 13
-8.96000
 23
92.77000
  0
SOLID
 5
1CD7
  8
PADLAYER_BOTTOM
 10
-10.28000
 20
84.57000
 11
-10.28000
 21
86.77000
 12
-11.50000
 22
84.57000
 13
-11.50000
 23
86.77000
  0
SOLID
 5
1CD8
  8
PADLAYER_BOTTOM
 10
-10.28000
 20
90.57000
 11
-10.28000
 21
92.77000
 12
-11.50000
 22
90.57000
 13
-11.50000
 23
92.77000
  0
SOLID
 5
1CD9
  8
PADLAYER_BOTTOM
 10
-12.82000
 20
84.57000
 11
-12.82000
 21
86.77000
 12
-14.04000
 22
84.57000
 13
-14.04000
 23
86.77000
  0
SOLID
 5
1CDA
  8
PADLAYER_BOTTOM
 10
-12.82000
 20
90.57000
 11
-12.82000
 21
92.77000
 12
-14.04000
 22
90.57000
 13
-14.04000
 23
92.77000
  0
SOLID
 5
1CDB
  8
PADLAYER_BOTTOM
 10
-15.36000
 20
84.57000
 11
-15.36000
 21
86.77000
 12
-16.58000
 22
84.57000
 13
-16.58000
 23
86.77000
  0
SOLID
 5
1CDC
  8
PADLAYER_BOTTOM
 10
-15.36000
 20
90.57000
 11
-15.36000
 21
92.77000
 12
-16.58000
 22
90.57000
 13
-16.58000
 23
92.77000
  0
SOLID
 5
1CDD
  8
PADLAYER_BOTTOM
 10
-17.90000
 20
84.57000
 11
-17.90000
 21
86.77000
 12
-19.12000
 22
84.57000
 13
-19.12000
 23
86.77000
  0
SOLID
 5
1CDE
  8
PADLAYER_BOTTOM
 10
-17.90000
 20
90.57000
 11
-17.90000
 21
92.77000
 12
-19.12000
 22
90.57000
 13
-19.12000
 23
92.77000
  0
SOLID
 5
1CDF
  8
PADLAYER_BOTTOM
 10
-20.44000
 20
84.57000
 11
-20.44000
 21
86.77000
 12
-21.66000
 22
84.57000
 13
-21.66000
 23
86.77000
  0
SOLID
 5
1CE0
  8
PADLAYER_BOTTOM
 10
-20.44000
 20
90.57000
 11
-20.44000
 21
92.77000
 12
-21.66000
 22
90.57000
 13
-21.66000
 23
92.77000
  0
SOLID
 5
1CE1
  8
PADLAYER_BOTTOM
 10
-22.98000
 20
84.57000
 11
-22.98000
 21
86.77000
 12
-24.20000
 22
84.57000
 13
-24.20000
 23
86.77000
  0
SOLID
 5
1CE2
  8
PADLAYER_BOTTOM
 10
-22.98000
 20
90.57000
 11
-22.98000
 21
92.77000
 12
-24.20000
 22
90.57000
 13
-24.20000
 23
92.77000
  0
SOLID
 5
1CE3
  8
PADLAYER_BOTTOM
 10
-25.52000
 20
84.57000
 11
-25.52000
 21
86.77000
 12
-26.74000
 22
84.57000
 13
-26.74000
 23
86.77000
  0
SOLID
 5
1CE4
  8
PADLAYER_BOTTOM
 10
-25.52000
 20
90.57000
 11
-25.52000
 21
92.77000
 12
-26.74000
 22
90.57000
 13
-26.74000
 23
92.77000
  0
SOLID
 5
1CE5
  8
PADLAYER_BOTTOM
 10
-28.06000
 20
84.57000
 11
-28.06000
 21
86.77000
 12
-29.28000
 22
84.57000
 13
-29.28000
 23
86.77000
  0
SOLID
 5
1CE6
  8
PADLAYER_BOTTOM
 10
-28.06000
 20
90.57000
 11
-28.06000
 21
92.77000
 12
-29.28000
 22
90.57000
 13
-29.28000
 23
92.77000
  0
POLYLINE
 5
1CE7
  8
TOOL_BOT
 66
1
 40
0.200000
 41
0.200000
  0
VERTEX
 5
1CE8
  8
TOOL_BOT
 10
-12.76000
 20
88.67000
 42
1.000000
  0
VERTEX
 5
1CE9
  8
TOOL_BOT
 10
-11.56000
 20
88.67000
 42
1.000000
  0
VERTEX
 5
1CEA
  8
TOOL_BOT
 10
-12.76000
 20
88.67000
  0
SEQEND
  8
TOOL_BOT
  0
TEXT
  8
TOOLCODE_BOT
 10
-12.79000
 20
88.37000
 40
0.600000
  1
T00
  0
POLYLINE
 5
1CEB
  8
TOOL_BOT
 66
1
 40
0.200000
 41
0.200000
  0
VERTEX
 5
1CEC
  8
TOOL_BOT
 10
-25.46000
 20
88.67000
 42
1.000000
  0
VERTEX
 5
1CED
  8
TOOL_BOT
 10
-24.26000
 20
88.67000
 42
1.000000
  0
VERTEX
 5
1CEE
  8
TOOL_BOT
 10
-25.46000
 20
88.67000
  0
SEQEND
  8
TOOL_BOT
  0
TEXT
  8
TOOLCODE_BOT
 10
-25.49000
 20
88.37000
 40
0.600000
  1
T00
  0
POLYLINE
 5
1CEF
  8
2DLINES_1
 66
1
 40
0.200000
 41
0.200000
  0
VERTEX
 5
1CF0
  8
2DLINES_1
 10
-7.08000
 20
86.17000
  0
VERTEX
 5
1CF1
  8
2DLINES_1
 10
-29.94000
 20
86.16999
  0
SEQEND
  8
2DLINES_1
  0
POLYLINE
 5
1CF2
  8
2DLINES_1
 66
1
 70
1
 40
0.100000
 41
0.100000
  0
VERTEX
 5
1CF3
  8
2DLINES_1
 10
-7.13000
 20
86.17000
 42
1.0
  0
VERTEX
 5
1CF4
  8
2DLINES_1
 10
-7.03000
 20
86.17000
 42
1.0
  0
SEQEND
  8
2DLINES_1
  0
POLYLINE
 5
1CF5
  8
2DLINES_1
 66
1
 70
1
 40
0.100000
 41
0.100000
  0
VERTEX
 5
1CF6
  8
2DLINES_1
 10
-29.99000
 20
86.16999
 42
1.0
  0
VERTEX
 5
1CF7
  8
2DLINES_1
 10
-29.89000
 20
86.16999
 42
1.0
  0
SEQEND
  8
2DLINES_1
  0
POLYLINE
 5
1CF8
  8
2DLINES_1
 66
1
 40
0.200000
 41
0.200000
  0
VERTEX
 5
1CF9
  8
2DLINES_1
 10
-29.94000
 20
86.16999
  0
VERTEX
 5
1CFA
  8
2DLINES_1
 10
-29.94000
 20
91.16999
  0
SEQEND
  8
2DLINES_1
  0
POLYLINE
 5
1CFB
  8
2DLINES_1
 66
1
 70
1
 40
0.100000
 41
0.100000
  0
VERTEX
 5
1CFC
  8
2DLINES_1
 10
-29.99000
 20
86.16999
 42
1.0
  0
VERTEX
 5
1CFD
  8
2DLINES_1
 10
-29.89000
 20
86.16999
 42
1.0
  0
SEQEND
  8
2DLINES_1
  0
POLYLINE
 5
1CFE
  8
2DLINES_1
 66
1
 70
1
 40
0.100000
 41
0.100000
  0
VERTEX
 5
1CFF
  8
2DLINES_1
 10
-29.99000
 20
91.16999
 42
1.0
  0
VERTEX
 5
1D00
  8
2DLINES_1
 10
-29.89000
 20
91.16999
 42
1.0
  0
SEQEND
  8
2DLINES_1
  0
POLYLINE
 5
1D01
  8
2DLINES_1
 66
1
 40
0.200000
 41
0.200000
  0
VERTEX
 5
1D02
  8
2DLINES_1
 10
-29.94000
 20
91.16999
  0
VERTEX
 5
1D03
  8
2DLINES_1
 10
-7.08000
 20
91.17000
  0
SEQEND
  8
2DLINES_1
  0
POLYLINE
 5
1D04
  8
2DLINES_1
 66
1
 70
1
 40
0.100000
 41
0.100000
  0
VERTEX
 5
1D05
  8
2DLINES_1
 10
-29.99000
 20
91.16999
 42
1.0
  0
VERTEX
 5
1D06
  8
2DLINES_1
 10
-29.89000
 20
91.16999
 42
1.0
  0
SEQEND
  8
2DLINES_1
  0
POLYLINE
 5
1D07
  8
2DLINES_1
 66
1
 70
1
 40
0.100000
 41
0.100000
  0
VERTEX
 5
1D08
  8
2DLINES_1
 10
-7.13000
 20
91.17000
 42
1.0
  0
VERTEX
 5
1D09
  8
2DLINES_1
 10
-7.03000
 20
91.17000
 42
1.0
  0
SEQEND
  8
2DLINES_1
  0
POLYLINE
 5
1D0A
  8
2DLINES_1
 66
1
 40
0.200000
 41
0.200000
  0
VERTEX
 5
1D0B
  8
2DLINES_1
 10
-7.08000
 20
91.17000
  0
VERTEX
 5
1D0C
  8
2DLINES_1
 10
-7.08000
 20
86.17000
  0
SEQEND
  8
2DLINES_1
  0
POLYLINE
 5
1D0D
  8
2DLINES_1
 66
1
 70
1
 40
0.100000
 41
0.100000
  0
VERTEX
 5
1D0E
  8
2DLINES_1
 10
-7.13000
 20
91.17000
 42
1.0
  0
VERTEX
 5
1D0F
  8
2DLINES_1
 10
-7.03000
 20
91.17000
 42
1.0
  0
SEQEND
  8
2DLINES_1
  0
POLYLINE
 5
1D10
  8
2DLINES_1
 66
1
 70
1
 40
0.100000
 41
0.100000
  0
VERTEX
 5
1D11
  8
2DLINES_1
 10
-7.13000
 20
86.17000
 42
1.0
  0
VERTEX
 5
1D12
  8
2DLINES_1
 10
-7.03000
 20
86.17000
 42
1.0
  0
SEQEND
  8
2DLINES_1
  0
POLYLINE
 5
1D13
  8
PLACEMENT_OUTLINE_TOP
 66
1
 40
0.200000
 41
0.200000
  0
VERTEX
 5
1D14
  8
PLACEMENT_OUTLINE_TOP
 10
-7.08000
 20
86.17000
  0
VERTEX
 5
1D15
  8
PLACEMENT_OUTLINE_TOP
 10
-29.94000
 20
86.16999
  0
SEQEND
  8
PLACEMENT_OUTLINE_TOP
  0
POLYLINE
 5
1D16
  8
PLACEMENT_OUTLINE_TOP
 66
1
 70
1
 40
0.100000
 41
0.100000
  0
VERTEX
 5
1D17
  8
PLACEMENT_OUTLINE_TOP
 10
-7.13000
 20
86.17000
 42
1.0
  0
VERTEX
 5
1D18
  8
PLACEMENT_OUTLINE_TOP
 10
-7.03000
 20
86.17000
 42
1.0
  0
SEQEND
  8
PLACEMENT_OUTLINE_TOP
  0
POLYLINE
 5
1D19
  8
PLACEMENT_OUTLINE_TOP
 66
1
 70
1
 40
0.100000
 41
0.100000
  0
VERTEX
 5
1D1A
  8
PLACEMENT_OUTLINE_TOP
 10
-29.99000
 20
86.16999
 42
1.0
  0
VERTEX
 5
1D1B
  8
PLACEMENT_OUTLINE_TOP
 10
-29.89000
 20
86.16999
 42
1.0
  0
SEQEND
  8
PLACEMENT_OUTLINE_TOP
  0
POLYLINE
 5
1D1C
  8
PLACEMENT_OUTLINE_TOP
 66
1
 40
0.200000
 41
0.200000
  0
VERTEX
 5
1D1D
  8
PLACEMENT_OUTLINE_TOP
 10
-29.94000
 20
86.16999
  0
VERTEX
 5
1D1E
  8
PLACEMENT_OUTLINE_TOP
 10
-29.94000
 20
91.16999
  0
SEQEND
  8
PLACEMENT_OUTLINE_TOP
  0
POLYLINE
 5
1D1F
  8
PLACEMENT_OUTLINE_TOP
 66
1
 70
1
 40
0.100000
 41
0.100000
  0
VERTEX
 5
1D20
  8
PLACEMENT_OUTLINE_TOP
 10
-29.99000
 20
86.16999
 42
1.0
  0
VERTEX
 5
1D21
  8
PLACEMENT_OUTLINE_TOP
 10
-29.89000
 20
86.16999
 42
1.0
  0
SEQEND
  8
PLACEMENT_OUTLINE_TOP
  0
POLYLINE
 5
1D22
  8
PLACEMENT_OUTLINE_TOP
 66
1
 70
1
 40
0.100000
 41
0.100000
  0
VERTEX
 5
1D23
  8
PLACEMENT_OUTLINE_TOP
 10
-29.99000
 20
91.16999
 42
1.0
  0
VERTEX
 5
1D24
  8
PLACEMENT_OUTLINE_TOP
 10
-29.89000
 20
91.16999
 42
1.0
  0
SEQEND
  8
PLACEMENT_OUTLINE_TOP
  0
POLYLINE
 5
1D25
  8
PLACEMENT_OUTLINE_TOP
 66
1
 40
0.200000
 41
0.200000
  0
VERTEX
 5
1D26
  8
PLACEMENT_OUTLINE_TOP
 10
-29.94000
 20
91.16999
  0
VERTEX
 5
1D27
  8
PLACEMENT_OUTLINE_TOP
 10
-7.08000
 20
91.17000
  0
SEQEND
  8
PLACEMENT_OUTLINE_TOP
  0
POLYLINE
 5
1D28
  8
PLACEMENT_OUTLINE_TOP
 66
1
 70
1
 40
0.100000
 41
0.100000
  0
VERTEX
 5
1D29
  8
PLACEMENT_OUTLINE_TOP
 10
-29.99000
 20
91.16999
 42
1.0
  0
VERTEX
 5
1D2A
  8
PLACEMENT_OUTLINE_TOP
 10
-29.89000
 20
91.16999
 42
1.0
  0
SEQEND
  8
PLACEMENT_OUTLINE_TOP
  0
POLYLINE
 5
1D2B
  8
PLACEMENT_OUTLINE_TOP
 66
1
 70
1
 40
0.100000
 41
0.100000
  0
VERTEX
 5
1D2C
  8
PLACEMENT_OUTLINE_TOP
 10
-7.13000
 20
91.17000
 42
1.0
  0
VERTEX
 5
1D2D
  8
PLACEMENT_OUTLINE_TOP
 10
-7.03000
 20
91.17000
 42
1.0
  0
SEQEND
  8
PLACEMENT_OUTLINE_TOP
  0
POLYLINE
 5
1D2E
  8
PLACEMENT_OUTLINE_TOP
 66
1
 40
0.200000
 41
0.200000
  0
VERTEX
 5
1D2F
  8
PLACEMENT_OUTLINE_TOP
 10
-7.08000
 20
91.17000
  0
VERTEX
 5
1D30
  8
PLACEMENT_OUTLINE_TOP
 10
-7.08000
 20
86.17000
  0
SEQEND
  8
PLACEMENT_OUTLINE_TOP
  0
POLYLINE
 5
1D31
  8
PLACEMENT_OUTLINE_TOP
 66
1
 70
1
 40
0.100000
 41
0.100000
  0
VERTEX
 5
1D32
  8
PLACEMENT_OUTLINE_TOP
 10
-7.13000
 20
91.17000
 42
1.0
  0
VERTEX
 5
1D33
  8
PLACEMENT_OUTLINE_TOP
 10
-7.03000
 20
91.17000
 42
1.0
  0
SEQEND
  8
PLACEMENT_OUTLINE_TOP
  0
POLYLINE
 5
1D34
  8
PLACEMENT_OUTLINE_TOP
 66
1
 70
1
 40
0.100000
 41
0.100000
  0
VERTEX
 5
1D35
  8
PLACEMENT_OUTLINE_TOP
 10
-7.13000
 20
86.17000
 42
1.0
  0
VERTEX
 5
1D36
  8
PLACEMENT_OUTLINE_TOP
 10
-7.03000
 20
86.17000
 42
1.0
  0
SEQEND
  8
PLACEMENT_OUTLINE_TOP
  0
SOLID
 5
1D37
  8
PADLAYER_TOP
 10
-8.96000
 20
86.77000
 11
-8.96000
 21
84.57000
 12
-7.74000
 22
86.77000
 13
-7.74000
 23
84.57000
  0
SOLID
 5
1D38
  8
PADLAYER_TOP
 10
-8.96000
 20
92.77000
 11
-8.96000
 21
90.57000
 12
-7.74000
 22
92.77000
 13
-7.74000
 23
90.57000
  0
SOLID
 5
1D39
  8
PADLAYER_TOP
 10
-11.50000
 20
86.77000
 11
-11.50000
 21
84.57000
 12
-10.28000
 22
86.77000
 13
-10.28000
 23
84.57000
  0
SOLID
 5
1D3A
  8
PADLAYER_TOP
 10
-11.50000
 20
92.77000
 11
-11.50000
 21
90.57000
 12
-10.28000
 22
92.77000
 13
-10.28000
 23
90.57000
  0
SOLID
 5
1D3B
  8
PADLAYER_TOP
 10
-14.04000
 20
86.77000
 11
-14.04000
 21
84.57000
 12
-12.82000
 22
86.77000
 13
-12.82000
 23
84.57000
  0
SOLID
 5
1D3C
  8
PADLAYER_TOP
 10
-14.04000
 20
92.77000
 11
-14.04000
 21
90.57000
 12
-12.82000
 22
92.77000
 13
-12.82000
 23
90.57000
  0
SOLID
 5
1D3D
  8
PADLAYER_TOP
 10
-16.58000
 20
86.77000
 11
-16.58000
 21
84.57000
 12
-15.36000
 22
86.77000
 13
-15.36000
 23
84.57000
  0
SOLID
 5
1D3E
  8
PADLAYER_TOP
 10
-16.58000
 20
92.77000
 11
-16.58000
 21
90.57000
 12
-15.36000
 22
92.77000
 13
-15.36000
 23
90.57000
  0
SOLID
 5
1D3F
  8
PADLAYER_TOP
 10
-19.12000
 20
86.77000
 11
-19.12000
 21
84.57000
 12
-17.90000
 22
86.77000
 13
-17.90000
 23
84.57000
  0
SOLID
 5
1D40
  8
PADLAYER_TOP
 10
-19.12000
 20
92.77000
 11
-19.12000
 21
90.57000
 12
-17.90000
 22
92.77000
 13
-17.90000
 23
90.57000
  0
SOLID
 5
1D41
  8
PADLAYER_TOP
 10
-21.66000
 20
86.77000
 11
-21.66000
 21
84.57000
 12
-20.44000
 22
86.77000
 13
-20.44000
 23
84.57000
  0
SOLID
 5
1D42
  8
PADLAYER_TOP
 10
-21.66000
 20
92.77000
 11
-21.66000
 21
90.57000
 12
-20.44000
 22
92.77000
 13
-20.44000
 23
90.57000
  0
SOLID
 5
1D43
  8
PADLAYER_TOP
 10
-24.20000
 20
86.77000
 11
-24.20000
 21
84.57000
 12
-22.98000
 22
86.77000
 13
-22.98000
 23
84.57000
  0
SOLID
 5
1D44
  8
PADLAYER_TOP
 10
-24.20000
 20
92.77000
 11
-24.20000
 21
90.57000
 12
-22.98000
 22
92.77000
 13
-22.98000
 23
90.57000
  0
SOLID
 5
1D45
  8
PADLAYER_TOP
 10
-26.74000
 20
86.77000
 11
-26.74000
 21
84.57000
 12
-25.52000
 22
86.77000
 13
-25.52000
 23
84.57000
  0
SOLID
 5
1D46
  8
PADLAYER_TOP
 10
-26.74000
 20
92.77000
 11
-26.74000
 21
90.57000
 12
-25.52000
 22
92.77000
 13
-25.52000
 23
90.57000
  0
SOLID
 5
1D47
  8
PADLAYER_TOP
 10
-29.28000
 20
86.76999
 11
-29.28000
 21
84.56999
 12
-28.06000
 22
86.76999
 13
-28.06000
 23
84.56999
  0
SOLID
 5
1D48
  8
PADLAYER_TOP
 10
-29.28000
 20
92.76999
 11
-29.28000
 21
90.56999
 12
-28.06000
 22
92.76999
 13
-28.06000
 23
90.56999
  0
POLYLINE
 5
1D49
  8
TOOL_TOP
 66
1
 40
0.200000
 41
0.200000
  0
VERTEX
 5
1D4A
  8
TOOL_TOP
 10
-10.22000
 20
88.67000
 42
1.000000
  0
VERTEX
 5
1D4B
  8
TOOL_TOP
 10
-9.02000
 20
88.67000
 42
1.000000
  0
VERTEX
 5
1D4C
  8
TOOL_TOP
 10
-10.22000
 20
88.67000
  0
SEQEND
  8
TOOL_TOP
  0
TEXT
  8
TOOLCODE_TOP
 10
-10.25000
 20
88.37000
 40
0.600000
  1
T00
  0
POLYLINE
 5
1D4D
  8
TOOL_TOP
 66
1
 40
0.200000
 41
0.200000
  0
VERTEX
 5
1D4E
  8
TOOL_TOP
 10
-28.00000
 20
88.67000
 42
1.000000
  0
VERTEX
 5
1D4F
  8
TOOL_TOP
 10
-26.80000
 20
88.67000
 42
1.000000
  0
VERTEX
 5
1D50
  8
TOOL_TOP
 10
-28.00000
 20
88.67000
  0
SEQEND
  8
TOOL_TOP
  0
TEXT
  8
TOOLCODE_TOP
 10
-28.03000
 20
88.37000
 40
0.600000
  1
T00
  0
POLYLINE
 5
1D51
  8
PLACEMENT_OUTLINE_BOTTOM
 66
1
 40
0.100000
 41
0.100000
  0
VERTEX
 5
1D52
  8
PLACEMENT_OUTLINE_BOTTOM
 10
-50.34500
 20
85.52300
  0
VERTEX
 5
1D53
  8
PLACEMENT_OUTLINE_BOTTOM
 10
-50.34500
 20
88.31700
  0
SEQEND
  8
PLACEMENT_OUTLINE_BOTTOM
  0
POLYLINE
 5
1D54
  8
PLACEMENT_OUTLINE_BOTTOM
 66
1
 70
1
 40
0.050000
 41
0.050000
  0
VERTEX
 5
1D55
  8
PLACEMENT_OUTLINE_BOTTOM
 10
-50.37000
 20
85.52300
 42
1.0
  0
VERTEX
 5
1D56
  8
PLACEMENT_OUTLINE_BOTTOM
 10
-50.32000
 20
85.52300
 42
1.0
  0
SEQEND
  8
PLACEMENT_OUTLINE_BOTTOM
  0
POLYLINE
 5
1D57
  8
PLACEMENT_OUTLINE_BOTTOM
 66
1
 70
1
 40
0.050000
 41
0.050000
  0
VERTEX
 5
1D58
  8
PLACEMENT_OUTLINE_BOTTOM
 10
-50.37000
 20
88.31700
 42
1.0
  0
VERTEX
 5
1D59
  8
PLACEMENT_OUTLINE_BOTTOM
 10
-50.32000
 20
88.31700
 42
1.0
  0
SEQEND
  8
PLACEMENT_OUTLINE_BOTTOM
  0
POLYLINE
 5
1D5A
  8
PLACEMENT_OUTLINE_BOTTOM
 66
1
 40
0.100000
 41
0.100000
  0
VERTEX
 5
1D5B
  8
PLACEMENT_OUTLINE_BOTTOM
 10
-50.34500
 20
88.31700
  0
VERTEX
 5
1D5C
  8
PLACEMENT_OUTLINE_BOTTOM
 10
-49.07500
 20
88.31700
  0
SEQEND
  8
PLACEMENT_OUTLINE_BOTTOM
  0
POLYLINE
 5
1D5D
  8
PLACEMENT_OUTLINE_BOTTOM
 66
1
 70
1
 40
0.050000
 41
0.050000
  0
VERTEX
 5
1D5E
  8
PLACEMENT_OUTLINE_BOTTOM
 10
-50.37000
 20
88.31700
 42
1.0
  0
VERTEX
 5
1D5F
  8
PLACEMENT_OUTLINE_BOTTOM
 10
-50.32000
 20
88.31700
 42
1.0
  0
SEQEND
  8
PLACEMENT_OUTLINE_BOTTOM
  0
POLYLINE
 5
1D60
  8
PLACEMENT_OUTLINE_BOTTOM
 66
1
 70
1
 40
0.050000
 41
0.050000
  0
VERTEX
 5
1D61
  8
PLACEMENT_OUTLINE_BOTTOM
 10
-49.10000
 20
88.31700
 42
1.0
  0
VERTEX
 5
1D62
  8
PLACEMENT_OUTLINE_BOTTOM
 10
-49.05000
 20
88.31700
 42
1.0
  0
SEQEND
  8
PLACEMENT_OUTLINE_BOTTOM
  0
POLYLINE
 5
1D63
  8
PLACEMENT_OUTLINE_BOTTOM
 66
1
 40
0.100000
 41
0.100000
  0
VERTEX
 5
1D64
  8
PLACEMENT_OUTLINE_BOTTOM
 10
-49.07500
 20
88.31700
  0
VERTEX
 5
1D65
  8
PLACEMENT_OUTLINE_BOTTOM
 10
-49.07500
 20
85.52300
  0
SEQEND
  8
PLACEMENT_OUTLINE_BOTTOM
  0
POLYLINE
 5
1D66
  8
PLACEMENT_OUTLINE_BOTTOM
 66
1
 70
1
 40
0.050000
 41
0.050000
  0
VERTEX
 5
1D67
  8
PLACEMENT_OUTLINE_BOTTOM
 10
-49.10000
 20
88.31700
 42
1.0
  0
VERTEX
 5
1D68
  8
PLACEMENT_OUTLINE_BOTTOM
 10
-49.05000
 20
88.31700
 42
1.0
  0
SEQEND
  8
PLACEMENT_OUTLINE_BOTTOM
  0
POLYLINE
 5
1D69
  8
PLACEMENT_OUTLINE_BOTTOM
 66
1
 70
1
 40
0.050000
 41
0.050000
  0
VERTEX
 5
1D6A
  8
PLACEMENT_OUTLINE_BOTTOM
 10
-49.10000
 20
85.52300
 42
1.0
  0
VERTEX
 5
1D6B
  8
PLACEMENT_OUTLINE_BOTTOM
 10
-49.05000
 20
85.52300
 42
1.0
  0
SEQEND
  8
PLACEMENT_OUTLINE_BOTTOM
  0
POLYLINE
 5
1D6C
  8
PLACEMENT_OUTLINE_BOTTOM
 66
1
 40
0.100000
 41
0.100000
  0
VERTEX
 5
1D6D
  8
PLACEMENT_OUTLINE_BOTTOM
 10
-49.07500
 20
85.52300
  0
VERTEX
 5
1D6E
  8
PLACEMENT_OUTLINE_BOTTOM
 10
-50.34500
 20
85.52300
  0
SEQEND
  8
PLACEMENT_OUTLINE_BOTTOM
  0
POLYLINE
 5
1D6F
  8
PLACEMENT_OUTLINE_BOTTOM
 66
1
 70
1
 40
0.050000
 41
0.050000
  0
VERTEX
 5
1D70
  8
PLACEMENT_OUTLINE_BOTTOM
 10
-49.10000
 20
85.52300
 42
1.0
  0
VERTEX
 5
1D71
  8
PLACEMENT_OUTLINE_BOTTOM
 10
-49.05000
 20
85.52300
 42
1.0
  0
SEQEND
  8
PLACEMENT_OUTLINE_BOTTOM
  0
POLYLINE
 5
1D72
  8
PLACEMENT_OUTLINE_BOTTOM
 66
1
 70
1
 40
0.050000
 41
0.050000
  0
VERTEX
 5
1D73
  8
PLACEMENT_OUTLINE_BOTTOM
 10
-50.37000
 20
85.52300
 42
1.0
  0
VERTEX
 5
1D74
  8
PLACEMENT_OUTLINE_BOTTOM
 10
-50.32000
 20
85.52300
 42
1.0
  0
SEQEND
  8
PLACEMENT_OUTLINE_BOTTOM
  0
SOLID
 5
1D75
  8
PADLAYER_BOTTOM
 10
-49.25280
 20
87.22480
 11
-49.25280
 21
88.13920
 12
-50.16720
 22
87.22480
 13
-50.16720
 23
88.13920
  0
SOLID
 5
1D76
  8
PADLAYER_BOTTOM
 10
-49.25280
 20
85.70080
 11
-49.25280
 21
86.61520
 12
-50.16720
 22
85.70080
 13
-50.16720
 23
86.61520
  0
POLYLINE
 5
1D77
  8
PLACEMENT_OUTLINE_BOTTOM
 66
1
 40
0.100000
 41
0.100000
  0
VERTEX
 5
1D78
  8
PLACEMENT_OUTLINE_BOTTOM
 10
-47.13500
 20
86.63700
  0
VERTEX
 5
1D79
  8
PLACEMENT_OUTLINE_BOTTOM
 10
-47.13500
 20
83.84300
  0
SEQEND
  8
PLACEMENT_OUTLINE_BOTTOM
  0
POLYLINE
 5
1D7A
  8
PLACEMENT_OUTLINE_BOTTOM
 66
1
 70
1
 40
0.050000
 41
0.050000
  0
VERTEX
 5
1D7B
  8
PLACEMENT_OUTLINE_BOTTOM
 10
-47.16000
 20
86.63700
 42
1.0
  0
VERTEX
 5
1D7C
  8
PLACEMENT_OUTLINE_BOTTOM
 10
-47.11000
 20
86.63700
 42
1.0
  0
SEQEND
  8
PLACEMENT_OUTLINE_BOTTOM
  0
POLYLINE
 5
1D7D
  8
PLACEMENT_OUTLINE_BOTTOM
 66
1
 70
1
 40
0.050000
 41
0.050000
  0
VERTEX
 5
1D7E
  8
PLACEMENT_OUTLINE_BOTTOM
 10
-47.16000
 20
83.84300
 42
1.0
  0
VERTEX
 5
1D7F
  8
PLACEMENT_OUTLINE_BOTTOM
 10
-47.11000
 20
83.84300
 42
1.0
  0
SEQEND
  8
PLACEMENT_OUTLINE_BOTTOM
  0
POLYLINE
 5
1D80
  8
PLACEMENT_OUTLINE_BOTTOM
 66
1
 40
0.100000
 41
0.100000
  0
VERTEX
 5
1D81
  8
PLACEMENT_OUTLINE_BOTTOM
 10
-47.13500
 20
83.84300
  0
VERTEX
 5
1D82
  8
PLACEMENT_OUTLINE_BOTTOM
 10
-48.40500
 20
83.84300
  0
SEQEND
  8
PLACEMENT_OUTLINE_BOTTOM
  0
POLYLINE
 5
1D83
  8
PLACEMENT_OUTLINE_BOTTOM
 66
1
 70
1
 40
0.050000
 41
0.050000
  0
VERTEX
 5
1D84
  8
PLACEMENT_OUTLINE_BOTTOM
 10
-47.16000
 20
83.84300
 42
1.0
  0
VERTEX
 5
1D85
  8
PLACEMENT_OUTLINE_BOTTOM
 10
-47.11000
 20
83.84300
 42
1.0
  0
SEQEND
  8
PLACEMENT_OUTLINE_BOTTOM
  0
POLYLINE
 5
1D86
  8
PLACEMENT_OUTLINE_BOTTOM
 66
1
 70
1
 40
0.050000
 41
0.050000
  0
VERTEX
 5
1D87
  8
PLACEMENT_OUTLINE_BOTTOM
 10
-48.43000
 20
83.84300
 42
1.0
  0
VERTEX
 5
1D88
  8
PLACEMENT_OUTLINE_BOTTOM
 10
-48.38000
 20
83.84300
 42
1.0
  0
SEQEND
  8
PLACEMENT_OUTLINE_BOTTOM
  0
POLYLINE
 5
1D89
  8
PLACEMENT_OUTLINE_BOTTOM
 66
1
 40
0.100000
 41
0.100000
  0
VERTEX
 5
1D8A
  8
PLACEMENT_OUTLINE_BOTTOM
 10
-48.40500
 20
83.84300
  0
VERTEX
 5
1D8B
  8
PLACEMENT_OUTLINE_BOTTOM
 10
-48.40500
 20
86.63700
  0
SEQEND
  8
PLACEMENT_OUTLINE_BOTTOM
  0
POLYLINE
 5
1D8C
  8
PLACEMENT_OUTLINE_BOTTOM
 66
1
 70
1
 40
0.050000
 41
0.050000
  0
VERTEX
 5
1D8D
  8
PLACEMENT_OUTLINE_BOTTOM
 10
-48.43000
 20
83.84300
 42
1.0
  0
VERTEX
 5
1D8E
  8
PLACEMENT_OUTLINE_BOTTOM
 10
-48.38000
 20
83.84300
 42
1.0
  0
SEQEND
  8
PLACEMENT_OUTLINE_BOTTOM
  0
POLYLINE
 5
1D8F
  8
PLACEMENT_OUTLINE_BOTTOM
 66
1
 70
1
 40
0.050000
 41
0.050000
  0
VERTEX
 5
1D90
  8
PLACEMENT_OUTLINE_BOTTOM
 10
-48.43000
 20
86.63700
 42
1.0
  0
VERTEX
 5
1D91
  8
PLACEMENT_OUTLINE_BOTTOM
 10
-48.38000
 20
86.63700
 42
1.0
  0
SEQEND
  8
PLACEMENT_OUTLINE_BOTTOM
  0
POLYLINE
 5
1D92
  8
PLACEMENT_OUTLINE_BOTTOM
 66
1
 40
0.100000
 41
0.100000
  0
VERTEX
 5
1D93
  8
PLACEMENT_OUTLINE_BOTTOM
 10
-48.40500
 20
86.63700
  0
VERTEX
 5
1D94
  8
PLACEMENT_OUTLINE_BOTTOM
 10
-47.13500
 20
86.63700
  0
SEQEND
  8
PLACEMENT_OUTLINE_BOTTOM
  0
POLYLINE
 5
1D95
  8
PLACEMENT_OUTLINE_BOTTOM
 66
1
 70
1
 40
0.050000
 41
0.050000
  0
VERTEX
 5
1D96
  8
PLACEMENT_OUTLINE_BOTTOM
 10
-48.43000
 20
86.63700
 42
1.0
  0
VERTEX
 5
1D97
  8
PLACEMENT_OUTLINE_BOTTOM
 10
-48.38000
 20
86.63700
 42
1.0
  0
SEQEND
  8
PLACEMENT_OUTLINE_BOTTOM
  0
POLYLINE
 5
1D98
  8
PLACEMENT_OUTLINE_BOTTOM
 66
1
 70
1
 40
0.050000
 41
0.050000
  0
VERTEX
 5
1D99
  8
PLACEMENT_OUTLINE_BOTTOM
 10
-47.16000
 20
86.63700
 42
1.0
  0
VERTEX
 5
1D9A
  8
PLACEMENT_OUTLINE_BOTTOM
 10
-47.11000
 20
86.63700
 42
1.0
  0
SEQEND
  8
PLACEMENT_OUTLINE_BOTTOM
  0
SOLID
 5
1D9B
  8
PADLAYER_BOTTOM
 10
-48.22720
 20
84.93520
 11
-48.22720
 21
84.02080
 12
-47.31280
 22
84.93520
 13
-47.31280
 23
84.02080
  0
SOLID
 5
1D9C
  8
PADLAYER_BOTTOM
 10
-48.22720
 20
86.45920
 11
-48.22720
 21
85.54480
 12
-47.31280
 22
86.45920
 13
-47.31280
 23
85.54480
  0
POLYLINE
 5
1D9D
  8
PLACEMENT_OUTLINE_BOTTOM
 66
1
 40
0.299970
 41
0.299970
  0
VERTEX
 5
1D9E
  8
PLACEMENT_OUTLINE_BOTTOM
 10
-41.97400
 20
15.19100
  0
VERTEX
 5
1D9F
  8
PLACEMENT_OUTLINE_BOTTOM
 10
-44.76800
 20
15.19100
  0
SEQEND
  8
PLACEMENT_OUTLINE_BOTTOM
  0
POLYLINE
 5
1DA0
  8
PLACEMENT_OUTLINE_BOTTOM
 66
1
 70
1
 40
0.149985
 41
0.149985
  0
VERTEX
 5
1DA1
  8
PLACEMENT_OUTLINE_BOTTOM
 10
-42.04899
 20
15.19100
 42
1.0
  0
VERTEX
 5
1DA2
  8
PLACEMENT_OUTLINE_BOTTOM
 10
-41.89901
 20
15.19100
 42
1.0
  0
SEQEND
  8
PLACEMENT_OUTLINE_BOTTOM
  0
POLYLINE
 5
1DA3
  8
PLACEMENT_OUTLINE_BOTTOM
 66
1
 70
1
 40
0.149985
 41
0.149985
  0
VERTEX
 5
1DA4
  8
PLACEMENT_OUTLINE_BOTTOM
 10
-44.84299
 20
15.19100
 42
1.0
  0
VERTEX
 5
1DA5
  8
PLACEMENT_OUTLINE_BOTTOM
 10
-44.69301
 20
15.19100
 42
1.0
  0
SEQEND
  8
PLACEMENT_OUTLINE_BOTTOM
  0
POLYLINE
 5
1DA6
  8
PLACEMENT_OUTLINE_BOTTOM
 66
1
 40
0.299970
 41
0.299970
  0
VERTEX
 5
1DA7
  8
PLACEMENT_OUTLINE_BOTTOM
 10
-44.76800
 20
15.19100
  0
VERTEX
 5
1DA8
  8
PLACEMENT_OUTLINE_BOTTOM
 10
-44.76800
 20
16.46100
  0
SEQEND
  8
PLACEMENT_OUTLINE_BOTTOM
  0
POLYLINE
 5
1DA9
  8
PLACEMENT_OUTLINE_BOTTOM
 66
1
 70
1
 40
0.149985
 41
0.149985
  0
VERTEX
 5
1DAA
  8
PLACEMENT_OUTLINE_BOTTOM
 10
-44.84299
 20
15.19100
 42
1.0
  0
VERTEX
 5
1DAB
  8
PLACEMENT_OUTLINE_BOTTOM
 10
-44.69301
 20
15.19100
 42
1.0
  0
SEQEND
  8
PLACEMENT_OUTLINE_BOTTOM
  0
POLYLINE
 5
1DAC
  8
PLACEMENT_OUTLINE_BOTTOM
 66
1
 70
1
 40
0.149985
 41
0.149985
  0
VERTEX
 5
1DAD
  8
PLACEMENT_OUTLINE_BOTTOM
 10
-44.84299
 20
16.46100
 42
1.0
  0
VERTEX
 5
1DAE
  8
PLACEMENT_OUTLINE_BOTTOM
 10
-44.69301
 20
16.46100
 42
1.0
  0
SEQEND
  8
PLACEMENT_OUTLINE_BOTTOM
  0
POLYLINE
 5
1DAF
  8
PLACEMENT_OUTLINE_BOTTOM
 66
1
 40
0.299970
 41
0.299970
  0
VERTEX
 5
1DB0
  8
PLACEMENT_OUTLINE_BOTTOM
 10
-44.76800
 20
16.46100
  0
VERTEX
 5
1DB1
  8
PLACEMENT_OUTLINE_BOTTOM
 10
-41.97400
 20
16.46100
  0
SEQEND
  8
PLACEMENT_OUTLINE_BOTTOM
  0
POLYLINE
 5
1DB2
  8
PLACEMENT_OUTLINE_BOTTOM
 66
1
 70
1
 40
0.149985
 41
0.149985
  0
VERTEX
 5
1DB3
  8
PLACEMENT_OUTLINE_BOTTOM
 10
-44.84299
 20
16.46100
 42
1.0
  0
VERTEX
 5
1DB4
  8
PLACEMENT_OUTLINE_BOTTOM
 10
-44.69301
 20
16.46100
 42
1.0
  0
SEQEND
  8
PLACEMENT_OUTLINE_BOTTOM
  0
POLYLINE
 5
1DB5
  8
PLACEMENT_OUTLINE_BOTTOM
 66
1
 70
1
 40
0.149985
 41
0.149985
  0
VERTEX
 5
1DB6
  8
PLACEMENT_OUTLINE_BOTTOM
 10
-42.04899
 20
16.46100
 42
1.0
  0
VERTEX
 5
1DB7
  8
PLACEMENT_OUTLINE_BOTTOM
 10
-41.89901
 20
16.46100
 42
1.0
  0
SEQEND
  8
PLACEMENT_OUTLINE_BOTTOM
  0
POLYLINE
 5
1DB8
  8
PLACEMENT_OUTLINE_BOTTOM
 66
1
 40
0.299970
 41
0.299970
  0
VERTEX
 5
1DB9
  8
PLACEMENT_OUTLINE_BOTTOM
 10
-41.97400
 20
16.46100
  0
VERTEX
 5
1DBA
  8
PLACEMENT_OUTLINE_BOTTOM
 10
-41.97400
 20
15.19100
  0
SEQEND
  8
PLACEMENT_OUTLINE_BOTTOM
  0
POLYLINE
 5
1DBB
  8
PLACEMENT_OUTLINE_BOTTOM
 66
1
 70
1
 40
0.149985
 41
0.149985
  0
VERTEX
 5
1DBC
  8
PLACEMENT_OUTLINE_BOTTOM
 10
-42.04899
 20
16.46100
 42
1.0
  0
VERTEX
 5
1DBD
  8
PLACEMENT_OUTLINE_BOTTOM
 10
-41.89901
 20
16.46100
 42
1.0
  0
SEQEND
  8
PLACEMENT_OUTLINE_BOTTOM
  0
POLYLINE
 5
1DBE
  8
PLACEMENT_OUTLINE_BOTTOM
 66
1
 70
1
 40
0.149985
 41
0.149985
  0
VERTEX
 5
1DBF
  8
PLACEMENT_OUTLINE_BOTTOM
 10
-42.04899
 20
15.19100
 42
1.0
  0
VERTEX
 5
1DC0
  8
PLACEMENT_OUTLINE_BOTTOM
 10
-41.89901
 20
15.19100
 42
1.0
  0
SEQEND
  8
PLACEMENT_OUTLINE_BOTTOM
  0
SOLID
 5
1DC1
  8
PADLAYER_BOTTOM
 10
-43.67580
 20
16.28320
 11
-44.59020
 21
16.28320
 12
-43.67580
 22
15.36880
 13
-44.59020
 23
15.36880
  0
SOLID
 5
1DC2
  8
PADLAYER_BOTTOM
 10
-42.15180
 20
16.28320
 11
-43.06620
 21
16.28320
 12
-42.15180
 22
15.36880
 13
-43.06620
 23
15.36880
  0
POLYLINE
 5
1DC3
  8
PLACEMENT_OUTLINE_BOTTOM
 66
1
 40
0.299970
 41
0.299970
  0
VERTEX
 5
1DC4
  8
PLACEMENT_OUTLINE_BOTTOM
 10
-48.15700
 20
77.13500
  0
VERTEX
 5
1DC5
  8
PLACEMENT_OUTLINE_BOTTOM
 10
-45.36300
 20
77.13500
  0
SEQEND
  8
PLACEMENT_OUTLINE_BOTTOM
  0
POLYLINE
 5
1DC6
  8
PLACEMENT_OUTLINE_BOTTOM
 66
1
 70
1
 40
0.149985
 41
0.149985
  0
VERTEX
 5
1DC7
  8
PLACEMENT_OUTLINE_BOTTOM
 10
-48.23199
 20
77.13500
 42
1.0
  0
VERTEX
 5
1DC8
  8
PLACEMENT_OUTLINE_BOTTOM
 10
-48.08201
 20
77.13500
 42
1.0
  0
SEQEND
  8
PLACEMENT_OUTLINE_BOTTOM
  0
POLYLINE
 5
1DC9
  8
PLACEMENT_OUTLINE_BOTTOM
 66
1
 70
1
 40
0.149985
 41
0.149985
  0
VERTEX
 5
1DCA
  8
PLACEMENT_OUTLINE_BOTTOM
 10
-45.43799
 20
77.13500
 42
1.0
  0
VERTEX
 5
1DCB
  8
PLACEMENT_OUTLINE_BOTTOM
 10
-45.28801
 20
77.13500
 42
1.0
  0
SEQEND
  8
PLACEMENT_OUTLINE_BOTTOM
  0
POLYLINE
 5
1DCC
  8
PLACEMENT_OUTLINE_BOTTOM
 66
1
 40
0.299970
 41
0.299970
  0
VERTEX
 5
1DCD
  8
PLACEMENT_OUTLINE_BOTTOM
 10
-45.36300
 20
77.13500
  0
VERTEX
 5
1DCE
  8
PLACEMENT_OUTLINE_BOTTOM
 10
-45.36300
 20
75.86500
  0
SEQEND
  8
PLACEMENT_OUTLINE_BOTTOM
  0
POLYLINE
 5
1DCF
  8
PLACEMENT_OUTLINE_BOTTOM
 66
1
 70
1
 40
0.149985
 41
0.149985
  0
VERTEX
 5
1DD0
  8
PLACEMENT_OUTLINE_BOTTOM
 10
-45.43799
 20
77.13500
 42
1.0
  0
VERTEX
 5
1DD1
  8
PLACEMENT_OUTLINE_BOTTOM
 10
-45.28801
 20
77.13500
 42
1.0
  0
SEQEND
  8
PLACEMENT_OUTLINE_BOTTOM
  0
POLYLINE
 5
1DD2
  8
PLACEMENT_OUTLINE_BOTTOM
 66
1
 70
1
 40
0.149985
 41
0.149985
  0
VERTEX
 5
1DD3
  8
PLACEMENT_OUTLINE_BOTTOM
 10
-45.43799
 20
75.86500
 42
1.0
  0
VERTEX
 5
1DD4
  8
PLACEMENT_OUTLINE_BOTTOM
 10
-45.28801
 20
75.86500
 42
1.0
  0
SEQEND
  8
PLACEMENT_OUTLINE_BOTTOM
  0
POLYLINE
 5
1DD5
  8
PLACEMENT_OUTLINE_BOTTOM
 66
1
 40
0.299970
 41
0.299970
  0
VERTEX
 5
1DD6
  8
PLACEMENT_OUTLINE_BOTTOM
 10
-45.36300
 20
75.86500
  0
VERTEX
 5
1DD7
  8
PLACEMENT_OUTLINE_BOTTOM
 10
-48.15700
 20
75.86500
  0
SEQEND
  8
PLACEMENT_OUTLINE_BOTTOM
  0
POLYLINE
 5
1DD8
  8
PLACEMENT_OUTLINE_BOTTOM
 66
1
 70
1
 40
0.149985
 41
0.149985
  0
VERTEX
 5
1DD9
  8
PLACEMENT_OUTLINE_BOTTOM
 10
-45.43799
 20
75.86500
 42
1.0
  0
VERTEX
 5
1DDA
  8
PLACEMENT_OUTLINE_BOTTOM
 10
-45.28801
 20
75.86500
 42
1.0
  0
SEQEND
  8
PLACEMENT_OUTLINE_BOTTOM
  0
POLYLINE
 5
1DDB
  8
PLACEMENT_OUTLINE_BOTTOM
 66
1
 70
1
 40
0.149985
 41
0.149985
  0
VERTEX
 5
1DDC
  8
PLACEMENT_OUTLINE_BOTTOM
 10
-48.23199
 20
75.86500
 42
1.0
  0
VERTEX
 5
1DDD
  8
PLACEMENT_OUTLINE_BOTTOM
 10
-48.08201
 20
75.86500
 42
1.0
  0
SEQEND
  8
PLACEMENT_OUTLINE_BOTTOM
  0
POLYLINE
 5
1DDE
  8
PLACEMENT_OUTLINE_BOTTOM
 66
1
 40
0.299970
 41
0.299970
  0
VERTEX
 5
1DDF
  8
PLACEMENT_OUTLINE_BOTTOM
 10
-48.15700
 20
75.86500
  0
VERTEX
 5
1DE0
  8
PLACEMENT_OUTLINE_BOTTOM
 10
-48.15700
 20
77.13500
  0
SEQEND
  8
PLACEMENT_OUTLINE_BOTTOM
  0
POLYLINE
 5
1DE1
  8
PLACEMENT_OUTLINE_BOTTOM
 66
1
 70
1
 40
0.149985
 41
0.149985
  0
VERTEX
 5
1DE2
  8
PLACEMENT_OUTLINE_BOTTOM
 10
-48.23199
 20
75.86500
 42
1.0
  0
VERTEX
 5
1DE3
  8
PLACEMENT_OUTLINE_BOTTOM
 10
-48.08201
 20
75.86500
 42
1.0
  0
SEQEND
  8
PLACEMENT_OUTLINE_BOTTOM
  0
POLYLINE
 5
1DE4
  8
PLACEMENT_OUTLINE_BOTTOM
 66
1
 70
1
 40
0.149985
 41
0.149985
  0
VERTEX
 5
1DE5
  8
PLACEMENT_OUTLINE_BOTTOM
 10
-48.23199
 20
77.13500
 42
1.0
  0
VERTEX
 5
1DE6
  8
PLACEMENT_OUTLINE_BOTTOM
 10
-48.08201
 20
77.13500
 42
1.0
  0
SEQEND
  8
PLACEMENT_OUTLINE_BOTTOM
  0
SOLID
 5
1DE7
  8
PADLAYER_BOTTOM
 10
-46.45520
 20
76.04280
 11
-45.54080
 21
76.04280
 12
-46.45520
 22
76.95720
 13
-45.54080
 23
76.95720
  0
SOLID
 5
1DE8
  8
PADLAYER_BOTTOM
 10
-47.97920
 20
76.04280
 11
-47.06480
 21
76.04280
 12
-47.97920
 22
76.95720
 13
-47.06480
 23
76.95720
  0
POLYLINE
 5
1DE9
  8
PLACEMENT_OUTLINE_BOTTOM
 66
1
 40
0.299970
 41
0.299970
  0
VERTEX
 5
1DEA
  8
PLACEMENT_OUTLINE_BOTTOM
 10
-51.86700
 20
89.99500
  0
VERTEX
 5
1DEB
  8
PLACEMENT_OUTLINE_BOTTOM
 10
-49.07300
 20
89.99500
  0
SEQEND
  8
PLACEMENT_OUTLINE_BOTTOM
  0
POLYLINE
 5
1DEC
  8
PLACEMENT_OUTLINE_BOTTOM
 66
1
 70
1
 40
0.149985
 41
0.149985
  0
VERTEX
 5
1DED
  8
PLACEMENT_OUTLINE_BOTTOM
 10
-51.94199
 20
89.99500
 42
1.0
  0
VERTEX
 5
1DEE
  8
PLACEMENT_OUTLINE_BOTTOM
 10
-51.79201
 20
89.99500
 42
1.0
  0
SEQEND
  8
PLACEMENT_OUTLINE_BOTTOM
  0
POLYLINE
 5
1DEF
  8
PLACEMENT_OUTLINE_BOTTOM
 66
1
 70
1
 40
0.149985
 41
0.149985
  0
VERTEX
 5
1DF0
  8
PLACEMENT_OUTLINE_BOTTOM
 10
-49.14799
 20
89.99500
 42
1.0
  0
VERTEX
 5
1DF1
  8
PLACEMENT_OUTLINE_BOTTOM
 10
-48.99801
 20
89.99500
 42
1.0
  0
SEQEND
  8
PLACEMENT_OUTLINE_BOTTOM
  0
POLYLINE
 5
1DF2
  8
PLACEMENT_OUTLINE_BOTTOM
 66
1
 40
0.299970
 41
0.299970
  0
VERTEX
 5
1DF3
  8
PLACEMENT_OUTLINE_BOTTOM
 10
-49.07300
 20
89.99500
  0
VERTEX
 5
1DF4
  8
PLACEMENT_OUTLINE_BOTTOM
 10
-49.07300
 20
88.72500
  0
SEQEND
  8
PLACEMENT_OUTLINE_BOTTOM
  0
POLYLINE
 5
1DF5
  8
PLACEMENT_OUTLINE_BOTTOM
 66
1
 70
1
 40
0.149985
 41
0.149985
  0
VERTEX
 5
1DF6
  8
PLACEMENT_OUTLINE_BOTTOM
 10
-49.14799
 20
89.99500
 42
1.0
  0
VERTEX
 5
1DF7
  8
PLACEMENT_OUTLINE_BOTTOM
 10
-48.99801
 20
89.99500
 42
1.0
  0
SEQEND
  8
PLACEMENT_OUTLINE_BOTTOM
  0
POLYLINE
 5
1DF8
  8
PLACEMENT_OUTLINE_BOTTOM
 66
1
 70
1
 40
0.149985
 41
0.149985
  0
VERTEX
 5
1DF9
  8
PLACEMENT_OUTLINE_BOTTOM
 10
-49.14799
 20
88.72500
 42
1.0
  0
VERTEX
 5
1DFA
  8
PLACEMENT_OUTLINE_BOTTOM
 10
-48.99801
 20
88.72500
 42
1.0
  0
SEQEND
  8
PLACEMENT_OUTLINE_BOTTOM
  0
POLYLINE
 5
1DFB
  8
PLACEMENT_OUTLINE_BOTTOM
 66
1
 40
0.299970
 41
0.299970
  0
VERTEX
 5
1DFC
  8
PLACEMENT_OUTLINE_BOTTOM
 10
-49.07300
 20
88.72500
  0
VERTEX
 5
1DFD
  8
PLACEMENT_OUTLINE_BOTTOM
 10
-51.86700
 20
88.72500
  0
SEQEND
  8
PLACEMENT_OUTLINE_BOTTOM
  0
POLYLINE
 5
1DFE
  8
PLACEMENT_OUTLINE_BOTTOM
 66
1
 70
1
 40
0.149985
 41
0.149985
  0
VERTEX
 5
1DFF
  8
PLACEMENT_OUTLINE_BOTTOM
 10
-49.14799
 20
88.72500
 42
1.0
  0
VERTEX
 5
1E00
  8
PLACEMENT_OUTLINE_BOTTOM
 10
-48.99801
 20
88.72500
 42
1.0
  0
SEQEND
  8
PLACEMENT_OUTLINE_BOTTOM
  0
POLYLINE
 5
1E01
  8
PLACEMENT_OUTLINE_BOTTOM
 66
1
 70
1
 40
0.149985
 41
0.149985
  0
VERTEX
 5
1E02
  8
PLACEMENT_OUTLINE_BOTTOM
 10
-51.94199
 20
88.72500
 42
1.0
  0
VERTEX
 5
1E03
  8
PLACEMENT_OUTLINE_BOTTOM
 10
-51.79201
 20
88.72500
 42
1.0
  0
SEQEND
  8
PLACEMENT_OUTLINE_BOTTOM
  0
POLYLINE
 5
1E04
  8
PLACEMENT_OUTLINE_BOTTOM
 66
1
 40
0.299970
 41
0.299970
  0
VERTEX
 5
1E05
  8
PLACEMENT_OUTLINE_BOTTOM
 10
-51.86700
 20
88.72500
  0
VERTEX
 5
1E06
  8
PLACEMENT_OUTLINE_BOTTOM
 10
-51.86700
 20
89.99500
  0
SEQEND
  8
PLACEMENT_OUTLINE_BOTTOM
  0
POLYLINE
 5
1E07
  8
PLACEMENT_OUTLINE_BOTTOM
 66
1
 70
1
 40
0.149985
 41
0.149985
  0
VERTEX
 5
1E08
  8
PLACEMENT_OUTLINE_BOTTOM
 10
-51.94199
 20
88.72500
 42
1.0
  0
VERTEX
 5
1E09
  8
PLACEMENT_OUTLINE_BOTTOM
 10
-51.79201
 20
88.72500
 42
1.0
  0
SEQEND
  8
PLACEMENT_OUTLINE_BOTTOM
  0
POLYLINE
 5
1E0A
  8
PLACEMENT_OUTLINE_BOTTOM
 66
1
 70
1
 40
0.149985
 41
0.149985
  0
VERTEX
 5
1E0B
  8
PLACEMENT_OUTLINE_BOTTOM
 10
-51.94199
 20
89.99500
 42
1.0
  0
VERTEX
 5
1E0C
  8
PLACEMENT_OUTLINE_BOTTOM
 10
-51.79201
 20
89.99500
 42
1.0
  0
SEQEND
  8
PLACEMENT_OUTLINE_BOTTOM
  0
SOLID
 5
1E0D
  8
PADLAYER_BOTTOM
 10
-50.16520
 20
88.90280
 11
-49.25080
 21
88.90280
 12
-50.16520
 22
89.81720
 13
-49.25080
 23
89.81720
  0
SOLID
 5
1E0E
  8
PADLAYER_BOTTOM
 10
-51.68920
 20
88.90280
 11
-50.77480
 21
88.90280
 12
-51.68920
 22
89.81720
 13
-50.77480
 23
89.81720
  0
POLYLINE
 5
1E0F
  8
PLACEMENT_OUTLINE_BOTTOM
 66
1
 40
0.299970
 41
0.299970
  0
VERTEX
 5
1E10
  8
PLACEMENT_OUTLINE_BOTTOM
 10
-46.16500
 20
78.12300
  0
VERTEX
 5
1E11
  8
PLACEMENT_OUTLINE_BOTTOM
 10
-46.16500
 20
80.91700
  0
SEQEND
  8
PLACEMENT_OUTLINE_BOTTOM
  0
POLYLINE
 5
1E12
  8
PLACEMENT_OUTLINE_BOTTOM
 66
1
 70
1
 40
0.149985
 41
0.149985
  0
VERTEX
 5
1E13
  8
PLACEMENT_OUTLINE_BOTTOM
 10
-46.23999
 20
78.12300
 42
1.0
  0
VERTEX
 5
1E14
  8
PLACEMENT_OUTLINE_BOTTOM
 10
-46.09001
 20
78.12300
 42
1.0
  0
SEQEND
  8
PLACEMENT_OUTLINE_BOTTOM
  0
POLYLINE
 5
1E15
  8
PLACEMENT_OUTLINE_BOTTOM
 66
1
 70
1
 40
0.149985
 41
0.149985
  0
VERTEX
 5
1E16
  8
PLACEMENT_OUTLINE_BOTTOM
 10
-46.23999
 20
80.91700
 42
1.0
  0
VERTEX
 5
1E17
  8
PLACEMENT_OUTLINE_BOTTOM
 10
-46.09001
 20
80.91700
 42
1.0
  0
SEQEND
  8
PLACEMENT_OUTLINE_BOTTOM
  0
POLYLINE
 5
1E18
  8
PLACEMENT_OUTLINE_BOTTOM
 66
1
 40
0.299970
 41
0.299970
  0
VERTEX
 5
1E19
  8
PLACEMENT_OUTLINE_BOTTOM
 10
-46.16500
 20
80.91700
  0
VERTEX
 5
1E1A
  8
PLACEMENT_OUTLINE_BOTTOM
 10
-44.89500
 20
80.91700
  0
SEQEND
  8
PLACEMENT_OUTLINE_BOTTOM
  0
POLYLINE
 5
1E1B
  8
PLACEMENT_OUTLINE_BOTTOM
 66
1
 70
1
 40
0.149985
 41
0.149985
  0
VERTEX
 5
1E1C
  8
PLACEMENT_OUTLINE_BOTTOM
 10
-46.23999
 20
80.91700
 42
1.0
  0
VERTEX
 5
1E1D
  8
PLACEMENT_OUTLINE_BOTTOM
 10
-46.09001
 20
80.91700
 42
1.0
  0
SEQEND
  8
PLACEMENT_OUTLINE_BOTTOM
  0
POLYLINE
 5
1E1E
  8
PLACEMENT_OUTLINE_BOTTOM
 66
1
 70
1
 40
0.149985
 41
0.149985
  0
VERTEX
 5
1E1F
  8
PLACEMENT_OUTLINE_BOTTOM
 10
-44.96999
 20
80.91700
 42
1.0
  0
VERTEX
 5
1E20
  8
PLACEMENT_OUTLINE_BOTTOM
 10
-44.82001
 20
80.91700
 42
1.0
  0
SEQEND
  8
PLACEMENT_OUTLINE_BOTTOM
  0
POLYLINE
 5
1E21
  8
PLACEMENT_OUTLINE_BOTTOM
 66
1
 40
0.299970
 41
0.299970
  0
VERTEX
 5
1E22
  8
PLACEMENT_OUTLINE_BOTTOM
 10
-44.89500
 20
80.91700
  0
VERTEX
 5
1E23
  8
PLACEMENT_OUTLINE_BOTTOM
 10
-44.89500
 20
78.12300
  0
SEQEND
  8
PLACEMENT_OUTLINE_BOTTOM
  0
POLYLINE
 5
1E24
  8
PLACEMENT_OUTLINE_BOTTOM
 66
1
 70
1
 40
0.149985
 41
0.149985
  0
VERTEX
 5
1E25
  8
PLACEMENT_OUTLINE_BOTTOM
 10
-44.96999
 20
80.91700
 42
1.0
  0
VERTEX
 5
1E26
  8
PLACEMENT_OUTLINE_BOTTOM
 10
-44.82001
 20
80.91700
 42
1.0
  0
SEQEND
  8
PLACEMENT_OUTLINE_BOTTOM
  0
POLYLINE
 5
1E27
  8
PLACEMENT_OUTLINE_BOTTOM
 66
1
 70
1
 40
0.149985
 41
0.149985
  0
VERTEX
 5
1E28
  8
PLACEMENT_OUTLINE_BOTTOM
 10
-44.96999
 20
78.12300
 42
1.0
  0
VERTEX
 5
1E29
  8
PLACEMENT_OUTLINE_BOTTOM
 10
-44.82001
 20
78.12300
 42
1.0
  0
SEQEND
  8
PLACEMENT_OUTLINE_BOTTOM
  0
POLYLINE
 5
1E2A
  8
PLACEMENT_OUTLINE_BOTTOM
 66
1
 40
0.299970
 41
0.299970
  0
VERTEX
 5
1E2B
  8
PLACEMENT_OUTLINE_BOTTOM
 10
-44.89500
 20
78.12300
  0
VERTEX
 5
1E2C
  8
PLACEMENT_OUTLINE_BOTTOM
 10
-46.16500
 20
78.12300
  0
SEQEND
  8
PLACEMENT_OUTLINE_BOTTOM
  0
POLYLINE
 5
1E2D
  8
PLACEMENT_OUTLINE_BOTTOM
 66
1
 70
1
 40
0.149985
 41
0.149985
  0
VERTEX
 5
1E2E
  8
PLACEMENT_OUTLINE_BOTTOM
 10
-44.96999
 20
78.12300
 42
1.0
  0
VERTEX
 5
1E2F
  8
PLACEMENT_OUTLINE_BOTTOM
 10
-44.82001
 20
78.12300
 42
1.0
  0
SEQEND
  8
PLACEMENT_OUTLINE_BOTTOM
  0
POLYLINE
 5
1E30
  8
PLACEMENT_OUTLINE_BOTTOM
 66
1
 70
1
 40
0.149985
 41
0.149985
  0
VERTEX
 5
1E31
  8
PLACEMENT_OUTLINE_BOTTOM
 10
-46.23999
 20
78.12300
 42
1.0
  0
VERTEX
 5
1E32
  8
PLACEMENT_OUTLINE_BOTTOM
 10
-46.09001
 20
78.12300
 42
1.0
  0
SEQEND
  8
PLACEMENT_OUTLINE_BOTTOM
  0
SOLID
 5
1E33
  8
PADLAYER_BOTTOM
 10
-45.07280
 20
79.82480
 11
-45.07280
 21
80.73920
 12
-45.98720
 22
79.82480
 13
-45.98720
 23
80.73920
  0
SOLID
 5
1E34
  8
PADLAYER_BOTTOM
 10
-45.07280
 20
78.30080
 11
-45.07280
 21
79.21520
 12
-45.98720
 22
78.30080
 13
-45.98720
 23
79.21520
  0
POLYLINE
 5
1E35
  8
PLACEMENT_OUTLINE_BOTTOM
 66
1
 40
0.299970
 41
0.299970
  0
VERTEX
 5
1E36
  8
PLACEMENT_OUTLINE_BOTTOM
 10
-51.86700
 20
85.11500
  0
VERTEX
 5
1E37
  8
PLACEMENT_OUTLINE_BOTTOM
 10
-49.07300
 20
85.11500
  0
SEQEND
  8
PLACEMENT_OUTLINE_BOTTOM
  0
POLYLINE
 5
1E38
  8
PLACEMENT_OUTLINE_BOTTOM
 66
1
 70
1
 40
0.149985
 41
0.149985
  0
VERTEX
 5
1E39
  8
PLACEMENT_OUTLINE_BOTTOM
 10
-51.94199
 20
85.11500
 42
1.0
  0
VERTEX
 5
1E3A
  8
PLACEMENT_OUTLINE_BOTTOM
 10
-51.79201
 20
85.11500
 42
1.0
  0
SEQEND
  8
PLACEMENT_OUTLINE_BOTTOM
  0
POLYLINE
 5
1E3B
  8
PLACEMENT_OUTLINE_BOTTOM
 66
1
 70
1
 40
0.149985
 41
0.149985
  0
VERTEX
 5
1E3C
  8
PLACEMENT_OUTLINE_BOTTOM
 10
-49.14799
 20
85.11500
 42
1.0
  0
VERTEX
 5
1E3D
  8
PLACEMENT_OUTLINE_BOTTOM
 10
-48.99801
 20
85.11500
 42
1.0
  0
SEQEND
  8
PLACEMENT_OUTLINE_BOTTOM
  0
POLYLINE
 5
1E3E
  8
PLACEMENT_OUTLINE_BOTTOM
 66
1
 40
0.299970
 41
0.299970
  0
VERTEX
 5
1E3F
  8
PLACEMENT_OUTLINE_BOTTOM
 10
-49.07300
 20
85.11500
  0
VERTEX
 5
1E40
  8
PLACEMENT_OUTLINE_BOTTOM
 10
-49.07300
 20
83.84500
  0
SEQEND
  8
PLACEMENT_OUTLINE_BOTTOM
  0
POLYLINE
 5
1E41
  8
PLACEMENT_OUTLINE_BOTTOM
 66
1
 70
1
 40
0.149985
 41
0.149985
  0
VERTEX
 5
1E42
  8
PLACEMENT_OUTLINE_BOTTOM
 10
-49.14799
 20
85.11500
 42
1.0
  0
VERTEX
 5
1E43
  8
PLACEMENT_OUTLINE_BOTTOM
 10
-48.99801
 20
85.11500
 42
1.0
  0
SEQEND
  8
PLACEMENT_OUTLINE_BOTTOM
  0
POLYLINE
 5
1E44
  8
PLACEMENT_OUTLINE_BOTTOM
 66
1
 70
1
 40
0.149985
 41
0.149985
  0
VERTEX
 5
1E45
  8
PLACEMENT_OUTLINE_BOTTOM
 10
-49.14799
 20
83.84500
 42
1.0
  0
VERTEX
 5
1E46
  8
PLACEMENT_OUTLINE_BOTTOM
 10
-48.99801
 20
83.84500
 42
1.0
  0
SEQEND
  8
PLACEMENT_OUTLINE_BOTTOM
  0
POLYLINE
 5
1E47
  8
PLACEMENT_OUTLINE_BOTTOM
 66
1
 40
0.299970
 41
0.299970
  0
VERTEX
 5
1E48
  8
PLACEMENT_OUTLINE_BOTTOM
 10
-49.07300
 20
83.84500
  0
VERTEX
 5
1E49
  8
PLACEMENT_OUTLINE_BOTTOM
 10
-51.86700
 20
83.84500
  0
SEQEND
  8
PLACEMENT_OUTLINE_BOTTOM
  0
POLYLINE
 5
1E4A
  8
PLACEMENT_OUTLINE_BOTTOM
 66
1
 70
1
 40
0.149985
 41
0.149985
  0
VERTEX
 5
1E4B
  8
PLACEMENT_OUTLINE_BOTTOM
 10
-49.14799
 20
83.84500
 42
1.0
  0
VERTEX
 5
1E4C
  8
PLACEMENT_OUTLINE_BOTTOM
 10
-48.99801
 20
83.84500
 42
1.0
  0
SEQEND
  8
PLACEMENT_OUTLINE_BOTTOM
  0
POLYLINE
 5
1E4D
  8
PLACEMENT_OUTLINE_BOTTOM
 66
1
 70
1
 40
0.149985
 41
0.149985
  0
VERTEX
 5
1E4E
  8
PLACEMENT_OUTLINE_BOTTOM
 10
-51.94199
 20
83.84500
 42
1.0
  0
VERTEX
 5
1E4F
  8
PLACEMENT_OUTLINE_BOTTOM
 10
-51.79201
 20
83.84500
 42
1.0
  0
SEQEND
  8
PLACEMENT_OUTLINE_BOTTOM
  0
POLYLINE
 5
1E50
  8
PLACEMENT_OUTLINE_BOTTOM
 66
1
 40
0.299970
 41
0.299970
  0
VERTEX
 5
1E51
  8
PLACEMENT_OUTLINE_BOTTOM
 10
-51.86700
 20
83.84500
  0
VERTEX
 5
1E52
  8
PLACEMENT_OUTLINE_BOTTOM
 10
-51.86700
 20
85.11500
  0
SEQEND
  8
PLACEMENT_OUTLINE_BOTTOM
  0
POLYLINE
 5
1E53
  8
PLACEMENT_OUTLINE_BOTTOM
 66
1
 70
1
 40
0.149985
 41
0.149985
  0
VERTEX
 5
1E54
  8
PLACEMENT_OUTLINE_BOTTOM
 10
-51.94199
 20
83.84500
 42
1.0
  0
VERTEX
 5
1E55
  8
PLACEMENT_OUTLINE_BOTTOM
 10
-51.79201
 20
83.84500
 42
1.0
  0
SEQEND
  8
PLACEMENT_OUTLINE_BOTTOM
  0
POLYLINE
 5
1E56
  8
PLACEMENT_OUTLINE_BOTTOM
 66
1
 70
1
 40
0.149985
 41
0.149985
  0
VERTEX
 5
1E57
  8
PLACEMENT_OUTLINE_BOTTOM
 10
-51.94199
 20
85.11500
 42
1.0
  0
VERTEX
 5
1E58
  8
PLACEMENT_OUTLINE_BOTTOM
 10
-51.79201
 20
85.11500
 42
1.0
  0
SEQEND
  8
PLACEMENT_OUTLINE_BOTTOM
  0
SOLID
 5
1E59
  8
PADLAYER_BOTTOM
 10
-50.16520
 20
84.02280
 11
-49.25080
 21
84.02280
 12
-50.16520
 22
84.93720
 13
-49.25080
 23
84.93720
  0
SOLID
 5
1E5A
  8
PADLAYER_BOTTOM
 10
-51.68920
 20
84.02280
 11
-50.77480
 21
84.02280
 12
-51.68920
 22
84.93720
 13
-50.77480
 23
84.93720
  0
POLYLINE
 5
1E5B
  8
2DLINES_4
 66
1
 40
0.152400
 41
0.152400
  0
VERTEX
 5
1E5C
  8
2DLINES_4
 10
-45.27000
 20
72.20000
  0
VERTEX
 5
1E5D
  8
2DLINES_4
 10
-45.27000
 20
73.10000
  0
SEQEND
  8
2DLINES_4
  0
POLYLINE
 5
1E5E
  8
2DLINES_4
 66
1
 70
1
 40
0.076200
 41
0.076200
  0
VERTEX
 5
1E5F
  8
2DLINES_4
 10
-45.30810
 20
72.20000
 42
1.0
  0
VERTEX
 5
1E60
  8
2DLINES_4
 10
-45.23190
 20
72.20000
 42
1.0
  0
SEQEND
  8
2DLINES_4
  0
POLYLINE
 5
1E61
  8
2DLINES_4
 66
1
 70
1
 40
0.076200
 41
0.076200
  0
VERTEX
 5
1E62
  8
2DLINES_4
 10
-45.30810
 20
73.10000
 42
1.0
  0
VERTEX
 5
1E63
  8
2DLINES_4
 10
-45.23190
 20
73.10000
 42
1.0
  0
SEQEND
  8
2DLINES_4
  0
POLYLINE
 5
1E64
  8
2DLINES_4
 66
1
 40
0.152400
 41
0.152400
  0
VERTEX
 5
1E65
  8
2DLINES_4
 10
-45.27000
 20
73.10000
  0
VERTEX
 5
1E66
  8
2DLINES_4
 10
-42.87000
 20
73.10000
  0
SEQEND
  8
2DLINES_4
  0
POLYLINE
 5
1E67
  8
2DLINES_4
 66
1
 70
1
 40
0.076200
 41
0.076200
  0
VERTEX
 5
1E68
  8
2DLINES_4
 10
-45.30810
 20
73.10000
 42
1.0
  0
VERTEX
 5
1E69
  8
2DLINES_4
 10
-45.23190
 20
73.10000
 42
1.0
  0
SEQEND
  8
2DLINES_4
  0
POLYLINE
 5
1E6A
  8
2DLINES_4
 66
1
 70
1
 40
0.076200
 41
0.076200
  0
VERTEX
 5
1E6B
  8
2DLINES_4
 10
-42.90810
 20
73.10000
 42
1.0
  0
VERTEX
 5
1E6C
  8
2DLINES_4
 10
-42.83190
 20
73.10000
 42
1.0
  0
SEQEND
  8
2DLINES_4
  0
POLYLINE
 5
1E6D
  8
2DLINES_4
 66
1
 40
0.152400
 41
0.152400
  0
VERTEX
 5
1E6E
  8
2DLINES_4
 10
-45.27000
 20
70.80000
  0
VERTEX
 5
1E6F
  8
2DLINES_4
 10
-45.27000
 20
69.90000
  0
SEQEND
  8
2DLINES_4
  0
POLYLINE
 5
1E70
  8
2DLINES_4
 66
1
 70
1
 40
0.076200
 41
0.076200
  0
VERTEX
 5
1E71
  8
2DLINES_4
 10
-45.30810
 20
70.80000
 42
1.0
  0
VERTEX
 5
1E72
  8
2DLINES_4
 10
-45.23190
 20
70.80000
 42
1.0
  0
SEQEND
  8
2DLINES_4
  0
POLYLINE
 5
1E73
  8
2DLINES_4
 66
1
 70
1
 40
0.076200
 41
0.076200
  0
VERTEX
 5
1E74
  8
2DLINES_4
 10
-45.30810
 20
69.90000
 42
1.0
  0
VERTEX
 5
1E75
  8
2DLINES_4
 10
-45.23190
 20
69.90000
 42
1.0
  0
SEQEND
  8
2DLINES_4
  0
POLYLINE
 5
1E76
  8
2DLINES_4
 66
1
 40
0.152400
 41
0.152400
  0
VERTEX
 5
1E77
  8
2DLINES_4
 10
-45.27000
 20
69.90000
  0
VERTEX
 5
1E78
  8
2DLINES_4
 10
-42.87000
 20
69.90000
  0
SEQEND
  8
2DLINES_4
  0
POLYLINE
 5
1E79
  8
2DLINES_4
 66
1
 70
1
 40
0.076200
 41
0.076200
  0
VERTEX
 5
1E7A
  8
2DLINES_4
 10
-45.30810
 20
69.90000
 42
1.0
  0
VERTEX
 5
1E7B
  8
2DLINES_4
 10
-45.23190
 20
69.90000
 42
1.0
  0
SEQEND
  8
2DLINES_4
  0
POLYLINE
 5
1E7C
  8
2DLINES_4
 66
1
 70
1
 40
0.076200
 41
0.076200
  0
VERTEX
 5
1E7D
  8
2DLINES_4
 10
-42.90810
 20
69.90000
 42
1.0
  0
VERTEX
 5
1E7E
  8
2DLINES_4
 10
-42.83190
 20
69.90000
 42
1.0
  0
SEQEND
  8
2DLINES_4
  0
POLYLINE
 5
1E7F
  8
PLACEMENT_OUTLINE_BOTTOM
 66
1
 40
0.254000
 41
0.254000
  0
VERTEX
 5
1E80
  8
PLACEMENT_OUTLINE_BOTTOM
 10
-43.75250
 20
73.40500
  0
VERTEX
 5
1E81
  8
PLACEMENT_OUTLINE_BOTTOM
 10
-41.84750
 20
73.40500
  0
SEQEND
  8
PLACEMENT_OUTLINE_BOTTOM
  0
POLYLINE
 5
1E82
  8
PLACEMENT_OUTLINE_BOTTOM
 66
1
 70
1
 40
0.127000
 41
0.127000
  0
VERTEX
 5
1E83
  8
PLACEMENT_OUTLINE_BOTTOM
 10
-43.81600
 20
73.40500
 42
1.0
  0
VERTEX
 5
1E84
  8
PLACEMENT_OUTLINE_BOTTOM
 10
-43.68900
 20
73.40500
 42
1.0
  0
SEQEND
  8
PLACEMENT_OUTLINE_BOTTOM
  0
POLYLINE
 5
1E85
  8
PLACEMENT_OUTLINE_BOTTOM
 66
1
 70
1
 40
0.127000
 41
0.127000
  0
VERTEX
 5
1E86
  8
PLACEMENT_OUTLINE_BOTTOM
 10
-41.91100
 20
73.40500
 42
1.0
  0
VERTEX
 5
1E87
  8
PLACEMENT_OUTLINE_BOTTOM
 10
-41.78400
 20
73.40500
 42
1.0
  0
SEQEND
  8
PLACEMENT_OUTLINE_BOTTOM
  0
POLYLINE
 5
1E88
  8
PLACEMENT_OUTLINE_BOTTOM
 66
1
 40
0.254000
 41
0.254000
  0
VERTEX
 5
1E89
  8
PLACEMENT_OUTLINE_BOTTOM
 10
-41.84750
 20
73.40500
  0
VERTEX
 5
1E8A
  8
PLACEMENT_OUTLINE_BOTTOM
 10
-41.84750
 20
69.59500
  0
SEQEND
  8
PLACEMENT_OUTLINE_BOTTOM
  0
POLYLINE
 5
1E8B
  8
PLACEMENT_OUTLINE_BOTTOM
 66
1
 70
1
 40
0.127000
 41
0.127000
  0
VERTEX
 5
1E8C
  8
PLACEMENT_OUTLINE_BOTTOM
 10
-41.91100
 20
73.40500
 42
1.0
  0
VERTEX
 5
1E8D
  8
PLACEMENT_OUTLINE_BOTTOM
 10
-41.78400
 20
73.40500
 42
1.0
  0
SEQEND
  8
PLACEMENT_OUTLINE_BOTTOM
  0
POLYLINE
 5
1E8E
  8
PLACEMENT_OUTLINE_BOTTOM
 66
1
 70
1
 40
0.127000
 41
0.127000
  0
VERTEX
 5
1E8F
  8
PLACEMENT_OUTLINE_BOTTOM
 10
-41.91100
 20
69.59500
 42
1.0
  0
VERTEX
 5
1E90
  8
PLACEMENT_OUTLINE_BOTTOM
 10
-41.78400
 20
69.59500
 42
1.0
  0
SEQEND
  8
PLACEMENT_OUTLINE_BOTTOM
  0
POLYLINE
 5
1E91
  8
PLACEMENT_OUTLINE_BOTTOM
 66
1
 40
0.254000
 41
0.254000
  0
VERTEX
 5
1E92
  8
PLACEMENT_OUTLINE_BOTTOM
 10
-41.84750
 20
69.59500
  0
VERTEX
 5
1E93
  8
PLACEMENT_OUTLINE_BOTTOM
 10
-46.29250
 20
69.59500
  0
SEQEND
  8
PLACEMENT_OUTLINE_BOTTOM
  0
POLYLINE
 5
1E94
  8
PLACEMENT_OUTLINE_BOTTOM
 66
1
 70
1
 40
0.127000
 41
0.127000
  0
VERTEX
 5
1E95
  8
PLACEMENT_OUTLINE_BOTTOM
 10
-41.91100
 20
69.59500
 42
1.0
  0
VERTEX
 5
1E96
  8
PLACEMENT_OUTLINE_BOTTOM
 10
-41.78400
 20
69.59500
 42
1.0
  0
SEQEND
  8
PLACEMENT_OUTLINE_BOTTOM
  0
POLYLINE
 5
1E97
  8
PLACEMENT_OUTLINE_BOTTOM
 66
1
 70
1
 40
0.127000
 41
0.127000
  0
VERTEX
 5
1E98
  8
PLACEMENT_OUTLINE_BOTTOM
 10
-46.35600
 20
69.59500
 42
1.0
  0
VERTEX
 5
1E99
  8
PLACEMENT_OUTLINE_BOTTOM
 10
-46.22900
 20
69.59500
 42
1.0
  0
SEQEND
  8
PLACEMENT_OUTLINE_BOTTOM
  0
POLYLINE
 5
1E9A
  8
PLACEMENT_OUTLINE_BOTTOM
 66
1
 40
0.254000
 41
0.254000
  0
VERTEX
 5
1E9B
  8
PLACEMENT_OUTLINE_BOTTOM
 10
-46.29250
 20
69.59500
  0
VERTEX
 5
1E9C
  8
PLACEMENT_OUTLINE_BOTTOM
 10
-46.29250
 20
73.40500
  0
SEQEND
  8
PLACEMENT_OUTLINE_BOTTOM
  0
POLYLINE
 5
1E9D
  8
PLACEMENT_OUTLINE_BOTTOM
 66
1
 70
1
 40
0.127000
 41
0.127000
  0
VERTEX
 5
1E9E
  8
PLACEMENT_OUTLINE_BOTTOM
 10
-46.35600
 20
69.59500
 42
1.0
  0
VERTEX
 5
1E9F
  8
PLACEMENT_OUTLINE_BOTTOM
 10
-46.22900
 20
69.59500
 42
1.0
  0
SEQEND
  8
PLACEMENT_OUTLINE_BOTTOM
  0
POLYLINE
 5
1EA0
  8
PLACEMENT_OUTLINE_BOTTOM
 66
1
 70
1
 40
0.127000
 41
0.127000
  0
VERTEX
 5
1EA1
  8
PLACEMENT_OUTLINE_BOTTOM
 10
-46.35600
 20
73.40500
 42
1.0
  0
VERTEX
 5
1EA2
  8
PLACEMENT_OUTLINE_BOTTOM
 10
-46.22900
 20
73.40500
 42
1.0
  0
SEQEND
  8
PLACEMENT_OUTLINE_BOTTOM
  0
POLYLINE
 5
1EA3
  8
PLACEMENT_OUTLINE_BOTTOM
 66
1
 40
0.254000
 41
0.254000
  0
VERTEX
 5
1EA4
  8
PLACEMENT_OUTLINE_BOTTOM
 10
-46.29250
 20
73.40500
  0
VERTEX
 5
1EA5
  8
PLACEMENT_OUTLINE_BOTTOM
 10
-43.75250
 20
73.40500
  0
SEQEND
  8
PLACEMENT_OUTLINE_BOTTOM
  0
POLYLINE
 5
1EA6
  8
PLACEMENT_OUTLINE_BOTTOM
 66
1
 70
1
 40
0.127000
 41
0.127000
  0
VERTEX
 5
1EA7
  8
PLACEMENT_OUTLINE_BOTTOM
 10
-46.35600
 20
73.40500
 42
1.0
  0
VERTEX
 5
1EA8
  8
PLACEMENT_OUTLINE_BOTTOM
 10
-46.22900
 20
73.40500
 42
1.0
  0
SEQEND
  8
PLACEMENT_OUTLINE_BOTTOM
  0
POLYLINE
 5
1EA9
  8
PLACEMENT_OUTLINE_BOTTOM
 66
1
 70
1
 40
0.127000
 41
0.127000
  0
VERTEX
 5
1EAA
  8
PLACEMENT_OUTLINE_BOTTOM
 10
-43.81600
 20
73.40500
 42
1.0
  0
VERTEX
 5
1EAB
  8
PLACEMENT_OUTLINE_BOTTOM
 10
-43.68900
 20
73.40500
 42
1.0
  0
SEQEND
  8
PLACEMENT_OUTLINE_BOTTOM
  0
SOLID
 5
1EAC
  8
PADLAYER_BOTTOM
 10
-42.29850
 20
72.83100
 11
-43.44150
 21
72.83100
 12
-42.29850
 22
72.06900
 13
-43.44150
 23
72.06900
  0
SOLID
 5
1EAD
  8
PADLAYER_BOTTOM
 10
-42.29850
 20
70.93100
 11
-43.44150
 21
70.93100
 12
-42.29850
 22
70.16900
 13
-43.44150
 23
70.16900
  0
SOLID
 5
1EAE
  8
PADLAYER_BOTTOM
 10
-44.69850
 20
71.88100
 11
-45.84150
 21
71.88100
 12
-44.69850
 22
71.11900
 13
-45.84150
 23
71.11900
  0
POLYLINE
 5
1EAF
  8
2DLINES_4
 66
1
 40
0.152400
 41
0.152400
  0
VERTEX
 5
1EB0
  8
2DLINES_4
 10
-40.46000
 20
70.30000
  0
VERTEX
 5
1EB1
  8
2DLINES_4
 10
-41.36000
 20
70.30000
  0
SEQEND
  8
2DLINES_4
  0
POLYLINE
 5
1EB2
  8
2DLINES_4
 66
1
 70
1
 40
0.076200
 41
0.076200
  0
VERTEX
 5
1EB3
  8
2DLINES_4
 10
-40.49810
 20
70.30000
 42
1.0
  0
VERTEX
 5
1EB4
  8
2DLINES_4
 10
-40.42190
 20
70.30000
 42
1.0
  0
SEQEND
  8
2DLINES_4
  0
POLYLINE
 5
1EB5
  8
2DLINES_4
 66
1
 70
1
 40
0.076200
 41
0.076200
  0
VERTEX
 5
1EB6
  8
2DLINES_4
 10
-41.39810
 20
70.30000
 42
1.0
  0
VERTEX
 5
1EB7
  8
2DLINES_4
 10
-41.32190
 20
70.30000
 42
1.0
  0
SEQEND
  8
2DLINES_4
  0
POLYLINE
 5
1EB8
  8
2DLINES_4
 66
1
 40
0.152400
 41
0.152400
  0
VERTEX
 5
1EB9
  8
2DLINES_4
 10
-41.36000
 20
70.30000
  0
VERTEX
 5
1EBA
  8
2DLINES_4
 10
-41.36000
 20
72.70000
  0
SEQEND
  8
2DLINES_4
  0
POLYLINE
 5
1EBB
  8
2DLINES_4
 66
1
 70
1
 40
0.076200
 41
0.076200
  0
VERTEX
 5
1EBC
  8
2DLINES_4
 10
-41.39810
 20
70.30000
 42
1.0
  0
VERTEX
 5
1EBD
  8
2DLINES_4
 10
-41.32190
 20
70.30000
 42
1.0
  0
SEQEND
  8
2DLINES_4
  0
POLYLINE
 5
1EBE
  8
2DLINES_4
 66
1
 70
1
 40
0.076200
 41
0.076200
  0
VERTEX
 5
1EBF
  8
2DLINES_4
 10
-41.39810
 20
72.70000
 42
1.0
  0
VERTEX
 5
1EC0
  8
2DLINES_4
 10
-41.32190
 20
72.70000
 42
1.0
  0
SEQEND
  8
2DLINES_4
  0
POLYLINE
 5
1EC1
  8
2DLINES_4
 66
1
 40
0.152400
 41
0.152400
  0
VERTEX
 5
1EC2
  8
2DLINES_4
 10
-39.06000
 20
70.30000
  0
VERTEX
 5
1EC3
  8
2DLINES_4
 10
-38.16000
 20
70.30000
  0
SEQEND
  8
2DLINES_4
  0
POLYLINE
 5
1EC4
  8
2DLINES_4
 66
1
 70
1
 40
0.076200
 41
0.076200
  0
VERTEX
 5
1EC5
  8
2DLINES_4
 10
-39.09810
 20
70.30000
 42
1.0
  0
VERTEX
 5
1EC6
  8
2DLINES_4
 10
-39.02190
 20
70.30000
 42
1.0
  0
SEQEND
  8
2DLINES_4
  0
POLYLINE
 5
1EC7
  8
2DLINES_4
 66
1
 70
1
 40
0.076200
 41
0.076200
  0
VERTEX
 5
1EC8
  8
2DLINES_4
 10
-38.19810
 20
70.30000
 42
1.0
  0
VERTEX
 5
1EC9
  8
2DLINES_4
 10
-38.12190
 20
70.30000
 42
1.0
  0
SEQEND
  8
2DLINES_4
  0
POLYLINE
 5
1ECA
  8
2DLINES_4
 66
1
 40
0.152400
 41
0.152400
  0
VERTEX
 5
1ECB
  8
2DLINES_4
 10
-38.16000
 20
70.30000
  0
VERTEX
 5
1ECC
  8
2DLINES_4
 10
-38.16000
 20
72.70000
  0
SEQEND
  8
2DLINES_4
  0
POLYLINE
 5
1ECD
  8
2DLINES_4
 66
1
 70
1
 40
0.076200
 41
0.076200
  0
VERTEX
 5
1ECE
  8
2DLINES_4
 10
-38.19810
 20
70.30000
 42
1.0
  0
VERTEX
 5
1ECF
  8
2DLINES_4
 10
-38.12190
 20
70.30000
 42
1.0
  0
SEQEND
  8
2DLINES_4
  0
POLYLINE
 5
1ED0
  8
2DLINES_4
 66
1
 70
1
 40
0.076200
 41
0.076200
  0
VERTEX
 5
1ED1
  8
2DLINES_4
 10
-38.19810
 20
72.70000
 42
1.0
  0
VERTEX
 5
1ED2
  8
2DLINES_4
 10
-38.12190
 20
72.70000
 42
1.0
  0
SEQEND
  8
2DLINES_4
  0
POLYLINE
 5
1ED3
  8
PLACEMENT_OUTLINE_BOTTOM
 66
1
 40
0.254000
 41
0.254000
  0
VERTEX
 5
1ED4
  8
PLACEMENT_OUTLINE_BOTTOM
 10
-41.66500
 20
71.81750
  0
VERTEX
 5
1ED5
  8
PLACEMENT_OUTLINE_BOTTOM
 10
-41.66500
 20
73.72250
  0
SEQEND
  8
PLACEMENT_OUTLINE_BOTTOM
  0
POLYLINE
 5
1ED6
  8
PLACEMENT_OUTLINE_BOTTOM
 66
1
 70
1
 40
0.127000
 41
0.127000
  0
VERTEX
 5
1ED7
  8
PLACEMENT_OUTLINE_BOTTOM
 10
-41.72850
 20
71.81750
 42
1.0
  0
VERTEX
 5
1ED8
  8
PLACEMENT_OUTLINE_BOTTOM
 10
-41.60150
 20
71.81750
 42
1.0
  0
SEQEND
  8
PLACEMENT_OUTLINE_BOTTOM
  0
POLYLINE
 5
1ED9
  8
PLACEMENT_OUTLINE_BOTTOM
 66
1
 70
1
 40
0.127000
 41
0.127000
  0
VERTEX
 5
1EDA
  8
PLACEMENT_OUTLINE_BOTTOM
 10
-41.72850
 20
73.72250
 42
1.0
  0
VERTEX
 5
1EDB
  8
PLACEMENT_OUTLINE_BOTTOM
 10
-41.60150
 20
73.72250
 42
1.0
  0
SEQEND
  8
PLACEMENT_OUTLINE_BOTTOM
  0
POLYLINE
 5
1EDC
  8
PLACEMENT_OUTLINE_BOTTOM
 66
1
 40
0.254000
 41
0.254000
  0
VERTEX
 5
1EDD
  8
PLACEMENT_OUTLINE_BOTTOM
 10
-41.66500
 20
73.72250
  0
VERTEX
 5
1EDE
  8
PLACEMENT_OUTLINE_BOTTOM
 10
-37.85500
 20
73.72250
  0
SEQEND
  8
PLACEMENT_OUTLINE_BOTTOM
  0
POLYLINE
 5
1EDF
  8
PLACEMENT_OUTLINE_BOTTOM
 66
1
 70
1
 40
0.127000
 41
0.127000
  0
VERTEX
 5
1EE0
  8
PLACEMENT_OUTLINE_BOTTOM
 10
-41.72850
 20
73.72250
 42
1.0
  0
VERTEX
 5
1EE1
  8
PLACEMENT_OUTLINE_BOTTOM
 10
-41.60150
 20
73.72250
 42
1.0
  0
SEQEND
  8
PLACEMENT_OUTLINE_BOTTOM
  0
POLYLINE
 5
1EE2
  8
PLACEMENT_OUTLINE_BOTTOM
 66
1
 70
1
 40
0.127000
 41
0.127000
  0
VERTEX
 5
1EE3
  8
PLACEMENT_OUTLINE_BOTTOM
 10
-37.91850
 20
73.72250
 42
1.0
  0
VERTEX
 5
1EE4
  8
PLACEMENT_OUTLINE_BOTTOM
 10
-37.79150
 20
73.72250
 42
1.0
  0
SEQEND
  8
PLACEMENT_OUTLINE_BOTTOM
  0
POLYLINE
 5
1EE5
  8
PLACEMENT_OUTLINE_BOTTOM
 66
1
 40
0.254000
 41
0.254000
  0
VERTEX
 5
1EE6
  8
PLACEMENT_OUTLINE_BOTTOM
 10
-37.85500
 20
73.72250
  0
VERTEX
 5
1EE7
  8
PLACEMENT_OUTLINE_BOTTOM
 10
-37.85500
 20
69.27750
  0
SEQEND
  8
PLACEMENT_OUTLINE_BOTTOM
  0
POLYLINE
 5
1EE8
  8
PLACEMENT_OUTLINE_BOTTOM
 66
1
 70
1
 40
0.127000
 41
0.127000
  0
VERTEX
 5
1EE9
  8
PLACEMENT_OUTLINE_BOTTOM
 10
-37.91850
 20
73.72250
 42
1.0
  0
VERTEX
 5
1EEA
  8
PLACEMENT_OUTLINE_BOTTOM
 10
-37.79150
 20
73.72250
 42
1.0
  0
SEQEND
  8
PLACEMENT_OUTLINE_BOTTOM
  0
POLYLINE
 5
1EEB
  8
PLACEMENT_OUTLINE_BOTTOM
 66
1
 70
1
 40
0.127000
 41
0.127000
  0
VERTEX
 5
1EEC
  8
PLACEMENT_OUTLINE_BOTTOM
 10
-37.91850
 20
69.27750
 42
1.0
  0
VERTEX
 5
1EED
  8
PLACEMENT_OUTLINE_BOTTOM
 10
-37.79150
 20
69.27750
 42
1.0
  0
SEQEND
  8
PLACEMENT_OUTLINE_BOTTOM
  0
POLYLINE
 5
1EEE
  8
PLACEMENT_OUTLINE_BOTTOM
 66
1
 40
0.254000
 41
0.254000
  0
VERTEX
 5
1EEF
  8
PLACEMENT_OUTLINE_BOTTOM
 10
-37.85500
 20
69.27750
  0
VERTEX
 5
1EF0
  8
PLACEMENT_OUTLINE_BOTTOM
 10
-41.66500
 20
69.27750
  0
SEQEND
  8
PLACEMENT_OUTLINE_BOTTOM
  0
POLYLINE
 5
1EF1
  8
PLACEMENT_OUTLINE_BOTTOM
 66
1
 70
1
 40
0.127000
 41
0.127000
  0
VERTEX
 5
1EF2
  8
PLACEMENT_OUTLINE_BOTTOM
 10
-37.91850
 20
69.27750
 42
1.0
  0
VERTEX
 5
1EF3
  8
PLACEMENT_OUTLINE_BOTTOM
 10
-37.79150
 20
69.27750
 42
1.0
  0
SEQEND
  8
PLACEMENT_OUTLINE_BOTTOM
  0
POLYLINE
 5
1EF4
  8
PLACEMENT_OUTLINE_BOTTOM
 66
1
 70
1
 40
0.127000
 41
0.127000
  0
VERTEX
 5
1EF5
  8
PLACEMENT_OUTLINE_BOTTOM
 10
-41.72850
 20
69.27750
 42
1.0
  0
VERTEX
 5
1EF6
  8
PLACEMENT_OUTLINE_BOTTOM
 10
-41.60150
 20
69.27750
 42
1.0
  0
SEQEND
  8
PLACEMENT_OUTLINE_BOTTOM
  0
POLYLINE
 5
1EF7
  8
PLACEMENT_OUTLINE_BOTTOM
 66
1
 40
0.254000
 41
0.254000
  0
VERTEX
 5
1EF8
  8
PLACEMENT_OUTLINE_BOTTOM
 10
-41.66500
 20
69.27750
  0
VERTEX
 5
1EF9
  8
PLACEMENT_OUTLINE_BOTTOM
 10
-41.66500
 20
71.81750
  0
SEQEND
  8
PLACEMENT_OUTLINE_BOTTOM
  0
POLYLINE
 5
1EFA
  8
PLACEMENT_OUTLINE_BOTTOM
 66
1
 70
1
 40
0.127000
 41
0.127000
  0
VERTEX
 5
1EFB
  8
PLACEMENT_OUTLINE_BOTTOM
 10
-41.72850
 20
69.27750
 42
1.0
  0
VERTEX
 5
1EFC
  8
PLACEMENT_OUTLINE_BOTTOM
 10
-41.60150
 20
69.27750
 42
1.0
  0
SEQEND
  8
PLACEMENT_OUTLINE_BOTTOM
  0
POLYLINE
 5
1EFD
  8
PLACEMENT_OUTLINE_BOTTOM
 66
1
 70
1
 40
0.127000
 41
0.127000
  0
VERTEX
 5
1EFE
  8
PLACEMENT_OUTLINE_BOTTOM
 10
-41.72850
 20
71.81750
 42
1.0
  0
VERTEX
 5
1EFF
  8
PLACEMENT_OUTLINE_BOTTOM
 10
-41.60150
 20
71.81750
 42
1.0
  0
SEQEND
  8
PLACEMENT_OUTLINE_BOTTOM
  0
SOLID
 5
1F00
  8
PADLAYER_BOTTOM
 10
-41.09100
 20
73.27150
 11
-41.09100
 21
72.12850
 12
-40.32900
 22
73.27150
 13
-40.32900
 23
72.12850
  0
SOLID
 5
1F01
  8
PADLAYER_BOTTOM
 10
-39.19100
 20
73.27150
 11
-39.19100
 21
72.12850
 12
-38.42900
 22
73.27150
 13
-38.42900
 23
72.12850
  0
SOLID
 5
1F02
  8
PADLAYER_BOTTOM
 10
-40.14100
 20
70.87150
 11
-40.14100
 21
69.72850
 12
-39.37900
 22
70.87150
 13
-39.37900
 23
69.72850
  0
POLYLINE
 5
1F03
  8
PLACEMENT_OUTLINE_BOTTOM
 66
1
 40
0.299970
 41
0.299970
  0
VERTEX
 5
1F04
  8
PLACEMENT_OUTLINE_BOTTOM
 10
-37.57700
 20
9.77500
  0
VERTEX
 5
1F05
  8
PLACEMENT_OUTLINE_BOTTOM
 10
-34.78300
 20
9.77500
  0
SEQEND
  8
PLACEMENT_OUTLINE_BOTTOM
  0
POLYLINE
 5
1F06
  8
PLACEMENT_OUTLINE_BOTTOM
 66
1
 70
1
 40
0.149985
 41
0.149985
  0
VERTEX
 5
1F07
  8
PLACEMENT_OUTLINE_BOTTOM
 10
-37.65199
 20
9.77500
 42
1.0
  0
VERTEX
 5
1F08
  8
PLACEMENT_OUTLINE_BOTTOM
 10
-37.50201
 20
9.77500
 42
1.0
  0
SEQEND
  8
PLACEMENT_OUTLINE_BOTTOM
  0
POLYLINE
 5
1F09
  8
PLACEMENT_OUTLINE_BOTTOM
 66
1
 70
1
 40
0.149985
 41
0.149985
  0
VERTEX
 5
1F0A
  8
PLACEMENT_OUTLINE_BOTTOM
 10
-34.85799
 20
9.77500
 42
1.0
  0
VERTEX
 5
1F0B
  8
PLACEMENT_OUTLINE_BOTTOM
 10
-34.70801
 20
9.77500
 42
1.0
  0
SEQEND
  8
PLACEMENT_OUTLINE_BOTTOM
  0
POLYLINE
 5
1F0C
  8
PLACEMENT_OUTLINE_BOTTOM
 66
1
 40
0.299970
 41
0.299970
  0
VERTEX
 5
1F0D
  8
PLACEMENT_OUTLINE_BOTTOM
 10
-34.78300
 20
9.77500
  0
VERTEX
 5
1F0E
  8
PLACEMENT_OUTLINE_BOTTOM
 10
-34.78300
 20
8.50500
  0
SEQEND
  8
PLACEMENT_OUTLINE_BOTTOM
  0
POLYLINE
 5
1F0F
  8
PLACEMENT_OUTLINE_BOTTOM
 66
1
 70
1
 40
0.149985
 41
0.149985
  0
VERTEX
 5
1F10
  8
PLACEMENT_OUTLINE_BOTTOM
 10
-34.85799
 20
9.77500
 42
1.0
  0
VERTEX
 5
1F11
  8
PLACEMENT_OUTLINE_BOTTOM
 10
-34.70801
 20
9.77500
 42
1.0
  0
SEQEND
  8
PLACEMENT_OUTLINE_BOTTOM
  0
POLYLINE
 5
1F12
  8
PLACEMENT_OUTLINE_BOTTOM
 66
1
 70
1
 40
0.149985
 41
0.149985
  0
VERTEX
 5
1F13
  8
PLACEMENT_OUTLINE_BOTTOM
 10
-34.85799
 20
8.50500
 42
1.0
  0
VERTEX
 5
1F14
  8
PLACEMENT_OUTLINE_BOTTOM
 10
-34.70801
 20
8.50500
 42
1.0
  0
SEQEND
  8
PLACEMENT_OUTLINE_BOTTOM
  0
POLYLINE
 5
1F15
  8
PLACEMENT_OUTLINE_BOTTOM
 66
1
 40
0.299970
 41
0.299970
  0
VERTEX
 5
1F16
  8
PLACEMENT_OUTLINE_BOTTOM
 10
-34.78300
 20
8.50500
  0
VERTEX
 5
1F17
  8
PLACEMENT_OUTLINE_BOTTOM
 10
-37.57700
 20
8.50500
  0
SEQEND
  8
PLACEMENT_OUTLINE_BOTTOM
  0
POLYLINE
 5
1F18
  8
PLACEMENT_OUTLINE_BOTTOM
 66
1
 70
1
 40
0.149985
 41
0.149985
  0
VERTEX
 5
1F19
  8
PLACEMENT_OUTLINE_BOTTOM
 10
-34.85799
 20
8.50500
 42
1.0
  0
VERTEX
 5
1F1A
  8
PLACEMENT_OUTLINE_BOTTOM
 10
-34.70801
 20
8.50500
 42
1.0
  0
SEQEND
  8
PLACEMENT_OUTLINE_BOTTOM
  0
POLYLINE
 5
1F1B
  8
PLACEMENT_OUTLINE_BOTTOM
 66
1
 70
1
 40
0.149985
 41
0.149985
  0
VERTEX
 5
1F1C
  8
PLACEMENT_OUTLINE_BOTTOM
 10
-37.65199
 20
8.50500
 42
1.0
  0
VERTEX
 5
1F1D
  8
PLACEMENT_OUTLINE_BOTTOM
 10
-37.50201
 20
8.50500
 42
1.0
  0
SEQEND
  8
PLACEMENT_OUTLINE_BOTTOM
  0
POLYLINE
 5
1F1E
  8
PLACEMENT_OUTLINE_BOTTOM
 66
1
 40
0.299970
 41
0.299970
  0
VERTEX
 5
1F1F
  8
PLACEMENT_OUTLINE_BOTTOM
 10
-37.57700
 20
8.50500
  0
VERTEX
 5
1F20
  8
PLACEMENT_OUTLINE_BOTTOM
 10
-37.57700
 20
9.77500
  0
SEQEND
  8
PLACEMENT_OUTLINE_BOTTOM
  0
POLYLINE
 5
1F21
  8
PLACEMENT_OUTLINE_BOTTOM
 66
1
 70
1
 40
0.149985
 41
0.149985
  0
VERTEX
 5
1F22
  8
PLACEMENT_OUTLINE_BOTTOM
 10
-37.65199
 20
8.50500
 42
1.0
  0
VERTEX
 5
1F23
  8
PLACEMENT_OUTLINE_BOTTOM
 10
-37.50201
 20
8.50500
 42
1.0
  0
SEQEND
  8
PLACEMENT_OUTLINE_BOTTOM
  0
POLYLINE
 5
1F24
  8
PLACEMENT_OUTLINE_BOTTOM
 66
1
 70
1
 40
0.149985
 41
0.149985
  0
VERTEX
 5
1F25
  8
PLACEMENT_OUTLINE_BOTTOM
 10
-37.65199
 20
9.77500
 42
1.0
  0
VERTEX
 5
1F26
  8
PLACEMENT_OUTLINE_BOTTOM
 10
-37.50201
 20
9.77500
 42
1.0
  0
SEQEND
  8
PLACEMENT_OUTLINE_BOTTOM
  0
SOLID
 5
1F27
  8
PADLAYER_BOTTOM
 10
-35.87520
 20
8.68280
 11
-34.96080
 21
8.68280
 12
-35.87520
 22
9.59720
 13
-34.96080
 23
9.59720
  0
SOLID
 5
1F28
  8
PADLAYER_BOTTOM
 10
-37.39920
 20
8.68280
 11
-36.48480
 21
8.68280
 12
-37.39920
 22
9.59720
 13
-36.48480
 23
9.59720
  0
POLYLINE
 5
1F29
  8
PLACEMENT_OUTLINE_BOTTOM
 66
1
 40
0.299970
 41
0.299970
  0
VERTEX
 5
1F2A
  8
PLACEMENT_OUTLINE_BOTTOM
 10
-18.57700
 20
9.77500
  0
VERTEX
 5
1F2B
  8
PLACEMENT_OUTLINE_BOTTOM
 10
-15.78300
 20
9.77500
  0
SEQEND
  8
PLACEMENT_OUTLINE_BOTTOM
  0
POLYLINE
 5
1F2C
  8
PLACEMENT_OUTLINE_BOTTOM
 66
1
 70
1
 40
0.149985
 41
0.149985
  0
VERTEX
 5
1F2D
  8
PLACEMENT_OUTLINE_BOTTOM
 10
-18.65199
 20
9.77500
 42
1.0
  0
VERTEX
 5
1F2E
  8
PLACEMENT_OUTLINE_BOTTOM
 10
-18.50201
 20
9.77500
 42
1.0
  0
SEQEND
  8
PLACEMENT_OUTLINE_BOTTOM
  0
POLYLINE
 5
1F2F
  8
PLACEMENT_OUTLINE_BOTTOM
 66
1
 70
1
 40
0.149985
 41
0.149985
  0
VERTEX
 5
1F30
  8
PLACEMENT_OUTLINE_BOTTOM
 10
-15.85799
 20
9.77500
 42
1.0
  0
VERTEX
 5
1F31
  8
PLACEMENT_OUTLINE_BOTTOM
 10
-15.70801
 20
9.77500
 42
1.0
  0
SEQEND
  8
PLACEMENT_OUTLINE_BOTTOM
  0
POLYLINE
 5
1F32
  8
PLACEMENT_OUTLINE_BOTTOM
 66
1
 40
0.299970
 41
0.299970
  0
VERTEX
 5
1F33
  8
PLACEMENT_OUTLINE_BOTTOM
 10
-15.78300
 20
9.77500
  0
VERTEX
 5
1F34
  8
PLACEMENT_OUTLINE_BOTTOM
 10
-15.78300
 20
8.50500
  0
SEQEND
  8
PLACEMENT_OUTLINE_BOTTOM
  0
POLYLINE
 5
1F35
  8
PLACEMENT_OUTLINE_BOTTOM
 66
1
 70
1
 40
0.149985
 41
0.149985
  0
VERTEX
 5
1F36
  8
PLACEMENT_OUTLINE_BOTTOM
 10
-15.85799
 20
9.77500
 42
1.0
  0
VERTEX
 5
1F37
  8
PLACEMENT_OUTLINE_BOTTOM
 10
-15.70801
 20
9.77500
 42
1.0
  0
SEQEND
  8
PLACEMENT_OUTLINE_BOTTOM
  0
POLYLINE
 5
1F38
  8
PLACEMENT_OUTLINE_BOTTOM
 66
1
 70
1
 40
0.149985
 41
0.149985
  0
VERTEX
 5
1F39
  8
PLACEMENT_OUTLINE_BOTTOM
 10
-15.85799
 20
8.50500
 42
1.0
  0
VERTEX
 5
1F3A
  8
PLACEMENT_OUTLINE_BOTTOM
 10
-15.70801
 20
8.50500
 42
1.0
  0
SEQEND
  8
PLACEMENT_OUTLINE_BOTTOM
  0
POLYLINE
 5
1F3B
  8
PLACEMENT_OUTLINE_BOTTOM
 66
1
 40
0.299970
 41
0.299970
  0
VERTEX
 5
1F3C
  8
PLACEMENT_OUTLINE_BOTTOM
 10
-15.78300
 20
8.50500
  0
VERTEX
 5
1F3D
  8
PLACEMENT_OUTLINE_BOTTOM
 10
-18.57700
 20
8.50500
  0
SEQEND
  8
PLACEMENT_OUTLINE_BOTTOM
  0
POLYLINE
 5
1F3E
  8
PLACEMENT_OUTLINE_BOTTOM
 66
1
 70
1
 40
0.149985
 41
0.149985
  0
VERTEX
 5
1F3F
  8
PLACEMENT_OUTLINE_BOTTOM
 10
-15.85799
 20
8.50500
 42
1.0
  0
VERTEX
 5
1F40
  8
PLACEMENT_OUTLINE_BOTTOM
 10
-15.70801
 20
8.50500
 42
1.0
  0
SEQEND
  8
PLACEMENT_OUTLINE_BOTTOM
  0
POLYLINE
 5
1F41
  8
PLACEMENT_OUTLINE_BOTTOM
 66
1
 70
1
 40
0.149985
 41
0.149985
  0
VERTEX
 5
1F42
  8
PLACEMENT_OUTLINE_BOTTOM
 10
-18.65199
 20
8.50500
 42
1.0
  0
VERTEX
 5
1F43
  8
PLACEMENT_OUTLINE_BOTTOM
 10
-18.50201
 20
8.50500
 42
1.0
  0
SEQEND
  8
PLACEMENT_OUTLINE_BOTTOM
  0
POLYLINE
 5
1F44
  8
PLACEMENT_OUTLINE_BOTTOM
 66
1
 40
0.299970
 41
0.299970
  0
VERTEX
 5
1F45
  8
PLACEMENT_OUTLINE_BOTTOM
 10
-18.57700
 20
8.50500
  0
VERTEX
 5
1F46
  8
PLACEMENT_OUTLINE_BOTTOM
 10
-18.57700
 20
9.77500
  0
SEQEND
  8
PLACEMENT_OUTLINE_BOTTOM
  0
POLYLINE
 5
1F47
  8
PLACEMENT_OUTLINE_BOTTOM
 66
1
 70
1
 40
0.149985
 41
0.149985
  0
VERTEX
 5
1F48
  8
PLACEMENT_OUTLINE_BOTTOM
 10
-18.65199
 20
8.50500
 42
1.0
  0
VERTEX
 5
1F49
  8
PLACEMENT_OUTLINE_BOTTOM
 10
-18.50201
 20
8.50500
 42
1.0
  0
SEQEND
  8
PLACEMENT_OUTLINE_BOTTOM
  0
POLYLINE
 5
1F4A
  8
PLACEMENT_OUTLINE_BOTTOM
 66
1
 70
1
 40
0.149985
 41
0.149985
  0
VERTEX
 5
1F4B
  8
PLACEMENT_OUTLINE_BOTTOM
 10
-18.65199
 20
9.77500
 42
1.0
  0
VERTEX
 5
1F4C
  8
PLACEMENT_OUTLINE_BOTTOM
 10
-18.50201
 20
9.77500
 42
1.0
  0
SEQEND
  8
PLACEMENT_OUTLINE_BOTTOM
  0
SOLID
 5
1F4D
  8
PADLAYER_BOTTOM
 10
-16.87520
 20
8.68280
 11
-15.96080
 21
8.68280
 12
-16.87520
 22
9.59720
 13
-15.96080
 23
9.59720
  0
SOLID
 5
1F4E
  8
PADLAYER_BOTTOM
 10
-18.39920
 20
8.68280
 11
-17.48480
 21
8.68280
 12
-18.39920
 22
9.59720
 13
-17.48480
 23
9.59720
  0
POLYLINE
 5
1F4F
  8
PLACEMENT_OUTLINE_BOTTOM
 66
1
 40
0.299970
 41
0.299970
  0
VERTEX
 5
1F50
  8
PLACEMENT_OUTLINE_BOTTOM
 10
-41.95000
 20
3.20200
  0
VERTEX
 5
1F51
  8
PLACEMENT_OUTLINE_BOTTOM
 10
-39.15600
 20
3.20200
  0
SEQEND
  8
PLACEMENT_OUTLINE_BOTTOM
  0
POLYLINE
 5
1F52
  8
PLACEMENT_OUTLINE_BOTTOM
 66
1
 70
1
 40
0.149985
 41
0.149985
  0
VERTEX
 5
1F53
  8
PLACEMENT_OUTLINE_BOTTOM
 10
-42.02499
 20
3.20200
 42
1.0
  0
VERTEX
 5
1F54
  8
PLACEMENT_OUTLINE_BOTTOM
 10
-41.87501
 20
3.20200
 42
1.0
  0
SEQEND
  8
PLACEMENT_OUTLINE_BOTTOM
  0
POLYLINE
 5
1F55
  8
PLACEMENT_OUTLINE_BOTTOM
 66
1
 70
1
 40
0.149985
 41
0.149985
  0
VERTEX
 5
1F56
  8
PLACEMENT_OUTLINE_BOTTOM
 10
-39.23099
 20
3.20200
 42
1.0
  0
VERTEX
 5
1F57
  8
PLACEMENT_OUTLINE_BOTTOM
 10
-39.08101
 20
3.20200
 42
1.0
  0
SEQEND
  8
PLACEMENT_OUTLINE_BOTTOM
  0
POLYLINE
 5
1F58
  8
PLACEMENT_OUTLINE_BOTTOM
 66
1
 40
0.299970
 41
0.299970
  0
VERTEX
 5
1F59
  8
PLACEMENT_OUTLINE_BOTTOM
 10
-39.15600
 20
3.20200
  0
VERTEX
 5
1F5A
  8
PLACEMENT_OUTLINE_BOTTOM
 10
-39.15600
 20
1.93200
  0
SEQEND
  8
PLACEMENT_OUTLINE_BOTTOM
  0
POLYLINE
 5
1F5B
  8
PLACEMENT_OUTLINE_BOTTOM
 66
1
 70
1
 40
0.149985
 41
0.149985
  0
VERTEX
 5
1F5C
  8
PLACEMENT_OUTLINE_BOTTOM
 10
-39.23099
 20
3.20200
 42
1.0
  0
VERTEX
 5
1F5D
  8
PLACEMENT_OUTLINE_BOTTOM
 10
-39.08101
 20
3.20200
 42
1.0
  0
SEQEND
  8
PLACEMENT_OUTLINE_BOTTOM
  0
POLYLINE
 5
1F5E
  8
PLACEMENT_OUTLINE_BOTTOM
 66
1
 70
1
 40
0.149985
 41
0.149985
  0
VERTEX
 5
1F5F
  8
PLACEMENT_OUTLINE_BOTTOM
 10
-39.23099
 20
1.93200
 42
1.0
  0
VERTEX
 5
1F60
  8
PLACEMENT_OUTLINE_BOTTOM
 10
-39.08101
 20
1.93200
 42
1.0
  0
SEQEND
  8
PLACEMENT_OUTLINE_BOTTOM
  0
POLYLINE
 5
1F61
  8
PLACEMENT_OUTLINE_BOTTOM
 66
1
 40
0.299970
 41
0.299970
  0
VERTEX
 5
1F62
  8
PLACEMENT_OUTLINE_BOTTOM
 10
-39.15600
 20
1.93200
  0
VERTEX
 5
1F63
  8
PLACEMENT_OUTLINE_BOTTOM
 10
-41.95000
 20
1.93200
  0
SEQEND
  8
PLACEMENT_OUTLINE_BOTTOM
  0
POLYLINE
 5
1F64
  8
PLACEMENT_OUTLINE_BOTTOM
 66
1
 70
1
 40
0.149985
 41
0.149985
  0
VERTEX
 5
1F65
  8
PLACEMENT_OUTLINE_BOTTOM
 10
-39.23099
 20
1.93200
 42
1.0
  0
VERTEX
 5
1F66
  8
PLACEMENT_OUTLINE_BOTTOM
 10
-39.08101
 20
1.93200
 42
1.0
  0
SEQEND
  8
PLACEMENT_OUTLINE_BOTTOM
  0
POLYLINE
 5
1F67
  8
PLACEMENT_OUTLINE_BOTTOM
 66
1
 70
1
 40
0.149985
 41
0.149985
  0
VERTEX
 5
1F68
  8
PLACEMENT_OUTLINE_BOTTOM
 10
-42.02499
 20
1.93200
 42
1.0
  0
VERTEX
 5
1F69
  8
PLACEMENT_OUTLINE_BOTTOM
 10
-41.87501
 20
1.93200
 42
1.0
  0
SEQEND
  8
PLACEMENT_OUTLINE_BOTTOM
  0
POLYLINE
 5
1F6A
  8
PLACEMENT_OUTLINE_BOTTOM
 66
1
 40
0.299970
 41
0.299970
  0
VERTEX
 5
1F6B
  8
PLACEMENT_OUTLINE_BOTTOM
 10
-41.95000
 20
1.93200
  0
VERTEX
 5
1F6C
  8
PLACEMENT_OUTLINE_BOTTOM
 10
-41.95000
 20
3.20200
  0
SEQEND
  8
PLACEMENT_OUTLINE_BOTTOM
  0
POLYLINE
 5
1F6D
  8
PLACEMENT_OUTLINE_BOTTOM
 66
1
 70
1
 40
0.149985
 41
0.149985
  0
VERTEX
 5
1F6E
  8
PLACEMENT_OUTLINE_BOTTOM
 10
-42.02499
 20
1.93200
 42
1.0
  0
VERTEX
 5
1F6F
  8
PLACEMENT_OUTLINE_BOTTOM
 10
-41.87501
 20
1.93200
 42
1.0
  0
SEQEND
  8
PLACEMENT_OUTLINE_BOTTOM
  0
POLYLINE
 5
1F70
  8
PLACEMENT_OUTLINE_BOTTOM
 66
1
 70
1
 40
0.149985
 41
0.149985
  0
VERTEX
 5
1F71
  8
PLACEMENT_OUTLINE_BOTTOM
 10
-42.02499
 20
3.20200
 42
1.0
  0
VERTEX
 5
1F72
  8
PLACEMENT_OUTLINE_BOTTOM
 10
-41.87501
 20
3.20200
 42
1.0
  0
SEQEND
  8
PLACEMENT_OUTLINE_BOTTOM
  0
SOLID
 5
1F73
  8
PADLAYER_BOTTOM
 10
-40.24820
 20
2.10980
 11
-39.33380
 21
2.10980
 12
-40.24820
 22
3.02420
 13
-39.33380
 23
3.02420
  0
SOLID
 5
1F74
  8
PADLAYER_BOTTOM
 10
-41.77220
 20
2.10980
 11
-40.85780
 21
2.10980
 12
-41.77220
 22
3.02420
 13
-40.85780
 23
3.02420
  0
POLYLINE
 5
1F75
  8
PLACEMENT_OUTLINE_BOTTOM
 66
1
 40
0.299970
 41
0.299970
  0
VERTEX
 5
1F76
  8
PLACEMENT_OUTLINE_BOTTOM
 10
-41.95000
 20
5.70200
  0
VERTEX
 5
1F77
  8
PLACEMENT_OUTLINE_BOTTOM
 10
-39.15600
 20
5.70200
  0
SEQEND
  8
PLACEMENT_OUTLINE_BOTTOM
  0
POLYLINE
 5
1F78
  8
PLACEMENT_OUTLINE_BOTTOM
 66
1
 70
1
 40
0.149985
 41
0.149985
  0
VERTEX
 5
1F79
  8
PLACEMENT_OUTLINE_BOTTOM
 10
-42.02499
 20
5.70200
 42
1.0
  0
VERTEX
 5
1F7A
  8
PLACEMENT_OUTLINE_BOTTOM
 10
-41.87501
 20
5.70200
 42
1.0
  0
SEQEND
  8
PLACEMENT_OUTLINE_BOTTOM
  0
POLYLINE
 5
1F7B
  8
PLACEMENT_OUTLINE_BOTTOM
 66
1
 70
1
 40
0.149985
 41
0.149985
  0
VERTEX
 5
1F7C
  8
PLACEMENT_OUTLINE_BOTTOM
 10
-39.23099
 20
5.70200
 42
1.0
  0
VERTEX
 5
1F7D
  8
PLACEMENT_OUTLINE_BOTTOM
 10
-39.08101
 20
5.70200
 42
1.0
  0
SEQEND
  8
PLACEMENT_OUTLINE_BOTTOM
  0
POLYLINE
 5
1F7E
  8
PLACEMENT_OUTLINE_BOTTOM
 66
1
 40
0.299970
 41
0.299970
  0
VERTEX
 5
1F7F
  8
PLACEMENT_OUTLINE_BOTTOM
 10
-39.15600
 20
5.70200
  0
VERTEX
 5
1F80
  8
PLACEMENT_OUTLINE_BOTTOM
 10
-39.15600
 20
4.43200
  0
SEQEND
  8
PLACEMENT_OUTLINE_BOTTOM
  0
POLYLINE
 5
1F81
  8
PLACEMENT_OUTLINE_BOTTOM
 66
1
 70
1
 40
0.149985
 41
0.149985
  0
VERTEX
 5
1F82
  8
PLACEMENT_OUTLINE_BOTTOM
 10
-39.23099
 20
5.70200
 42
1.0
  0
VERTEX
 5
1F83
  8
PLACEMENT_OUTLINE_BOTTOM
 10
-39.08101
 20
5.70200
 42
1.0
  0
SEQEND
  8
PLACEMENT_OUTLINE_BOTTOM
  0
POLYLINE
 5
1F84
  8
PLACEMENT_OUTLINE_BOTTOM
 66
1
 70
1
 40
0.149985
 41
0.149985
  0
VERTEX
 5
1F85
  8
PLACEMENT_OUTLINE_BOTTOM
 10
-39.23099
 20
4.43200
 42
1.0
  0
VERTEX
 5
1F86
  8
PLACEMENT_OUTLINE_BOTTOM
 10
-39.08101
 20
4.43200
 42
1.0
  0
SEQEND
  8
PLACEMENT_OUTLINE_BOTTOM
  0
POLYLINE
 5
1F87
  8
PLACEMENT_OUTLINE_BOTTOM
 66
1
 40
0.299970
 41
0.299970
  0
VERTEX
 5
1F88
  8
PLACEMENT_OUTLINE_BOTTOM
 10
-39.15600
 20
4.43200
  0
VERTEX
 5
1F89
  8
PLACEMENT_OUTLINE_BOTTOM
 10
-41.95000
 20
4.43200
  0
SEQEND
  8
PLACEMENT_OUTLINE_BOTTOM
  0
POLYLINE
 5
1F8A
  8
PLACEMENT_OUTLINE_BOTTOM
 66
1
 70
1
 40
0.149985
 41
0.149985
  0
VERTEX
 5
1F8B
  8
PLACEMENT_OUTLINE_BOTTOM
 10
-39.23099
 20
4.43200
 42
1.0
  0
VERTEX
 5
1F8C
  8
PLACEMENT_OUTLINE_BOTTOM
 10
-39.08101
 20
4.43200
 42
1.0
  0
SEQEND
  8
PLACEMENT_OUTLINE_BOTTOM
  0
POLYLINE
 5
1F8D
  8
PLACEMENT_OUTLINE_BOTTOM
 66
1
 70
1
 40
0.149985
 41
0.149985
  0
VERTEX
 5
1F8E
  8
PLACEMENT_OUTLINE_BOTTOM
 10
-42.02499
 20
4.43200
 42
1.0
  0
VERTEX
 5
1F8F
  8
PLACEMENT_OUTLINE_BOTTOM
 10
-41.87501
 20
4.43200
 42
1.0
  0
SEQEND
  8
PLACEMENT_OUTLINE_BOTTOM
  0
POLYLINE
 5
1F90
  8
PLACEMENT_OUTLINE_BOTTOM
 66
1
 40
0.299970
 41
0.299970
  0
VERTEX
 5
1F91
  8
PLACEMENT_OUTLINE_BOTTOM
 10
-41.95000
 20
4.43200
  0
VERTEX
 5
1F92
  8
PLACEMENT_OUTLINE_BOTTOM
 10
-41.95000
 20
5.70200
  0
SEQEND
  8
PLACEMENT_OUTLINE_BOTTOM
  0
POLYLINE
 5
1F93
  8
PLACEMENT_OUTLINE_BOTTOM
 66
1
 70
1
 40
0.149985
 41
0.149985
  0
VERTEX
 5
1F94
  8
PLACEMENT_OUTLINE_BOTTOM
 10
-42.02499
 20
4.43200
 42
1.0
  0
VERTEX
 5
1F95
  8
PLACEMENT_OUTLINE_BOTTOM
 10
-41.87501
 20
4.43200
 42
1.0
  0
SEQEND
  8
PLACEMENT_OUTLINE_BOTTOM
  0
POLYLINE
 5
1F96
  8
PLACEMENT_OUTLINE_BOTTOM
 66
1
 70
1
 40
0.149985
 41
0.149985
  0
VERTEX
 5
1F97
  8
PLACEMENT_OUTLINE_BOTTOM
 10
-42.02499
 20
5.70200
 42
1.0
  0
VERTEX
 5
1F98
  8
PLACEMENT_OUTLINE_BOTTOM
 10
-41.87501
 20
5.70200
 42
1.0
  0
SEQEND
  8
PLACEMENT_OUTLINE_BOTTOM
  0
SOLID
 5
1F99
  8
PADLAYER_BOTTOM
 10
-40.24820
 20
4.60980
 11
-39.33380
 21
4.60980
 12
-40.24820
 22
5.52420
 13
-39.33380
 23
5.52420
  0
SOLID
 5
1F9A
  8
PADLAYER_BOTTOM
 10
-41.77220
 20
4.60980
 11
-40.85780
 21
4.60980
 12
-41.77220
 22
5.52420
 13
-40.85780
 23
5.52420
  0
POLYLINE
 5
1F9B
  8
2DLINES_1
 66
1
 40
0.100000
 41
0.100000
  0
VERTEX
 5
1F9C
  8
2DLINES_1
 10
-45.94000
 20
87.46000
  0
VERTEX
 5
1F9D
  8
2DLINES_1
 10
-46.74000
 20
87.46000
  0
SEQEND
  8
2DLINES_1
  0
POLYLINE
 5
1F9E
  8
2DLINES_1
 66
1
 70
1
 40
0.050000
 41
0.050000
  0
VERTEX
 5
1F9F
  8
2DLINES_1
 10
-45.96500
 20
87.46000
 42
1.0
  0
VERTEX
 5
1FA0
  8
2DLINES_1
 10
-45.91500
 20
87.46000
 42
1.0
  0
SEQEND
  8
2DLINES_1
  0
POLYLINE
 5
1FA1
  8
2DLINES_1
 66
1
 70
1
 40
0.050000
 41
0.050000
  0
VERTEX
 5
1FA2
  8
2DLINES_1
 10
-46.76500
 20
87.46000
 42
1.0
  0
VERTEX
 5
1FA3
  8
2DLINES_1
 10
-46.71500
 20
87.46000
 42
1.0
  0
SEQEND
  8
2DLINES_1
  0
POLYLINE
 5
1FA4
  8
2DLINES_1
 66
1
 40
0.100000
 41
0.100000
  0
VERTEX
 5
1FA5
  8
2DLINES_1
 10
-46.34000
 20
87.46000
  0
VERTEX
 5
1FA6
  8
2DLINES_1
 10
-46.04000
 20
87.78500
  0
SEQEND
  8
2DLINES_1
  0
POLYLINE
 5
1FA7
  8
2DLINES_1
 66
1
 70
1
 40
0.050000
 41
0.050000
  0
VERTEX
 5
1FA8
  8
2DLINES_1
 10
-46.36500
 20
87.46000
 42
1.0
  0
VERTEX
 5
1FA9
  8
2DLINES_1
 10
-46.31500
 20
87.46000
 42
1.0
  0
SEQEND
  8
2DLINES_1
  0
POLYLINE
 5
1FAA
  8
2DLINES_1
 66
1
 70
1
 40
0.050000
 41
0.050000
  0
VERTEX
 5
1FAB
  8
2DLINES_1
 10
-46.06500
 20
87.78500
 42
1.0
  0
VERTEX
 5
1FAC
  8
2DLINES_1
 10
-46.01500
 20
87.78500
 42
1.0
  0
SEQEND
  8
2DLINES_1
  0
POLYLINE
 5
1FAD
  8
2DLINES_1
 66
1
 40
0.100000
 41
0.100000
  0
VERTEX
 5
1FAE
  8
2DLINES_1
 10
-46.04000
 20
87.78500
  0
VERTEX
 5
1FAF
  8
2DLINES_1
 10
-46.64000
 20
87.78500
  0
SEQEND
  8
2DLINES_1
  0
POLYLINE
 5
1FB0
  8
2DLINES_1
 66
1
 70
1
 40
0.050000
 41
0.050000
  0
VERTEX
 5
1FB1
  8
2DLINES_1
 10
-46.06500
 20
87.78500
 42
1.0
  0
VERTEX
 5
1FB2
  8
2DLINES_1
 10
-46.01500
 20
87.78500
 42
1.0
  0
SEQEND
  8
2DLINES_1
  0
POLYLINE
 5
1FB3
  8
2DLINES_1
 66
1
 70
1
 40
0.050000
 41
0.050000
  0
VERTEX
 5
1FB4
  8
2DLINES_1
 10
-46.66500
 20
87.78500
 42
1.0
  0
VERTEX
 5
1FB5
  8
2DLINES_1
 10
-46.61500
 20
87.78500
 42
1.0
  0
SEQEND
  8
2DLINES_1
  0
POLYLINE
 5
1FB6
  8
2DLINES_1
 66
1
 40
0.100000
 41
0.100000
  0
VERTEX
 5
1FB7
  8
2DLINES_1
 10
-46.64000
 20
87.78500
  0
VERTEX
 5
1FB8
  8
2DLINES_1
 10
-46.32750
 20
87.47250
  0
SEQEND
  8
2DLINES_1
  0
POLYLINE
 5
1FB9
  8
2DLINES_1
 66
1
 70
1
 40
0.050000
 41
0.050000
  0
VERTEX
 5
1FBA
  8
2DLINES_1
 10
-46.66500
 20
87.78500
 42
1.0
  0
VERTEX
 5
1FBB
  8
2DLINES_1
 10
-46.61500
 20
87.78500
 42
1.0
  0
SEQEND
  8
2DLINES_1
  0
POLYLINE
 5
1FBC
  8
2DLINES_1
 66
1
 70
1
 40
0.050000
 41
0.050000
  0
VERTEX
 5
1FBD
  8
2DLINES_1
 10
-46.35250
 20
87.47250
 42
1.0
  0
VERTEX
 5
1FBE
  8
2DLINES_1
 10
-46.30250
 20
87.47250
 42
1.0
  0
SEQEND
  8
2DLINES_1
  0
POLYLINE
 5
1FBF
  8
PLACEMENT_OUTLINE_TOP
 66
1
 40
0.025400
 41
0.025400
  0
VERTEX
 5
1FC0
  8
PLACEMENT_OUTLINE_TOP
 10
-46.89000
 20
89.21000
  0
VERTEX
 5
1FC1
  8
PLACEMENT_OUTLINE_TOP
 10
-45.79000
 20
89.21000
  0
SEQEND
  8
PLACEMENT_OUTLINE_TOP
  0
POLYLINE
 5
1FC2
  8
PLACEMENT_OUTLINE_TOP
 66
1
 70
1
 40
0.012700
 41
0.012700
  0
VERTEX
 5
1FC3
  8
PLACEMENT_OUTLINE_TOP
 10
-46.89635
 20
89.21000
 42
1.0
  0
VERTEX
 5
1FC4
  8
PLACEMENT_OUTLINE_TOP
 10
-46.88365
 20
89.21000
 42
1.0
  0
SEQEND
  8
PLACEMENT_OUTLINE_TOP
  0
POLYLINE
 5
1FC5
  8
PLACEMENT_OUTLINE_TOP
 66
1
 70
1
 40
0.012700
 41
0.012700
  0
VERTEX
 5
1FC6
  8
PLACEMENT_OUTLINE_TOP
 10
-45.79635
 20
89.21000
 42
1.0
  0
VERTEX
 5
1FC7
  8
PLACEMENT_OUTLINE_TOP
 10
-45.78365
 20
89.21000
 42
1.0
  0
SEQEND
  8
PLACEMENT_OUTLINE_TOP
  0
POLYLINE
 5
1FC8
  8
PLACEMENT_OUTLINE_TOP
 66
1
 40
0.025400
 41
0.025400
  0
VERTEX
 5
1FC9
  8
PLACEMENT_OUTLINE_TOP
 10
-45.79000
 20
89.21000
  0
VERTEX
 5
1FCA
  8
PLACEMENT_OUTLINE_TOP
 10
-45.79000
 20
86.11000
  0
SEQEND
  8
PLACEMENT_OUTLINE_TOP
  0
POLYLINE
 5
1FCB
  8
PLACEMENT_OUTLINE_TOP
 66
1
 70
1
 40
0.012700
 41
0.012700
  0
VERTEX
 5
1FCC
  8
PLACEMENT_OUTLINE_TOP
 10
-45.79635
 20
89.21000
 42
1.0
  0
VERTEX
 5
1FCD
  8
PLACEMENT_OUTLINE_TOP
 10
-45.78365
 20
89.21000
 42
1.0
  0
SEQEND
  8
PLACEMENT_OUTLINE_TOP
  0
POLYLINE
 5
1FCE
  8
PLACEMENT_OUTLINE_TOP
 66
1
 70
1
 40
0.012700
 41
0.012700
  0
VERTEX
 5
1FCF
  8
PLACEMENT_OUTLINE_TOP
 10
-45.79635
 20
86.11000
 42
1.0
  0
VERTEX
 5
1FD0
  8
PLACEMENT_OUTLINE_TOP
 10
-45.78365
 20
86.11000
 42
1.0
  0
SEQEND
  8
PLACEMENT_OUTLINE_TOP
  0
POLYLINE
 5
1FD1
  8
PLACEMENT_OUTLINE_TOP
 66
1
 40
0.025400
 41
0.025400
  0
VERTEX
 5
1FD2
  8
PLACEMENT_OUTLINE_TOP
 10
-45.79000
 20
86.11000
  0
VERTEX
 5
1FD3
  8
PLACEMENT_OUTLINE_TOP
 10
-46.89000
 20
86.11000
  0
SEQEND
  8
PLACEMENT_OUTLINE_TOP
  0
POLYLINE
 5
1FD4
  8
PLACEMENT_OUTLINE_TOP
 66
1
 70
1
 40
0.012700
 41
0.012700
  0
VERTEX
 5
1FD5
  8
PLACEMENT_OUTLINE_TOP
 10
-45.79635
 20
86.11000
 42
1.0
  0
VERTEX
 5
1FD6
  8
PLACEMENT_OUTLINE_TOP
 10
-45.78365
 20
86.11000
 42
1.0
  0
SEQEND
  8
PLACEMENT_OUTLINE_TOP
  0
POLYLINE
 5
1FD7
  8
PLACEMENT_OUTLINE_TOP
 66
1
 70
1
 40
0.012700
 41
0.012700
  0
VERTEX
 5
1FD8
  8
PLACEMENT_OUTLINE_TOP
 10
-46.89635
 20
86.11000
 42
1.0
  0
VERTEX
 5
1FD9
  8
PLACEMENT_OUTLINE_TOP
 10
-46.88365
 20
86.11000
 42
1.0
  0
SEQEND
  8
PLACEMENT_OUTLINE_TOP
  0
POLYLINE
 5
1FDA
  8
PLACEMENT_OUTLINE_TOP
 66
1
 40
0.025400
 41
0.025400
  0
VERTEX
 5
1FDB
  8
PLACEMENT_OUTLINE_TOP
 10
-46.89000
 20
86.11000
  0
VERTEX
 5
1FDC
  8
PLACEMENT_OUTLINE_TOP
 10
-46.89000
 20
89.21000
  0
SEQEND
  8
PLACEMENT_OUTLINE_TOP
  0
POLYLINE
 5
1FDD
  8
PLACEMENT_OUTLINE_TOP
 66
1
 70
1
 40
0.012700
 41
0.012700
  0
VERTEX
 5
1FDE
  8
PLACEMENT_OUTLINE_TOP
 10
-46.89635
 20
86.11000
 42
1.0
  0
VERTEX
 5
1FDF
  8
PLACEMENT_OUTLINE_TOP
 10
-46.88365
 20
86.11000
 42
1.0
  0
SEQEND
  8
PLACEMENT_OUTLINE_TOP
  0
POLYLINE
 5
1FE0
  8
PLACEMENT_OUTLINE_TOP
 66
1
 70
1
 40
0.012700
 41
0.012700
  0
VERTEX
 5
1FE1
  8
PLACEMENT_OUTLINE_TOP
 10
-46.89635
 20
89.21000
 42
1.0
  0
VERTEX
 5
1FE2
  8
PLACEMENT_OUTLINE_TOP
 10
-46.88365
 20
89.21000
 42
1.0
  0
SEQEND
  8
PLACEMENT_OUTLINE_TOP
  0
SOLID
 5
1FE3
  8
PADLAYER_TOP
 10
-46.89000
 20
89.21000
 11
-46.89000
 21
88.11000
 12
-45.79000
 22
89.21000
 13
-45.79000
 23
88.11000
  0
SOLID
 5
1FE4
  8
LAYNR1
 10
-46.84000
 20
89.16000
 11
-46.84000
 21
88.16000
 12
-45.84000
 22
89.16000
 13
-45.84000
 23
88.16000
  0
SOLID
 5
1FE5
  8
PADLAYER_TOP
 10
-46.89000
 20
87.21000
 11
-46.89000
 21
86.11000
 12
-45.79000
 22
87.21000
 13
-45.79000
 23
86.11000
  0
SOLID
 5
1FE6
  8
LAYNR1
 10
-46.84000
 20
87.16000
 11
-46.84000
 21
86.16000
 12
-45.84000
 22
87.16000
 13
-45.84000
 23
86.16000
  0
POLYLINE
 5
1FE7
  8
2DLINES_1
 66
1
 40
0.100000
 41
0.100000
  0
VERTEX
 5
1FE8
  8
2DLINES_1
 10
-10.39000
 20
-0.53000
  0
VERTEX
 5
1FE9
  8
2DLINES_1
 10
-11.19000
 20
-0.53000
  0
SEQEND
  8
2DLINES_1
  0
POLYLINE
 5
1FEA
  8
2DLINES_1
 66
1
 70
1
 40
0.050000
 41
0.050000
  0
VERTEX
 5
1FEB
  8
2DLINES_1
 10
-10.41500
 20
-0.53000
 42
1.0
  0
VERTEX
 5
1FEC
  8
2DLINES_1
 10
-10.36500
 20
-0.53000
 42
1.0
  0
SEQEND
  8
2DLINES_1
  0
POLYLINE
 5
1FED
  8
2DLINES_1
 66
1
 70
1
 40
0.050000
 41
0.050000
  0
VERTEX
 5
1FEE
  8
2DLINES_1
 10
-11.21500
 20
-0.53000
 42
1.0
  0
VERTEX
 5
1FEF
  8
2DLINES_1
 10
-11.16500
 20
-0.53000
 42
1.0
  0
SEQEND
  8
2DLINES_1
  0
POLYLINE
 5
1FF0
  8
2DLINES_1
 66
1
 40
0.100000
 41
0.100000
  0
VERTEX
 5
1FF1
  8
2DLINES_1
 10
-10.79000
 20
-0.53000
  0
VERTEX
 5
1FF2
  8
2DLINES_1
 10
-10.49000
 20
-0.20500
  0
SEQEND
  8
2DLINES_1
  0
POLYLINE
 5
1FF3
  8
2DLINES_1
 66
1
 70
1
 40
0.050000
 41
0.050000
  0
VERTEX
 5
1FF4
  8
2DLINES_1
 10
-10.81500
 20
-0.53000
 42
1.0
  0
VERTEX
 5
1FF5
  8
2DLINES_1
 10
-10.76500
 20
-0.53000
 42
1.0
  0
SEQEND
  8
2DLINES_1
  0
POLYLINE
 5
1FF6
  8
2DLINES_1
 66
1
 70
1
 40
0.050000
 41
0.050000
  0
VERTEX
 5
1FF7
  8
2DLINES_1
 10
-10.51500
 20
-0.20500
 42
1.0
  0
VERTEX
 5
1FF8
  8
2DLINES_1
 10
-10.46500
 20
-0.20500
 42
1.0
  0
SEQEND
  8
2DLINES_1
  0
POLYLINE
 5
1FF9
  8
2DLINES_1
 66
1
 40
0.100000
 41
0.100000
  0
VERTEX
 5
1FFA
  8
2DLINES_1
 10
-10.49000
 20
-0.20500
  0
VERTEX
 5
1FFB
  8
2DLINES_1
 10
-11.09000
 20
-0.20500
  0
SEQEND
  8
2DLINES_1
  0
POLYLINE
 5
1FFC
  8
2DLINES_1
 66
1
 70
1
 40
0.050000
 41
0.050000
  0
VERTEX
 5
1FFD
  8
2DLINES_1
 10
-10.51500
 20
-0.20500
 42
1.0
  0
VERTEX
 5
1FFE
  8
2DLINES_1
 10
-10.46500
 20
-0.20500
 42
1.0
  0
SEQEND
  8
2DLINES_1
  0
POLYLINE
 5
1FFF
  8
2DLINES_1
 66
1
 70
1
 40
0.050000
 41
0.050000
  0
VERTEX
 5
2000
  8
2DLINES_1
 10
-11.11500
 20
-0.20500
 42
1.0
  0
VERTEX
 5
2001
  8
2DLINES_1
 10
-11.06500
 20
-0.20500
 42
1.0
  0
SEQEND
  8
2DLINES_1
  0
POLYLINE
 5
2002
  8
2DLINES_1
 66
1
 40
0.100000
 41
0.100000
  0
VERTEX
 5
2003
  8
2DLINES_1
 10
-11.09000
 20
-0.20500
  0
VERTEX
 5
2004
  8
2DLINES_1
 10
-10.77750
 20
-0.51750
  0
SEQEND
  8
2DLINES_1
  0
POLYLINE
 5
2005
  8
2DLINES_1
 66
1
 70
1
 40
0.050000
 41
0.050000
  0
VERTEX
 5
2006
  8
2DLINES_1
 10
-11.11500
 20
-0.20500
 42
1.0
  0
VERTEX
 5
2007
  8
2DLINES_1
 10
-11.06500
 20
-0.20500
 42
1.0
  0
SEQEND
  8
2DLINES_1
  0
POLYLINE
 5
2008
  8
2DLINES_1
 66
1
 70
1
 40
0.050000
 41
0.050000
  0
VERTEX
 5
2009
  8
2DLINES_1
 10
-10.80250
 20
-0.51750
 42
1.0
  0
VERTEX
 5
200A
  8
2DLINES_1
 10
-10.75250
 20
-0.51750
 42
1.0
  0
SEQEND
  8
2DLINES_1
  0
POLYLINE
 5
200B
  8
PLACEMENT_OUTLINE_TOP
 66
1
 40
0.025400
 41
0.025400
  0
VERTEX
 5
200C
  8
PLACEMENT_OUTLINE_TOP
 10
-11.34000
 20
1.22000
  0
VERTEX
 5
200D
  8
PLACEMENT_OUTLINE_TOP
 10
-10.24000
 20
1.22000
  0
SEQEND
  8
PLACEMENT_OUTLINE_TOP
  0
POLYLINE
 5
200E
  8
PLACEMENT_OUTLINE_TOP
 66
1
 70
1
 40
0.012700
 41
0.012700
  0
VERTEX
 5
200F
  8
PLACEMENT_OUTLINE_TOP
 10
-11.34635
 20
1.22000
 42
1.0
  0
VERTEX
 5
2010
  8
PLACEMENT_OUTLINE_TOP
 10
-11.33365
 20
1.22000
 42
1.0
  0
SEQEND
  8
PLACEMENT_OUTLINE_TOP
  0
POLYLINE
 5
2011
  8
PLACEMENT_OUTLINE_TOP
 66
1
 70
1
 40
0.012700
 41
0.012700
  0
VERTEX
 5
2012
  8
PLACEMENT_OUTLINE_TOP
 10
-10.24635
 20
1.22000
 42
1.0
  0
VERTEX
 5
2013
  8
PLACEMENT_OUTLINE_TOP
 10
-10.23365
 20
1.22000
 42
1.0
  0
SEQEND
  8
PLACEMENT_OUTLINE_TOP
  0
POLYLINE
 5
2014
  8
PLACEMENT_OUTLINE_TOP
 66
1
 40
0.025400
 41
0.025400
  0
VERTEX
 5
2015
  8
PLACEMENT_OUTLINE_TOP
 10
-10.24000
 20
1.22000
  0
VERTEX
 5
2016
  8
PLACEMENT_OUTLINE_TOP
 10
-10.24000
 20
-1.88000
  0
SEQEND
  8
PLACEMENT_OUTLINE_TOP
  0
POLYLINE
 5
2017
  8
PLACEMENT_OUTLINE_TOP
 66
1
 70
1
 40
0.012700
 41
0.012700
  0
VERTEX
 5
2018
  8
PLACEMENT_OUTLINE_TOP
 10
-10.24635
 20
1.22000
 42
1.0
  0
VERTEX
 5
2019
  8
PLACEMENT_OUTLINE_TOP
 10
-10.23365
 20
1.22000
 42
1.0
  0
SEQEND
  8
PLACEMENT_OUTLINE_TOP
  0
POLYLINE
 5
201A
  8
PLACEMENT_OUTLINE_TOP
 66
1
 70
1
 40
0.012700
 41
0.012700
  0
VERTEX
 5
201B
  8
PLACEMENT_OUTLINE_TOP
 10
-10.24635
 20
-1.88000
 42
1.0
  0
VERTEX
 5
201C
  8
PLACEMENT_OUTLINE_TOP
 10
-10.23365
 20
-1.88000
 42
1.0
  0
SEQEND
  8
PLACEMENT_OUTLINE_TOP
  0
POLYLINE
 5
201D
  8
PLACEMENT_OUTLINE_TOP
 66
1
 40
0.025400
 41
0.025400
  0
VERTEX
 5
201E
  8
PLACEMENT_OUTLINE_TOP
 10
-10.24000
 20
-1.88000
  0
VERTEX
 5
201F
  8
PLACEMENT_OUTLINE_TOP
 10
-11.34000
 20
-1.88000
  0
SEQEND
  8
PLACEMENT_OUTLINE_TOP
  0
POLYLINE
 5
2020
  8
PLACEMENT_OUTLINE_TOP
 66
1
 70
1
 40
0.012700
 41
0.012700
  0
VERTEX
 5
2021
  8
PLACEMENT_OUTLINE_TOP
 10
-10.24635
 20
-1.88000
 42
1.0
  0
VERTEX
 5
2022
  8
PLACEMENT_OUTLINE_TOP
 10
-10.23365
 20
-1.88000
 42
1.0
  0
SEQEND
  8
PLACEMENT_OUTLINE_TOP
  0
POLYLINE
 5
2023
  8
PLACEMENT_OUTLINE_TOP
 66
1
 70
1
 40
0.012700
 41
0.012700
  0
VERTEX
 5
2024
  8
PLACEMENT_OUTLINE_TOP
 10
-11.34635
 20
-1.88000
 42
1.0
  0
VERTEX
 5
2025
  8
PLACEMENT_OUTLINE_TOP
 10
-11.33365
 20
-1.88000
 42
1.0
  0
SEQEND
  8
PLACEMENT_OUTLINE_TOP
  0
POLYLINE
 5
2026
  8
PLACEMENT_OUTLINE_TOP
 66
1
 40
0.025400
 41
0.025400
  0
VERTEX
 5
2027
  8
PLACEMENT_OUTLINE_TOP
 10
-11.34000
 20
-1.88000
  0
VERTEX
 5
2028
  8
PLACEMENT_OUTLINE_TOP
 10
-11.34000
 20
1.22000
  0
SEQEND
  8
PLACEMENT_OUTLINE_TOP
  0
POLYLINE
 5
2029
  8
PLACEMENT_OUTLINE_TOP
 66
1
 70
1
 40
0.012700
 41
0.012700
  0
VERTEX
 5
202A
  8
PLACEMENT_OUTLINE_TOP
 10
-11.34635
 20
-1.88000
 42
1.0
  0
VERTEX
 5
202B
  8
PLACEMENT_OUTLINE_TOP
 10
-11.33365
 20
-1.88000
 42
1.0
  0
SEQEND
  8
PLACEMENT_OUTLINE_TOP
  0
POLYLINE
 5
202C
  8
PLACEMENT_OUTLINE_TOP
 66
1
 70
1
 40
0.012700
 41
0.012700
  0
VERTEX
 5
202D
  8
PLACEMENT_OUTLINE_TOP
 10
-11.34635
 20
1.22000
 42
1.0
  0
VERTEX
 5
202E
  8
PLACEMENT_OUTLINE_TOP
 10
-11.33365
 20
1.22000
 42
1.0
  0
SEQEND
  8
PLACEMENT_OUTLINE_TOP
  0
SOLID
 5
202F
  8
PADLAYER_TOP
 10
-11.34000
 20
1.22000
 11
-11.34000
 21
0.12000
 12
-10.24000
 22
1.22000
 13
-10.24000
 23
0.12000
  0
SOLID
 5
2030
  8
LAYNR1
 10
-11.29000
 20
1.17000
 11
-11.29000
 21
0.17000
 12
-10.29000
 22
1.17000
 13
-10.29000
 23
0.17000
  0
SOLID
 5
2031
  8
PADLAYER_TOP
 10
-11.34000
 20
-0.78000
 11
-11.34000
 21
-1.88000
 12
-10.24000
 22
-0.78000
 13
-10.24000
 23
-1.88000
  0
SOLID
 5
2032
  8
LAYNR1
 10
-11.29000
 20
-0.83000
 11
-11.29000
 21
-1.83000
 12
-10.29000
 22
-0.83000
 13
-10.29000
 23
-1.83000
  0
POLYLINE
 5
2033
  8
2DLINES_4
 66
1
 40
0.100000
 41
0.100000
  0
VERTEX
 5
2034
  8
2DLINES_4
 10
-44.55300
 20
5.46700
  0
VERTEX
 5
2035
  8
2DLINES_4
 10
-44.55300
 20
4.66700
  0
SEQEND
  8
2DLINES_4
  0
POLYLINE
 5
2036
  8
2DLINES_4
 66
1
 70
1
 40
0.050000
 41
0.050000
  0
VERTEX
 5
2037
  8
2DLINES_4
 10
-44.57800
 20
5.46700
 42
1.0
  0
VERTEX
 5
2038
  8
2DLINES_4
 10
-44.52800
 20
5.46700
 42
1.0
  0
SEQEND
  8
2DLINES_4
  0
POLYLINE
 5
2039
  8
2DLINES_4
 66
1
 70
1
 40
0.050000
 41
0.050000
  0
VERTEX
 5
203A
  8
2DLINES_4
 10
-44.57800
 20
4.66700
 42
1.0
  0
VERTEX
 5
203B
  8
2DLINES_4
 10
-44.52800
 20
4.66700
 42
1.0
  0
SEQEND
  8
2DLINES_4
  0
POLYLINE
 5
203C
  8
2DLINES_4
 66
1
 40
0.100000
 41
0.100000
  0
VERTEX
 5
203D
  8
2DLINES_4
 10
-44.55300
 20
5.06700
  0
VERTEX
 5
203E
  8
2DLINES_4
 10
-44.22800
 20
5.36700
  0
SEQEND
  8
2DLINES_4
  0
POLYLINE
 5
203F
  8
2DLINES_4
 66
1
 70
1
 40
0.050000
 41
0.050000
  0
VERTEX
 5
2040
  8
2DLINES_4
 10
-44.57800
 20
5.06700
 42
1.0
  0
VERTEX
 5
2041
  8
2DLINES_4
 10
-44.52800
 20
5.06700
 42
1.0
  0
SEQEND
  8
2DLINES_4
  0
POLYLINE
 5
2042
  8
2DLINES_4
 66
1
 70
1
 40
0.050000
 41
0.050000
  0
VERTEX
 5
2043
  8
2DLINES_4
 10
-44.25300
 20
5.36700
 42
1.0
  0
VERTEX
 5
2044
  8
2DLINES_4
 10
-44.20300
 20
5.36700
 42
1.0
  0
SEQEND
  8
2DLINES_4
  0
POLYLINE
 5
2045
  8
2DLINES_4
 66
1
 40
0.100000
 41
0.100000
  0
VERTEX
 5
2046
  8
2DLINES_4
 10
-44.22800
 20
5.36700
  0
VERTEX
 5
2047
  8
2DLINES_4
 10
-44.22800
 20
4.76700
  0
SEQEND
  8
2DLINES_4
  0
POLYLINE
 5
2048
  8
2DLINES_4
 66
1
 70
1
 40
0.050000
 41
0.050000
  0
VERTEX
 5
2049
  8
2DLINES_4
 10
-44.25300
 20
5.36700
 42
1.0
  0
VERTEX
 5
204A
  8
2DLINES_4
 10
-44.20300
 20
5.36700
 42
1.0
  0
SEQEND
  8
2DLINES_4
  0
POLYLINE
 5
204B
  8
2DLINES_4
 66
1
 70
1
 40
0.050000
 41
0.050000
  0
VERTEX
 5
204C
  8
2DLINES_4
 10
-44.25300
 20
4.76700
 42
1.0
  0
VERTEX
 5
204D
  8
2DLINES_4
 10
-44.20300
 20
4.76700
 42
1.0
  0
SEQEND
  8
2DLINES_4
  0
POLYLINE
 5
204E
  8
2DLINES_4
 66
1
 40
0.100000
 41
0.100000
  0
VERTEX
 5
204F
  8
2DLINES_4
 10
-44.22800
 20
4.76700
  0
VERTEX
 5
2050
  8
2DLINES_4
 10
-44.54050
 20
5.07950
  0
SEQEND
  8
2DLINES_4
  0
POLYLINE
 5
2051
  8
2DLINES_4
 66
1
 70
1
 40
0.050000
 41
0.050000
  0
VERTEX
 5
2052
  8
2DLINES_4
 10
-44.25300
 20
4.76700
 42
1.0
  0
VERTEX
 5
2053
  8
2DLINES_4
 10
-44.20300
 20
4.76700
 42
1.0
  0
SEQEND
  8
2DLINES_4
  0
POLYLINE
 5
2054
  8
2DLINES_4
 66
1
 70
1
 40
0.050000
 41
0.050000
  0
VERTEX
 5
2055
  8
2DLINES_4
 10
-44.56550
 20
5.07950
 42
1.0
  0
VERTEX
 5
2056
  8
2DLINES_4
 10
-44.51550
 20
5.07950
 42
1.0
  0
SEQEND
  8
2DLINES_4
  0
POLYLINE
 5
2057
  8
PLACEMENT_OUTLINE_BOTTOM
 66
1
 40
0.025400
 41
0.025400
  0
VERTEX
 5
2058
  8
PLACEMENT_OUTLINE_BOTTOM
 10
-42.80300
 20
4.51700
  0
VERTEX
 5
2059
  8
PLACEMENT_OUTLINE_BOTTOM
 10
-42.80300
 20
5.61700
  0
SEQEND
  8
PLACEMENT_OUTLINE_BOTTOM
  0
POLYLINE
 5
205A
  8
PLACEMENT_OUTLINE_BOTTOM
 66
1
 70
1
 40
0.012700
 41
0.012700
  0
VERTEX
 5
205B
  8
PLACEMENT_OUTLINE_BOTTOM
 10
-42.80935
 20
4.51700
 42
1.0
  0
VERTEX
 5
205C
  8
PLACEMENT_OUTLINE_BOTTOM
 10
-42.79665
 20
4.51700
 42
1.0
  0
SEQEND
  8
PLACEMENT_OUTLINE_BOTTOM
  0
POLYLINE
 5
205D
  8
PLACEMENT_OUTLINE_BOTTOM
 66
1
 70
1
 40
0.012700
 41
0.012700
  0
VERTEX
 5
205E
  8
PLACEMENT_OUTLINE_BOTTOM
 10
-42.80935
 20
5.61700
 42
1.0
  0
VERTEX
 5
205F
  8
PLACEMENT_OUTLINE_BOTTOM
 10
-42.79665
 20
5.61700
 42
1.0
  0
SEQEND
  8
PLACEMENT_OUTLINE_BOTTOM
  0
POLYLINE
 5
2060
  8
PLACEMENT_OUTLINE_BOTTOM
 66
1
 40
0.025400
 41
0.025400
  0
VERTEX
 5
2061
  8
PLACEMENT_OUTLINE_BOTTOM
 10
-42.80300
 20
5.61700
  0
VERTEX
 5
2062
  8
PLACEMENT_OUTLINE_BOTTOM
 10
-45.90300
 20
5.61700
  0
SEQEND
  8
PLACEMENT_OUTLINE_BOTTOM
  0
POLYLINE
 5
2063
  8
PLACEMENT_OUTLINE_BOTTOM
 66
1
 70
1
 40
0.012700
 41
0.012700
  0
VERTEX
 5
2064
  8
PLACEMENT_OUTLINE_BOTTOM
 10
-42.80935
 20
5.61700
 42
1.0
  0
VERTEX
 5
2065
  8
PLACEMENT_OUTLINE_BOTTOM
 10
-42.79665
 20
5.61700
 42
1.0
  0
SEQEND
  8
PLACEMENT_OUTLINE_BOTTOM
  0
POLYLINE
 5
2066
  8
PLACEMENT_OUTLINE_BOTTOM
 66
1
 70
1
 40
0.012700
 41
0.012700
  0
VERTEX
 5
2067
  8
PLACEMENT_OUTLINE_BOTTOM
 10
-45.90935
 20
5.61700
 42
1.0
  0
VERTEX
 5
2068
  8
PLACEMENT_OUTLINE_BOTTOM
 10
-45.89665
 20
5.61700
 42
1.0
  0
SEQEND
  8
PLACEMENT_OUTLINE_BOTTOM
  0
POLYLINE
 5
2069
  8
PLACEMENT_OUTLINE_BOTTOM
 66
1
 40
0.025400
 41
0.025400
  0
VERTEX
 5
206A
  8
PLACEMENT_OUTLINE_BOTTOM
 10
-45.90300
 20
5.61700
  0
VERTEX
 5
206B
  8
PLACEMENT_OUTLINE_BOTTOM
 10
-45.90300
 20
4.51700
  0
SEQEND
  8
PLACEMENT_OUTLINE_BOTTOM
  0
POLYLINE
 5
206C
  8
PLACEMENT_OUTLINE_BOTTOM
 66
1
 70
1
 40
0.012700
 41
0.012700
  0
VERTEX
 5
206D
  8
PLACEMENT_OUTLINE_BOTTOM
 10
-45.90935
 20
5.61700
 42
1.0
  0
VERTEX
 5
206E
  8
PLACEMENT_OUTLINE_BOTTOM
 10
-45.89665
 20
5.61700
 42
1.0
  0
SEQEND
  8
PLACEMENT_OUTLINE_BOTTOM
  0
POLYLINE
 5
206F
  8
PLACEMENT_OUTLINE_BOTTOM
 66
1
 70
1
 40
0.012700
 41
0.012700
  0
VERTEX
 5
2070
  8
PLACEMENT_OUTLINE_BOTTOM
 10
-45.90935
 20
4.51700
 42
1.0
  0
VERTEX
 5
2071
  8
PLACEMENT_OUTLINE_BOTTOM
 10
-45.89665
 20
4.51700
 42
1.0
  0
SEQEND
  8
PLACEMENT_OUTLINE_BOTTOM
  0
POLYLINE
 5
2072
  8
PLACEMENT_OUTLINE_BOTTOM
 66
1
 40
0.025400
 41
0.025400
  0
VERTEX
 5
2073
  8
PLACEMENT_OUTLINE_BOTTOM
 10
-45.90300
 20
4.51700
  0
VERTEX
 5
2074
  8
PLACEMENT_OUTLINE_BOTTOM
 10
-42.80300
 20
4.51700
  0
SEQEND
  8
PLACEMENT_OUTLINE_BOTTOM
  0
POLYLINE
 5
2075
  8
PLACEMENT_OUTLINE_BOTTOM
 66
1
 70
1
 40
0.012700
 41
0.012700
  0
VERTEX
 5
2076
  8
PLACEMENT_OUTLINE_BOTTOM
 10
-45.90935
 20
4.51700
 42
1.0
  0
VERTEX
 5
2077
  8
PLACEMENT_OUTLINE_BOTTOM
 10
-45.89665
 20
4.51700
 42
1.0
  0
SEQEND
  8
PLACEMENT_OUTLINE_BOTTOM
  0
POLYLINE
 5
2078
  8
PLACEMENT_OUTLINE_BOTTOM
 66
1
 70
1
 40
0.012700
 41
0.012700
  0
VERTEX
 5
2079
  8
PLACEMENT_OUTLINE_BOTTOM
 10
-42.80935
 20
4.51700
 42
1.0
  0
VERTEX
 5
207A
  8
PLACEMENT_OUTLINE_BOTTOM
 10
-42.79665
 20
4.51700
 42
1.0
  0
SEQEND
  8
PLACEMENT_OUTLINE_BOTTOM
  0
SOLID
 5
207B
  8
PADLAYER_BOTTOM
 10
-43.90300
 20
4.51700
 11
-42.80300
 21
4.51700
 12
-43.90300
 22
5.61700
 13
-42.80300
 23
5.61700
  0
SOLID
 5
207C
  8
PADLAYER_BOTTOM
 10
-45.90300
 20
4.51700
 11
-44.80300
 21
4.51700
 12
-45.90300
 22
5.61700
 13
-44.80300
 23
5.61700
  0
POLYLINE
 5
207D
  8
2DLINES_4
 66
1
 40
0.100000
 41
0.100000
  0
VERTEX
 5
207E
  8
2DLINES_4
 10
-44.55300
 20
10.46700
  0
VERTEX
 5
207F
  8
2DLINES_4
 10
-44.55300
 20
9.66700
  0
SEQEND
  8
2DLINES_4
  0
POLYLINE
 5
2080
  8
2DLINES_4
 66
1
 70
1
 40
0.050000
 41
0.050000
  0
VERTEX
 5
2081
  8
2DLINES_4
 10
-44.57800
 20
10.46700
 42
1.0
  0
VERTEX
 5
2082
  8
2DLINES_4
 10
-44.52800
 20
10.46700
 42
1.0
  0
SEQEND
  8
2DLINES_4
  0
POLYLINE
 5
2083
  8
2DLINES_4
 66
1
 70
1
 40
0.050000
 41
0.050000
  0
VERTEX
 5
2084
  8
2DLINES_4
 10
-44.57800
 20
9.66700
 42
1.0
  0
VERTEX
 5
2085
  8
2DLINES_4
 10
-44.52800
 20
9.66700
 42
1.0
  0
SEQEND
  8
2DLINES_4
  0
POLYLINE
 5
2086
  8
2DLINES_4
 66
1
 40
0.100000
 41
0.100000
  0
VERTEX
 5
2087
  8
2DLINES_4
 10
-44.55300
 20
10.06700
  0
VERTEX
 5
2088
  8
2DLINES_4
 10
-44.22800
 20
10.36700
  0
SEQEND
  8
2DLINES_4
  0
POLYLINE
 5
2089
  8
2DLINES_4
 66
1
 70
1
 40
0.050000
 41
0.050000
  0
VERTEX
 5
208A
  8
2DLINES_4
 10
-44.57800
 20
10.06700
 42
1.0
  0
VERTEX
 5
208B
  8
2DLINES_4
 10
-44.52800
 20
10.06700
 42
1.0
  0
SEQEND
  8
2DLINES_4
  0
POLYLINE
 5
208C
  8
2DLINES_4
 66
1
 70
1
 40
0.050000
 41
0.050000
  0
VERTEX
 5
208D
  8
2DLINES_4
 10
-44.25300
 20
10.36700
 42
1.0
  0
VERTEX
 5
208E
  8
2DLINES_4
 10
-44.20300
 20
10.36700
 42
1.0
  0
SEQEND
  8
2DLINES_4
  0
POLYLINE
 5
208F
  8
2DLINES_4
 66
1
 40
0.100000
 41
0.100000
  0
VERTEX
 5
2090
  8
2DLINES_4
 10
-44.22800
 20
10.36700
  0
VERTEX
 5
2091
  8
2DLINES_4
 10
-44.22800
 20
9.76700
  0
SEQEND
  8
2DLINES_4
  0
POLYLINE
 5
2092
  8
2DLINES_4
 66
1
 70
1
 40
0.050000
 41
0.050000
  0
VERTEX
 5
2093
  8
2DLINES_4
 10
-44.25300
 20
10.36700
 42
1.0
  0
VERTEX
 5
2094
  8
2DLINES_4
 10
-44.20300
 20
10.36700
 42
1.0
  0
SEQEND
  8
2DLINES_4
  0
POLYLINE
 5
2095
  8
2DLINES_4
 66
1
 70
1
 40
0.050000
 41
0.050000
  0
VERTEX
 5
2096
  8
2DLINES_4
 10
-44.25300
 20
9.76700
 42
1.0
  0
VERTEX
 5
2097
  8
2DLINES_4
 10
-44.20300
 20
9.76700
 42
1.0
  0
SEQEND
  8
2DLINES_4
  0
POLYLINE
 5
2098
  8
2DLINES_4
 66
1
 40
0.100000
 41
0.100000
  0
VERTEX
 5
2099
  8
2DLINES_4
 10
-44.22800
 20
9.76700
  0
VERTEX
 5
209A
  8
2DLINES_4
 10
-44.54050
 20
10.07950
  0
SEQEND
  8
2DLINES_4
  0
POLYLINE
 5
209B
  8
2DLINES_4
 66
1
 70
1
 40
0.050000
 41
0.050000
  0
VERTEX
 5
209C
  8
2DLINES_4
 10
-44.25300
 20
9.76700
 42
1.0
  0
VERTEX
 5
209D
  8
2DLINES_4
 10
-44.20300
 20
9.76700
 42
1.0
  0
SEQEND
  8
2DLINES_4
  0
POLYLINE
 5
209E
  8
2DLINES_4
 66
1
 70
1
 40
0.050000
 41
0.050000
  0
VERTEX
 5
209F
  8
2DLINES_4
 10
-44.56550
 20
10.07950
 42
1.0
  0
VERTEX
 5
20A0
  8
2DLINES_4
 10
-44.51550
 20
10.07950
 42
1.0
  0
SEQEND
  8
2DLINES_4
  0
POLYLINE
 5
20A1
  8
PLACEMENT_OUTLINE_BOTTOM
 66
1
 40
0.025400
 41
0.025400
  0
VERTEX
 5
20A2
  8
PLACEMENT_OUTLINE_BOTTOM
 10
-42.80300
 20
9.51700
  0
VERTEX
 5
20A3
  8
PLACEMENT_OUTLINE_BOTTOM
 10
-42.80300
 20
10.61700
  0
SEQEND
  8
PLACEMENT_OUTLINE_BOTTOM
  0
POLYLINE
 5
20A4
  8
PLACEMENT_OUTLINE_BOTTOM
 66
1
 70
1
 40
0.012700
 41
0.012700
  0
VERTEX
 5
20A5
  8
PLACEMENT_OUTLINE_BOTTOM
 10
-42.80935
 20
9.51700
 42
1.0
  0
VERTEX
 5
20A6
  8
PLACEMENT_OUTLINE_BOTTOM
 10
-42.79665
 20
9.51700
 42
1.0
  0
SEQEND
  8
PLACEMENT_OUTLINE_BOTTOM
  0
POLYLINE
 5
20A7
  8
PLACEMENT_OUTLINE_BOTTOM
 66
1
 70
1
 40
0.012700
 41
0.012700
  0
VERTEX
 5
20A8
  8
PLACEMENT_OUTLINE_BOTTOM
 10
-42.80935
 20
10.61700
 42
1.0
  0
VERTEX
 5
20A9
  8
PLACEMENT_OUTLINE_BOTTOM
 10
-42.79665
 20
10.61700
 42
1.0
  0
SEQEND
  8
PLACEMENT_OUTLINE_BOTTOM
  0
POLYLINE
 5
20AA
  8
PLACEMENT_OUTLINE_BOTTOM
 66
1
 40
0.025400
 41
0.025400
  0
VERTEX
 5
20AB
  8
PLACEMENT_OUTLINE_BOTTOM
 10
-42.80300
 20
10.61700
  0
VERTEX
 5
20AC
  8
PLACEMENT_OUTLINE_BOTTOM
 10
-45.90300
 20
10.61700
  0
SEQEND
  8
PLACEMENT_OUTLINE_BOTTOM
  0
POLYLINE
 5
20AD
  8
PLACEMENT_OUTLINE_BOTTOM
 66
1
 70
1
 40
0.012700
 41
0.012700
  0
VERTEX
 5
20AE
  8
PLACEMENT_OUTLINE_BOTTOM
 10
-42.80935
 20
10.61700
 42
1.0
  0
VERTEX
 5
20AF
  8
PLACEMENT_OUTLINE_BOTTOM
 10
-42.79665
 20
10.61700
 42
1.0
  0
SEQEND
  8
PLACEMENT_OUTLINE_BOTTOM
  0
POLYLINE
 5
20B0
  8
PLACEMENT_OUTLINE_BOTTOM
 66
1
 70
1
 40
0.012700
 41
0.012700
  0
VERTEX
 5
20B1
  8
PLACEMENT_OUTLINE_BOTTOM
 10
-45.90935
 20
10.61700
 42
1.0
  0
VERTEX
 5
20B2
  8
PLACEMENT_OUTLINE_BOTTOM
 10
-45.89665
 20
10.61700
 42
1.0
  0
SEQEND
  8
PLACEMENT_OUTLINE_BOTTOM
  0
POLYLINE
 5
20B3
  8
PLACEMENT_OUTLINE_BOTTOM
 66
1
 40
0.025400
 41
0.025400
  0
VERTEX
 5
20B4
  8
PLACEMENT_OUTLINE_BOTTOM
 10
-45.90300
 20
10.61700
  0
VERTEX
 5
20B5
  8
PLACEMENT_OUTLINE_BOTTOM
 10
-45.90300
 20
9.51700
  0
SEQEND
  8
PLACEMENT_OUTLINE_BOTTOM
  0
POLYLINE
 5
20B6
  8
PLACEMENT_OUTLINE_BOTTOM
 66
1
 70
1
 40
0.012700
 41
0.012700
  0
VERTEX
 5
20B7
  8
PLACEMENT_OUTLINE_BOTTOM
 10
-45.90935
 20
10.61700
 42
1.0
  0
VERTEX
 5
20B8
  8
PLACEMENT_OUTLINE_BOTTOM
 10
-45.89665
 20
10.61700
 42
1.0
  0
SEQEND
  8
PLACEMENT_OUTLINE_BOTTOM
  0
POLYLINE
 5
20B9
  8
PLACEMENT_OUTLINE_BOTTOM
 66
1
 70
1
 40
0.012700
 41
0.012700
  0
VERTEX
 5
20BA
  8
PLACEMENT_OUTLINE_BOTTOM
 10
-45.90935
 20
9.51700
 42
1.0
  0
VERTEX
 5
20BB
  8
PLACEMENT_OUTLINE_BOTTOM
 10
-45.89665
 20
9.51700
 42
1.0
  0
SEQEND
  8
PLACEMENT_OUTLINE_BOTTOM
  0
POLYLINE
 5
20BC
  8
PLACEMENT_OUTLINE_BOTTOM
 66
1
 40
0.025400
 41
0.025400
  0
VERTEX
 5
20BD
  8
PLACEMENT_OUTLINE_BOTTOM
 10
-45.90300
 20
9.51700
  0
VERTEX
 5
20BE
  8
PLACEMENT_OUTLINE_BOTTOM
 10
-42.80300
 20
9.51700
  0
SEQEND
  8
PLACEMENT_OUTLINE_BOTTOM
  0
POLYLINE
 5
20BF
  8
PLACEMENT_OUTLINE_BOTTOM
 66
1
 70
1
 40
0.012700
 41
0.012700
  0
VERTEX
 5
20C0
  8
PLACEMENT_OUTLINE_BOTTOM
 10
-45.90935
 20
9.51700
 42
1.0
  0
VERTEX
 5
20C1
  8
PLACEMENT_OUTLINE_BOTTOM
 10
-45.89665
 20
9.51700
 42
1.0
  0
SEQEND
  8
PLACEMENT_OUTLINE_BOTTOM
  0
POLYLINE
 5
20C2
  8
PLACEMENT_OUTLINE_BOTTOM
 66
1
 70
1
 40
0.012700
 41
0.012700
  0
VERTEX
 5
20C3
  8
PLACEMENT_OUTLINE_BOTTOM
 10
-42.80935
 20
9.51700
 42
1.0
  0
VERTEX
 5
20C4
  8
PLACEMENT_OUTLINE_BOTTOM
 10
-42.79665
 20
9.51700
 42
1.0
  0
SEQEND
  8
PLACEMENT_OUTLINE_BOTTOM
  0
SOLID
 5
20C5
  8
PADLAYER_BOTTOM
 10
-43.90300
 20
9.51700
 11
-42.80300
 21
9.51700
 12
-43.90300
 22
10.61700
 13
-42.80300
 23
10.61700
  0
SOLID
 5
20C6
  8
PADLAYER_BOTTOM
 10
-45.90300
 20
9.51700
 11
-44.80300
 21
9.51700
 12
-45.90300
 22
10.61700
 13
-44.80300
 23
10.61700
  0
POLYLINE
 5
20C7
  8
2DLINES_1
 66
1
 40
0.100000
 41
0.100000
  0
VERTEX
 5
20C8
  8
2DLINES_1
 10
-43.44000
 20
87.46000
  0
VERTEX
 5
20C9
  8
2DLINES_1
 10
-44.24000
 20
87.46000
  0
SEQEND
  8
2DLINES_1
  0
POLYLINE
 5
20CA
  8
2DLINES_1
 66
1
 70
1
 40
0.050000
 41
0.050000
  0
VERTEX
 5
20CB
  8
2DLINES_1
 10
-43.46500
 20
87.46000
 42
1.0
  0
VERTEX
 5
20CC
  8
2DLINES_1
 10
-43.41500
 20
87.46000
 42
1.0
  0
SEQEND
  8
2DLINES_1
  0
POLYLINE
 5
20CD
  8
2DLINES_1
 66
1
 70
1
 40
0.050000
 41
0.050000
  0
VERTEX
 5
20CE
  8
2DLINES_1
 10
-44.26500
 20
87.46000
 42
1.0
  0
VERTEX
 5
20CF
  8
2DLINES_1
 10
-44.21500
 20
87.46000
 42
1.0
  0
SEQEND
  8
2DLINES_1
  0
POLYLINE
 5
20D0
  8
2DLINES_1
 66
1
 40
0.100000
 41
0.100000
  0
VERTEX
 5
20D1
  8
2DLINES_1
 10
-43.84000
 20
87.46000
  0
VERTEX
 5
20D2
  8
2DLINES_1
 10
-43.54000
 20
87.78500
  0
SEQEND
  8
2DLINES_1
  0
POLYLINE
 5
20D3
  8
2DLINES_1
 66
1
 70
1
 40
0.050000
 41
0.050000
  0
VERTEX
 5
20D4
  8
2DLINES_1
 10
-43.86500
 20
87.46000
 42
1.0
  0
VERTEX
 5
20D5
  8
2DLINES_1
 10
-43.81500
 20
87.46000
 42
1.0
  0
SEQEND
  8
2DLINES_1
  0
POLYLINE
 5
20D6
  8
2DLINES_1
 66
1
 70
1
 40
0.050000
 41
0.050000
  0
VERTEX
 5
20D7
  8
2DLINES_1
 10
-43.56500
 20
87.78500
 42
1.0
  0
VERTEX
 5
20D8
  8
2DLINES_1
 10
-43.51500
 20
87.78500
 42
1.0
  0
SEQEND
  8
2DLINES_1
  0
POLYLINE
 5
20D9
  8
2DLINES_1
 66
1
 40
0.100000
 41
0.100000
  0
VERTEX
 5
20DA
  8
2DLINES_1
 10
-43.54000
 20
87.78500
  0
VERTEX
 5
20DB
  8
2DLINES_1
 10
-44.14000
 20
87.78500
  0
SEQEND
  8
2DLINES_1
  0
POLYLINE
 5
20DC
  8
2DLINES_1
 66
1
 70
1
 40
0.050000
 41
0.050000
  0
VERTEX
 5
20DD
  8
2DLINES_1
 10
-43.56500
 20
87.78500
 42
1.0
  0
VERTEX
 5
20DE
  8
2DLINES_1
 10
-43.51500
 20
87.78500
 42
1.0
  0
SEQEND
  8
2DLINES_1
  0
POLYLINE
 5
20DF
  8
2DLINES_1
 66
1
 70
1
 40
0.050000
 41
0.050000
  0
VERTEX
 5
20E0
  8
2DLINES_1
 10
-44.16500
 20
87.78500
 42
1.0
  0
VERTEX
 5
20E1
  8
2DLINES_1
 10
-44.11500
 20
87.78500
 42
1.0
  0
SEQEND
  8
2DLINES_1
  0
POLYLINE
 5
20E2
  8
2DLINES_1
 66
1
 40
0.100000
 41
0.100000
  0
VERTEX
 5
20E3
  8
2DLINES_1
 10
-44.14000
 20
87.78500
  0
VERTEX
 5
20E4
  8
2DLINES_1
 10
-43.82750
 20
87.47250
  0
SEQEND
  8
2DLINES_1
  0
POLYLINE
 5
20E5
  8
2DLINES_1
 66
1
 70
1
 40
0.050000
 41
0.050000
  0
VERTEX
 5
20E6
  8
2DLINES_1
 10
-44.16500
 20
87.78500
 42
1.0
  0
VERTEX
 5
20E7
  8
2DLINES_1
 10
-44.11500
 20
87.78500
 42
1.0
  0
SEQEND
  8
2DLINES_1
  0
POLYLINE
 5
20E8
  8
2DLINES_1
 66
1
 70
1
 40
0.050000
 41
0.050000
  0
VERTEX
 5
20E9
  8
2DLINES_1
 10
-43.85250
 20
87.47250
 42
1.0
  0
VERTEX
 5
20EA
  8
2DLINES_1
 10
-43.80250
 20
87.47250
 42
1.0
  0
SEQEND
  8
2DLINES_1
  0
POLYLINE
 5
20EB
  8
PLACEMENT_OUTLINE_TOP
 66
1
 40
0.025400
 41
0.025400
  0
VERTEX
 5
20EC
  8
PLACEMENT_OUTLINE_TOP
 10
-44.39000
 20
89.21000
  0
VERTEX
 5
20ED
  8
PLACEMENT_OUTLINE_TOP
 10
-43.29000
 20
89.21000
  0
SEQEND
  8
PLACEMENT_OUTLINE_TOP
  0
POLYLINE
 5
20EE
  8
PLACEMENT_OUTLINE_TOP
 66
1
 70
1
 40
0.012700
 41
0.012700
  0
VERTEX
 5
20EF
  8
PLACEMENT_OUTLINE_TOP
 10
-44.39635
 20
89.21000
 42
1.0
  0
VERTEX
 5
20F0
  8
PLACEMENT_OUTLINE_TOP
 10
-44.38365
 20
89.21000
 42
1.0
  0
SEQEND
  8
PLACEMENT_OUTLINE_TOP
  0
POLYLINE
 5
20F1
  8
PLACEMENT_OUTLINE_TOP
 66
1
 70
1
 40
0.012700
 41
0.012700
  0
VERTEX
 5
20F2
  8
PLACEMENT_OUTLINE_TOP
 10
-43.29635
 20
89.21000
 42
1.0
  0
VERTEX
 5
20F3
  8
PLACEMENT_OUTLINE_TOP
 10
-43.28365
 20
89.21000
 42
1.0
  0
SEQEND
  8
PLACEMENT_OUTLINE_TOP
  0
POLYLINE
 5
20F4
  8
PLACEMENT_OUTLINE_TOP
 66
1
 40
0.025400
 41
0.025400
  0
VERTEX
 5
20F5
  8
PLACEMENT_OUTLINE_TOP
 10
-43.29000
 20
89.21000
  0
VERTEX
 5
20F6
  8
PLACEMENT_OUTLINE_TOP
 10
-43.29000
 20
86.11000
  0
SEQEND
  8
PLACEMENT_OUTLINE_TOP
  0
POLYLINE
 5
20F7
  8
PLACEMENT_OUTLINE_TOP
 66
1
 70
1
 40
0.012700
 41
0.012700
  0
VERTEX
 5
20F8
  8
PLACEMENT_OUTLINE_TOP
 10
-43.29635
 20
89.21000
 42
1.0
  0
VERTEX
 5
20F9
  8
PLACEMENT_OUTLINE_TOP
 10
-43.28365
 20
89.21000
 42
1.0
  0
SEQEND
  8
PLACEMENT_OUTLINE_TOP
  0
POLYLINE
 5
20FA
  8
PLACEMENT_OUTLINE_TOP
 66
1
 70
1
 40
0.012700
 41
0.012700
  0
VERTEX
 5
20FB
  8
PLACEMENT_OUTLINE_TOP
 10
-43.29635
 20
86.11000
 42
1.0
  0
VERTEX
 5
20FC
  8
PLACEMENT_OUTLINE_TOP
 10
-43.28365
 20
86.11000
 42
1.0
  0
SEQEND
  8
PLACEMENT_OUTLINE_TOP
  0
POLYLINE
 5
20FD
  8
PLACEMENT_OUTLINE_TOP
 66
1
 40
0.025400
 41
0.025400
  0
VERTEX
 5
20FE
  8
PLACEMENT_OUTLINE_TOP
 10
-43.29000
 20
86.11000
  0
VERTEX
 5
20FF
  8
PLACEMENT_OUTLINE_TOP
 10
-44.39000
 20
86.11000
  0
SEQEND
  8
PLACEMENT_OUTLINE_TOP
  0
POLYLINE
 5
2100
  8
PLACEMENT_OUTLINE_TOP
 66
1
 70
1
 40
0.012700
 41
0.012700
  0
VERTEX
 5
2101
  8
PLACEMENT_OUTLINE_TOP
 10
-43.29635
 20
86.11000
 42
1.0
  0
VERTEX
 5
2102
  8
PLACEMENT_OUTLINE_TOP
 10
-43.28365
 20
86.11000
 42
1.0
  0
SEQEND
  8
PLACEMENT_OUTLINE_TOP
  0
POLYLINE
 5
2103
  8
PLACEMENT_OUTLINE_TOP
 66
1
 70
1
 40
0.012700
 41
0.012700
  0
VERTEX
 5
2104
  8
PLACEMENT_OUTLINE_TOP
 10
-44.39635
 20
86.11000
 42
1.0
  0
VERTEX
 5
2105
  8
PLACEMENT_OUTLINE_TOP
 10
-44.38365
 20
86.11000
 42
1.0
  0
SEQEND
  8
PLACEMENT_OUTLINE_TOP
  0
POLYLINE
 5
2106
  8
PLACEMENT_OUTLINE_TOP
 66
1
 40
0.025400
 41
0.025400
  0
VERTEX
 5
2107
  8
PLACEMENT_OUTLINE_TOP
 10
-44.39000
 20
86.11000
  0
VERTEX
 5
2108
  8
PLACEMENT_OUTLINE_TOP
 10
-44.39000
 20
89.21000
  0
SEQEND
  8
PLACEMENT_OUTLINE_TOP
  0
POLYLINE
 5
2109
  8
PLACEMENT_OUTLINE_TOP
 66
1
 70
1
 40
0.012700
 41
0.012700
  0
VERTEX
 5
210A
  8
PLACEMENT_OUTLINE_TOP
 10
-44.39635
 20
86.11000
 42
1.0
  0
VERTEX
 5
210B
  8
PLACEMENT_OUTLINE_TOP
 10
-44.38365
 20
86.11000
 42
1.0
  0
SEQEND
  8
PLACEMENT_OUTLINE_TOP
  0
POLYLINE
 5
210C
  8
PLACEMENT_OUTLINE_TOP
 66
1
 70
1
 40
0.012700
 41
0.012700
  0
VERTEX
 5
210D
  8
PLACEMENT_OUTLINE_TOP
 10
-44.39635
 20
89.21000
 42
1.0
  0
VERTEX
 5
210E
  8
PLACEMENT_OUTLINE_TOP
 10
-44.38365
 20
89.21000
 42
1.0
  0
SEQEND
  8
PLACEMENT_OUTLINE_TOP
  0
SOLID
 5
210F
  8
PADLAYER_TOP
 10
-44.39000
 20
89.21000
 11
-44.39000
 21
88.11000
 12
-43.29000
 22
89.21000
 13
-43.29000
 23
88.11000
  0
SOLID
 5
2110
  8
LAYNR1
 10
-44.34000
 20
89.16000
 11
-44.34000
 21
88.16000
 12
-43.34000
 22
89.16000
 13
-43.34000
 23
88.16000
  0
SOLID
 5
2111
  8
PADLAYER_TOP
 10
-44.39000
 20
87.21000
 11
-44.39000
 21
86.11000
 12
-43.29000
 22
87.21000
 13
-43.29000
 23
86.11000
  0
SOLID
 5
2112
  8
LAYNR1
 10
-44.34000
 20
87.16000
 11
-44.34000
 21
86.16000
 12
-43.34000
 22
87.16000
 13
-43.34000
 23
86.16000
  0
POLYLINE
 5
2113
  8
2DLINES_1
 66
1
 40
0.100000
 41
0.100000
  0
VERTEX
 5
2114
  8
2DLINES_1
 10
-48.67000
 20
-0.53000
  0
VERTEX
 5
2115
  8
2DLINES_1
 10
-49.47000
 20
-0.53000
  0
SEQEND
  8
2DLINES_1
  0
POLYLINE
 5
2116
  8
2DLINES_1
 66
1
 70
1
 40
0.050000
 41
0.050000
  0
VERTEX
 5
2117
  8
2DLINES_1
 10
-48.69500
 20
-0.53000
 42
1.0
  0
VERTEX
 5
2118
  8
2DLINES_1
 10
-48.64500
 20
-0.53000
 42
1.0
  0
SEQEND
  8
2DLINES_1
  0
POLYLINE
 5
2119
  8
2DLINES_1
 66
1
 70
1
 40
0.050000
 41
0.050000
  0
VERTEX
 5
211A
  8
2DLINES_1
 10
-49.49500
 20
-0.53000
 42
1.0
  0
VERTEX
 5
211B
  8
2DLINES_1
 10
-49.44500
 20
-0.53000
 42
1.0
  0
SEQEND
  8
2DLINES_1
  0
POLYLINE
 5
211C
  8
2DLINES_1
 66
1
 40
0.100000
 41
0.100000
  0
VERTEX
 5
211D
  8
2DLINES_1
 10
-49.07000
 20
-0.53000
  0
VERTEX
 5
211E
  8
2DLINES_1
 10
-48.77000
 20
-0.20500
  0
SEQEND
  8
2DLINES_1
  0
POLYLINE
 5
211F
  8
2DLINES_1
 66
1
 70
1
 40
0.050000
 41
0.050000
  0
VERTEX
 5
2120
  8
2DLINES_1
 10
-49.09500
 20
-0.53000
 42
1.0
  0
VERTEX
 5
2121
  8
2DLINES_1
 10
-49.04500
 20
-0.53000
 42
1.0
  0
SEQEND
  8
2DLINES_1
  0
POLYLINE
 5
2122
  8
2DLINES_1
 66
1
 70
1
 40
0.050000
 41
0.050000
  0
VERTEX
 5
2123
  8
2DLINES_1
 10
-48.79500
 20
-0.20500
 42
1.0
  0
VERTEX
 5
2124
  8
2DLINES_1
 10
-48.74500
 20
-0.20500
 42
1.0
  0
SEQEND
  8
2DLINES_1
  0
POLYLINE
 5
2125
  8
2DLINES_1
 66
1
 40
0.100000
 41
0.100000
  0
VERTEX
 5
2126
  8
2DLINES_1
 10
-48.77000
 20
-0.20500
  0
VERTEX
 5
2127
  8
2DLINES_1
 10
-49.37000
 20
-0.20500
  0
SEQEND
  8
2DLINES_1
  0
POLYLINE
 5
2128
  8
2DLINES_1
 66
1
 70
1
 40
0.050000
 41
0.050000
  0
VERTEX
 5
2129
  8
2DLINES_1
 10
-48.79500
 20
-0.20500
 42
1.0
  0
VERTEX
 5
212A
  8
2DLINES_1
 10
-48.74500
 20
-0.20500
 42
1.0
  0
SEQEND
  8
2DLINES_1
  0
POLYLINE
 5
212B
  8
2DLINES_1
 66
1
 70
1
 40
0.050000
 41
0.050000
  0
VERTEX
 5
212C
  8
2DLINES_1
 10
-49.39500
 20
-0.20500
 42
1.0
  0
VERTEX
 5
212D
  8
2DLINES_1
 10
-49.34500
 20
-0.20500
 42
1.0
  0
SEQEND
  8
2DLINES_1
  0
POLYLINE
 5
212E
  8
2DLINES_1
 66
1
 40
0.100000
 41
0.100000
  0
VERTEX
 5
212F
  8
2DLINES_1
 10
-49.37000
 20
-0.20500
  0
VERTEX
 5
2130
  8
2DLINES_1
 10
-49.05750
 20
-0.51750
  0
SEQEND
  8
2DLINES_1
  0
POLYLINE
 5
2131
  8
2DLINES_1
 66
1
 70
1
 40
0.050000
 41
0.050000
  0
VERTEX
 5
2132
  8
2DLINES_1
 10
-49.39500
 20
-0.20500
 42
1.0
  0
VERTEX
 5
2133
  8
2DLINES_1
 10
-49.34500
 20
-0.20500
 42
1.0
  0
SEQEND
  8
2DLINES_1
  0
POLYLINE
 5
2134
  8
2DLINES_1
 66
1
 70
1
 40
0.050000
 41
0.050000
  0
VERTEX
 5
2135
  8
2DLINES_1
 10
-49.08250
 20
-0.51750
 42
1.0
  0
VERTEX
 5
2136
  8
2DLINES_1
 10
-49.03250
 20
-0.51750
 42
1.0
  0
SEQEND
  8
2DLINES_1
  0
POLYLINE
 5
2137
  8
PLACEMENT_OUTLINE_TOP
 66
1
 40
0.025400
 41
0.025400
  0
VERTEX
 5
2138
  8
PLACEMENT_OUTLINE_TOP
 10
-49.62000
 20
1.22000
  0
VERTEX
 5
2139
  8
PLACEMENT_OUTLINE_TOP
 10
-48.52000
 20
1.22000
  0
SEQEND
  8
PLACEMENT_OUTLINE_TOP
  0
POLYLINE
 5
213A
  8
PLACEMENT_OUTLINE_TOP
 66
1
 70
1
 40
0.012700
 41
0.012700
  0
VERTEX
 5
213B
  8
PLACEMENT_OUTLINE_TOP
 10
-49.62635
 20
1.22000
 42
1.0
  0
VERTEX
 5
213C
  8
PLACEMENT_OUTLINE_TOP
 10
-49.61365
 20
1.22000
 42
1.0
  0
SEQEND
  8
PLACEMENT_OUTLINE_TOP
  0
POLYLINE
 5
213D
  8
PLACEMENT_OUTLINE_TOP
 66
1
 70
1
 40
0.012700
 41
0.012700
  0
VERTEX
 5
213E
  8
PLACEMENT_OUTLINE_TOP
 10
-48.52635
 20
1.22000
 42
1.0
  0
VERTEX
 5
213F
  8
PLACEMENT_OUTLINE_TOP
 10
-48.51365
 20
1.22000
 42
1.0
  0
SEQEND
  8
PLACEMENT_OUTLINE_TOP
  0
POLYLINE
 5
2140
  8
PLACEMENT_OUTLINE_TOP
 66
1
 40
0.025400
 41
0.025400
  0
VERTEX
 5
2141
  8
PLACEMENT_OUTLINE_TOP
 10
-48.52000
 20
1.22000
  0
VERTEX
 5
2142
  8
PLACEMENT_OUTLINE_TOP
 10
-48.52000
 20
-1.88000
  0
SEQEND
  8
PLACEMENT_OUTLINE_TOP
  0
POLYLINE
 5
2143
  8
PLACEMENT_OUTLINE_TOP
 66
1
 70
1
 40
0.012700
 41
0.012700
  0
VERTEX
 5
2144
  8
PLACEMENT_OUTLINE_TOP
 10
-48.52635
 20
1.22000
 42
1.0
  0
VERTEX
 5
2145
  8
PLACEMENT_OUTLINE_TOP
 10
-48.51365
 20
1.22000
 42
1.0
  0
SEQEND
  8
PLACEMENT_OUTLINE_TOP
  0
POLYLINE
 5
2146
  8
PLACEMENT_OUTLINE_TOP
 66
1
 70
1
 40
0.012700
 41
0.012700
  0
VERTEX
 5
2147
  8
PLACEMENT_OUTLINE_TOP
 10
-48.52635
 20
-1.88000
 42
1.0
  0
VERTEX
 5
2148
  8
PLACEMENT_OUTLINE_TOP
 10
-48.51365
 20
-1.88000
 42
1.0
  0
SEQEND
  8
PLACEMENT_OUTLINE_TOP
  0
POLYLINE
 5
2149
  8
PLACEMENT_OUTLINE_TOP
 66
1
 40
0.025400
 41
0.025400
  0
VERTEX
 5
214A
  8
PLACEMENT_OUTLINE_TOP
 10
-48.52000
 20
-1.88000
  0
VERTEX
 5
214B
  8
PLACEMENT_OUTLINE_TOP
 10
-49.62000
 20
-1.88000
  0
SEQEND
  8
PLACEMENT_OUTLINE_TOP
  0
POLYLINE
 5
214C
  8
PLACEMENT_OUTLINE_TOP
 66
1
 70
1
 40
0.012700
 41
0.012700
  0
VERTEX
 5
214D
  8
PLACEMENT_OUTLINE_TOP
 10
-48.52635
 20
-1.88000
 42
1.0
  0
VERTEX
 5
214E
  8
PLACEMENT_OUTLINE_TOP
 10
-48.51365
 20
-1.88000
 42
1.0
  0
SEQEND
  8
PLACEMENT_OUTLINE_TOP
  0
POLYLINE
 5
214F
  8
PLACEMENT_OUTLINE_TOP
 66
1
 70
1
 40
0.012700
 41
0.012700
  0
VERTEX
 5
2150
  8
PLACEMENT_OUTLINE_TOP
 10
-49.62635
 20
-1.88000
 42
1.0
  0
VERTEX
 5
2151
  8
PLACEMENT_OUTLINE_TOP
 10
-49.61365
 20
-1.88000
 42
1.0
  0
SEQEND
  8
PLACEMENT_OUTLINE_TOP
  0
POLYLINE
 5
2152
  8
PLACEMENT_OUTLINE_TOP
 66
1
 40
0.025400
 41
0.025400
  0
VERTEX
 5
2153
  8
PLACEMENT_OUTLINE_TOP
 10
-49.62000
 20
-1.88000
  0
VERTEX
 5
2154
  8
PLACEMENT_OUTLINE_TOP
 10
-49.62000
 20
1.22000
  0
SEQEND
  8
PLACEMENT_OUTLINE_TOP
  0
POLYLINE
 5
2155
  8
PLACEMENT_OUTLINE_TOP
 66
1
 70
1
 40
0.012700
 41
0.012700
  0
VERTEX
 5
2156
  8
PLACEMENT_OUTLINE_TOP
 10
-49.62635
 20
-1.88000
 42
1.0
  0
VERTEX
 5
2157
  8
PLACEMENT_OUTLINE_TOP
 10
-49.61365
 20
-1.88000
 42
1.0
  0
SEQEND
  8
PLACEMENT_OUTLINE_TOP
  0
POLYLINE
 5
2158
  8
PLACEMENT_OUTLINE_TOP
 66
1
 70
1
 40
0.012700
 41
0.012700
  0
VERTEX
 5
2159
  8
PLACEMENT_OUTLINE_TOP
 10
-49.62635
 20
1.22000
 42
1.0
  0
VERTEX
 5
215A
  8
PLACEMENT_OUTLINE_TOP
 10
-49.61365
 20
1.22000
 42
1.0
  0
SEQEND
  8
PLACEMENT_OUTLINE_TOP
  0
SOLID
 5
215B
  8
PADLAYER_TOP
 10
-49.62000
 20
1.22000
 11
-49.62000
 21
0.12000
 12
-48.52000
 22
1.22000
 13
-48.52000
 23
0.12000
  0
SOLID
 5
215C
  8
LAYNR1
 10
-49.57000
 20
1.17000
 11
-49.57000
 21
0.17000
 12
-48.57000
 22
1.17000
 13
-48.57000
 23
0.17000
  0
SOLID
 5
215D
  8
PADLAYER_TOP
 10
-49.62000
 20
-0.78000
 11
-49.62000
 21
-1.88000
 12
-48.52000
 22
-0.78000
 13
-48.52000
 23
-1.88000
  0
SOLID
 5
215E
  8
LAYNR1
 10
-49.57000
 20
-0.83000
 11
-49.57000
 21
-1.83000
 12
-48.57000
 22
-0.83000
 13
-48.57000
 23
-1.83000
  0
POLYLINE
 5
215F
  8
2DLINES_4
 66
1
 40
0.100000
 41
0.100000
  0
VERTEX
 5
2160
  8
2DLINES_4
 10
-44.55300
 20
7.96700
  0
VERTEX
 5
2161
  8
2DLINES_4
 10
-44.55300
 20
7.16700
  0
SEQEND
  8
2DLINES_4
  0
POLYLINE
 5
2162
  8
2DLINES_4
 66
1
 70
1
 40
0.050000
 41
0.050000
  0
VERTEX
 5
2163
  8
2DLINES_4
 10
-44.57800
 20
7.96700
 42
1.0
  0
VERTEX
 5
2164
  8
2DLINES_4
 10
-44.52800
 20
7.96700
 42
1.0
  0
SEQEND
  8
2DLINES_4
  0
POLYLINE
 5
2165
  8
2DLINES_4
 66
1
 70
1
 40
0.050000
 41
0.050000
  0
VERTEX
 5
2166
  8
2DLINES_4
 10
-44.57800
 20
7.16700
 42
1.0
  0
VERTEX
 5
2167
  8
2DLINES_4
 10
-44.52800
 20
7.16700
 42
1.0
  0
SEQEND
  8
2DLINES_4
  0
POLYLINE
 5
2168
  8
2DLINES_4
 66
1
 40
0.100000
 41
0.100000
  0
VERTEX
 5
2169
  8
2DLINES_4
 10
-44.55300
 20
7.56700
  0
VERTEX
 5
216A
  8
2DLINES_4
 10
-44.22800
 20
7.86700
  0
SEQEND
  8
2DLINES_4
  0
POLYLINE
 5
216B
  8
2DLINES_4
 66
1
 70
1
 40
0.050000
 41
0.050000
  0
VERTEX
 5
216C
  8
2DLINES_4
 10
-44.57800
 20
7.56700
 42
1.0
  0
VERTEX
 5
216D
  8
2DLINES_4
 10
-44.52800
 20
7.56700
 42
1.0
  0
SEQEND
  8
2DLINES_4
  0
POLYLINE
 5
216E
  8
2DLINES_4
 66
1
 70
1
 40
0.050000
 41
0.050000
  0
VERTEX
 5
216F
  8
2DLINES_4
 10
-44.25300
 20
7.86700
 42
1.0
  0
VERTEX
 5
2170
  8
2DLINES_4
 10
-44.20300
 20
7.86700
 42
1.0
  0
SEQEND
  8
2DLINES_4
  0
POLYLINE
 5
2171
  8
2DLINES_4
 66
1
 40
0.100000
 41
0.100000
  0
VERTEX
 5
2172
  8
2DLINES_4
 10
-44.22800
 20
7.86700
  0
VERTEX
 5
2173
  8
2DLINES_4
 10
-44.22800
 20
7.26700
  0
SEQEND
  8
2DLINES_4
  0
POLYLINE
 5
2174
  8
2DLINES_4
 66
1
 70
1
 40
0.050000
 41
0.050000
  0
VERTEX
 5
2175
  8
2DLINES_4
 10
-44.25300
 20
7.86700
 42
1.0
  0
VERTEX
 5
2176
  8
2DLINES_4
 10
-44.20300
 20
7.86700
 42
1.0
  0
SEQEND
  8
2DLINES_4
  0
POLYLINE
 5
2177
  8
2DLINES_4
 66
1
 70
1
 40
0.050000
 41
0.050000
  0
VERTEX
 5
2178
  8
2DLINES_4
 10
-44.25300
 20
7.26700
 42
1.0
  0
VERTEX
 5
2179
  8
2DLINES_4
 10
-44.20300
 20
7.26700
 42
1.0
  0
SEQEND
  8
2DLINES_4
  0
POLYLINE
 5
217A
  8
2DLINES_4
 66
1
 40
0.100000
 41
0.100000
  0
VERTEX
 5
217B
  8
2DLINES_4
 10
-44.22800
 20
7.26700
  0
VERTEX
 5
217C
  8
2DLINES_4
 10
-44.54050
 20
7.57950
  0
SEQEND
  8
2DLINES_4
  0
POLYLINE
 5
217D
  8
2DLINES_4
 66
1
 70
1
 40
0.050000
 41
0.050000
  0
VERTEX
 5
217E
  8
2DLINES_4
 10
-44.25300
 20
7.26700
 42
1.0
  0
VERTEX
 5
217F
  8
2DLINES_4
 10
-44.20300
 20
7.26700
 42
1.0
  0
SEQEND
  8
2DLINES_4
  0
POLYLINE
 5
2180
  8
2DLINES_4
 66
1
 70
1
 40
0.050000
 41
0.050000
  0
VERTEX
 5
2181
  8
2DLINES_4
 10
-44.56550
 20
7.57950
 42
1.0
  0
VERTEX
 5
2182
  8
2DLINES_4
 10
-44.51550
 20
7.57950
 42
1.0
  0
SEQEND
  8
2DLINES_4
  0
POLYLINE
 5
2183
  8
PLACEMENT_OUTLINE_BOTTOM
 66
1
 40
0.025400
 41
0.025400
  0
VERTEX
 5
2184
  8
PLACEMENT_OUTLINE_BOTTOM
 10
-42.80300
 20
7.01700
  0
VERTEX
 5
2185
  8
PLACEMENT_OUTLINE_BOTTOM
 10
-42.80300
 20
8.11700
  0
SEQEND
  8
PLACEMENT_OUTLINE_BOTTOM
  0
POLYLINE
 5
2186
  8
PLACEMENT_OUTLINE_BOTTOM
 66
1
 70
1
 40
0.012700
 41
0.012700
  0
VERTEX
 5
2187
  8
PLACEMENT_OUTLINE_BOTTOM
 10
-42.80935
 20
7.01700
 42
1.0
  0
VERTEX
 5
2188
  8
PLACEMENT_OUTLINE_BOTTOM
 10
-42.79665
 20
7.01700
 42
1.0
  0
SEQEND
  8
PLACEMENT_OUTLINE_BOTTOM
  0
POLYLINE
 5
2189
  8
PLACEMENT_OUTLINE_BOTTOM
 66
1
 70
1
 40
0.012700
 41
0.012700
  0
VERTEX
 5
218A
  8
PLACEMENT_OUTLINE_BOTTOM
 10
-42.80935
 20
8.11700
 42
1.0
  0
VERTEX
 5
218B
  8
PLACEMENT_OUTLINE_BOTTOM
 10
-42.79665
 20
8.11700
 42
1.0
  0
SEQEND
  8
PLACEMENT_OUTLINE_BOTTOM
  0
POLYLINE
 5
218C
  8
PLACEMENT_OUTLINE_BOTTOM
 66
1
 40
0.025400
 41
0.025400
  0
VERTEX
 5
218D
  8
PLACEMENT_OUTLINE_BOTTOM
 10
-42.80300
 20
8.11700
  0
VERTEX
 5
218E
  8
PLACEMENT_OUTLINE_BOTTOM
 10
-45.90300
 20
8.11700
  0
SEQEND
  8
PLACEMENT_OUTLINE_BOTTOM
  0
POLYLINE
 5
218F
  8
PLACEMENT_OUTLINE_BOTTOM
 66
1
 70
1
 40
0.012700
 41
0.012700
  0
VERTEX
 5
2190
  8
PLACEMENT_OUTLINE_BOTTOM
 10
-42.80935
 20
8.11700
 42
1.0
  0
VERTEX
 5
2191
  8
PLACEMENT_OUTLINE_BOTTOM
 10
-42.79665
 20
8.11700
 42
1.0
  0
SEQEND
  8
PLACEMENT_OUTLINE_BOTTOM
  0
POLYLINE
 5
2192
  8
PLACEMENT_OUTLINE_BOTTOM
 66
1
 70
1
 40
0.012700
 41
0.012700
  0
VERTEX
 5
2193
  8
PLACEMENT_OUTLINE_BOTTOM
 10
-45.90935
 20
8.11700
 42
1.0
  0
VERTEX
 5
2194
  8
PLACEMENT_OUTLINE_BOTTOM
 10
-45.89665
 20
8.11700
 42
1.0
  0
SEQEND
  8
PLACEMENT_OUTLINE_BOTTOM
  0
POLYLINE
 5
2195
  8
PLACEMENT_OUTLINE_BOTTOM
 66
1
 40
0.025400
 41
0.025400
  0
VERTEX
 5
2196
  8
PLACEMENT_OUTLINE_BOTTOM
 10
-45.90300
 20
8.11700
  0
VERTEX
 5
2197
  8
PLACEMENT_OUTLINE_BOTTOM
 10
-45.90300
 20
7.01700
  0
SEQEND
  8
PLACEMENT_OUTLINE_BOTTOM
  0
POLYLINE
 5
2198
  8
PLACEMENT_OUTLINE_BOTTOM
 66
1
 70
1
 40
0.012700
 41
0.012700
  0
VERTEX
 5
2199
  8
PLACEMENT_OUTLINE_BOTTOM
 10
-45.90935
 20
8.11700
 42
1.0
  0
VERTEX
 5
219A
  8
PLACEMENT_OUTLINE_BOTTOM
 10
-45.89665
 20
8.11700
 42
1.0
  0
SEQEND
  8
PLACEMENT_OUTLINE_BOTTOM
  0
POLYLINE
 5
219B
  8
PLACEMENT_OUTLINE_BOTTOM
 66
1
 70
1
 40
0.012700
 41
0.012700
  0
VERTEX
 5
219C
  8
PLACEMENT_OUTLINE_BOTTOM
 10
-45.90935
 20
7.01700
 42
1.0
  0
VERTEX
 5
219D
  8
PLACEMENT_OUTLINE_BOTTOM
 10
-45.89665
 20
7.01700
 42
1.0
  0
SEQEND
  8
PLACEMENT_OUTLINE_BOTTOM
  0
POLYLINE
 5
219E
  8
PLACEMENT_OUTLINE_BOTTOM
 66
1
 40
0.025400
 41
0.025400
  0
VERTEX
 5
219F
  8
PLACEMENT_OUTLINE_BOTTOM
 10
-45.90300
 20
7.01700
  0
VERTEX
 5
21A0
  8
PLACEMENT_OUTLINE_BOTTOM
 10
-42.80300
 20
7.01700
  0
SEQEND
  8
PLACEMENT_OUTLINE_BOTTOM
  0
POLYLINE
 5
21A1
  8
PLACEMENT_OUTLINE_BOTTOM
 66
1
 70
1
 40
0.012700
 41
0.012700
  0
VERTEX
 5
21A2
  8
PLACEMENT_OUTLINE_BOTTOM
 10
-45.90935
 20
7.01700
 42
1.0
  0
VERTEX
 5
21A3
  8
PLACEMENT_OUTLINE_BOTTOM
 10
-45.89665
 20
7.01700
 42
1.0
  0
SEQEND
  8
PLACEMENT_OUTLINE_BOTTOM
  0
POLYLINE
 5
21A4
  8
PLACEMENT_OUTLINE_BOTTOM
 66
1
 70
1
 40
0.012700
 41
0.012700
  0
VERTEX
 5
21A5
  8
PLACEMENT_OUTLINE_BOTTOM
 10
-42.80935
 20
7.01700
 42
1.0
  0
VERTEX
 5
21A6
  8
PLACEMENT_OUTLINE_BOTTOM
 10
-42.79665
 20
7.01700
 42
1.0
  0
SEQEND
  8
PLACEMENT_OUTLINE_BOTTOM
  0
SOLID
 5
21A7
  8
PADLAYER_BOTTOM
 10
-43.90300
 20
7.01700
 11
-42.80300
 21
7.01700
 12
-43.90300
 22
8.11700
 13
-42.80300
 23
8.11700
  0
SOLID
 5
21A8
  8
PADLAYER_BOTTOM
 10
-45.90300
 20
7.01700
 11
-44.80300
 21
7.01700
 12
-45.90300
 22
8.11700
 13
-44.80300
 23
8.11700
  0
POLYLINE
 5
21A9
  8
2DLINES_4
 66
1
 40
0.100000
 41
0.100000
  0
VERTEX
 5
21AA
  8
2DLINES_4
 10
-44.55300
 20
2.96700
  0
VERTEX
 5
21AB
  8
2DLINES_4
 10
-44.55300
 20
2.16700
  0
SEQEND
  8
2DLINES_4
  0
POLYLINE
 5
21AC
  8
2DLINES_4
 66
1
 70
1
 40
0.050000
 41
0.050000
  0
VERTEX
 5
21AD
  8
2DLINES_4
 10
-44.57800
 20
2.96700
 42
1.0
  0
VERTEX
 5
21AE
  8
2DLINES_4
 10
-44.52800
 20
2.96700
 42
1.0
  0
SEQEND
  8
2DLINES_4
  0
POLYLINE
 5
21AF
  8
2DLINES_4
 66
1
 70
1
 40
0.050000
 41
0.050000
  0
VERTEX
 5
21B0
  8
2DLINES_4
 10
-44.57800
 20
2.16700
 42
1.0
  0
VERTEX
 5
21B1
  8
2DLINES_4
 10
-44.52800
 20
2.16700
 42
1.0
  0
SEQEND
  8
2DLINES_4
  0
POLYLINE
 5
21B2
  8
2DLINES_4
 66
1
 40
0.100000
 41
0.100000
  0
VERTEX
 5
21B3
  8
2DLINES_4
 10
-44.55300
 20
2.56700
  0
VERTEX
 5
21B4
  8
2DLINES_4
 10
-44.22800
 20
2.86700
  0
SEQEND
  8
2DLINES_4
  0
POLYLINE
 5
21B5
  8
2DLINES_4
 66
1
 70
1
 40
0.050000
 41
0.050000
  0
VERTEX
 5
21B6
  8
2DLINES_4
 10
-44.57800
 20
2.56700
 42
1.0
  0
VERTEX
 5
21B7
  8
2DLINES_4
 10
-44.52800
 20
2.56700
 42
1.0
  0
SEQEND
  8
2DLINES_4
  0
POLYLINE
 5
21B8
  8
2DLINES_4
 66
1
 70
1
 40
0.050000
 41
0.050000
  0
VERTEX
 5
21B9
  8
2DLINES_4
 10
-44.25300
 20
2.86700
 42
1.0
  0
VERTEX
 5
21BA
  8
2DLINES_4
 10
-44.20300
 20
2.86700
 42
1.0
  0
SEQEND
  8
2DLINES_4
  0
POLYLINE
 5
21BB
  8
2DLINES_4
 66
1
 40
0.100000
 41
0.100000
  0
VERTEX
 5
21BC
  8
2DLINES_4
 10
-44.22800
 20
2.86700
  0
VERTEX
 5
21BD
  8
2DLINES_4
 10
-44.22800
 20
2.26700
  0
SEQEND
  8
2DLINES_4
  0
POLYLINE
 5
21BE
  8
2DLINES_4
 66
1
 70
1
 40
0.050000
 41
0.050000
  0
VERTEX
 5
21BF
  8
2DLINES_4
 10
-44.25300
 20
2.86700
 42
1.0
  0
VERTEX
 5
21C0
  8
2DLINES_4
 10
-44.20300
 20
2.86700
 42
1.0
  0
SEQEND
  8
2DLINES_4
  0
POLYLINE
 5
21C1
  8
2DLINES_4
 66
1
 70
1
 40
0.050000
 41
0.050000
  0
VERTEX
 5
21C2
  8
2DLINES_4
 10
-44.25300
 20
2.26700
 42
1.0
  0
VERTEX
 5
21C3
  8
2DLINES_4
 10
-44.20300
 20
2.26700
 42
1.0
  0
SEQEND
  8
2DLINES_4
  0
POLYLINE
 5
21C4
  8
2DLINES_4
 66
1
 40
0.100000
 41
0.100000
  0
VERTEX
 5
21C5
  8
2DLINES_4
 10
-44.22800
 20
2.26700
  0
VERTEX
 5
21C6
  8
2DLINES_4
 10
-44.54050
 20
2.57950
  0
SEQEND
  8
2DLINES_4
  0
POLYLINE
 5
21C7
  8
2DLINES_4
 66
1
 70
1
 40
0.050000
 41
0.050000
  0
VERTEX
 5
21C8
  8
2DLINES_4
 10
-44.25300
 20
2.26700
 42
1.0
  0
VERTEX
 5
21C9
  8
2DLINES_4
 10
-44.20300
 20
2.26700
 42
1.0
  0
SEQEND
  8
2DLINES_4
  0
POLYLINE
 5
21CA
  8
2DLINES_4
 66
1
 70
1
 40
0.050000
 41
0.050000
  0
VERTEX
 5
21CB
  8
2DLINES_4
 10
-44.56550
 20
2.57950
 42
1.0
  0
VERTEX
 5
21CC
  8
2DLINES_4
 10
-44.51550
 20
2.57950
 42
1.0
  0
SEQEND
  8
2DLINES_4
  0
POLYLINE
 5
21CD
  8
PLACEMENT_OUTLINE_BOTTOM
 66
1
 40
0.025400
 41
0.025400
  0
VERTEX
 5
21CE
  8
PLACEMENT_OUTLINE_BOTTOM
 10
-42.80300
 20
2.01700
  0
VERTEX
 5
21CF
  8
PLACEMENT_OUTLINE_BOTTOM
 10
-42.80300
 20
3.11700
  0
SEQEND
  8
PLACEMENT_OUTLINE_BOTTOM
  0
POLYLINE
 5
21D0
  8
PLACEMENT_OUTLINE_BOTTOM
 66
1
 70
1
 40
0.012700
 41
0.012700
  0
VERTEX
 5
21D1
  8
PLACEMENT_OUTLINE_BOTTOM
 10
-42.80935
 20
2.01700
 42
1.0
  0
VERTEX
 5
21D2
  8
PLACEMENT_OUTLINE_BOTTOM
 10
-42.79665
 20
2.01700
 42
1.0
  0
SEQEND
  8
PLACEMENT_OUTLINE_BOTTOM
  0
POLYLINE
 5
21D3
  8
PLACEMENT_OUTLINE_BOTTOM
 66
1
 70
1
 40
0.012700
 41
0.012700
  0
VERTEX
 5
21D4
  8
PLACEMENT_OUTLINE_BOTTOM
 10
-42.80935
 20
3.11700
 42
1.0
  0
VERTEX
 5
21D5
  8
PLACEMENT_OUTLINE_BOTTOM
 10
-42.79665
 20
3.11700
 42
1.0
  0
SEQEND
  8
PLACEMENT_OUTLINE_BOTTOM
  0
POLYLINE
 5
21D6
  8
PLACEMENT_OUTLINE_BOTTOM
 66
1
 40
0.025400
 41
0.025400
  0
VERTEX
 5
21D7
  8
PLACEMENT_OUTLINE_BOTTOM
 10
-42.80300
 20
3.11700
  0
VERTEX
 5
21D8
  8
PLACEMENT_OUTLINE_BOTTOM
 10
-45.90300
 20
3.11700
  0
SEQEND
  8
PLACEMENT_OUTLINE_BOTTOM
  0
POLYLINE
 5
21D9
  8
PLACEMENT_OUTLINE_BOTTOM
 66
1
 70
1
 40
0.012700
 41
0.012700
  0
VERTEX
 5
21DA
  8
PLACEMENT_OUTLINE_BOTTOM
 10
-42.80935
 20
3.11700
 42
1.0
  0
VERTEX
 5
21DB
  8
PLACEMENT_OUTLINE_BOTTOM
 10
-42.79665
 20
3.11700
 42
1.0
  0
SEQEND
  8
PLACEMENT_OUTLINE_BOTTOM
  0
POLYLINE
 5
21DC
  8
PLACEMENT_OUTLINE_BOTTOM
 66
1
 70
1
 40
0.012700
 41
0.012700
  0
VERTEX
 5
21DD
  8
PLACEMENT_OUTLINE_BOTTOM
 10
-45.90935
 20
3.11700
 42
1.0
  0
VERTEX
 5
21DE
  8
PLACEMENT_OUTLINE_BOTTOM
 10
-45.89665
 20
3.11700
 42
1.0
  0
SEQEND
  8
PLACEMENT_OUTLINE_BOTTOM
  0
POLYLINE
 5
21DF
  8
PLACEMENT_OUTLINE_BOTTOM
 66
1
 40
0.025400
 41
0.025400
  0
VERTEX
 5
21E0
  8
PLACEMENT_OUTLINE_BOTTOM
 10
-45.90300
 20
3.11700
  0
VERTEX
 5
21E1
  8
PLACEMENT_OUTLINE_BOTTOM
 10
-45.90300
 20
2.01700
  0
SEQEND
  8
PLACEMENT_OUTLINE_BOTTOM
  0
POLYLINE
 5
21E2
  8
PLACEMENT_OUTLINE_BOTTOM
 66
1
 70
1
 40
0.012700
 41
0.012700
  0
VERTEX
 5
21E3
  8
PLACEMENT_OUTLINE_BOTTOM
 10
-45.90935
 20
3.11700
 42
1.0
  0
VERTEX
 5
21E4
  8
PLACEMENT_OUTLINE_BOTTOM
 10
-45.89665
 20
3.11700
 42
1.0
  0
SEQEND
  8
PLACEMENT_OUTLINE_BOTTOM
  0
POLYLINE
 5
21E5
  8
PLACEMENT_OUTLINE_BOTTOM
 66
1
 70
1
 40
0.012700
 41
0.012700
  0
VERTEX
 5
21E6
  8
PLACEMENT_OUTLINE_BOTTOM
 10
-45.90935
 20
2.01700
 42
1.0
  0
VERTEX
 5
21E7
  8
PLACEMENT_OUTLINE_BOTTOM
 10
-45.89665
 20
2.01700
 42
1.0
  0
SEQEND
  8
PLACEMENT_OUTLINE_BOTTOM
  0
POLYLINE
 5
21E8
  8
PLACEMENT_OUTLINE_BOTTOM
 66
1
 40
0.025400
 41
0.025400
  0
VERTEX
 5
21E9
  8
PLACEMENT_OUTLINE_BOTTOM
 10
-45.90300
 20
2.01700
  0
VERTEX
 5
21EA
  8
PLACEMENT_OUTLINE_BOTTOM
 10
-42.80300
 20
2.01700
  0
SEQEND
  8
PLACEMENT_OUTLINE_BOTTOM
  0
POLYLINE
 5
21EB
  8
PLACEMENT_OUTLINE_BOTTOM
 66
1
 70
1
 40
0.012700
 41
0.012700
  0
VERTEX
 5
21EC
  8
PLACEMENT_OUTLINE_BOTTOM
 10
-45.90935
 20
2.01700
 42
1.0
  0
VERTEX
 5
21ED
  8
PLACEMENT_OUTLINE_BOTTOM
 10
-45.89665
 20
2.01700
 42
1.0
  0
SEQEND
  8
PLACEMENT_OUTLINE_BOTTOM
  0
POLYLINE
 5
21EE
  8
PLACEMENT_OUTLINE_BOTTOM
 66
1
 70
1
 40
0.012700
 41
0.012700
  0
VERTEX
 5
21EF
  8
PLACEMENT_OUTLINE_BOTTOM
 10
-42.80935
 20
2.01700
 42
1.0
  0
VERTEX
 5
21F0
  8
PLACEMENT_OUTLINE_BOTTOM
 10
-42.79665
 20
2.01700
 42
1.0
  0
SEQEND
  8
PLACEMENT_OUTLINE_BOTTOM
  0
SOLID
 5
21F1
  8
PADLAYER_BOTTOM
 10
-43.90300
 20
2.01700
 11
-42.80300
 21
2.01700
 12
-43.90300
 22
3.11700
 13
-42.80300
 23
3.11700
  0
SOLID
 5
21F2
  8
PADLAYER_BOTTOM
 10
-45.90300
 20
2.01700
 11
-44.80300
 21
2.01700
 12
-45.90300
 22
3.11700
 13
-44.80300
 23
3.11700
  0
POLYLINE
 5
21F3
  8
2DLINES_1
 66
1
 40
0.100000
 41
0.100000
  0
VERTEX
 5
21F4
  8
2DLINES_1
 10
-57.28400
 20
-9.65000
  0
VERTEX
 5
21F5
  8
2DLINES_1
 10
-57.28400
 20
-10.45000
  0
SEQEND
  8
2DLINES_1
  0
POLYLINE
 5
21F6
  8
2DLINES_1
 66
1
 70
1
 40
0.050000
 41
0.050000
  0
VERTEX
 5
21F7
  8
2DLINES_1
 10
-57.30900
 20
-9.65000
 42
1.0
  0
VERTEX
 5
21F8
  8
2DLINES_1
 10
-57.25900
 20
-9.65000
 42
1.0
  0
SEQEND
  8
2DLINES_1
  0
POLYLINE
 5
21F9
  8
2DLINES_1
 66
1
 70
1
 40
0.050000
 41
0.050000
  0
VERTEX
 5
21FA
  8
2DLINES_1
 10
-57.30900
 20
-10.45000
 42
1.0
  0
VERTEX
 5
21FB
  8
2DLINES_1
 10
-57.25900
 20
-10.45000
 42
1.0
  0
SEQEND
  8
2DLINES_1
  0
POLYLINE
 5
21FC
  8
2DLINES_1
 66
1
 40
0.100000
 41
0.100000
  0
VERTEX
 5
21FD
  8
2DLINES_1
 10
-57.28400
 20
-10.05000
  0
VERTEX
 5
21FE
  8
2DLINES_1
 10
-57.60900
 20
-9.75000
  0
SEQEND
  8
2DLINES_1
  0
POLYLINE
 5
21FF
  8
2DLINES_1
 66
1
 70
1
 40
0.050000
 41
0.050000
  0
VERTEX
 5
2200
  8
2DLINES_1
 10
-57.30900
 20
-10.05000
 42
1.0
  0
VERTEX
 5
2201
  8
2DLINES_1
 10
-57.25900
 20
-10.05000
 42
1.0
  0
SEQEND
  8
2DLINES_1
  0
POLYLINE
 5
2202
  8
2DLINES_1
 66
1
 70
1
 40
0.050000
 41
0.050000
  0
VERTEX
 5
2203
  8
2DLINES_1
 10
-57.63400
 20
-9.75000
 42
1.0
  0
VERTEX
 5
2204
  8
2DLINES_1
 10
-57.58400
 20
-9.75000
 42
1.0
  0
SEQEND
  8
2DLINES_1
  0
POLYLINE
 5
2205
  8
2DLINES_1
 66
1
 40
0.100000
 41
0.100000
  0
VERTEX
 5
2206
  8
2DLINES_1
 10
-57.60900
 20
-9.75000
  0
VERTEX
 5
2207
  8
2DLINES_1
 10
-57.60900
 20
-10.35000
  0
SEQEND
  8
2DLINES_1
  0
POLYLINE
 5
2208
  8
2DLINES_1
 66
1
 70
1
 40
0.050000
 41
0.050000
  0
VERTEX
 5
2209
  8
2DLINES_1
 10
-57.63400
 20
-9.75000
 42
1.0
  0
VERTEX
 5
220A
  8
2DLINES_1
 10
-57.58400
 20
-9.75000
 42
1.0
  0
SEQEND
  8
2DLINES_1
  0
POLYLINE
 5
220B
  8
2DLINES_1
 66
1
 70
1
 40
0.050000
 41
0.050000
  0
VERTEX
 5
220C
  8
2DLINES_1
 10
-57.63400
 20
-10.35000
 42
1.0
  0
VERTEX
 5
220D
  8
2DLINES_1
 10
-57.58400
 20
-10.35000
 42
1.0
  0
SEQEND
  8
2DLINES_1
  0
POLYLINE
 5
220E
  8
2DLINES_1
 66
1
 40
0.100000
 41
0.100000
  0
VERTEX
 5
220F
  8
2DLINES_1
 10
-57.60900
 20
-10.35000
  0
VERTEX
 5
2210
  8
2DLINES_1
 10
-57.29650
 20
-10.03750
  0
SEQEND
  8
2DLINES_1
  0
POLYLINE
 5
2211
  8
2DLINES_1
 66
1
 70
1
 40
0.050000
 41
0.050000
  0
VERTEX
 5
2212
  8
2DLINES_1
 10
-57.63400
 20
-10.35000
 42
1.0
  0
VERTEX
 5
2213
  8
2DLINES_1
 10
-57.58400
 20
-10.35000
 42
1.0
  0
SEQEND
  8
2DLINES_1
  0
POLYLINE
 5
2214
  8
2DLINES_1
 66
1
 70
1
 40
0.050000
 41
0.050000
  0
VERTEX
 5
2215
  8
2DLINES_1
 10
-57.32150
 20
-10.03750
 42
1.0
  0
VERTEX
 5
2216
  8
2DLINES_1
 10
-57.27150
 20
-10.03750
 42
1.0
  0
SEQEND
  8
2DLINES_1
  0
POLYLINE
 5
2217
  8
PLACEMENT_OUTLINE_TOP
 66
1
 40
0.025400
 41
0.025400
  0
VERTEX
 5
2218
  8
PLACEMENT_OUTLINE_TOP
 10
-59.03400
 20
-10.60000
  0
VERTEX
 5
2219
  8
PLACEMENT_OUTLINE_TOP
 10
-59.03400
 20
-9.50000
  0
SEQEND
  8
PLACEMENT_OUTLINE_TOP
  0
POLYLINE
 5
221A
  8
PLACEMENT_OUTLINE_TOP
 66
1
 70
1
 40
0.012700
 41
0.012700
  0
VERTEX
 5
221B
  8
PLACEMENT_OUTLINE_TOP
 10
-59.04035
 20
-10.60000
 42
1.0
  0
VERTEX
 5
221C
  8
PLACEMENT_OUTLINE_TOP
 10
-59.02765
 20
-10.60000
 42
1.0
  0
SEQEND
  8
PLACEMENT_OUTLINE_TOP
  0
POLYLINE
 5
221D
  8
PLACEMENT_OUTLINE_TOP
 66
1
 70
1
 40
0.012700
 41
0.012700
  0
VERTEX
 5
221E
  8
PLACEMENT_OUTLINE_TOP
 10
-59.04035
 20
-9.50000
 42
1.0
  0
VERTEX
 5
221F
  8
PLACEMENT_OUTLINE_TOP
 10
-59.02765
 20
-9.50000
 42
1.0
  0
SEQEND
  8
PLACEMENT_OUTLINE_TOP
  0
POLYLINE
 5
2220
  8
PLACEMENT_OUTLINE_TOP
 66
1
 40
0.025400
 41
0.025400
  0
VERTEX
 5
2221
  8
PLACEMENT_OUTLINE_TOP
 10
-59.03400
 20
-9.50000
  0
VERTEX
 5
2222
  8
PLACEMENT_OUTLINE_TOP
 10
-55.93400
 20
-9.50000
  0
SEQEND
  8
PLACEMENT_OUTLINE_TOP
  0
POLYLINE
 5
2223
  8
PLACEMENT_OUTLINE_TOP
 66
1
 70
1
 40
0.012700
 41
0.012700
  0
VERTEX
 5
2224
  8
PLACEMENT_OUTLINE_TOP
 10
-59.04035
 20
-9.50000
 42
1.0
  0
VERTEX
 5
2225
  8
PLACEMENT_OUTLINE_TOP
 10
-59.02765
 20
-9.50000
 42
1.0
  0
SEQEND
  8
PLACEMENT_OUTLINE_TOP
  0
POLYLINE
 5
2226
  8
PLACEMENT_OUTLINE_TOP
 66
1
 70
1
 40
0.012700
 41
0.012700
  0
VERTEX
 5
2227
  8
PLACEMENT_OUTLINE_TOP
 10
-55.94035
 20
-9.50000
 42
1.0
  0
VERTEX
 5
2228
  8
PLACEMENT_OUTLINE_TOP
 10
-55.92765
 20
-9.50000
 42
1.0
  0
SEQEND
  8
PLACEMENT_OUTLINE_TOP
  0
POLYLINE
 5
2229
  8
PLACEMENT_OUTLINE_TOP
 66
1
 40
0.025400
 41
0.025400
  0
VERTEX
 5
222A
  8
PLACEMENT_OUTLINE_TOP
 10
-55.93400
 20
-9.50000
  0
VERTEX
 5
222B
  8
PLACEMENT_OUTLINE_TOP
 10
-55.93400
 20
-10.60000
  0
SEQEND
  8
PLACEMENT_OUTLINE_TOP
  0
POLYLINE
 5
222C
  8
PLACEMENT_OUTLINE_TOP
 66
1
 70
1
 40
0.012700
 41
0.012700
  0
VERTEX
 5
222D
  8
PLACEMENT_OUTLINE_TOP
 10
-55.94035
 20
-9.50000
 42
1.0
  0
VERTEX
 5
222E
  8
PLACEMENT_OUTLINE_TOP
 10
-55.92765
 20
-9.50000
 42
1.0
  0
SEQEND
  8
PLACEMENT_OUTLINE_TOP
  0
POLYLINE
 5
222F
  8
PLACEMENT_OUTLINE_TOP
 66
1
 70
1
 40
0.012700
 41
0.012700
  0
VERTEX
 5
2230
  8
PLACEMENT_OUTLINE_TOP
 10
-55.94035
 20
-10.60000
 42
1.0
  0
VERTEX
 5
2231
  8
PLACEMENT_OUTLINE_TOP
 10
-55.92765
 20
-10.60000
 42
1.0
  0
SEQEND
  8
PLACEMENT_OUTLINE_TOP
  0
POLYLINE
 5
2232
  8
PLACEMENT_OUTLINE_TOP
 66
1
 40
0.025400
 41
0.025400
  0
VERTEX
 5
2233
  8
PLACEMENT_OUTLINE_TOP
 10
-55.93400
 20
-10.60000
  0
VERTEX
 5
2234
  8
PLACEMENT_OUTLINE_TOP
 10
-59.03400
 20
-10.60000
  0
SEQEND
  8
PLACEMENT_OUTLINE_TOP
  0
POLYLINE
 5
2235
  8
PLACEMENT_OUTLINE_TOP
 66
1
 70
1
 40
0.012700
 41
0.012700
  0
VERTEX
 5
2236
  8
PLACEMENT_OUTLINE_TOP
 10
-55.94035
 20
-10.60000
 42
1.0
  0
VERTEX
 5
2237
  8
PLACEMENT_OUTLINE_TOP
 10
-55.92765
 20
-10.60000
 42
1.0
  0
SEQEND
  8
PLACEMENT_OUTLINE_TOP
  0
POLYLINE
 5
2238
  8
PLACEMENT_OUTLINE_TOP
 66
1
 70
1
 40
0.012700
 41
0.012700
  0
VERTEX
 5
2239
  8
PLACEMENT_OUTLINE_TOP
 10
-59.04035
 20
-10.60000
 42
1.0
  0
VERTEX
 5
223A
  8
PLACEMENT_OUTLINE_TOP
 10
-59.02765
 20
-10.60000
 42
1.0
  0
SEQEND
  8
PLACEMENT_OUTLINE_TOP
  0
SOLID
 5
223B
  8
PADLAYER_TOP
 10
-59.03400
 20
-10.60000
 11
-57.93400
 21
-10.60000
 12
-59.03400
 22
-9.50000
 13
-57.93400
 23
-9.50000
  0
SOLID
 5
223C
  8
LAYNR1
 10
-58.98400
 20
-10.55000
 11
-57.98400
 21
-10.55000
 12
-58.98400
 22
-9.55000
 13
-57.98400
 23
-9.55000
  0
SOLID
 5
223D
  8
PADLAYER_TOP
 10
-57.03400
 20
-10.60000
 11
-55.93400
 21
-10.60000
 12
-57.03400
 22
-9.50000
 13
-55.93400
 23
-9.50000
  0
SOLID
 5
223E
  8
LAYNR1
 10
-56.98400
 20
-10.55000
 11
-55.98400
 21
-10.55000
 12
-56.98400
 22
-9.55000
 13
-55.98400
 23
-9.55000
  0
POLYLINE
 5
223F
  8
2DLINES_1
 66
1
 40
0.100000
 41
0.100000
  0
VERTEX
 5
2240
  8
2DLINES_1
 10
-53.28400
 20
-9.65000
  0
VERTEX
 5
2241
  8
2DLINES_1
 10
-53.28400
 20
-10.45000
  0
SEQEND
  8
2DLINES_1
  0
POLYLINE
 5
2242
  8
2DLINES_1
 66
1
 70
1
 40
0.050000
 41
0.050000
  0
VERTEX
 5
2243
  8
2DLINES_1
 10
-53.30900
 20
-9.65000
 42
1.0
  0
VERTEX
 5
2244
  8
2DLINES_1
 10
-53.25900
 20
-9.65000
 42
1.0
  0
SEQEND
  8
2DLINES_1
  0
POLYLINE
 5
2245
  8
2DLINES_1
 66
1
 70
1
 40
0.050000
 41
0.050000
  0
VERTEX
 5
2246
  8
2DLINES_1
 10
-53.30900
 20
-10.45000
 42
1.0
  0
VERTEX
 5
2247
  8
2DLINES_1
 10
-53.25900
 20
-10.45000
 42
1.0
  0
SEQEND
  8
2DLINES_1
  0
POLYLINE
 5
2248
  8
2DLINES_1
 66
1
 40
0.100000
 41
0.100000
  0
VERTEX
 5
2249
  8
2DLINES_1
 10
-53.28400
 20
-10.05000
  0
VERTEX
 5
224A
  8
2DLINES_1
 10
-53.60900
 20
-9.75000
  0
SEQEND
  8
2DLINES_1
  0
POLYLINE
 5
224B
  8
2DLINES_1
 66
1
 70
1
 40
0.050000
 41
0.050000
  0
VERTEX
 5
224C
  8
2DLINES_1
 10
-53.30900
 20
-10.05000
 42
1.0
  0
VERTEX
 5
224D
  8
2DLINES_1
 10
-53.25900
 20
-10.05000
 42
1.0
  0
SEQEND
  8
2DLINES_1
  0
POLYLINE
 5
224E
  8
2DLINES_1
 66
1
 70
1
 40
0.050000
 41
0.050000
  0
VERTEX
 5
224F
  8
2DLINES_1
 10
-53.63400
 20
-9.75000
 42
1.0
  0
VERTEX
 5
2250
  8
2DLINES_1
 10
-53.58400
 20
-9.75000
 42
1.0
  0
SEQEND
  8
2DLINES_1
  0
POLYLINE
 5
2251
  8
2DLINES_1
 66
1
 40
0.100000
 41
0.100000
  0
VERTEX
 5
2252
  8
2DLINES_1
 10
-53.60900
 20
-9.75000
  0
VERTEX
 5
2253
  8
2DLINES_1
 10
-53.60900
 20
-10.35000
  0
SEQEND
  8
2DLINES_1
  0
POLYLINE
 5
2254
  8
2DLINES_1
 66
1
 70
1
 40
0.050000
 41
0.050000
  0
VERTEX
 5
2255
  8
2DLINES_1
 10
-53.63400
 20
-9.75000
 42
1.0
  0
VERTEX
 5
2256
  8
2DLINES_1
 10
-53.58400
 20
-9.75000
 42
1.0
  0
SEQEND
  8
2DLINES_1
  0
POLYLINE
 5
2257
  8
2DLINES_1
 66
1
 70
1
 40
0.050000
 41
0.050000
  0
VERTEX
 5
2258
  8
2DLINES_1
 10
-53.63400
 20
-10.35000
 42
1.0
  0
VERTEX
 5
2259
  8
2DLINES_1
 10
-53.58400
 20
-10.35000
 42
1.0
  0
SEQEND
  8
2DLINES_1
  0
POLYLINE
 5
225A
  8
2DLINES_1
 66
1
 40
0.100000
 41
0.100000
  0
VERTEX
 5
225B
  8
2DLINES_1
 10
-53.60900
 20
-10.35000
  0
VERTEX
 5
225C
  8
2DLINES_1
 10
-53.29650
 20
-10.03750
  0
SEQEND
  8
2DLINES_1
  0
POLYLINE
 5
225D
  8
2DLINES_1
 66
1
 70
1
 40
0.050000
 41
0.050000
  0
VERTEX
 5
225E
  8
2DLINES_1
 10
-53.63400
 20
-10.35000
 42
1.0
  0
VERTEX
 5
225F
  8
2DLINES_1
 10
-53.58400
 20
-10.35000
 42
1.0
  0
SEQEND
  8
2DLINES_1
  0
POLYLINE
 5
2260
  8
2DLINES_1
 66
1
 70
1
 40
0.050000
 41
0.050000
  0
VERTEX
 5
2261
  8
2DLINES_1
 10
-53.32150
 20
-10.03750
 42
1.0
  0
VERTEX
 5
2262
  8
2DLINES_1
 10
-53.27150
 20
-10.03750
 42
1.0
  0
SEQEND
  8
2DLINES_1
  0
POLYLINE
 5
2263
  8
PLACEMENT_OUTLINE_TOP
 66
1
 40
0.025400
 41
0.025400
  0
VERTEX
 5
2264
  8
PLACEMENT_OUTLINE_TOP
 10
-55.03400
 20
-10.60000
  0
VERTEX
 5
2265
  8
PLACEMENT_OUTLINE_TOP
 10
-55.03400
 20
-9.50000
  0
SEQEND
  8
PLACEMENT_OUTLINE_TOP
  0
POLYLINE
 5
2266
  8
PLACEMENT_OUTLINE_TOP
 66
1
 70
1
 40
0.012700
 41
0.012700
  0
VERTEX
 5
2267
  8
PLACEMENT_OUTLINE_TOP
 10
-55.04035
 20
-10.60000
 42
1.0
  0
VERTEX
 5
2268
  8
PLACEMENT_OUTLINE_TOP
 10
-55.02765
 20
-10.60000
 42
1.0
  0
SEQEND
  8
PLACEMENT_OUTLINE_TOP
  0
POLYLINE
 5
2269
  8
PLACEMENT_OUTLINE_TOP
 66
1
 70
1
 40
0.012700
 41
0.012700
  0
VERTEX
 5
226A
  8
PLACEMENT_OUTLINE_TOP
 10
-55.04035
 20
-9.50000
 42
1.0
  0
VERTEX
 5
226B
  8
PLACEMENT_OUTLINE_TOP
 10
-55.02765
 20
-9.50000
 42
1.0
  0
SEQEND
  8
PLACEMENT_OUTLINE_TOP
  0
POLYLINE
 5
226C
  8
PLACEMENT_OUTLINE_TOP
 66
1
 40
0.025400
 41
0.025400
  0
VERTEX
 5
226D
  8
PLACEMENT_OUTLINE_TOP
 10
-55.03400
 20
-9.50000
  0
VERTEX
 5
226E
  8
PLACEMENT_OUTLINE_TOP
 10
-51.93400
 20
-9.50000
  0
SEQEND
  8
PLACEMENT_OUTLINE_TOP
  0
POLYLINE
 5
226F
  8
PLACEMENT_OUTLINE_TOP
 66
1
 70
1
 40
0.012700
 41
0.012700
  0
VERTEX
 5
2270
  8
PLACEMENT_OUTLINE_TOP
 10
-55.04035
 20
-9.50000
 42
1.0
  0
VERTEX
 5
2271
  8
PLACEMENT_OUTLINE_TOP
 10
-55.02765
 20
-9.50000
 42
1.0
  0
SEQEND
  8
PLACEMENT_OUTLINE_TOP
  0
POLYLINE
 5
2272
  8
PLACEMENT_OUTLINE_TOP
 66
1
 70
1
 40
0.012700
 41
0.012700
  0
VERTEX
 5
2273
  8
PLACEMENT_OUTLINE_TOP
 10
-51.94035
 20
-9.50000
 42
1.0
  0
VERTEX
 5
2274
  8
PLACEMENT_OUTLINE_TOP
 10
-51.92765
 20
-9.50000
 42
1.0
  0
SEQEND
  8
PLACEMENT_OUTLINE_TOP
  0
POLYLINE
 5
2275
  8
PLACEMENT_OUTLINE_TOP
 66
1
 40
0.025400
 41
0.025400
  0
VERTEX
 5
2276
  8
PLACEMENT_OUTLINE_TOP
 10
-51.93400
 20
-9.50000
  0
VERTEX
 5
2277
  8
PLACEMENT_OUTLINE_TOP
 10
-51.93400
 20
-10.60000
  0
SEQEND
  8
PLACEMENT_OUTLINE_TOP
  0
POLYLINE
 5
2278
  8
PLACEMENT_OUTLINE_TOP
 66
1
 70
1
 40
0.012700
 41
0.012700
  0
VERTEX
 5
2279
  8
PLACEMENT_OUTLINE_TOP
 10
-51.94035
 20
-9.50000
 42
1.0
  0
VERTEX
 5
227A
  8
PLACEMENT_OUTLINE_TOP
 10
-51.92765
 20
-9.50000
 42
1.0
  0
SEQEND
  8
PLACEMENT_OUTLINE_TOP
  0
POLYLINE
 5
227B
  8
PLACEMENT_OUTLINE_TOP
 66
1
 70
1
 40
0.012700
 41
0.012700
  0
VERTEX
 5
227C
  8
PLACEMENT_OUTLINE_TOP
 10
-51.94035
 20
-10.60000
 42
1.0
  0
VERTEX
 5
227D
  8
PLACEMENT_OUTLINE_TOP
 10
-51.92765
 20
-10.60000
 42
1.0
  0
SEQEND
  8
PLACEMENT_OUTLINE_TOP
  0
POLYLINE
 5
227E
  8
PLACEMENT_OUTLINE_TOP
 66
1
 40
0.025400
 41
0.025400
  0
VERTEX
 5
227F
  8
PLACEMENT_OUTLINE_TOP
 10
-51.93400
 20
-10.60000
  0
VERTEX
 5
2280
  8
PLACEMENT_OUTLINE_TOP
 10
-55.03400
 20
-10.60000
  0
SEQEND
  8
PLACEMENT_OUTLINE_TOP
  0
POLYLINE
 5
2281
  8
PLACEMENT_OUTLINE_TOP
 66
1
 70
1
 40
0.012700
 41
0.012700
  0
VERTEX
 5
2282
  8
PLACEMENT_OUTLINE_TOP
 10
-51.94035
 20
-10.60000
 42
1.0
  0
VERTEX
 5
2283
  8
PLACEMENT_OUTLINE_TOP
 10
-51.92765
 20
-10.60000
 42
1.0
  0
SEQEND
  8
PLACEMENT_OUTLINE_TOP
  0
POLYLINE
 5
2284
  8
PLACEMENT_OUTLINE_TOP
 66
1
 70
1
 40
0.012700
 41
0.012700
  0
VERTEX
 5
2285
  8
PLACEMENT_OUTLINE_TOP
 10
-55.04035
 20
-10.60000
 42
1.0
  0
VERTEX
 5
2286
  8
PLACEMENT_OUTLINE_TOP
 10
-55.02765
 20
-10.60000
 42
1.0
  0
SEQEND
  8
PLACEMENT_OUTLINE_TOP
  0
SOLID
 5
2287
  8
PADLAYER_TOP
 10
-55.03400
 20
-10.60000
 11
-53.93400
 21
-10.60000
 12
-55.03400
 22
-9.50000
 13
-53.93400
 23
-9.50000
  0
SOLID
 5
2288
  8
LAYNR1
 10
-54.98400
 20
-10.55000
 11
-53.98400
 21
-10.55000
 12
-54.98400
 22
-9.55000
 13
-53.98400
 23
-9.55000
  0
SOLID
 5
2289
  8
PADLAYER_TOP
 10
-53.03400
 20
-10.60000
 11
-51.93400
 21
-10.60000
 12
-53.03400
 22
-9.50000
 13
-51.93400
 23
-9.50000
  0
SOLID
 5
228A
  8
LAYNR1
 10
-52.98400
 20
-10.55000
 11
-51.98400
 21
-10.55000
 12
-52.98400
 22
-9.55000
 13
-51.98400
 23
-9.55000
  0
POLYLINE
 5
228B
  8
2DLINES_1
 66
1
 40
0.100000
 41
0.100000
  0
VERTEX
 5
228C
  8
2DLINES_1
 10
-49.28400
 20
-9.65000
  0
VERTEX
 5
228D
  8
2DLINES_1
 10
-49.28400
 20
-10.45000
  0
SEQEND
  8
2DLINES_1
  0
POLYLINE
 5
228E
  8
2DLINES_1
 66
1
 70
1
 40
0.050000
 41
0.050000
  0
VERTEX
 5
228F
  8
2DLINES_1
 10
-49.30900
 20
-9.65000
 42
1.0
  0
VERTEX
 5
2290
  8
2DLINES_1
 10
-49.25900
 20
-9.65000
 42
1.0
  0
SEQEND
  8
2DLINES_1
  0
POLYLINE
 5
2291
  8
2DLINES_1
 66
1
 70
1
 40
0.050000
 41
0.050000
  0
VERTEX
 5
2292
  8
2DLINES_1
 10
-49.30900
 20
-10.45000
 42
1.0
  0
VERTEX
 5
2293
  8
2DLINES_1
 10
-49.25900
 20
-10.45000
 42
1.0
  0
SEQEND
  8
2DLINES_1
  0
POLYLINE
 5
2294
  8
2DLINES_1
 66
1
 40
0.100000
 41
0.100000
  0
VERTEX
 5
2295
  8
2DLINES_1
 10
-49.28400
 20
-10.05000
  0
VERTEX
 5
2296
  8
2DLINES_1
 10
-49.60900
 20
-9.75000
  0
SEQEND
  8
2DLINES_1
  0
POLYLINE
 5
2297
  8
2DLINES_1
 66
1
 70
1
 40
0.050000
 41
0.050000
  0
VERTEX
 5
2298
  8
2DLINES_1
 10
-49.30900
 20
-10.05000
 42
1.0
  0
VERTEX
 5
2299
  8
2DLINES_1
 10
-49.25900
 20
-10.05000
 42
1.0
  0
SEQEND
  8
2DLINES_1
  0
POLYLINE
 5
229A
  8
2DLINES_1
 66
1
 70
1
 40
0.050000
 41
0.050000
  0
VERTEX
 5
229B
  8
2DLINES_1
 10
-49.63400
 20
-9.75000
 42
1.0
  0
VERTEX
 5
229C
  8
2DLINES_1
 10
-49.58400
 20
-9.75000
 42
1.0
  0
SEQEND
  8
2DLINES_1
  0
POLYLINE
 5
229D
  8
2DLINES_1
 66
1
 40
0.100000
 41
0.100000
  0
VERTEX
 5
229E
  8
2DLINES_1
 10
-49.60900
 20
-9.75000
  0
VERTEX
 5
229F
  8
2DLINES_1
 10
-49.60900
 20
-10.35000
  0
SEQEND
  8
2DLINES_1
  0
POLYLINE
 5
22A0
  8
2DLINES_1
 66
1
 70
1
 40
0.050000
 41
0.050000
  0
VERTEX
 5
22A1
  8
2DLINES_1
 10
-49.63400
 20
-9.75000
 42
1.0
  0
VERTEX
 5
22A2
  8
2DLINES_1
 10
-49.58400
 20
-9.75000
 42
1.0
  0
SEQEND
  8
2DLINES_1
  0
POLYLINE
 5
22A3
  8
2DLINES_1
 66
1
 70
1
 40
0.050000
 41
0.050000
  0
VERTEX
 5
22A4
  8
2DLINES_1
 10
-49.63400
 20
-10.35000
 42
1.0
  0
VERTEX
 5
22A5
  8
2DLINES_1
 10
-49.58400
 20
-10.35000
 42
1.0
  0
SEQEND
  8
2DLINES_1
  0
POLYLINE
 5
22A6
  8
2DLINES_1
 66
1
 40
0.100000
 41
0.100000
  0
VERTEX
 5
22A7
  8
2DLINES_1
 10
-49.60900
 20
-10.35000
  0
VERTEX
 5
22A8
  8
2DLINES_1
 10
-49.29650
 20
-10.03750
  0
SEQEND
  8
2DLINES_1
  0
POLYLINE
 5
22A9
  8
2DLINES_1
 66
1
 70
1
 40
0.050000
 41
0.050000
  0
VERTEX
 5
22AA
  8
2DLINES_1
 10
-49.63400
 20
-10.35000
 42
1.0
  0
VERTEX
 5
22AB
  8
2DLINES_1
 10
-49.58400
 20
-10.35000
 42
1.0
  0
SEQEND
  8
2DLINES_1
  0
POLYLINE
 5
22AC
  8
2DLINES_1
 66
1
 70
1
 40
0.050000
 41
0.050000
  0
VERTEX
 5
22AD
  8
2DLINES_1
 10
-49.32150
 20
-10.03750
 42
1.0
  0
VERTEX
 5
22AE
  8
2DLINES_1
 10
-49.27150
 20
-10.03750
 42
1.0
  0
SEQEND
  8
2DLINES_1
  0
POLYLINE
 5
22AF
  8
PLACEMENT_OUTLINE_TOP
 66
1
 40
0.025400
 41
0.025400
  0
VERTEX
 5
22B0
  8
PLACEMENT_OUTLINE_TOP
 10
-51.03400
 20
-10.60000
  0
VERTEX
 5
22B1
  8
PLACEMENT_OUTLINE_TOP
 10
-51.03400
 20
-9.50000
  0
SEQEND
  8
PLACEMENT_OUTLINE_TOP
  0
POLYLINE
 5
22B2
  8
PLACEMENT_OUTLINE_TOP
 66
1
 70
1
 40
0.012700
 41
0.012700
  0
VERTEX
 5
22B3
  8
PLACEMENT_OUTLINE_TOP
 10
-51.04035
 20
-10.60000
 42
1.0
  0
VERTEX
 5
22B4
  8
PLACEMENT_OUTLINE_TOP
 10
-51.02765
 20
-10.60000
 42
1.0
  0
SEQEND
  8
PLACEMENT_OUTLINE_TOP
  0
POLYLINE
 5
22B5
  8
PLACEMENT_OUTLINE_TOP
 66
1
 70
1
 40
0.012700
 41
0.012700
  0
VERTEX
 5
22B6
  8
PLACEMENT_OUTLINE_TOP
 10
-51.04035
 20
-9.50000
 42
1.0
  0
VERTEX
 5
22B7
  8
PLACEMENT_OUTLINE_TOP
 10
-51.02765
 20
-9.50000
 42
1.0
  0
SEQEND
  8
PLACEMENT_OUTLINE_TOP
  0
POLYLINE
 5
22B8
  8
PLACEMENT_OUTLINE_TOP
 66
1
 40
0.025400
 41
0.025400
  0
VERTEX
 5
22B9
  8
PLACEMENT_OUTLINE_TOP
 10
-51.03400
 20
-9.50000
  0
VERTEX
 5
22BA
  8
PLACEMENT_OUTLINE_TOP
 10
-47.93400
 20
-9.50000
  0
SEQEND
  8
PLACEMENT_OUTLINE_TOP
  0
POLYLINE
 5
22BB
  8
PLACEMENT_OUTLINE_TOP
 66
1
 70
1
 40
0.012700
 41
0.012700
  0
VERTEX
 5
22BC
  8
PLACEMENT_OUTLINE_TOP
 10
-51.04035
 20
-9.50000
 42
1.0
  0
VERTEX
 5
22BD
  8
PLACEMENT_OUTLINE_TOP
 10
-51.02765
 20
-9.50000
 42
1.0
  0
SEQEND
  8
PLACEMENT_OUTLINE_TOP
  0
POLYLINE
 5
22BE
  8
PLACEMENT_OUTLINE_TOP
 66
1
 70
1
 40
0.012700
 41
0.012700
  0
VERTEX
 5
22BF
  8
PLACEMENT_OUTLINE_TOP
 10
-47.94035
 20
-9.50000
 42
1.0
  0
VERTEX
 5
22C0
  8
PLACEMENT_OUTLINE_TOP
 10
-47.92765
 20
-9.50000
 42
1.0
  0
SEQEND
  8
PLACEMENT_OUTLINE_TOP
  0
POLYLINE
 5
22C1
  8
PLACEMENT_OUTLINE_TOP
 66
1
 40
0.025400
 41
0.025400
  0
VERTEX
 5
22C2
  8
PLACEMENT_OUTLINE_TOP
 10
-47.93400
 20
-9.50000
  0
VERTEX
 5
22C3
  8
PLACEMENT_OUTLINE_TOP
 10
-47.93400
 20
-10.60000
  0
SEQEND
  8
PLACEMENT_OUTLINE_TOP
  0
POLYLINE
 5
22C4
  8
PLACEMENT_OUTLINE_TOP
 66
1
 70
1
 40
0.012700
 41
0.012700
  0
VERTEX
 5
22C5
  8
PLACEMENT_OUTLINE_TOP
 10
-47.94035
 20
-9.50000
 42
1.0
  0
VERTEX
 5
22C6
  8
PLACEMENT_OUTLINE_TOP
 10
-47.92765
 20
-9.50000
 42
1.0
  0
SEQEND
  8
PLACEMENT_OUTLINE_TOP
  0
POLYLINE
 5
22C7
  8
PLACEMENT_OUTLINE_TOP
 66
1
 70
1
 40
0.012700
 41
0.012700
  0
VERTEX
 5
22C8
  8
PLACEMENT_OUTLINE_TOP
 10
-47.94035
 20
-10.60000
 42
1.0
  0
VERTEX
 5
22C9
  8
PLACEMENT_OUTLINE_TOP
 10
-47.92765
 20
-10.60000
 42
1.0
  0
SEQEND
  8
PLACEMENT_OUTLINE_TOP
  0
POLYLINE
 5
22CA
  8
PLACEMENT_OUTLINE_TOP
 66
1
 40
0.025400
 41
0.025400
  0
VERTEX
 5
22CB
  8
PLACEMENT_OUTLINE_TOP
 10
-47.93400
 20
-10.60000
  0
VERTEX
 5
22CC
  8
PLACEMENT_OUTLINE_TOP
 10
-51.03400
 20
-10.60000
  0
SEQEND
  8
PLACEMENT_OUTLINE_TOP
  0
POLYLINE
 5
22CD
  8
PLACEMENT_OUTLINE_TOP
 66
1
 70
1
 40
0.012700
 41
0.012700
  0
VERTEX
 5
22CE
  8
PLACEMENT_OUTLINE_TOP
 10
-47.94035
 20
-10.60000
 42
1.0
  0
VERTEX
 5
22CF
  8
PLACEMENT_OUTLINE_TOP
 10
-47.92765
 20
-10.60000
 42
1.0
  0
SEQEND
  8
PLACEMENT_OUTLINE_TOP
  0
POLYLINE
 5
22D0
  8
PLACEMENT_OUTLINE_TOP
 66
1
 70
1
 40
0.012700
 41
0.012700
  0
VERTEX
 5
22D1
  8
PLACEMENT_OUTLINE_TOP
 10
-51.04035
 20
-10.60000
 42
1.0
  0
VERTEX
 5
22D2
  8
PLACEMENT_OUTLINE_TOP
 10
-51.02765
 20
-10.60000
 42
1.0
  0
SEQEND
  8
PLACEMENT_OUTLINE_TOP
  0
SOLID
 5
22D3
  8
PADLAYER_TOP
 10
-51.03400
 20
-10.60000
 11
-49.93400
 21
-10.60000
 12
-51.03400
 22
-9.50000
 13
-49.93400
 23
-9.50000
  0
SOLID
 5
22D4
  8
LAYNR1
 10
-50.98400
 20
-10.55000
 11
-49.98400
 21
-10.55000
 12
-50.98400
 22
-9.55000
 13
-49.98400
 23
-9.55000
  0
SOLID
 5
22D5
  8
PADLAYER_TOP
 10
-49.03400
 20
-10.60000
 11
-47.93400
 21
-10.60000
 12
-49.03400
 22
-9.50000
 13
-47.93400
 23
-9.50000
  0
SOLID
 5
22D6
  8
LAYNR1
 10
-48.98400
 20
-10.55000
 11
-47.98400
 21
-10.55000
 12
-48.98400
 22
-9.55000
 13
-47.98400
 23
-9.55000
  0
POLYLINE
 5
22D7
  8
2DLINES_1
 66
1
 40
0.100000
 41
0.100000
  0
VERTEX
 5
22D8
  8
2DLINES_1
 10
-45.28400
 20
-9.65000
  0
VERTEX
 5
22D9
  8
2DLINES_1
 10
-45.28400
 20
-10.45000
  0
SEQEND
  8
2DLINES_1
  0
POLYLINE
 5
22DA
  8
2DLINES_1
 66
1
 70
1
 40
0.050000
 41
0.050000
  0
VERTEX
 5
22DB
  8
2DLINES_1
 10
-45.30900
 20
-9.65000
 42
1.0
  0
VERTEX
 5
22DC
  8
2DLINES_1
 10
-45.25900
 20
-9.65000
 42
1.0
  0
SEQEND
  8
2DLINES_1
  0
POLYLINE
 5
22DD
  8
2DLINES_1
 66
1
 70
1
 40
0.050000
 41
0.050000
  0
VERTEX
 5
22DE
  8
2DLINES_1
 10
-45.30900
 20
-10.45000
 42
1.0
  0
VERTEX
 5
22DF
  8
2DLINES_1
 10
-45.25900
 20
-10.45000
 42
1.0
  0
SEQEND
  8
2DLINES_1
  0
POLYLINE
 5
22E0
  8
2DLINES_1
 66
1
 40
0.100000
 41
0.100000
  0
VERTEX
 5
22E1
  8
2DLINES_1
 10
-45.28400
 20
-10.05000
  0
VERTEX
 5
22E2
  8
2DLINES_1
 10
-45.60900
 20
-9.75000
  0
SEQEND
  8
2DLINES_1
  0
POLYLINE
 5
22E3
  8
2DLINES_1
 66
1
 70
1
 40
0.050000
 41
0.050000
  0
VERTEX
 5
22E4
  8
2DLINES_1
 10
-45.30900
 20
-10.05000
 42
1.0
  0
VERTEX
 5
22E5
  8
2DLINES_1
 10
-45.25900
 20
-10.05000
 42
1.0
  0
SEQEND
  8
2DLINES_1
  0
POLYLINE
 5
22E6
  8
2DLINES_1
 66
1
 70
1
 40
0.050000
 41
0.050000
  0
VERTEX
 5
22E7
  8
2DLINES_1
 10
-45.63400
 20
-9.75000
 42
1.0
  0
VERTEX
 5
22E8
  8
2DLINES_1
 10
-45.58400
 20
-9.75000
 42
1.0
  0
SEQEND
  8
2DLINES_1
  0
POLYLINE
 5
22E9
  8
2DLINES_1
 66
1
 40
0.100000
 41
0.100000
  0
VERTEX
 5
22EA
  8
2DLINES_1
 10
-45.60900
 20
-9.75000
  0
VERTEX
 5
22EB
  8
2DLINES_1
 10
-45.60900
 20
-10.35000
  0
SEQEND
  8
2DLINES_1
  0
POLYLINE
 5
22EC
  8
2DLINES_1
 66
1
 70
1
 40
0.050000
 41
0.050000
  0
VERTEX
 5
22ED
  8
2DLINES_1
 10
-45.63400
 20
-9.75000
 42
1.0
  0
VERTEX
 5
22EE
  8
2DLINES_1
 10
-45.58400
 20
-9.75000
 42
1.0
  0
SEQEND
  8
2DLINES_1
  0
POLYLINE
 5
22EF
  8
2DLINES_1
 66
1
 70
1
 40
0.050000
 41
0.050000
  0
VERTEX
 5
22F0
  8
2DLINES_1
 10
-45.63400
 20
-10.35000
 42
1.0
  0
VERTEX
 5
22F1
  8
2DLINES_1
 10
-45.58400
 20
-10.35000
 42
1.0
  0
SEQEND
  8
2DLINES_1
  0
POLYLINE
 5
22F2
  8
2DLINES_1
 66
1
 40
0.100000
 41
0.100000
  0
VERTEX
 5
22F3
  8
2DLINES_1
 10
-45.60900
 20
-10.35000
  0
VERTEX
 5
22F4
  8
2DLINES_1
 10
-45.29650
 20
-10.03750
  0
SEQEND
  8
2DLINES_1
  0
POLYLINE
 5
22F5
  8
2DLINES_1
 66
1
 70
1
 40
0.050000
 41
0.050000
  0
VERTEX
 5
22F6
  8
2DLINES_1
 10
-45.63400
 20
-10.35000
 42
1.0
  0
VERTEX
 5
22F7
  8
2DLINES_1
 10
-45.58400
 20
-10.35000
 42
1.0
  0
SEQEND
  8
2DLINES_1
  0
POLYLINE
 5
22F8
  8
2DLINES_1
 66
1
 70
1
 40
0.050000
 41
0.050000
  0
VERTEX
 5
22F9
  8
2DLINES_1
 10
-45.32150
 20
-10.03750
 42
1.0
  0
VERTEX
 5
22FA
  8
2DLINES_1
 10
-45.27150
 20
-10.03750
 42
1.0
  0
SEQEND
  8
2DLINES_1
  0
POLYLINE
 5
22FB
  8
PLACEMENT_OUTLINE_TOP
 66
1
 40
0.025400
 41
0.025400
  0
VERTEX
 5
22FC
  8
PLACEMENT_OUTLINE_TOP
 10
-47.03400
 20
-10.60000
  0
VERTEX
 5
22FD
  8
PLACEMENT_OUTLINE_TOP
 10
-47.03400
 20
-9.50000
  0
SEQEND
  8
PLACEMENT_OUTLINE_TOP
  0
POLYLINE
 5
22FE
  8
PLACEMENT_OUTLINE_TOP
 66
1
 70
1
 40
0.012700
 41
0.012700
  0
VERTEX
 5
22FF
  8
PLACEMENT_OUTLINE_TOP
 10
-47.04035
 20
-10.60000
 42
1.0
  0
VERTEX
 5
2300
  8
PLACEMENT_OUTLINE_TOP
 10
-47.02765
 20
-10.60000
 42
1.0
  0
SEQEND
  8
PLACEMENT_OUTLINE_TOP
  0
POLYLINE
 5
2301
  8
PLACEMENT_OUTLINE_TOP
 66
1
 70
1
 40
0.012700
 41
0.012700
  0
VERTEX
 5
2302
  8
PLACEMENT_OUTLINE_TOP
 10
-47.04035
 20
-9.50000
 42
1.0
  0
VERTEX
 5
2303
  8
PLACEMENT_OUTLINE_TOP
 10
-47.02765
 20
-9.50000
 42
1.0
  0
SEQEND
  8
PLACEMENT_OUTLINE_TOP
  0
POLYLINE
 5
2304
  8
PLACEMENT_OUTLINE_TOP
 66
1
 40
0.025400
 41
0.025400
  0
VERTEX
 5
2305
  8
PLACEMENT_OUTLINE_TOP
 10
-47.03400
 20
-9.50000
  0
VERTEX
 5
2306
  8
PLACEMENT_OUTLINE_TOP
 10
-43.93400
 20
-9.50000
  0
SEQEND
  8
PLACEMENT_OUTLINE_TOP
  0
POLYLINE
 5
2307
  8
PLACEMENT_OUTLINE_TOP
 66
1
 70
1
 40
0.012700
 41
0.012700
  0
VERTEX
 5
2308
  8
PLACEMENT_OUTLINE_TOP
 10
-47.04035
 20
-9.50000
 42
1.0
  0
VERTEX
 5
2309
  8
PLACEMENT_OUTLINE_TOP
 10
-47.02765
 20
-9.50000
 42
1.0
  0
SEQEND
  8
PLACEMENT_OUTLINE_TOP
  0
POLYLINE
 5
230A
  8
PLACEMENT_OUTLINE_TOP
 66
1
 70
1
 40
0.012700
 41
0.012700
  0
VERTEX
 5
230B
  8
PLACEMENT_OUTLINE_TOP
 10
-43.94035
 20
-9.50000
 42
1.0
  0
VERTEX
 5
230C
  8
PLACEMENT_OUTLINE_TOP
 10
-43.92765
 20
-9.50000
 42
1.0
  0
SEQEND
  8
PLACEMENT_OUTLINE_TOP
  0
POLYLINE
 5
230D
  8
PLACEMENT_OUTLINE_TOP
 66
1
 40
0.025400
 41
0.025400
  0
VERTEX
 5
230E
  8
PLACEMENT_OUTLINE_TOP
 10
-43.93400
 20
-9.50000
  0
VERTEX
 5
230F
  8
PLACEMENT_OUTLINE_TOP
 10
-43.93400
 20
-10.60000
  0
SEQEND
  8
PLACEMENT_OUTLINE_TOP
  0
POLYLINE
 5
2310
  8
PLACEMENT_OUTLINE_TOP
 66
1
 70
1
 40
0.012700
 41
0.012700
  0
VERTEX
 5
2311
  8
PLACEMENT_OUTLINE_TOP
 10
-43.94035
 20
-9.50000
 42
1.0
  0
VERTEX
 5
2312
  8
PLACEMENT_OUTLINE_TOP
 10
-43.92765
 20
-9.50000
 42
1.0
  0
SEQEND
  8
PLACEMENT_OUTLINE_TOP
  0
POLYLINE
 5
2313
  8
PLACEMENT_OUTLINE_TOP
 66
1
 70
1
 40
0.012700
 41
0.012700
  0
VERTEX
 5
2314
  8
PLACEMENT_OUTLINE_TOP
 10
-43.94035
 20
-10.60000
 42
1.0
  0
VERTEX
 5
2315
  8
PLACEMENT_OUTLINE_TOP
 10
-43.92765
 20
-10.60000
 42
1.0
  0
SEQEND
  8
PLACEMENT_OUTLINE_TOP
  0
POLYLINE
 5
2316
  8
PLACEMENT_OUTLINE_TOP
 66
1
 40
0.025400
 41
0.025400
  0
VERTEX
 5
2317
  8
PLACEMENT_OUTLINE_TOP
 10
-43.93400
 20
-10.60000
  0
VERTEX
 5
2318
  8
PLACEMENT_OUTLINE_TOP
 10
-47.03400
 20
-10.60000
  0
SEQEND
  8
PLACEMENT_OUTLINE_TOP
  0
POLYLINE
 5
2319
  8
PLACEMENT_OUTLINE_TOP
 66
1
 70
1
 40
0.012700
 41
0.012700
  0
VERTEX
 5
231A
  8
PLACEMENT_OUTLINE_TOP
 10
-43.94035
 20
-10.60000
 42
1.0
  0
VERTEX
 5
231B
  8
PLACEMENT_OUTLINE_TOP
 10
-43.92765
 20
-10.60000
 42
1.0
  0
SEQEND
  8
PLACEMENT_OUTLINE_TOP
  0
POLYLINE
 5
231C
  8
PLACEMENT_OUTLINE_TOP
 66
1
 70
1
 40
0.012700
 41
0.012700
  0
VERTEX
 5
231D
  8
PLACEMENT_OUTLINE_TOP
 10
-47.04035
 20
-10.60000
 42
1.0
  0
VERTEX
 5
231E
  8
PLACEMENT_OUTLINE_TOP
 10
-47.02765
 20
-10.60000
 42
1.0
  0
SEQEND
  8
PLACEMENT_OUTLINE_TOP
  0
SOLID
 5
231F
  8
PADLAYER_TOP
 10
-47.03400
 20
-10.60000
 11
-45.93400
 21
-10.60000
 12
-47.03400
 22
-9.50000
 13
-45.93400
 23
-9.50000
  0
SOLID
 5
2320
  8
LAYNR1
 10
-46.98400
 20
-10.55000
 11
-45.98400
 21
-10.55000
 12
-46.98400
 22
-9.55000
 13
-45.98400
 23
-9.55000
  0
SOLID
 5
2321
  8
PADLAYER_TOP
 10
-45.03400
 20
-10.60000
 11
-43.93400
 21
-10.60000
 12
-45.03400
 22
-9.50000
 13
-43.93400
 23
-9.50000
  0
SOLID
 5
2322
  8
LAYNR1
 10
-44.98400
 20
-10.55000
 11
-43.98400
 21
-10.55000
 12
-44.98400
 22
-9.55000
 13
-43.98400
 23
-9.55000
  0
POLYLINE
 5
2323
  8
PLACEMENT_OUTLINE_BOTTOM
 66
1
 40
0.299970
 41
0.299970
  0
VERTEX
 5
2324
  8
PLACEMENT_OUTLINE_BOTTOM
 10
-39.51300
 20
31.53500
  0
VERTEX
 5
2325
  8
PLACEMENT_OUTLINE_BOTTOM
 10
-42.30700
 20
31.53500
  0
SEQEND
  8
PLACEMENT_OUTLINE_BOTTOM
  0
POLYLINE
 5
2326
  8
PLACEMENT_OUTLINE_BOTTOM
 66
1
 70
1
 40
0.149985
 41
0.149985
  0
VERTEX
 5
2327
  8
PLACEMENT_OUTLINE_BOTTOM
 10
-39.58799
 20
31.53500
 42
1.0
  0
VERTEX
 5
2328
  8
PLACEMENT_OUTLINE_BOTTOM
 10
-39.43801
 20
31.53500
 42
1.0
  0
SEQEND
  8
PLACEMENT_OUTLINE_BOTTOM
  0
POLYLINE
 5
2329
  8
PLACEMENT_OUTLINE_BOTTOM
 66
1
 70
1
 40
0.149985
 41
0.149985
  0
VERTEX
 5
232A
  8
PLACEMENT_OUTLINE_BOTTOM
 10
-42.38199
 20
31.53500
 42
1.0
  0
VERTEX
 5
232B
  8
PLACEMENT_OUTLINE_BOTTOM
 10
-42.23201
 20
31.53500
 42
1.0
  0
SEQEND
  8
PLACEMENT_OUTLINE_BOTTOM
  0
POLYLINE
 5
232C
  8
PLACEMENT_OUTLINE_BOTTOM
 66
1
 40
0.299970
 41
0.299970
  0
VERTEX
 5
232D
  8
PLACEMENT_OUTLINE_BOTTOM
 10
-42.30700
 20
31.53500
  0
VERTEX
 5
232E
  8
PLACEMENT_OUTLINE_BOTTOM
 10
-42.30700
 20
32.80500
  0
SEQEND
  8
PLACEMENT_OUTLINE_BOTTOM
  0
POLYLINE
 5
232F
  8
PLACEMENT_OUTLINE_BOTTOM
 66
1
 70
1
 40
0.149985
 41
0.149985
  0
VERTEX
 5
2330
  8
PLACEMENT_OUTLINE_BOTTOM
 10
-42.38199
 20
31.53500
 42
1.0
  0
VERTEX
 5
2331
  8
PLACEMENT_OUTLINE_BOTTOM
 10
-42.23201
 20
31.53500
 42
1.0
  0
SEQEND
  8
PLACEMENT_OUTLINE_BOTTOM
  0
POLYLINE
 5
2332
  8
PLACEMENT_OUTLINE_BOTTOM
 66
1
 70
1
 40
0.149985
 41
0.149985
  0
VERTEX
 5
2333
  8
PLACEMENT_OUTLINE_BOTTOM
 10
-42.38199
 20
32.80500
 42
1.0
  0
VERTEX
 5
2334
  8
PLACEMENT_OUTLINE_BOTTOM
 10
-42.23201
 20
32.80500
 42
1.0
  0
SEQEND
  8
PLACEMENT_OUTLINE_BOTTOM
  0
POLYLINE
 5
2335
  8
PLACEMENT_OUTLINE_BOTTOM
 66
1
 40
0.299970
 41
0.299970
  0
VERTEX
 5
2336
  8
PLACEMENT_OUTLINE_BOTTOM
 10
-42.30700
 20
32.80500
  0
VERTEX
 5
2337
  8
PLACEMENT_OUTLINE_BOTTOM
 10
-39.51300
 20
32.80500
  0
SEQEND
  8
PLACEMENT_OUTLINE_BOTTOM
  0
POLYLINE
 5
2338
  8
PLACEMENT_OUTLINE_BOTTOM
 66
1
 70
1
 40
0.149985
 41
0.149985
  0
VERTEX
 5
2339
  8
PLACEMENT_OUTLINE_BOTTOM
 10
-42.38199
 20
32.80500
 42
1.0
  0
VERTEX
 5
233A
  8
PLACEMENT_OUTLINE_BOTTOM
 10
-42.23201
 20
32.80500
 42
1.0
  0
SEQEND
  8
PLACEMENT_OUTLINE_BOTTOM
  0
POLYLINE
 5
233B
  8
PLACEMENT_OUTLINE_BOTTOM
 66
1
 70
1
 40
0.149985
 41
0.149985
  0
VERTEX
 5
233C
  8
PLACEMENT_OUTLINE_BOTTOM
 10
-39.58799
 20
32.80500
 42
1.0
  0
VERTEX
 5
233D
  8
PLACEMENT_OUTLINE_BOTTOM
 10
-39.43801
 20
32.80500
 42
1.0
  0
SEQEND
  8
PLACEMENT_OUTLINE_BOTTOM
  0
POLYLINE
 5
233E
  8
PLACEMENT_OUTLINE_BOTTOM
 66
1
 40
0.299970
 41
0.299970
  0
VERTEX
 5
233F
  8
PLACEMENT_OUTLINE_BOTTOM
 10
-39.51300
 20
32.80500
  0
VERTEX
 5
2340
  8
PLACEMENT_OUTLINE_BOTTOM
 10
-39.51300
 20
31.53500
  0
SEQEND
  8
PLACEMENT_OUTLINE_BOTTOM
  0
POLYLINE
 5
2341
  8
PLACEMENT_OUTLINE_BOTTOM
 66
1
 70
1
 40
0.149985
 41
0.149985
  0
VERTEX
 5
2342
  8
PLACEMENT_OUTLINE_BOTTOM
 10
-39.58799
 20
32.80500
 42
1.0
  0
VERTEX
 5
2343
  8
PLACEMENT_OUTLINE_BOTTOM
 10
-39.43801
 20
32.80500
 42
1.0
  0
SEQEND
  8
PLACEMENT_OUTLINE_BOTTOM
  0
POLYLINE
 5
2344
  8
PLACEMENT_OUTLINE_BOTTOM
 66
1
 70
1
 40
0.149985
 41
0.149985
  0
VERTEX
 5
2345
  8
PLACEMENT_OUTLINE_BOTTOM
 10
-39.58799
 20
31.53500
 42
1.0
  0
VERTEX
 5
2346
  8
PLACEMENT_OUTLINE_BOTTOM
 10
-39.43801
 20
31.53500
 42
1.0
  0
SEQEND
  8
PLACEMENT_OUTLINE_BOTTOM
  0
SOLID
 5
2347
  8
PADLAYER_BOTTOM
 10
-41.21480
 20
32.62720
 11
-42.12920
 21
32.62720
 12
-41.21480
 22
31.71280
 13
-42.12920
 23
31.71280
  0
SOLID
 5
2348
  8
PADLAYER_BOTTOM
 10
-39.69080
 20
32.62720
 11
-40.60520
 21
32.62720
 12
-39.69080
 22
31.71280
 13
-40.60520
 23
31.71280
  0
POLYLINE
 5
2349
  8
PLACEMENT_OUTLINE_BOTTOM
 66
1
 40
0.299970
 41
0.299970
  0
VERTEX
 5
234A
  8
PLACEMENT_OUTLINE_BOTTOM
 10
-15.57300
 20
28.15500
  0
VERTEX
 5
234B
  8
PLACEMENT_OUTLINE_BOTTOM
 10
-18.36700
 20
28.15500
  0
SEQEND
  8
PLACEMENT_OUTLINE_BOTTOM
  0
POLYLINE
 5
234C
  8
PLACEMENT_OUTLINE_BOTTOM
 66
1
 70
1
 40
0.149985
 41
0.149985
  0
VERTEX
 5
234D
  8
PLACEMENT_OUTLINE_BOTTOM
 10
-15.64799
 20
28.15500
 42
1.0
  0
VERTEX
 5
234E
  8
PLACEMENT_OUTLINE_BOTTOM
 10
-15.49801
 20
28.15500
 42
1.0
  0
SEQEND
  8
PLACEMENT_OUTLINE_BOTTOM
  0
POLYLINE
 5
234F
  8
PLACEMENT_OUTLINE_BOTTOM
 66
1
 70
1
 40
0.149985
 41
0.149985
  0
VERTEX
 5
2350
  8
PLACEMENT_OUTLINE_BOTTOM
 10
-18.44199
 20
28.15500
 42
1.0
  0
VERTEX
 5
2351
  8
PLACEMENT_OUTLINE_BOTTOM
 10
-18.29201
 20
28.15500
 42
1.0
  0
SEQEND
  8
PLACEMENT_OUTLINE_BOTTOM
  0
POLYLINE
 5
2352
  8
PLACEMENT_OUTLINE_BOTTOM
 66
1
 40
0.299970
 41
0.299970
  0
VERTEX
 5
2353
  8
PLACEMENT_OUTLINE_BOTTOM
 10
-18.36700
 20
28.15500
  0
VERTEX
 5
2354
  8
PLACEMENT_OUTLINE_BOTTOM
 10
-18.36700
 20
29.42500
  0
SEQEND
  8
PLACEMENT_OUTLINE_BOTTOM
  0
POLYLINE
 5
2355
  8
PLACEMENT_OUTLINE_BOTTOM
 66
1
 70
1
 40
0.149985
 41
0.149985
  0
VERTEX
 5
2356
  8
PLACEMENT_OUTLINE_BOTTOM
 10
-18.44199
 20
28.15500
 42
1.0
  0
VERTEX
 5
2357
  8
PLACEMENT_OUTLINE_BOTTOM
 10
-18.29201
 20
28.15500
 42
1.0
  0
SEQEND
  8
PLACEMENT_OUTLINE_BOTTOM
  0
POLYLINE
 5
2358
  8
PLACEMENT_OUTLINE_BOTTOM
 66
1
 70
1
 40
0.149985
 41
0.149985
  0
VERTEX
 5
2359
  8
PLACEMENT_OUTLINE_BOTTOM
 10
-18.44199
 20
29.42500
 42
1.0
  0
VERTEX
 5
235A
  8
PLACEMENT_OUTLINE_BOTTOM
 10
-18.29201
 20
29.42500
 42
1.0
  0
SEQEND
  8
PLACEMENT_OUTLINE_BOTTOM
  0
POLYLINE
 5
235B
  8
PLACEMENT_OUTLINE_BOTTOM
 66
1
 40
0.299970
 41
0.299970
  0
VERTEX
 5
235C
  8
PLACEMENT_OUTLINE_BOTTOM
 10
-18.36700
 20
29.42500
  0
VERTEX
 5
235D
  8
PLACEMENT_OUTLINE_BOTTOM
 10
-15.57300
 20
29.42500
  0
SEQEND
  8
PLACEMENT_OUTLINE_BOTTOM
  0
POLYLINE
 5
235E
  8
PLACEMENT_OUTLINE_BOTTOM
 66
1
 70
1
 40
0.149985
 41
0.149985
  0
VERTEX
 5
235F
  8
PLACEMENT_OUTLINE_BOTTOM
 10
-18.44199
 20
29.42500
 42
1.0
  0
VERTEX
 5
2360
  8
PLACEMENT_OUTLINE_BOTTOM
 10
-18.29201
 20
29.42500
 42
1.0
  0
SEQEND
  8
PLACEMENT_OUTLINE_BOTTOM
  0
POLYLINE
 5
2361
  8
PLACEMENT_OUTLINE_BOTTOM
 66
1
 70
1
 40
0.149985
 41
0.149985
  0
VERTEX
 5
2362
  8
PLACEMENT_OUTLINE_BOTTOM
 10
-15.64799
 20
29.42500
 42
1.0
  0
VERTEX
 5
2363
  8
PLACEMENT_OUTLINE_BOTTOM
 10
-15.49801
 20
29.42500
 42
1.0
  0
SEQEND
  8
PLACEMENT_OUTLINE_BOTTOM
  0
POLYLINE
 5
2364
  8
PLACEMENT_OUTLINE_BOTTOM
 66
1
 40
0.299970
 41
0.299970
  0
VERTEX
 5
2365
  8
PLACEMENT_OUTLINE_BOTTOM
 10
-15.57300
 20
29.42500
  0
VERTEX
 5
2366
  8
PLACEMENT_OUTLINE_BOTTOM
 10
-15.57300
 20
28.15500
  0
SEQEND
  8
PLACEMENT_OUTLINE_BOTTOM
  0
POLYLINE
 5
2367
  8
PLACEMENT_OUTLINE_BOTTOM
 66
1
 70
1
 40
0.149985
 41
0.149985
  0
VERTEX
 5
2368
  8
PLACEMENT_OUTLINE_BOTTOM
 10
-15.64799
 20
29.42500
 42
1.0
  0
VERTEX
 5
2369
  8
PLACEMENT_OUTLINE_BOTTOM
 10
-15.49801
 20
29.42500
 42
1.0
  0
SEQEND
  8
PLACEMENT_OUTLINE_BOTTOM
  0
POLYLINE
 5
236A
  8
PLACEMENT_OUTLINE_BOTTOM
 66
1
 70
1
 40
0.149985
 41
0.149985
  0
VERTEX
 5
236B
  8
PLACEMENT_OUTLINE_BOTTOM
 10
-15.64799
 20
28.15500
 42
1.0
  0
VERTEX
 5
236C
  8
PLACEMENT_OUTLINE_BOTTOM
 10
-15.49801
 20
28.15500
 42
1.0
  0
SEQEND
  8
PLACEMENT_OUTLINE_BOTTOM
  0
SOLID
 5
236D
  8
PADLAYER_BOTTOM
 10
-17.27480
 20
29.24720
 11
-18.18920
 21
29.24720
 12
-17.27480
 22
28.33280
 13
-18.18920
 23
28.33280
  0
SOLID
 5
236E
  8
PADLAYER_BOTTOM
 10
-15.75080
 20
29.24720
 11
-16.66520
 21
29.24720
 12
-15.75080
 22
28.33280
 13
-16.66520
 23
28.33280
  0
POLYLINE
 5
236F
  8
2DLINES_4
 66
1
 40
0.152400
 41
0.152400
  0
VERTEX
 5
2370
  8
2DLINES_4
 10
-39.13000
 20
67.62000
  0
VERTEX
 5
2371
  8
2DLINES_4
 10
-39.13000
 20
68.52000
  0
SEQEND
  8
2DLINES_4
  0
POLYLINE
 5
2372
  8
2DLINES_4
 66
1
 70
1
 40
0.076200
 41
0.076200
  0
VERTEX
 5
2373
  8
2DLINES_4
 10
-39.16810
 20
67.62000
 42
1.0
  0
VERTEX
 5
2374
  8
2DLINES_4
 10
-39.09190
 20
67.62000
 42
1.0
  0
SEQEND
  8
2DLINES_4
  0
POLYLINE
 5
2375
  8
2DLINES_4
 66
1
 70
1
 40
0.076200
 41
0.076200
  0
VERTEX
 5
2376
  8
2DLINES_4
 10
-39.16810
 20
68.52000
 42
1.0
  0
VERTEX
 5
2377
  8
2DLINES_4
 10
-39.09190
 20
68.52000
 42
1.0
  0
SEQEND
  8
2DLINES_4
  0
POLYLINE
 5
2378
  8
2DLINES_4
 66
1
 40
0.152400
 41
0.152400
  0
VERTEX
 5
2379
  8
2DLINES_4
 10
-39.13000
 20
68.52000
  0
VERTEX
 5
237A
  8
2DLINES_4
 10
-36.73000
 20
68.52000
  0
SEQEND
  8
2DLINES_4
  0
POLYLINE
 5
237B
  8
2DLINES_4
 66
1
 70
1
 40
0.076200
 41
0.076200
  0
VERTEX
 5
237C
  8
2DLINES_4
 10
-39.16810
 20
68.52000
 42
1.0
  0
VERTEX
 5
237D
  8
2DLINES_4
 10
-39.09190
 20
68.52000
 42
1.0
  0
SEQEND
  8
2DLINES_4
  0
POLYLINE
 5
237E
  8
2DLINES_4
 66
1
 70
1
 40
0.076200
 41
0.076200
  0
VERTEX
 5
237F
  8
2DLINES_4
 10
-36.76810
 20
68.52000
 42
1.0
  0
VERTEX
 5
2380
  8
2DLINES_4
 10
-36.69190
 20
68.52000
 42
1.0
  0
SEQEND
  8
2DLINES_4
  0
POLYLINE
 5
2381
  8
2DLINES_4
 66
1
 40
0.152400
 41
0.152400
  0
VERTEX
 5
2382
  8
2DLINES_4
 10
-39.13000
 20
66.22000
  0
VERTEX
 5
2383
  8
2DLINES_4
 10
-39.13000
 20
65.32000
  0
SEQEND
  8
2DLINES_4
  0
POLYLINE
 5
2384
  8
2DLINES_4
 66
1
 70
1
 40
0.076200
 41
0.076200
  0
VERTEX
 5
2385
  8
2DLINES_4
 10
-39.16810
 20
66.22000
 42
1.0
  0
VERTEX
 5
2386
  8
2DLINES_4
 10
-39.09190
 20
66.22000
 42
1.0
  0
SEQEND
  8
2DLINES_4
  0
POLYLINE
 5
2387
  8
2DLINES_4
 66
1
 70
1
 40
0.076200
 41
0.076200
  0
VERTEX
 5
2388
  8
2DLINES_4
 10
-39.16810
 20
65.32000
 42
1.0
  0
VERTEX
 5
2389
  8
2DLINES_4
 10
-39.09190
 20
65.32000
 42
1.0
  0
SEQEND
  8
2DLINES_4
  0
POLYLINE
 5
238A
  8
2DLINES_4
 66
1
 40
0.152400
 41
0.152400
  0
VERTEX
 5
238B
  8
2DLINES_4
 10
-39.13000
 20
65.32000
  0
VERTEX
 5
238C
  8
2DLINES_4
 10
-36.73000
 20
65.32000
  0
SEQEND
  8
2DLINES_4
  0
POLYLINE
 5
238D
  8
2DLINES_4
 66
1
 70
1
 40
0.076200
 41
0.076200
  0
VERTEX
 5
238E
  8
2DLINES_4
 10
-39.16810
 20
65.32000
 42
1.0
  0
VERTEX
 5
238F
  8
2DLINES_4
 10
-39.09190
 20
65.32000
 42
1.0
  0
SEQEND
  8
2DLINES_4
  0
POLYLINE
 5
2390
  8
2DLINES_4
 66
1
 70
1
 40
0.076200
 41
0.076200
  0
VERTEX
 5
2391
  8
2DLINES_4
 10
-36.76810
 20
65.32000
 42
1.0
  0
VERTEX
 5
2392
  8
2DLINES_4
 10
-36.69190
 20
65.32000
 42
1.0
  0
SEQEND
  8
2DLINES_4
  0
POLYLINE
 5
2393
  8
PLACEMENT_OUTLINE_BOTTOM
 66
1
 40
0.254000
 41
0.254000
  0
VERTEX
 5
2394
  8
PLACEMENT_OUTLINE_BOTTOM
 10
-37.61250
 20
68.82500
  0
VERTEX
 5
2395
  8
PLACEMENT_OUTLINE_BOTTOM
 10
-35.70750
 20
68.82500
  0
SEQEND
  8
PLACEMENT_OUTLINE_BOTTOM
  0
POLYLINE
 5
2396
  8
PLACEMENT_OUTLINE_BOTTOM
 66
1
 70
1
 40
0.127000
 41
0.127000
  0
VERTEX
 5
2397
  8
PLACEMENT_OUTLINE_BOTTOM
 10
-37.67600
 20
68.82500
 42
1.0
  0
VERTEX
 5
2398
  8
PLACEMENT_OUTLINE_BOTTOM
 10
-37.54900
 20
68.82500
 42
1.0
  0
SEQEND
  8
PLACEMENT_OUTLINE_BOTTOM
  0
POLYLINE
 5
2399
  8
PLACEMENT_OUTLINE_BOTTOM
 66
1
 70
1
 40
0.127000
 41
0.127000
  0
VERTEX
 5
239A
  8
PLACEMENT_OUTLINE_BOTTOM
 10
-35.77100
 20
68.82500
 42
1.0
  0
VERTEX
 5
239B
  8
PLACEMENT_OUTLINE_BOTTOM
 10
-35.64400
 20
68.82500
 42
1.0
  0
SEQEND
  8
PLACEMENT_OUTLINE_BOTTOM
  0
POLYLINE
 5
239C
  8
PLACEMENT_OUTLINE_BOTTOM
 66
1
 40
0.254000
 41
0.254000
  0
VERTEX
 5
239D
  8
PLACEMENT_OUTLINE_BOTTOM
 10
-35.70750
 20
68.82500
  0
VERTEX
 5
239E
  8
PLACEMENT_OUTLINE_BOTTOM
 10
-35.70750
 20
65.01500
  0
SEQEND
  8
PLACEMENT_OUTLINE_BOTTOM
  0
POLYLINE
 5
239F
  8
PLACEMENT_OUTLINE_BOTTOM
 66
1
 70
1
 40
0.127000
 41
0.127000
  0
VERTEX
 5
23A0
  8
PLACEMENT_OUTLINE_BOTTOM
 10
-35.77100
 20
68.82500
 42
1.0
  0
VERTEX
 5
23A1
  8
PLACEMENT_OUTLINE_BOTTOM
 10
-35.64400
 20
68.82500
 42
1.0
  0
SEQEND
  8
PLACEMENT_OUTLINE_BOTTOM
  0
POLYLINE
 5
23A2
  8
PLACEMENT_OUTLINE_BOTTOM
 66
1
 70
1
 40
0.127000
 41
0.127000
  0
VERTEX
 5
23A3
  8
PLACEMENT_OUTLINE_BOTTOM
 10
-35.77100
 20
65.01500
 42
1.0
  0
VERTEX
 5
23A4
  8
PLACEMENT_OUTLINE_BOTTOM
 10
-35.64400
 20
65.01500
 42
1.0
  0
SEQEND
  8
PLACEMENT_OUTLINE_BOTTOM
  0
POLYLINE
 5
23A5
  8
PLACEMENT_OUTLINE_BOTTOM
 66
1
 40
0.254000
 41
0.254000
  0
VERTEX
 5
23A6
  8
PLACEMENT_OUTLINE_BOTTOM
 10
-35.70750
 20
65.01500
  0
VERTEX
 5
23A7
  8
PLACEMENT_OUTLINE_BOTTOM
 10
-40.15250
 20
65.01500
  0
SEQEND
  8
PLACEMENT_OUTLINE_BOTTOM
  0
POLYLINE
 5
23A8
  8
PLACEMENT_OUTLINE_BOTTOM
 66
1
 70
1
 40
0.127000
 41
0.127000
  0
VERTEX
 5
23A9
  8
PLACEMENT_OUTLINE_BOTTOM
 10
-35.77100
 20
65.01500
 42
1.0
  0
VERTEX
 5
23AA
  8
PLACEMENT_OUTLINE_BOTTOM
 10
-35.64400
 20
65.01500
 42
1.0
  0
SEQEND
  8
PLACEMENT_OUTLINE_BOTTOM
  0
POLYLINE
 5
23AB
  8
PLACEMENT_OUTLINE_BOTTOM
 66
1
 70
1
 40
0.127000
 41
0.127000
  0
VERTEX
 5
23AC
  8
PLACEMENT_OUTLINE_BOTTOM
 10
-40.21600
 20
65.01500
 42
1.0
  0
VERTEX
 5
23AD
  8
PLACEMENT_OUTLINE_BOTTOM
 10
-40.08900
 20
65.01500
 42
1.0
  0
SEQEND
  8
PLACEMENT_OUTLINE_BOTTOM
  0
POLYLINE
 5
23AE
  8
PLACEMENT_OUTLINE_BOTTOM
 66
1
 40
0.254000
 41
0.254000
  0
VERTEX
 5
23AF
  8
PLACEMENT_OUTLINE_BOTTOM
 10
-40.15250
 20
65.01500
  0
VERTEX
 5
23B0
  8
PLACEMENT_OUTLINE_BOTTOM
 10
-40.15250
 20
68.82500
  0
SEQEND
  8
PLACEMENT_OUTLINE_BOTTOM
  0
POLYLINE
 5
23B1
  8
PLACEMENT_OUTLINE_BOTTOM
 66
1
 70
1
 40
0.127000
 41
0.127000
  0
VERTEX
 5
23B2
  8
PLACEMENT_OUTLINE_BOTTOM
 10
-40.21600
 20
65.01500
 42
1.0
  0
VERTEX
 5
23B3
  8
PLACEMENT_OUTLINE_BOTTOM
 10
-40.08900
 20
65.01500
 42
1.0
  0
SEQEND
  8
PLACEMENT_OUTLINE_BOTTOM
  0
POLYLINE
 5
23B4
  8
PLACEMENT_OUTLINE_BOTTOM
 66
1
 70
1
 40
0.127000
 41
0.127000
  0
VERTEX
 5
23B5
  8
PLACEMENT_OUTLINE_BOTTOM
 10
-40.21600
 20
68.82500
 42
1.0
  0
VERTEX
 5
23B6
  8
PLACEMENT_OUTLINE_BOTTOM
 10
-40.08900
 20
68.82500
 42
1.0
  0
SEQEND
  8
PLACEMENT_OUTLINE_BOTTOM
  0
POLYLINE
 5
23B7
  8
PLACEMENT_OUTLINE_BOTTOM
 66
1
 40
0.254000
 41
0.254000
  0
VERTEX
 5
23B8
  8
PLACEMENT_OUTLINE_BOTTOM
 10
-40.15250
 20
68.82500
  0
VERTEX
 5
23B9
  8
PLACEMENT_OUTLINE_BOTTOM
 10
-37.61250
 20
68.82500
  0
SEQEND
  8
PLACEMENT_OUTLINE_BOTTOM
  0
POLYLINE
 5
23BA
  8
PLACEMENT_OUTLINE_BOTTOM
 66
1
 70
1
 40
0.127000
 41
0.127000
  0
VERTEX
 5
23BB
  8
PLACEMENT_OUTLINE_BOTTOM
 10
-40.21600
 20
68.82500
 42
1.0
  0
VERTEX
 5
23BC
  8
PLACEMENT_OUTLINE_BOTTOM
 10
-40.08900
 20
68.82500
 42
1.0
  0
SEQEND
  8
PLACEMENT_OUTLINE_BOTTOM
  0
POLYLINE
 5
23BD
  8
PLACEMENT_OUTLINE_BOTTOM
 66
1
 70
1
 40
0.127000
 41
0.127000
  0
VERTEX
 5
23BE
  8
PLACEMENT_OUTLINE_BOTTOM
 10
-37.67600
 20
68.82500
 42
1.0
  0
VERTEX
 5
23BF
  8
PLACEMENT_OUTLINE_BOTTOM
 10
-37.54900
 20
68.82500
 42
1.0
  0
SEQEND
  8
PLACEMENT_OUTLINE_BOTTOM
  0
SOLID
 5
23C0
  8
PADLAYER_BOTTOM
 10
-36.15850
 20
68.25100
 11
-37.30150
 21
68.25100
 12
-36.15850
 22
67.48900
 13
-37.30150
 23
67.48900
  0
SOLID
 5
23C1
  8
PADLAYER_BOTTOM
 10
-36.15850
 20
66.35100
 11
-37.30150
 21
66.35100
 12
-36.15850
 22
65.58900
 13
-37.30150
 23
65.58900
  0
SOLID
 5
23C2
  8
PADLAYER_BOTTOM
 10
-38.55850
 20
67.30100
 11
-39.70150
 21
67.30100
 12
-38.55850
 22
66.53900
 13
-39.70150
 23
66.53900
  0
POLYLINE
 5
23C3
  8
2DLINES_4
 66
1
 40
0.152400
 41
0.152400
  0
VERTEX
 5
23C4
  8
2DLINES_4
 10
-42.96000
 20
65.72000
  0
VERTEX
 5
23C5
  8
2DLINES_4
 10
-43.86000
 20
65.72000
  0
SEQEND
  8
2DLINES_4
  0
POLYLINE
 5
23C6
  8
2DLINES_4
 66
1
 70
1
 40
0.076200
 41
0.076200
  0
VERTEX
 5
23C7
  8
2DLINES_4
 10
-42.99810
 20
65.72000
 42
1.0
  0
VERTEX
 5
23C8
  8
2DLINES_4
 10
-42.92190
 20
65.72000
 42
1.0
  0
SEQEND
  8
2DLINES_4
  0
POLYLINE
 5
23C9
  8
2DLINES_4
 66
1
 70
1
 40
0.076200
 41
0.076200
  0
VERTEX
 5
23CA
  8
2DLINES_4
 10
-43.89810
 20
65.72000
 42
1.0
  0
VERTEX
 5
23CB
  8
2DLINES_4
 10
-43.82190
 20
65.72000
 42
1.0
  0
SEQEND
  8
2DLINES_4
  0
POLYLINE
 5
23CC
  8
2DLINES_4
 66
1
 40
0.152400
 41
0.152400
  0
VERTEX
 5
23CD
  8
2DLINES_4
 10
-43.86000
 20
65.72000
  0
VERTEX
 5
23CE
  8
2DLINES_4
 10
-43.86000
 20
68.12000
  0
SEQEND
  8
2DLINES_4
  0
POLYLINE
 5
23CF
  8
2DLINES_4
 66
1
 70
1
 40
0.076200
 41
0.076200
  0
VERTEX
 5
23D0
  8
2DLINES_4
 10
-43.89810
 20
65.72000
 42
1.0
  0
VERTEX
 5
23D1
  8
2DLINES_4
 10
-43.82190
 20
65.72000
 42
1.0
  0
SEQEND
  8
2DLINES_4
  0
POLYLINE
 5
23D2
  8
2DLINES_4
 66
1
 70
1
 40
0.076200
 41
0.076200
  0
VERTEX
 5
23D3
  8
2DLINES_4
 10
-43.89810
 20
68.12000
 42
1.0
  0
VERTEX
 5
23D4
  8
2DLINES_4
 10
-43.82190
 20
68.12000
 42
1.0
  0
SEQEND
  8
2DLINES_4
  0
POLYLINE
 5
23D5
  8
2DLINES_4
 66
1
 40
0.152400
 41
0.152400
  0
VERTEX
 5
23D6
  8
2DLINES_4
 10
-41.56000
 20
65.72000
  0
VERTEX
 5
23D7
  8
2DLINES_4
 10
-40.66000
 20
65.72000
  0
SEQEND
  8
2DLINES_4
  0
POLYLINE
 5
23D8
  8
2DLINES_4
 66
1
 70
1
 40
0.076200
 41
0.076200
  0
VERTEX
 5
23D9
  8
2DLINES_4
 10
-41.59810
 20
65.72000
 42
1.0
  0
VERTEX
 5
23DA
  8
2DLINES_4
 10
-41.52190
 20
65.72000
 42
1.0
  0
SEQEND
  8
2DLINES_4
  0
POLYLINE
 5
23DB
  8
2DLINES_4
 66
1
 70
1
 40
0.076200
 41
0.076200
  0
VERTEX
 5
23DC
  8
2DLINES_4
 10
-40.69810
 20
65.72000
 42
1.0
  0
VERTEX
 5
23DD
  8
2DLINES_4
 10
-40.62190
 20
65.72000
 42
1.0
  0
SEQEND
  8
2DLINES_4
  0
POLYLINE
 5
23DE
  8
2DLINES_4
 66
1
 40
0.152400
 41
0.152400
  0
VERTEX
 5
23DF
  8
2DLINES_4
 10
-40.66000
 20
65.72000
  0
VERTEX
 5
23E0
  8
2DLINES_4
 10
-40.66000
 20
68.12000
  0
SEQEND
  8
2DLINES_4
  0
POLYLINE
 5
23E1
  8
2DLINES_4
 66
1
 70
1
 40
0.076200
 41
0.076200
  0
VERTEX
 5
23E2
  8
2DLINES_4
 10
-40.69810
 20
65.72000
 42
1.0
  0
VERTEX
 5
23E3
  8
2DLINES_4
 10
-40.62190
 20
65.72000
 42
1.0
  0
SEQEND
  8
2DLINES_4
  0
POLYLINE
 5
23E4
  8
2DLINES_4
 66
1
 70
1
 40
0.076200
 41
0.076200
  0
VERTEX
 5
23E5
  8
2DLINES_4
 10
-40.69810
 20
68.12000
 42
1.0
  0
VERTEX
 5
23E6
  8
2DLINES_4
 10
-40.62190
 20
68.12000
 42
1.0
  0
SEQEND
  8
2DLINES_4
  0
POLYLINE
 5
23E7
  8
PLACEMENT_OUTLINE_BOTTOM
 66
1
 40
0.254000
 41
0.254000
  0
VERTEX
 5
23E8
  8
PLACEMENT_OUTLINE_BOTTOM
 10
-44.16500
 20
67.23750
  0
VERTEX
 5
23E9
  8
PLACEMENT_OUTLINE_BOTTOM
 10
-44.16500
 20
69.14250
  0
SEQEND
  8
PLACEMENT_OUTLINE_BOTTOM
  0
POLYLINE
 5
23EA
  8
PLACEMENT_OUTLINE_BOTTOM
 66
1
 70
1
 40
0.127000
 41
0.127000
  0
VERTEX
 5
23EB
  8
PLACEMENT_OUTLINE_BOTTOM
 10
-44.22850
 20
67.23750
 42
1.0
  0
VERTEX
 5
23EC
  8
PLACEMENT_OUTLINE_BOTTOM
 10
-44.10150
 20
67.23750
 42
1.0
  0
SEQEND
  8
PLACEMENT_OUTLINE_BOTTOM
  0
POLYLINE
 5
23ED
  8
PLACEMENT_OUTLINE_BOTTOM
 66
1
 70
1
 40
0.127000
 41
0.127000
  0
VERTEX
 5
23EE
  8
PLACEMENT_OUTLINE_BOTTOM
 10
-44.22850
 20
69.14250
 42
1.0
  0
VERTEX
 5
23EF
  8
PLACEMENT_OUTLINE_BOTTOM
 10
-44.10150
 20
69.14250
 42
1.0
  0
SEQEND
  8
PLACEMENT_OUTLINE_BOTTOM
  0
POLYLINE
 5
23F0
  8
PLACEMENT_OUTLINE_BOTTOM
 66
1
 40
0.254000
 41
0.254000
  0
VERTEX
 5
23F1
  8
PLACEMENT_OUTLINE_BOTTOM
 10
-44.16500
 20
69.14250
  0
VERTEX
 5
23F2
  8
PLACEMENT_OUTLINE_BOTTOM
 10
-40.35500
 20
69.14250
  0
SEQEND
  8
PLACEMENT_OUTLINE_BOTTOM
  0
POLYLINE
 5
23F3
  8
PLACEMENT_OUTLINE_BOTTOM
 66
1
 70
1
 40
0.127000
 41
0.127000
  0
VERTEX
 5
23F4
  8
PLACEMENT_OUTLINE_BOTTOM
 10
-44.22850
 20
69.14250
 42
1.0
  0
VERTEX
 5
23F5
  8
PLACEMENT_OUTLINE_BOTTOM
 10
-44.10150
 20
69.14250
 42
1.0
  0
SEQEND
  8
PLACEMENT_OUTLINE_BOTTOM
  0
POLYLINE
 5
23F6
  8
PLACEMENT_OUTLINE_BOTTOM
 66
1
 70
1
 40
0.127000
 41
0.127000
  0
VERTEX
 5
23F7
  8
PLACEMENT_OUTLINE_BOTTOM
 10
-40.41850
 20
69.14250
 42
1.0
  0
VERTEX
 5
23F8
  8
PLACEMENT_OUTLINE_BOTTOM
 10
-40.29150
 20
69.14250
 42
1.0
  0
SEQEND
  8
PLACEMENT_OUTLINE_BOTTOM
  0
POLYLINE
 5
23F9
  8
PLACEMENT_OUTLINE_BOTTOM
 66
1
 40
0.254000
 41
0.254000
  0
VERTEX
 5
23FA
  8
PLACEMENT_OUTLINE_BOTTOM
 10
-40.35500
 20
69.14250
  0
VERTEX
 5
23FB
  8
PLACEMENT_OUTLINE_BOTTOM
 10
-40.35500
 20
64.69750
  0
SEQEND
  8
PLACEMENT_OUTLINE_BOTTOM
  0
POLYLINE
 5
23FC
  8
PLACEMENT_OUTLINE_BOTTOM
 66
1
 70
1
 40
0.127000
 41
0.127000
  0
VERTEX
 5
23FD
  8
PLACEMENT_OUTLINE_BOTTOM
 10
-40.41850
 20
69.14250
 42
1.0
  0
VERTEX
 5
23FE
  8
PLACEMENT_OUTLINE_BOTTOM
 10
-40.29150
 20
69.14250
 42
1.0
  0
SEQEND
  8
PLACEMENT_OUTLINE_BOTTOM
  0
POLYLINE
 5
23FF
  8
PLACEMENT_OUTLINE_BOTTOM
 66
1
 70
1
 40
0.127000
 41
0.127000
  0
VERTEX
 5
2400
  8
PLACEMENT_OUTLINE_BOTTOM
 10
-40.41850
 20
64.69750
 42
1.0
  0
VERTEX
 5
2401
  8
PLACEMENT_OUTLINE_BOTTOM
 10
-40.29150
 20
64.69750
 42
1.0
  0
SEQEND
  8
PLACEMENT_OUTLINE_BOTTOM
  0
POLYLINE
 5
2402
  8
PLACEMENT_OUTLINE_BOTTOM
 66
1
 40
0.254000
 41
0.254000
  0
VERTEX
 5
2403
  8
PLACEMENT_OUTLINE_BOTTOM
 10
-40.35500
 20
64.69750
  0
VERTEX
 5
2404
  8
PLACEMENT_OUTLINE_BOTTOM
 10
-44.16500
 20
64.69750
  0
SEQEND
  8
PLACEMENT_OUTLINE_BOTTOM
  0
POLYLINE
 5
2405
  8
PLACEMENT_OUTLINE_BOTTOM
 66
1
 70
1
 40
0.127000
 41
0.127000
  0
VERTEX
 5
2406
  8
PLACEMENT_OUTLINE_BOTTOM
 10
-40.41850
 20
64.69750
 42
1.0
  0
VERTEX
 5
2407
  8
PLACEMENT_OUTLINE_BOTTOM
 10
-40.29150
 20
64.69750
 42
1.0
  0
SEQEND
  8
PLACEMENT_OUTLINE_BOTTOM
  0
POLYLINE
 5
2408
  8
PLACEMENT_OUTLINE_BOTTOM
 66
1
 70
1
 40
0.127000
 41
0.127000
  0
VERTEX
 5
2409
  8
PLACEMENT_OUTLINE_BOTTOM
 10
-44.22850
 20
64.69750
 42
1.0
  0
VERTEX
 5
240A
  8
PLACEMENT_OUTLINE_BOTTOM
 10
-44.10150
 20
64.69750
 42
1.0
  0
SEQEND
  8
PLACEMENT_OUTLINE_BOTTOM
  0
POLYLINE
 5
240B
  8
PLACEMENT_OUTLINE_BOTTOM
 66
1
 40
0.254000
 41
0.254000
  0
VERTEX
 5
240C
  8
PLACEMENT_OUTLINE_BOTTOM
 10
-44.16500
 20
64.69750
  0
VERTEX
 5
240D
  8
PLACEMENT_OUTLINE_BOTTOM
 10
-44.16500
 20
67.23750
  0
SEQEND
  8
PLACEMENT_OUTLINE_BOTTOM
  0
POLYLINE
 5
240E
  8
PLACEMENT_OUTLINE_BOTTOM
 66
1
 70
1
 40
0.127000
 41
0.127000
  0
VERTEX
 5
240F
  8
PLACEMENT_OUTLINE_BOTTOM
 10
-44.22850
 20
64.69750
 42
1.0
  0
VERTEX
 5
2410
  8
PLACEMENT_OUTLINE_BOTTOM
 10
-44.10150
 20
64.69750
 42
1.0
  0
SEQEND
  8
PLACEMENT_OUTLINE_BOTTOM
  0
POLYLINE
 5
2411
  8
PLACEMENT_OUTLINE_BOTTOM
 66
1
 70
1
 40
0.127000
 41
0.127000
  0
VERTEX
 5
2412
  8
PLACEMENT_OUTLINE_BOTTOM
 10
-44.22850
 20
67.23750
 42
1.0
  0
VERTEX
 5
2413
  8
PLACEMENT_OUTLINE_BOTTOM
 10
-44.10150
 20
67.23750
 42
1.0
  0
SEQEND
  8
PLACEMENT_OUTLINE_BOTTOM
  0
SOLID
 5
2414
  8
PADLAYER_BOTTOM
 10
-43.59100
 20
68.69150
 11
-43.59100
 21
67.54850
 12
-42.82900
 22
68.69150
 13
-42.82900
 23
67.54850
  0
SOLID
 5
2415
  8
PADLAYER_BOTTOM
 10
-41.69100
 20
68.69150
 11
-41.69100
 21
67.54850
 12
-40.92900
 22
68.69150
 13
-40.92900
 23
67.54850
  0
SOLID
 5
2416
  8
PADLAYER_BOTTOM
 10
-42.64100
 20
66.29150
 11
-42.64100
 21
65.14850
 12
-41.87900
 22
66.29150
 13
-41.87900
 23
65.14850
  0
POLYLINE
 5
2417
  8
PLACEMENT_OUTLINE_BOTTOM
 66
1
 40
0.299970
 41
0.299970
  0
VERTEX
 5
2418
  8
PLACEMENT_OUTLINE_BOTTOM
 10
-38.36300
 20
73.60500
  0
VERTEX
 5
2419
  8
PLACEMENT_OUTLINE_BOTTOM
 10
-41.15700
 20
73.60500
  0
SEQEND
  8
PLACEMENT_OUTLINE_BOTTOM
  0
POLYLINE
 5
241A
  8
PLACEMENT_OUTLINE_BOTTOM
 66
1
 70
1
 40
0.149985
 41
0.149985
  0
VERTEX
 5
241B
  8
PLACEMENT_OUTLINE_BOTTOM
 10
-38.43799
 20
73.60500
 42
1.0
  0
VERTEX
 5
241C
  8
PLACEMENT_OUTLINE_BOTTOM
 10
-38.28801
 20
73.60500
 42
1.0
  0
SEQEND
  8
PLACEMENT_OUTLINE_BOTTOM
  0
POLYLINE
 5
241D
  8
PLACEMENT_OUTLINE_BOTTOM
 66
1
 70
1
 40
0.149985
 41
0.149985
  0
VERTEX
 5
241E
  8
PLACEMENT_OUTLINE_BOTTOM
 10
-41.23199
 20
73.60500
 42
1.0
  0
VERTEX
 5
241F
  8
PLACEMENT_OUTLINE_BOTTOM
 10
-41.08201
 20
73.60500
 42
1.0
  0
SEQEND
  8
PLACEMENT_OUTLINE_BOTTOM
  0
POLYLINE
 5
2420
  8
PLACEMENT_OUTLINE_BOTTOM
 66
1
 40
0.299970
 41
0.299970
  0
VERTEX
 5
2421
  8
PLACEMENT_OUTLINE_BOTTOM
 10
-41.15700
 20
73.60500
  0
VERTEX
 5
2422
  8
PLACEMENT_OUTLINE_BOTTOM
 10
-41.15700
 20
74.87500
  0
SEQEND
  8
PLACEMENT_OUTLINE_BOTTOM
  0
POLYLINE
 5
2423
  8
PLACEMENT_OUTLINE_BOTTOM
 66
1
 70
1
 40
0.149985
 41
0.149985
  0
VERTEX
 5
2424
  8
PLACEMENT_OUTLINE_BOTTOM
 10
-41.23199
 20
73.60500
 42
1.0
  0
VERTEX
 5
2425
  8
PLACEMENT_OUTLINE_BOTTOM
 10
-41.08201
 20
73.60500
 42
1.0
  0
SEQEND
  8
PLACEMENT_OUTLINE_BOTTOM
  0
POLYLINE
 5
2426
  8
PLACEMENT_OUTLINE_BOTTOM
 66
1
 70
1
 40
0.149985
 41
0.149985
  0
VERTEX
 5
2427
  8
PLACEMENT_OUTLINE_BOTTOM
 10
-41.23199
 20
74.87500
 42
1.0
  0
VERTEX
 5
2428
  8
PLACEMENT_OUTLINE_BOTTOM
 10
-41.08201
 20
74.87500
 42
1.0
  0
SEQEND
  8
PLACEMENT_OUTLINE_BOTTOM
  0
POLYLINE
 5
2429
  8
PLACEMENT_OUTLINE_BOTTOM
 66
1
 40
0.299970
 41
0.299970
  0
VERTEX
 5
242A
  8
PLACEMENT_OUTLINE_BOTTOM
 10
-41.15700
 20
74.87500
  0
VERTEX
 5
242B
  8
PLACEMENT_OUTLINE_BOTTOM
 10
-38.36300
 20
74.87500
  0
SEQEND
  8
PLACEMENT_OUTLINE_BOTTOM
  0
POLYLINE
 5
242C
  8
PLACEMENT_OUTLINE_BOTTOM
 66
1
 70
1
 40
0.149985
 41
0.149985
  0
VERTEX
 5
242D
  8
PLACEMENT_OUTLINE_BOTTOM
 10
-41.23199
 20
74.87500
 42
1.0
  0
VERTEX
 5
242E
  8
PLACEMENT_OUTLINE_BOTTOM
 10
-41.08201
 20
74.87500
 42
1.0
  0
SEQEND
  8
PLACEMENT_OUTLINE_BOTTOM
  0
POLYLINE
 5
242F
  8
PLACEMENT_OUTLINE_BOTTOM
 66
1
 70
1
 40
0.149985
 41
0.149985
  0
VERTEX
 5
2430
  8
PLACEMENT_OUTLINE_BOTTOM
 10
-38.43799
 20
74.87500
 42
1.0
  0
VERTEX
 5
2431
  8
PLACEMENT_OUTLINE_BOTTOM
 10
-38.28801
 20
74.87500
 42
1.0
  0
SEQEND
  8
PLACEMENT_OUTLINE_BOTTOM
  0
POLYLINE
 5
2432
  8
PLACEMENT_OUTLINE_BOTTOM
 66
1
 40
0.299970
 41
0.299970
  0
VERTEX
 5
2433
  8
PLACEMENT_OUTLINE_BOTTOM
 10
-38.36300
 20
74.87500
  0
VERTEX
 5
2434
  8
PLACEMENT_OUTLINE_BOTTOM
 10
-38.36300
 20
73.60500
  0
SEQEND
  8
PLACEMENT_OUTLINE_BOTTOM
  0
POLYLINE
 5
2435
  8
PLACEMENT_OUTLINE_BOTTOM
 66
1
 70
1
 40
0.149985
 41
0.149985
  0
VERTEX
 5
2436
  8
PLACEMENT_OUTLINE_BOTTOM
 10
-38.43799
 20
74.87500
 42
1.0
  0
VERTEX
 5
2437
  8
PLACEMENT_OUTLINE_BOTTOM
 10
-38.28801
 20
74.87500
 42
1.0
  0
SEQEND
  8
PLACEMENT_OUTLINE_BOTTOM
  0
POLYLINE
 5
2438
  8
PLACEMENT_OUTLINE_BOTTOM
 66
1
 70
1
 40
0.149985
 41
0.149985
  0
VERTEX
 5
2439
  8
PLACEMENT_OUTLINE_BOTTOM
 10
-38.43799
 20
73.60500
 42
1.0
  0
VERTEX
 5
243A
  8
PLACEMENT_OUTLINE_BOTTOM
 10
-38.28801
 20
73.60500
 42
1.0
  0
SEQEND
  8
PLACEMENT_OUTLINE_BOTTOM
  0
SOLID
 5
243B
  8
PADLAYER_BOTTOM
 10
-40.06480
 20
74.69720
 11
-40.97920
 21
74.69720
 12
-40.06480
 22
73.78280
 13
-40.97920
 23
73.78280
  0
SOLID
 5
243C
  8
PADLAYER_BOTTOM
 10
-38.54080
 20
74.69720
 11
-39.45520
 21
74.69720
 12
-38.54080
 22
73.78280
 13
-39.45520
 23
73.78280
  0
POLYLINE
 5
243D
  8
PLACEMENT_OUTLINE_BOTTOM
 66
1
 40
0.299970
 41
0.299970
  0
VERTEX
 5
243E
  8
PLACEMENT_OUTLINE_BOTTOM
 10
-44.52500
 20
68.31700
  0
VERTEX
 5
243F
  8
PLACEMENT_OUTLINE_BOTTOM
 10
-44.52500
 20
65.52300
  0
SEQEND
  8
PLACEMENT_OUTLINE_BOTTOM
  0
POLYLINE
 5
2440
  8
PLACEMENT_OUTLINE_BOTTOM
 66
1
 70
1
 40
0.149985
 41
0.149985
  0
VERTEX
 5
2441
  8
PLACEMENT_OUTLINE_BOTTOM
 10
-44.59999
 20
68.31700
 42
1.0
  0
VERTEX
 5
2442
  8
PLACEMENT_OUTLINE_BOTTOM
 10
-44.45001
 20
68.31700
 42
1.0
  0
SEQEND
  8
PLACEMENT_OUTLINE_BOTTOM
  0
POLYLINE
 5
2443
  8
PLACEMENT_OUTLINE_BOTTOM
 66
1
 70
1
 40
0.149985
 41
0.149985
  0
VERTEX
 5
2444
  8
PLACEMENT_OUTLINE_BOTTOM
 10
-44.59999
 20
65.52300
 42
1.0
  0
VERTEX
 5
2445
  8
PLACEMENT_OUTLINE_BOTTOM
 10
-44.45001
 20
65.52300
 42
1.0
  0
SEQEND
  8
PLACEMENT_OUTLINE_BOTTOM
  0
POLYLINE
 5
2446
  8
PLACEMENT_OUTLINE_BOTTOM
 66
1
 40
0.299970
 41
0.299970
  0
VERTEX
 5
2447
  8
PLACEMENT_OUTLINE_BOTTOM
 10
-44.52500
 20
65.52300
  0
VERTEX
 5
2448
  8
PLACEMENT_OUTLINE_BOTTOM
 10
-45.79500
 20
65.52300
  0
SEQEND
  8
PLACEMENT_OUTLINE_BOTTOM
  0
POLYLINE
 5
2449
  8
PLACEMENT_OUTLINE_BOTTOM
 66
1
 70
1
 40
0.149985
 41
0.149985
  0
VERTEX
 5
244A
  8
PLACEMENT_OUTLINE_BOTTOM
 10
-44.59999
 20
65.52300
 42
1.0
  0
VERTEX
 5
244B
  8
PLACEMENT_OUTLINE_BOTTOM
 10
-44.45001
 20
65.52300
 42
1.0
  0
SEQEND
  8
PLACEMENT_OUTLINE_BOTTOM
  0
POLYLINE
 5
244C
  8
PLACEMENT_OUTLINE_BOTTOM
 66
1
 70
1
 40
0.149985
 41
0.149985
  0
VERTEX
 5
244D
  8
PLACEMENT_OUTLINE_BOTTOM
 10
-45.86999
 20
65.52300
 42
1.0
  0
VERTEX
 5
244E
  8
PLACEMENT_OUTLINE_BOTTOM
 10
-45.72001
 20
65.52300
 42
1.0
  0
SEQEND
  8
PLACEMENT_OUTLINE_BOTTOM
  0
POLYLINE
 5
244F
  8
PLACEMENT_OUTLINE_BOTTOM
 66
1
 40
0.299970
 41
0.299970
  0
VERTEX
 5
2450
  8
PLACEMENT_OUTLINE_BOTTOM
 10
-45.79500
 20
65.52300
  0
VERTEX
 5
2451
  8
PLACEMENT_OUTLINE_BOTTOM
 10
-45.79500
 20
68.31700
  0
SEQEND
  8
PLACEMENT_OUTLINE_BOTTOM
  0
POLYLINE
 5
2452
  8
PLACEMENT_OUTLINE_BOTTOM
 66
1
 70
1
 40
0.149985
 41
0.149985
  0
VERTEX
 5
2453
  8
PLACEMENT_OUTLINE_BOTTOM
 10
-45.86999
 20
65.52300
 42
1.0
  0
VERTEX
 5
2454
  8
PLACEMENT_OUTLINE_BOTTOM
 10
-45.72001
 20
65.52300
 42
1.0
  0
SEQEND
  8
PLACEMENT_OUTLINE_BOTTOM
  0
POLYLINE
 5
2455
  8
PLACEMENT_OUTLINE_BOTTOM
 66
1
 70
1
 40
0.149985
 41
0.149985
  0
VERTEX
 5
2456
  8
PLACEMENT_OUTLINE_BOTTOM
 10
-45.86999
 20
68.31700
 42
1.0
  0
VERTEX
 5
2457
  8
PLACEMENT_OUTLINE_BOTTOM
 10
-45.72001
 20
68.31700
 42
1.0
  0
SEQEND
  8
PLACEMENT_OUTLINE_BOTTOM
  0
POLYLINE
 5
2458
  8
PLACEMENT_OUTLINE_BOTTOM
 66
1
 40
0.299970
 41
0.299970
  0
VERTEX
 5
2459
  8
PLACEMENT_OUTLINE_BOTTOM
 10
-45.79500
 20
68.31700
  0
VERTEX
 5
245A
  8
PLACEMENT_OUTLINE_BOTTOM
 10
-44.52500
 20
68.31700
  0
SEQEND
  8
PLACEMENT_OUTLINE_BOTTOM
  0
POLYLINE
 5
245B
  8
PLACEMENT_OUTLINE_BOTTOM
 66
1
 70
1
 40
0.149985
 41
0.149985
  0
VERTEX
 5
245C
  8
PLACEMENT_OUTLINE_BOTTOM
 10
-45.86999
 20
68.31700
 42
1.0
  0
VERTEX
 5
245D
  8
PLACEMENT_OUTLINE_BOTTOM
 10
-45.72001
 20
68.31700
 42
1.0
  0
SEQEND
  8
PLACEMENT_OUTLINE_BOTTOM
  0
POLYLINE
 5
245E
  8
PLACEMENT_OUTLINE_BOTTOM
 66
1
 70
1
 40
0.149985
 41
0.149985
  0
VERTEX
 5
245F
  8
PLACEMENT_OUTLINE_BOTTOM
 10
-44.59999
 20
68.31700
 42
1.0
  0
VERTEX
 5
2460
  8
PLACEMENT_OUTLINE_BOTTOM
 10
-44.45001
 20
68.31700
 42
1.0
  0
SEQEND
  8
PLACEMENT_OUTLINE_BOTTOM
  0
SOLID
 5
2461
  8
PADLAYER_BOTTOM
 10
-45.61720
 20
66.61520
 11
-45.61720
 21
65.70080
 12
-44.70280
 22
66.61520
 13
-44.70280
 23
65.70080
  0
SOLID
 5
2462
  8
PADLAYER_BOTTOM
 10
-45.61720
 20
68.13920
 11
-45.61720
 21
67.22480
 12
-44.70280
 22
68.13920
 13
-44.70280
 23
67.22480
  0
POLYLINE
 5
2463
  8
PLACEMENT_OUTLINE_BOTTOM
 66
1
 40
0.299970
 41
0.299970
  0
VERTEX
 5
2464
  8
PLACEMENT_OUTLINE_BOTTOM
 10
-36.37500
 20
72.89700
  0
VERTEX
 5
2465
  8
PLACEMENT_OUTLINE_BOTTOM
 10
-36.37500
 20
70.10300
  0
SEQEND
  8
PLACEMENT_OUTLINE_BOTTOM
  0
POLYLINE
 5
2466
  8
PLACEMENT_OUTLINE_BOTTOM
 66
1
 70
1
 40
0.149985
 41
0.149985
  0
VERTEX
 5
2467
  8
PLACEMENT_OUTLINE_BOTTOM
 10
-36.44999
 20
72.89700
 42
1.0
  0
VERTEX
 5
2468
  8
PLACEMENT_OUTLINE_BOTTOM
 10
-36.30001
 20
72.89700
 42
1.0
  0
SEQEND
  8
PLACEMENT_OUTLINE_BOTTOM
  0
POLYLINE
 5
2469
  8
PLACEMENT_OUTLINE_BOTTOM
 66
1
 70
1
 40
0.149985
 41
0.149985
  0
VERTEX
 5
246A
  8
PLACEMENT_OUTLINE_BOTTOM
 10
-36.44999
 20
70.10300
 42
1.0
  0
VERTEX
 5
246B
  8
PLACEMENT_OUTLINE_BOTTOM
 10
-36.30001
 20
70.10300
 42
1.0
  0
SEQEND
  8
PLACEMENT_OUTLINE_BOTTOM
  0
POLYLINE
 5
246C
  8
PLACEMENT_OUTLINE_BOTTOM
 66
1
 40
0.299970
 41
0.299970
  0
VERTEX
 5
246D
  8
PLACEMENT_OUTLINE_BOTTOM
 10
-36.37500
 20
70.10300
  0
VERTEX
 5
246E
  8
PLACEMENT_OUTLINE_BOTTOM
 10
-37.64500
 20
70.10300
  0
SEQEND
  8
PLACEMENT_OUTLINE_BOTTOM
  0
POLYLINE
 5
246F
  8
PLACEMENT_OUTLINE_BOTTOM
 66
1
 70
1
 40
0.149985
 41
0.149985
  0
VERTEX
 5
2470
  8
PLACEMENT_OUTLINE_BOTTOM
 10
-36.44999
 20
70.10300
 42
1.0
  0
VERTEX
 5
2471
  8
PLACEMENT_OUTLINE_BOTTOM
 10
-36.30001
 20
70.10300
 42
1.0
  0
SEQEND
  8
PLACEMENT_OUTLINE_BOTTOM
  0
POLYLINE
 5
2472
  8
PLACEMENT_OUTLINE_BOTTOM
 66
1
 70
1
 40
0.149985
 41
0.149985
  0
VERTEX
 5
2473
  8
PLACEMENT_OUTLINE_BOTTOM
 10
-37.71999
 20
70.10300
 42
1.0
  0
VERTEX
 5
2474
  8
PLACEMENT_OUTLINE_BOTTOM
 10
-37.57001
 20
70.10300
 42
1.0
  0
SEQEND
  8
PLACEMENT_OUTLINE_BOTTOM
  0
POLYLINE
 5
2475
  8
PLACEMENT_OUTLINE_BOTTOM
 66
1
 40
0.299970
 41
0.299970
  0
VERTEX
 5
2476
  8
PLACEMENT_OUTLINE_BOTTOM
 10
-37.64500
 20
70.10300
  0
VERTEX
 5
2477
  8
PLACEMENT_OUTLINE_BOTTOM
 10
-37.64500
 20
72.89700
  0
SEQEND
  8
PLACEMENT_OUTLINE_BOTTOM
  0
POLYLINE
 5
2478
  8
PLACEMENT_OUTLINE_BOTTOM
 66
1
 70
1
 40
0.149985
 41
0.149985
  0
VERTEX
 5
2479
  8
PLACEMENT_OUTLINE_BOTTOM
 10
-37.71999
 20
70.10300
 42
1.0
  0
VERTEX
 5
247A
  8
PLACEMENT_OUTLINE_BOTTOM
 10
-37.57001
 20
70.10300
 42
1.0
  0
SEQEND
  8
PLACEMENT_OUTLINE_BOTTOM
  0
POLYLINE
 5
247B
  8
PLACEMENT_OUTLINE_BOTTOM
 66
1
 70
1
 40
0.149985
 41
0.149985
  0
VERTEX
 5
247C
  8
PLACEMENT_OUTLINE_BOTTOM
 10
-37.71999
 20
72.89700
 42
1.0
  0
VERTEX
 5
247D
  8
PLACEMENT_OUTLINE_BOTTOM
 10
-37.57001
 20
72.89700
 42
1.0
  0
SEQEND
  8
PLACEMENT_OUTLINE_BOTTOM
  0
POLYLINE
 5
247E
  8
PLACEMENT_OUTLINE_BOTTOM
 66
1
 40
0.299970
 41
0.299970
  0
VERTEX
 5
247F
  8
PLACEMENT_OUTLINE_BOTTOM
 10
-37.64500
 20
72.89700
  0
VERTEX
 5
2480
  8
PLACEMENT_OUTLINE_BOTTOM
 10
-36.37500
 20
72.89700
  0
SEQEND
  8
PLACEMENT_OUTLINE_BOTTOM
  0
POLYLINE
 5
2481
  8
PLACEMENT_OUTLINE_BOTTOM
 66
1
 70
1
 40
0.149985
 41
0.149985
  0
VERTEX
 5
2482
  8
PLACEMENT_OUTLINE_BOTTOM
 10
-37.71999
 20
72.89700
 42
1.0
  0
VERTEX
 5
2483
  8
PLACEMENT_OUTLINE_BOTTOM
 10
-37.57001
 20
72.89700
 42
1.0
  0
SEQEND
  8
PLACEMENT_OUTLINE_BOTTOM
  0
POLYLINE
 5
2484
  8
PLACEMENT_OUTLINE_BOTTOM
 66
1
 70
1
 40
0.149985
 41
0.149985
  0
VERTEX
 5
2485
  8
PLACEMENT_OUTLINE_BOTTOM
 10
-36.44999
 20
72.89700
 42
1.0
  0
VERTEX
 5
2486
  8
PLACEMENT_OUTLINE_BOTTOM
 10
-36.30001
 20
72.89700
 42
1.0
  0
SEQEND
  8
PLACEMENT_OUTLINE_BOTTOM
  0
SOLID
 5
2487
  8
PADLAYER_BOTTOM
 10
-37.46720
 20
71.19520
 11
-37.46720
 21
70.28080
 12
-36.55280
 22
71.19520
 13
-36.55280
 23
70.28080
  0
SOLID
 5
2488
  8
PADLAYER_BOTTOM
 10
-37.46720
 20
72.71920
 11
-37.46720
 21
71.80480
 12
-36.55280
 22
72.71920
 13
-36.55280
 23
71.80480
  0
POLYLINE
 5
2489
  8
PLACEMENT_OUTLINE_BOTTOM
 66
1
 40
0.299970
 41
0.299970
  0
VERTEX
 5
248A
  8
PLACEMENT_OUTLINE_BOTTOM
 10
-42.87500
 20
61.81300
  0
VERTEX
 5
248B
  8
PLACEMENT_OUTLINE_BOTTOM
 10
-42.87500
 20
64.60700
  0
SEQEND
  8
PLACEMENT_OUTLINE_BOTTOM
  0
POLYLINE
 5
248C
  8
PLACEMENT_OUTLINE_BOTTOM
 66
1
 70
1
 40
0.149985
 41
0.149985
  0
VERTEX
 5
248D
  8
PLACEMENT_OUTLINE_BOTTOM
 10
-42.94999
 20
61.81300
 42
1.0
  0
VERTEX
 5
248E
  8
PLACEMENT_OUTLINE_BOTTOM
 10
-42.80001
 20
61.81300
 42
1.0
  0
SEQEND
  8
PLACEMENT_OUTLINE_BOTTOM
  0
POLYLINE
 5
248F
  8
PLACEMENT_OUTLINE_BOTTOM
 66
1
 70
1
 40
0.149985
 41
0.149985
  0
VERTEX
 5
2490
  8
PLACEMENT_OUTLINE_BOTTOM
 10
-42.94999
 20
64.60700
 42
1.0
  0
VERTEX
 5
2491
  8
PLACEMENT_OUTLINE_BOTTOM
 10
-42.80001
 20
64.60700
 42
1.0
  0
SEQEND
  8
PLACEMENT_OUTLINE_BOTTOM
  0
POLYLINE
 5
2492
  8
PLACEMENT_OUTLINE_BOTTOM
 66
1
 40
0.299970
 41
0.299970
  0
VERTEX
 5
2493
  8
PLACEMENT_OUTLINE_BOTTOM
 10
-42.87500
 20
64.60700
  0
VERTEX
 5
2494
  8
PLACEMENT_OUTLINE_BOTTOM
 10
-41.60500
 20
64.60700
  0
SEQEND
  8
PLACEMENT_OUTLINE_BOTTOM
  0
POLYLINE
 5
2495
  8
PLACEMENT_OUTLINE_BOTTOM
 66
1
 70
1
 40
0.149985
 41
0.149985
  0
VERTEX
 5
2496
  8
PLACEMENT_OUTLINE_BOTTOM
 10
-42.94999
 20
64.60700
 42
1.0
  0
VERTEX
 5
2497
  8
PLACEMENT_OUTLINE_BOTTOM
 10
-42.80001
 20
64.60700
 42
1.0
  0
SEQEND
  8
PLACEMENT_OUTLINE_BOTTOM
  0
POLYLINE
 5
2498
  8
PLACEMENT_OUTLINE_BOTTOM
 66
1
 70
1
 40
0.149985
 41
0.149985
  0
VERTEX
 5
2499
  8
PLACEMENT_OUTLINE_BOTTOM
 10
-41.67999
 20
64.60700
 42
1.0
  0
VERTEX
 5
249A
  8
PLACEMENT_OUTLINE_BOTTOM
 10
-41.53001
 20
64.60700
 42
1.0
  0
SEQEND
  8
PLACEMENT_OUTLINE_BOTTOM
  0
POLYLINE
 5
249B
  8
PLACEMENT_OUTLINE_BOTTOM
 66
1
 40
0.299970
 41
0.299970
  0
VERTEX
 5
249C
  8
PLACEMENT_OUTLINE_BOTTOM
 10
-41.60500
 20
64.60700
  0
VERTEX
 5
249D
  8
PLACEMENT_OUTLINE_BOTTOM
 10
-41.60500
 20
61.81300
  0
SEQEND
  8
PLACEMENT_OUTLINE_BOTTOM
  0
POLYLINE
 5
249E
  8
PLACEMENT_OUTLINE_BOTTOM
 66
1
 70
1
 40
0.149985
 41
0.149985
  0
VERTEX
 5
249F
  8
PLACEMENT_OUTLINE_BOTTOM
 10
-41.67999
 20
64.60700
 42
1.0
  0
VERTEX
 5
24A0
  8
PLACEMENT_OUTLINE_BOTTOM
 10
-41.53001
 20
64.60700
 42
1.0
  0
SEQEND
  8
PLACEMENT_OUTLINE_BOTTOM
  0
POLYLINE
 5
24A1
  8
PLACEMENT_OUTLINE_BOTTOM
 66
1
 70
1
 40
0.149985
 41
0.149985
  0
VERTEX
 5
24A2
  8
PLACEMENT_OUTLINE_BOTTOM
 10
-41.67999
 20
61.81300
 42
1.0
  0
VERTEX
 5
24A3
  8
PLACEMENT_OUTLINE_BOTTOM
 10
-41.53001
 20
61.81300
 42
1.0
  0
SEQEND
  8
PLACEMENT_OUTLINE_BOTTOM
  0
POLYLINE
 5
24A4
  8
PLACEMENT_OUTLINE_BOTTOM
 66
1
 40
0.299970
 41
0.299970
  0
VERTEX
 5
24A5
  8
PLACEMENT_OUTLINE_BOTTOM
 10
-41.60500
 20
61.81300
  0
VERTEX
 5
24A6
  8
PLACEMENT_OUTLINE_BOTTOM
 10
-42.87500
 20
61.81300
  0
SEQEND
  8
PLACEMENT_OUTLINE_BOTTOM
  0
POLYLINE
 5
24A7
  8
PLACEMENT_OUTLINE_BOTTOM
 66
1
 70
1
 40
0.149985
 41
0.149985
  0
VERTEX
 5
24A8
  8
PLACEMENT_OUTLINE_BOTTOM
 10
-41.67999
 20
61.81300
 42
1.0
  0
VERTEX
 5
24A9
  8
PLACEMENT_OUTLINE_BOTTOM
 10
-41.53001
 20
61.81300
 42
1.0
  0
SEQEND
  8
PLACEMENT_OUTLINE_BOTTOM
  0
POLYLINE
 5
24AA
  8
PLACEMENT_OUTLINE_BOTTOM
 66
1
 70
1
 40
0.149985
 41
0.149985
  0
VERTEX
 5
24AB
  8
PLACEMENT_OUTLINE_BOTTOM
 10
-42.94999
 20
61.81300
 42
1.0
  0
VERTEX
 5
24AC
  8
PLACEMENT_OUTLINE_BOTTOM
 10
-42.80001
 20
61.81300
 42
1.0
  0
SEQEND
  8
PLACEMENT_OUTLINE_BOTTOM
  0
SOLID
 5
24AD
  8
PADLAYER_BOTTOM
 10
-41.78280
 20
63.51480
 11
-41.78280
 21
64.42920
 12
-42.69720
 22
63.51480
 13
-42.69720
 23
64.42920
  0
SOLID
 5
24AE
  8
PADLAYER_BOTTOM
 10
-41.78280
 20
61.99080
 11
-41.78280
 21
62.90520
 12
-42.69720
 22
61.99080
 13
-42.69720
 23
62.90520
  0
POLYLINE
 5
24AF
  8
PLACEMENT_OUTLINE_BOTTOM
 66
1
 40
0.299970
 41
0.299970
  0
VERTEX
 5
24B0
  8
PLACEMENT_OUTLINE_BOTTOM
 10
-38.60500
 20
64.60700
  0
VERTEX
 5
24B1
  8
PLACEMENT_OUTLINE_BOTTOM
 10
-38.60500
 20
61.81300
  0
SEQEND
  8
PLACEMENT_OUTLINE_BOTTOM
  0
POLYLINE
 5
24B2
  8
PLACEMENT_OUTLINE_BOTTOM
 66
1
 70
1
 40
0.149985
 41
0.149985
  0
VERTEX
 5
24B3
  8
PLACEMENT_OUTLINE_BOTTOM
 10
-38.67999
 20
64.60700
 42
1.0
  0
VERTEX
 5
24B4
  8
PLACEMENT_OUTLINE_BOTTOM
 10
-38.53001
 20
64.60700
 42
1.0
  0
SEQEND
  8
PLACEMENT_OUTLINE_BOTTOM
  0
POLYLINE
 5
24B5
  8
PLACEMENT_OUTLINE_BOTTOM
 66
1
 70
1
 40
0.149985
 41
0.149985
  0
VERTEX
 5
24B6
  8
PLACEMENT_OUTLINE_BOTTOM
 10
-38.67999
 20
61.81300
 42
1.0
  0
VERTEX
 5
24B7
  8
PLACEMENT_OUTLINE_BOTTOM
 10
-38.53001
 20
61.81300
 42
1.0
  0
SEQEND
  8
PLACEMENT_OUTLINE_BOTTOM
  0
POLYLINE
 5
24B8
  8
PLACEMENT_OUTLINE_BOTTOM
 66
1
 40
0.299970
 41
0.299970
  0
VERTEX
 5
24B9
  8
PLACEMENT_OUTLINE_BOTTOM
 10
-38.60500
 20
61.81300
  0
VERTEX
 5
24BA
  8
PLACEMENT_OUTLINE_BOTTOM
 10
-39.87500
 20
61.81300
  0
SEQEND
  8
PLACEMENT_OUTLINE_BOTTOM
  0
POLYLINE
 5
24BB
  8
PLACEMENT_OUTLINE_BOTTOM
 66
1
 70
1
 40
0.149985
 41
0.149985
  0
VERTEX
 5
24BC
  8
PLACEMENT_OUTLINE_BOTTOM
 10
-38.67999
 20
61.81300
 42
1.0
  0
VERTEX
 5
24BD
  8
PLACEMENT_OUTLINE_BOTTOM
 10
-38.53001
 20
61.81300
 42
1.0
  0
SEQEND
  8
PLACEMENT_OUTLINE_BOTTOM
  0
POLYLINE
 5
24BE
  8
PLACEMENT_OUTLINE_BOTTOM
 66
1
 70
1
 40
0.149985
 41
0.149985
  0
VERTEX
 5
24BF
  8
PLACEMENT_OUTLINE_BOTTOM
 10
-39.94999
 20
61.81300
 42
1.0
  0
VERTEX
 5
24C0
  8
PLACEMENT_OUTLINE_BOTTOM
 10
-39.80001
 20
61.81300
 42
1.0
  0
SEQEND
  8
PLACEMENT_OUTLINE_BOTTOM
  0
POLYLINE
 5
24C1
  8
PLACEMENT_OUTLINE_BOTTOM
 66
1
 40
0.299970
 41
0.299970
  0
VERTEX
 5
24C2
  8
PLACEMENT_OUTLINE_BOTTOM
 10
-39.87500
 20
61.81300
  0
VERTEX
 5
24C3
  8
PLACEMENT_OUTLINE_BOTTOM
 10
-39.87500
 20
64.60700
  0
SEQEND
  8
PLACEMENT_OUTLINE_BOTTOM
  0
POLYLINE
 5
24C4
  8
PLACEMENT_OUTLINE_BOTTOM
 66
1
 70
1
 40
0.149985
 41
0.149985
  0
VERTEX
 5
24C5
  8
PLACEMENT_OUTLINE_BOTTOM
 10
-39.94999
 20
61.81300
 42
1.0
  0
VERTEX
 5
24C6
  8
PLACEMENT_OUTLINE_BOTTOM
 10
-39.80001
 20
61.81300
 42
1.0
  0
SEQEND
  8
PLACEMENT_OUTLINE_BOTTOM
  0
POLYLINE
 5
24C7
  8
PLACEMENT_OUTLINE_BOTTOM
 66
1
 70
1
 40
0.149985
 41
0.149985
  0
VERTEX
 5
24C8
  8
PLACEMENT_OUTLINE_BOTTOM
 10
-39.94999
 20
64.60700
 42
1.0
  0
VERTEX
 5
24C9
  8
PLACEMENT_OUTLINE_BOTTOM
 10
-39.80001
 20
64.60700
 42
1.0
  0
SEQEND
  8
PLACEMENT_OUTLINE_BOTTOM
  0
POLYLINE
 5
24CA
  8
PLACEMENT_OUTLINE_BOTTOM
 66
1
 40
0.299970
 41
0.299970
  0
VERTEX
 5
24CB
  8
PLACEMENT_OUTLINE_BOTTOM
 10
-39.87500
 20
64.60700
  0
VERTEX
 5
24CC
  8
PLACEMENT_OUTLINE_BOTTOM
 10
-38.60500
 20
64.60700
  0
SEQEND
  8
PLACEMENT_OUTLINE_BOTTOM
  0
POLYLINE
 5
24CD
  8
PLACEMENT_OUTLINE_BOTTOM
 66
1
 70
1
 40
0.149985
 41
0.149985
  0
VERTEX
 5
24CE
  8
PLACEMENT_OUTLINE_BOTTOM
 10
-39.94999
 20
64.60700
 42
1.0
  0
VERTEX
 5
24CF
  8
PLACEMENT_OUTLINE_BOTTOM
 10
-39.80001
 20
64.60700
 42
1.0
  0
SEQEND
  8
PLACEMENT_OUTLINE_BOTTOM
  0
POLYLINE
 5
24D0
  8
PLACEMENT_OUTLINE_BOTTOM
 66
1
 70
1
 40
0.149985
 41
0.149985
  0
VERTEX
 5
24D1
  8
PLACEMENT_OUTLINE_BOTTOM
 10
-38.67999
 20
64.60700
 42
1.0
  0
VERTEX
 5
24D2
  8
PLACEMENT_OUTLINE_BOTTOM
 10
-38.53001
 20
64.60700
 42
1.0
  0
SEQEND
  8
PLACEMENT_OUTLINE_BOTTOM
  0
SOLID
 5
24D3
  8
PADLAYER_BOTTOM
 10
-39.69720
 20
62.90520
 11
-39.69720
 21
61.99080
 12
-38.78280
 22
62.90520
 13
-38.78280
 23
61.99080
  0
SOLID
 5
24D4
  8
PADLAYER_BOTTOM
 10
-39.69720
 20
64.42920
 11
-39.69720
 21
63.51480
 12
-38.78280
 22
64.42920
 13
-38.78280
 23
63.51480
  0
POLYLINE
 5
24D5
  8
PLACEMENT_OUTLINE_BOTTOM
 66
1
 40
0.299970
 41
0.299970
  0
VERTEX
 5
24D6
  8
PLACEMENT_OUTLINE_BOTTOM
 10
-40.10500
 20
64.60700
  0
VERTEX
 5
24D7
  8
PLACEMENT_OUTLINE_BOTTOM
 10
-40.10500
 20
61.81300
  0
SEQEND
  8
PLACEMENT_OUTLINE_BOTTOM
  0
POLYLINE
 5
24D8
  8
PLACEMENT_OUTLINE_BOTTOM
 66
1
 70
1
 40
0.149985
 41
0.149985
  0
VERTEX
 5
24D9
  8
PLACEMENT_OUTLINE_BOTTOM
 10
-40.17999
 20
64.60700
 42
1.0
  0
VERTEX
 5
24DA
  8
PLACEMENT_OUTLINE_BOTTOM
 10
-40.03001
 20
64.60700
 42
1.0
  0
SEQEND
  8
PLACEMENT_OUTLINE_BOTTOM
  0
POLYLINE
 5
24DB
  8
PLACEMENT_OUTLINE_BOTTOM
 66
1
 70
1
 40
0.149985
 41
0.149985
  0
VERTEX
 5
24DC
  8
PLACEMENT_OUTLINE_BOTTOM
 10
-40.17999
 20
61.81300
 42
1.0
  0
VERTEX
 5
24DD
  8
PLACEMENT_OUTLINE_BOTTOM
 10
-40.03001
 20
61.81300
 42
1.0
  0
SEQEND
  8
PLACEMENT_OUTLINE_BOTTOM
  0
POLYLINE
 5
24DE
  8
PLACEMENT_OUTLINE_BOTTOM
 66
1
 40
0.299970
 41
0.299970
  0
VERTEX
 5
24DF
  8
PLACEMENT_OUTLINE_BOTTOM
 10
-40.10500
 20
61.81300
  0
VERTEX
 5
24E0
  8
PLACEMENT_OUTLINE_BOTTOM
 10
-41.37500
 20
61.81300
  0
SEQEND
  8
PLACEMENT_OUTLINE_BOTTOM
  0
POLYLINE
 5
24E1
  8
PLACEMENT_OUTLINE_BOTTOM
 66
1
 70
1
 40
0.149985
 41
0.149985
  0
VERTEX
 5
24E2
  8
PLACEMENT_OUTLINE_BOTTOM
 10
-40.17999
 20
61.81300
 42
1.0
  0
VERTEX
 5
24E3
  8
PLACEMENT_OUTLINE_BOTTOM
 10
-40.03001
 20
61.81300
 42
1.0
  0
SEQEND
  8
PLACEMENT_OUTLINE_BOTTOM
  0
POLYLINE
 5
24E4
  8
PLACEMENT_OUTLINE_BOTTOM
 66
1
 70
1
 40
0.149985
 41
0.149985
  0
VERTEX
 5
24E5
  8
PLACEMENT_OUTLINE_BOTTOM
 10
-41.44999
 20
61.81300
 42
1.0
  0
VERTEX
 5
24E6
  8
PLACEMENT_OUTLINE_BOTTOM
 10
-41.30001
 20
61.81300
 42
1.0
  0
SEQEND
  8
PLACEMENT_OUTLINE_BOTTOM
  0
POLYLINE
 5
24E7
  8
PLACEMENT_OUTLINE_BOTTOM
 66
1
 40
0.299970
 41
0.299970
  0
VERTEX
 5
24E8
  8
PLACEMENT_OUTLINE_BOTTOM
 10
-41.37500
 20
61.81300
  0
VERTEX
 5
24E9
  8
PLACEMENT_OUTLINE_BOTTOM
 10
-41.37500
 20
64.60700
  0
SEQEND
  8
PLACEMENT_OUTLINE_BOTTOM
  0
POLYLINE
 5
24EA
  8
PLACEMENT_OUTLINE_BOTTOM
 66
1
 70
1
 40
0.149985
 41
0.149985
  0
VERTEX
 5
24EB
  8
PLACEMENT_OUTLINE_BOTTOM
 10
-41.44999
 20
61.81300
 42
1.0
  0
VERTEX
 5
24EC
  8
PLACEMENT_OUTLINE_BOTTOM
 10
-41.30001
 20
61.81300
 42
1.0
  0
SEQEND
  8
PLACEMENT_OUTLINE_BOTTOM
  0
POLYLINE
 5
24ED
  8
PLACEMENT_OUTLINE_BOTTOM
 66
1
 70
1
 40
0.149985
 41
0.149985
  0
VERTEX
 5
24EE
  8
PLACEMENT_OUTLINE_BOTTOM
 10
-41.44999
 20
64.60700
 42
1.0
  0
VERTEX
 5
24EF
  8
PLACEMENT_OUTLINE_BOTTOM
 10
-41.30001
 20
64.60700
 42
1.0
  0
SEQEND
  8
PLACEMENT_OUTLINE_BOTTOM
  0
POLYLINE
 5
24F0
  8
PLACEMENT_OUTLINE_BOTTOM
 66
1
 40
0.299970
 41
0.299970
  0
VERTEX
 5
24F1
  8
PLACEMENT_OUTLINE_BOTTOM
 10
-41.37500
 20
64.60700
  0
VERTEX
 5
24F2
  8
PLACEMENT_OUTLINE_BOTTOM
 10
-40.10500
 20
64.60700
  0
SEQEND
  8
PLACEMENT_OUTLINE_BOTTOM
  0
POLYLINE
 5
24F3
  8
PLACEMENT_OUTLINE_BOTTOM
 66
1
 70
1
 40
0.149985
 41
0.149985
  0
VERTEX
 5
24F4
  8
PLACEMENT_OUTLINE_BOTTOM
 10
-41.44999
 20
64.60700
 42
1.0
  0
VERTEX
 5
24F5
  8
PLACEMENT_OUTLINE_BOTTOM
 10
-41.30001
 20
64.60700
 42
1.0
  0
SEQEND
  8
PLACEMENT_OUTLINE_BOTTOM
  0
POLYLINE
 5
24F6
  8
PLACEMENT_OUTLINE_BOTTOM
 66
1
 70
1
 40
0.149985
 41
0.149985
  0
VERTEX
 5
24F7
  8
PLACEMENT_OUTLINE_BOTTOM
 10
-40.17999
 20
64.60700
 42
1.0
  0
VERTEX
 5
24F8
  8
PLACEMENT_OUTLINE_BOTTOM
 10
-40.03001
 20
64.60700
 42
1.0
  0
SEQEND
  8
PLACEMENT_OUTLINE_BOTTOM
  0
SOLID
 5
24F9
  8
PADLAYER_BOTTOM
 10
-41.19720
 20
62.90520
 11
-41.19720
 21
61.99080
 12
-40.28280
 22
62.90520
 13
-40.28280
 23
61.99080
  0
SOLID
 5
24FA
  8
PADLAYER_BOTTOM
 10
-41.19720
 20
64.42920
 11
-41.19720
 21
63.51480
 12
-40.28280
 22
64.42920
 13
-40.28280
 23
63.51480
  0
POLYLINE
 5
24FB
  8
Bottom04
 66
1
 70
1
 40
0.000000
 41
0.000000
  0
VERTEX
 5
24FC
  8
Bottom04
 10
-2.34270
 20
1.37000
 42
0.414214
  0
VERTEX
 5
24FD
  8
Bottom04
 10
-2.33000
 20
1.35730
  0
VERTEX
 5
24FE
  8
Bottom04
 10
0.86000
 20
1.35730
 42
0.414214
  0
VERTEX
 5
24FF
  8
Bottom04
 10
0.87270
 20
1.37000
  0
VERTEX
 5
2500
  8
Bottom04
 10
0.87270
 20
2.87000
 42
0.414214
  0
VERTEX
 5
2501
  8
Bottom04
 10
0.86000
 20
2.88270
  0
VERTEX
 5
2502
  8
Bottom04
 10
-2.33000
 20
2.88270
 42
0.414214
  0
VERTEX
 5
2503
  8
Bottom04
 10
-2.34270
 20
2.87000
  0
VERTEX
 5
2504
  8
Bottom04
 10
-2.34270
 20
1.37000
  0
SEQEND
  8
Bottom04
  0
POLYLINE
 5
2505
  8
2DLINES_4
 66
1
 40
0.152400
 41
0.152400
  0
VERTEX
 5
2506
  8
2DLINES_4
 10
-0.73000
 20
2.76000
  0
VERTEX
 5
2507
  8
2DLINES_4
 10
-0.73000
 20
1.46000
  0
SEQEND
  8
2DLINES_4
  0
POLYLINE
 5
2508
  8
2DLINES_4
 66
1
 70
1
 40
0.076200
 41
0.076200
  0
VERTEX
 5
2509
  8
2DLINES_4
 10
-0.76810
 20
2.76000
 42
1.0
  0
VERTEX
 5
250A
  8
2DLINES_4
 10
-0.69190
 20
2.76000
 42
1.0
  0
SEQEND
  8
2DLINES_4
  0
POLYLINE
 5
250B
  8
2DLINES_4
 66
1
 70
1
 40
0.076200
 41
0.076200
  0
VERTEX
 5
250C
  8
2DLINES_4
 10
-0.76810
 20
1.46000
 42
1.0
  0
VERTEX
 5
250D
  8
2DLINES_4
 10
-0.69190
 20
1.46000
 42
1.0
  0
SEQEND
  8
2DLINES_4
  0
POLYLINE
 5
250E
  8
PLACEMENT_OUTLINE_BOTTOM
 66
1
 40
0.025400
 41
0.025400
  0
VERTEX
 5
250F
  8
PLACEMENT_OUTLINE_BOTTOM
 10
-2.33000
 20
2.86000
  0
VERTEX
 5
2510
  8
PLACEMENT_OUTLINE_BOTTOM
 10
-2.33000
 20
1.36000
  0
SEQEND
  8
PLACEMENT_OUTLINE_BOTTOM
  0
POLYLINE
 5
2511
  8
PLACEMENT_OUTLINE_BOTTOM
 66
1
 70
1
 40
0.012700
 41
0.012700
  0
VERTEX
 5
2512
  8
PLACEMENT_OUTLINE_BOTTOM
 10
-2.33635
 20
2.86000
 42
1.0
  0
VERTEX
 5
2513
  8
PLACEMENT_OUTLINE_BOTTOM
 10
-2.32365
 20
2.86000
 42
1.0
  0
SEQEND
  8
PLACEMENT_OUTLINE_BOTTOM
  0
POLYLINE
 5
2514
  8
PLACEMENT_OUTLINE_BOTTOM
 66
1
 70
1
 40
0.012700
 41
0.012700
  0
VERTEX
 5
2515
  8
PLACEMENT_OUTLINE_BOTTOM
 10
-2.33635
 20
1.36000
 42
1.0
  0
VERTEX
 5
2516
  8
PLACEMENT_OUTLINE_BOTTOM
 10
-2.32365
 20
1.36000
 42
1.0
  0
SEQEND
  8
PLACEMENT_OUTLINE_BOTTOM
  0
POLYLINE
 5
2517
  8
PLACEMENT_OUTLINE_BOTTOM
 66
1
 40
0.025400
 41
0.025400
  0
VERTEX
 5
2518
  8
PLACEMENT_OUTLINE_BOTTOM
 10
-2.33000
 20
1.36000
  0
VERTEX
 5
2519
  8
PLACEMENT_OUTLINE_BOTTOM
 10
0.87000
 20
1.36000
  0
SEQEND
  8
PLACEMENT_OUTLINE_BOTTOM
  0
POLYLINE
 5
251A
  8
PLACEMENT_OUTLINE_BOTTOM
 66
1
 70
1
 40
0.012700
 41
0.012700
  0
VERTEX
 5
251B
  8
PLACEMENT_OUTLINE_BOTTOM
 10
-2.33635
 20
1.36000
 42
1.0
  0
VERTEX
 5
251C
  8
PLACEMENT_OUTLINE_BOTTOM
 10
-2.32365
 20
1.36000
 42
1.0
  0
SEQEND
  8
PLACEMENT_OUTLINE_BOTTOM
  0
POLYLINE
 5
251D
  8
PLACEMENT_OUTLINE_BOTTOM
 66
1
 70
1
 40
0.012700
 41
0.012700
  0
VERTEX
 5
251E
  8
PLACEMENT_OUTLINE_BOTTOM
 10
0.86365
 20
1.36000
 42
1.0
  0
VERTEX
 5
251F
  8
PLACEMENT_OUTLINE_BOTTOM
 10
0.87635
 20
1.36000
 42
1.0
  0
SEQEND
  8
PLACEMENT_OUTLINE_BOTTOM
  0
POLYLINE
 5
2520
  8
PLACEMENT_OUTLINE_BOTTOM
 66
1
 40
0.025400
 41
0.025400
  0
VERTEX
 5
2521
  8
PLACEMENT_OUTLINE_BOTTOM
 10
0.87000
 20
1.36000
  0
VERTEX
 5
2522
  8
PLACEMENT_OUTLINE_BOTTOM
 10
0.87000
 20
2.86000
  0
SEQEND
  8
PLACEMENT_OUTLINE_BOTTOM
  0
POLYLINE
 5
2523
  8
PLACEMENT_OUTLINE_BOTTOM
 66
1
 70
1
 40
0.012700
 41
0.012700
  0
VERTEX
 5
2524
  8
PLACEMENT_OUTLINE_BOTTOM
 10
0.86365
 20
1.36000
 42
1.0
  0
VERTEX
 5
2525
  8
PLACEMENT_OUTLINE_BOTTOM
 10
0.87635
 20
1.36000
 42
1.0
  0
SEQEND
  8
PLACEMENT_OUTLINE_BOTTOM
  0
POLYLINE
 5
2526
  8
PLACEMENT_OUTLINE_BOTTOM
 66
1
 70
1
 40
0.012700
 41
0.012700
  0
VERTEX
 5
2527
  8
PLACEMENT_OUTLINE_BOTTOM
 10
0.86365
 20
2.86000
 42
1.0
  0
VERTEX
 5
2528
  8
PLACEMENT_OUTLINE_BOTTOM
 10
0.87635
 20
2.86000
 42
1.0
  0
SEQEND
  8
PLACEMENT_OUTLINE_BOTTOM
  0
POLYLINE
 5
2529
  8
PLACEMENT_OUTLINE_BOTTOM
 66
1
 40
0.025400
 41
0.025400
  0
VERTEX
 5
252A
  8
PLACEMENT_OUTLINE_BOTTOM
 10
0.87000
 20
2.86000
  0
VERTEX
 5
252B
  8
PLACEMENT_OUTLINE_BOTTOM
 10
-2.33000
 20
2.86000
  0
SEQEND
  8
PLACEMENT_OUTLINE_BOTTOM
  0
POLYLINE
 5
252C
  8
PLACEMENT_OUTLINE_BOTTOM
 66
1
 70
1
 40
0.012700
 41
0.012700
  0
VERTEX
 5
252D
  8
PLACEMENT_OUTLINE_BOTTOM
 10
0.86365
 20
2.86000
 42
1.0
  0
VERTEX
 5
252E
  8
PLACEMENT_OUTLINE_BOTTOM
 10
0.87635
 20
2.86000
 42
1.0
  0
SEQEND
  8
PLACEMENT_OUTLINE_BOTTOM
  0
POLYLINE
 5
252F
  8
PLACEMENT_OUTLINE_BOTTOM
 66
1
 70
1
 40
0.012700
 41
0.012700
  0
VERTEX
 5
2530
  8
PLACEMENT_OUTLINE_BOTTOM
 10
-2.33635
 20
2.86000
 42
1.0
  0
VERTEX
 5
2531
  8
PLACEMENT_OUTLINE_BOTTOM
 10
-2.32365
 20
2.86000
 42
1.0
  0
SEQEND
  8
PLACEMENT_OUTLINE_BOTTOM
  0
SOLID
 5
2532
  8
PADLAYER_BOTTOM
 10
-2.33000
 20
2.86000
 11
-2.33000
 21
1.36000
 12
-1.03000
 22
2.86000
 13
-1.03000
 23
1.36000
  0
SOLID
 5
2533
  8
PADLAYER_BOTTOM
 10
-0.43000
 20
2.86000
 11
-0.43000
 21
1.36000
 12
0.87000
 22
2.86000
 13
0.87000
 23
1.36000
  0
POLYLINE
 5
2534
  8
Bottom04
 66
1
 70
1
 40
0.000000
 41
0.000000
  0
VERTEX
 5
2535
  8
Bottom04
 10
-23.34270
 20
1.37000
 42
0.414214
  0
VERTEX
 5
2536
  8
Bottom04
 10
-23.33000
 20
1.35730
  0
VERTEX
 5
2537
  8
Bottom04
 10
-20.14000
 20
1.35730
 42
0.414214
  0
VERTEX
 5
2538
  8
Bottom04
 10
-20.12730
 20
1.37000
  0
VERTEX
 5
2539
  8
Bottom04
 10
-20.12730
 20
2.87000
 42
0.414214
  0
VERTEX
 5
253A
  8
Bottom04
 10
-20.14000
 20
2.88270
  0
VERTEX
 5
253B
  8
Bottom04
 10
-23.33000
 20
2.88270
 42
0.414214
  0
VERTEX
 5
253C
  8
Bottom04
 10
-23.34270
 20
2.87000
  0
VERTEX
 5
253D
  8
Bottom04
 10
-23.34270
 20
1.37000
  0
SEQEND
  8
Bottom04
  0
POLYLINE
 5
253E
  8
2DLINES_4
 66
1
 40
0.152400
 41
0.152400
  0
VERTEX
 5
253F
  8
2DLINES_4
 10
-21.73000
 20
2.76000
  0
VERTEX
 5
2540
  8
2DLINES_4
 10
-21.73000
 20
1.46000
  0
SEQEND
  8
2DLINES_4
  0
POLYLINE
 5
2541
  8
2DLINES_4
 66
1
 70
1
 40
0.076200
 41
0.076200
  0
VERTEX
 5
2542
  8
2DLINES_4
 10
-21.76810
 20
2.76000
 42
1.0
  0
VERTEX
 5
2543
  8
2DLINES_4
 10
-21.69190
 20
2.76000
 42
1.0
  0
SEQEND
  8
2DLINES_4
  0
POLYLINE
 5
2544
  8
2DLINES_4
 66
1
 70
1
 40
0.076200
 41
0.076200
  0
VERTEX
 5
2545
  8
2DLINES_4
 10
-21.76810
 20
1.46000
 42
1.0
  0
VERTEX
 5
2546
  8
2DLINES_4
 10
-21.69190
 20
1.46000
 42
1.0
  0
SEQEND
  8
2DLINES_4
  0
POLYLINE
 5
2547
  8
PLACEMENT_OUTLINE_BOTTOM
 66
1
 40
0.025400
 41
0.025400
  0
VERTEX
 5
2548
  8
PLACEMENT_OUTLINE_BOTTOM
 10
-23.33000
 20
2.86000
  0
VERTEX
 5
2549
  8
PLACEMENT_OUTLINE_BOTTOM
 10
-23.33000
 20
1.36000
  0
SEQEND
  8
PLACEMENT_OUTLINE_BOTTOM
  0
POLYLINE
 5
254A
  8
PLACEMENT_OUTLINE_BOTTOM
 66
1
 70
1
 40
0.012700
 41
0.012700
  0
VERTEX
 5
254B
  8
PLACEMENT_OUTLINE_BOTTOM
 10
-23.33635
 20
2.86000
 42
1.0
  0
VERTEX
 5
254C
  8
PLACEMENT_OUTLINE_BOTTOM
 10
-23.32365
 20
2.86000
 42
1.0
  0
SEQEND
  8
PLACEMENT_OUTLINE_BOTTOM
  0
POLYLINE
 5
254D
  8
PLACEMENT_OUTLINE_BOTTOM
 66
1
 70
1
 40
0.012700
 41
0.012700
  0
VERTEX
 5
254E
  8
PLACEMENT_OUTLINE_BOTTOM
 10
-23.33635
 20
1.36000
 42
1.0
  0
VERTEX
 5
254F
  8
PLACEMENT_OUTLINE_BOTTOM
 10
-23.32365
 20
1.36000
 42
1.0
  0
SEQEND
  8
PLACEMENT_OUTLINE_BOTTOM
  0
POLYLINE
 5
2550
  8
PLACEMENT_OUTLINE_BOTTOM
 66
1
 40
0.025400
 41
0.025400
  0
VERTEX
 5
2551
  8
PLACEMENT_OUTLINE_BOTTOM
 10
-23.33000
 20
1.36000
  0
VERTEX
 5
2552
  8
PLACEMENT_OUTLINE_BOTTOM
 10
-20.13000
 20
1.36000
  0
SEQEND
  8
PLACEMENT_OUTLINE_BOTTOM
  0
POLYLINE
 5
2553
  8
PLACEMENT_OUTLINE_BOTTOM
 66
1
 70
1
 40
0.012700
 41
0.012700
  0
VERTEX
 5
2554
  8
PLACEMENT_OUTLINE_BOTTOM
 10
-23.33635
 20
1.36000
 42
1.0
  0
VERTEX
 5
2555
  8
PLACEMENT_OUTLINE_BOTTOM
 10
-23.32365
 20
1.36000
 42
1.0
  0
SEQEND
  8
PLACEMENT_OUTLINE_BOTTOM
  0
POLYLINE
 5
2556
  8
PLACEMENT_OUTLINE_BOTTOM
 66
1
 70
1
 40
0.012700
 41
0.012700
  0
VERTEX
 5
2557
  8
PLACEMENT_OUTLINE_BOTTOM
 10
-20.13635
 20
1.36000
 42
1.0
  0
VERTEX
 5
2558
  8
PLACEMENT_OUTLINE_BOTTOM
 10
-20.12365
 20
1.36000
 42
1.0
  0
SEQEND
  8
PLACEMENT_OUTLINE_BOTTOM
  0
POLYLINE
 5
2559
  8
PLACEMENT_OUTLINE_BOTTOM
 66
1
 40
0.025400
 41
0.025400
  0
VERTEX
 5
255A
  8
PLACEMENT_OUTLINE_BOTTOM
 10
-20.13000
 20
1.36000
  0
VERTEX
 5
255B
  8
PLACEMENT_OUTLINE_BOTTOM
 10
-20.13000
 20
2.86000
  0
SEQEND
  8
PLACEMENT_OUTLINE_BOTTOM
  0
POLYLINE
 5
255C
  8
PLACEMENT_OUTLINE_BOTTOM
 66
1
 70
1
 40
0.012700
 41
0.012700
  0
VERTEX
 5
255D
  8
PLACEMENT_OUTLINE_BOTTOM
 10
-20.13635
 20
1.36000
 42
1.0
  0
VERTEX
 5
255E
  8
PLACEMENT_OUTLINE_BOTTOM
 10
-20.12365
 20
1.36000
 42
1.0
  0
SEQEND
  8
PLACEMENT_OUTLINE_BOTTOM
  0
POLYLINE
 5
255F
  8
PLACEMENT_OUTLINE_BOTTOM
 66
1
 70
1
 40
0.012700
 41
0.012700
  0
VERTEX
 5
2560
  8
PLACEMENT_OUTLINE_BOTTOM
 10
-20.13635
 20
2.86000
 42
1.0
  0
VERTEX
 5
2561
  8
PLACEMENT_OUTLINE_BOTTOM
 10
-20.12365
 20
2.86000
 42
1.0
  0
SEQEND
  8
PLACEMENT_OUTLINE_BOTTOM
  0
POLYLINE
 5
2562
  8
PLACEMENT_OUTLINE_BOTTOM
 66
1
 40
0.025400
 41
0.025400
  0
VERTEX
 5
2563
  8
PLACEMENT_OUTLINE_BOTTOM
 10
-20.13000
 20
2.86000
  0
VERTEX
 5
2564
  8
PLACEMENT_OUTLINE_BOTTOM
 10
-23.33000
 20
2.86000
  0
SEQEND
  8
PLACEMENT_OUTLINE_BOTTOM
  0
POLYLINE
 5
2565
  8
PLACEMENT_OUTLINE_BOTTOM
 66
1
 70
1
 40
0.012700
 41
0.012700
  0
VERTEX
 5
2566
  8
PLACEMENT_OUTLINE_BOTTOM
 10
-20.13635
 20
2.86000
 42
1.0
  0
VERTEX
 5
2567
  8
PLACEMENT_OUTLINE_BOTTOM
 10
-20.12365
 20
2.86000
 42
1.0
  0
SEQEND
  8
PLACEMENT_OUTLINE_BOTTOM
  0
POLYLINE
 5
2568
  8
PLACEMENT_OUTLINE_BOTTOM
 66
1
 70
1
 40
0.012700
 41
0.012700
  0
VERTEX
 5
2569
  8
PLACEMENT_OUTLINE_BOTTOM
 10
-23.33635
 20
2.86000
 42
1.0
  0
VERTEX
 5
256A
  8
PLACEMENT_OUTLINE_BOTTOM
 10
-23.32365
 20
2.86000
 42
1.0
  0
SEQEND
  8
PLACEMENT_OUTLINE_BOTTOM
  0
SOLID
 5
256B
  8
PADLAYER_BOTTOM
 10
-23.33000
 20
2.86000
 11
-23.33000
 21
1.36000
 12
-22.03000
 22
2.86000
 13
-22.03000
 23
1.36000
  0
SOLID
 5
256C
  8
PADLAYER_BOTTOM
 10
-21.43000
 20
2.86000
 11
-21.43000
 21
1.36000
 12
-20.13000
 22
2.86000
 13
-20.13000
 23
1.36000
  0
POLYLINE
 5
256D
  8
2DLINES_1
 66
1
 40
0.200000
 41
0.200000
  0
VERTEX
 5
256E
  8
2DLINES_1
 10
-26.92000
 20
0.87000
  0
VERTEX
 5
256F
  8
2DLINES_1
 10
-15.04000
 20
0.87000
  0
SEQEND
  8
2DLINES_1
  0
POLYLINE
 5
2570
  8
2DLINES_1
 66
1
 70
1
 40
0.100000
 41
0.100000
  0
VERTEX
 5
2571
  8
2DLINES_1
 10
-26.97000
 20
0.87000
 42
1.0
  0
VERTEX
 5
2572
  8
2DLINES_1
 10
-26.87000
 20
0.87000
 42
1.0
  0
SEQEND
  8
2DLINES_1
  0
POLYLINE
 5
2573
  8
2DLINES_1
 66
1
 70
1
 40
0.100000
 41
0.100000
  0
VERTEX
 5
2574
  8
2DLINES_1
 10
-15.09000
 20
0.87000
 42
1.0
  0
VERTEX
 5
2575
  8
2DLINES_1
 10
-14.99000
 20
0.87000
 42
1.0
  0
SEQEND
  8
2DLINES_1
  0
POLYLINE
 5
2576
  8
2DLINES_1
 66
1
 40
0.200000
 41
0.200000
  0
VERTEX
 5
2577
  8
2DLINES_1
 10
-15.04000
 20
0.87000
  0
VERTEX
 5
2578
  8
2DLINES_1
 10
-15.04000
 20
-12.13000
  0
SEQEND
  8
2DLINES_1
  0
POLYLINE
 5
2579
  8
2DLINES_1
 66
1
 70
1
 40
0.100000
 41
0.100000
  0
VERTEX
 5
257A
  8
2DLINES_1
 10
-15.09000
 20
0.87000
 42
1.0
  0
VERTEX
 5
257B
  8
2DLINES_1
 10
-14.99000
 20
0.87000
 42
1.0
  0
SEQEND
  8
2DLINES_1
  0
POLYLINE
 5
257C
  8
2DLINES_1
 66
1
 70
1
 40
0.100000
 41
0.100000
  0
VERTEX
 5
257D
  8
2DLINES_1
 10
-15.09000
 20
-12.13000
 42
1.0
  0
VERTEX
 5
257E
  8
2DLINES_1
 10
-14.99000
 20
-12.13000
 42
1.0
  0
SEQEND
  8
2DLINES_1
  0
POLYLINE
 5
257F
  8
2DLINES_1
 66
1
 40
0.200000
 41
0.200000
  0
VERTEX
 5
2580
  8
2DLINES_1
 10
-15.04000
 20
-12.13000
  0
VERTEX
 5
2581
  8
2DLINES_1
 10
-26.92000
 20
-12.13000
  0
SEQEND
  8
2DLINES_1
  0
POLYLINE
 5
2582
  8
2DLINES_1
 66
1
 70
1
 40
0.100000
 41
0.100000
  0
VERTEX
 5
2583
  8
2DLINES_1
 10
-15.09000
 20
-12.13000
 42
1.0
  0
VERTEX
 5
2584
  8
2DLINES_1
 10
-14.99000
 20
-12.13000
 42
1.0
  0
SEQEND
  8
2DLINES_1
  0
POLYLINE
 5
2585
  8
2DLINES_1
 66
1
 70
1
 40
0.100000
 41
0.100000
  0
VERTEX
 5
2586
  8
2DLINES_1
 10
-26.97000
 20
-12.13000
 42
1.0
  0
VERTEX
 5
2587
  8
2DLINES_1
 10
-26.87000
 20
-12.13000
 42
1.0
  0
SEQEND
  8
2DLINES_1
  0
POLYLINE
 5
2588
  8
2DLINES_1
 66
1
 40
0.200000
 41
0.200000
  0
VERTEX
 5
2589
  8
2DLINES_1
 10
-26.92000
 20
-12.13000
  0
VERTEX
 5
258A
  8
2DLINES_1
 10
-26.92000
 20
0.87000
  0
SEQEND
  8
2DLINES_1
  0
POLYLINE
 5
258B
  8
2DLINES_1
 66
1
 70
1
 40
0.100000
 41
0.100000
  0
VERTEX
 5
258C
  8
2DLINES_1
 10
-26.97000
 20
-12.13000
 42
1.0
  0
VERTEX
 5
258D
  8
2DLINES_1
 10
-26.87000
 20
-12.13000
 42
1.0
  0
SEQEND
  8
2DLINES_1
  0
POLYLINE
 5
258E
  8
2DLINES_1
 66
1
 70
1
 40
0.100000
 41
0.100000
  0
VERTEX
 5
258F
  8
2DLINES_1
 10
-26.97000
 20
0.87000
 42
1.0
  0
VERTEX
 5
2590
  8
2DLINES_1
 10
-26.87000
 20
0.87000
 42
1.0
  0
SEQEND
  8
2DLINES_1
  0
POLYLINE
 5
2591
  8
PLACEMENT_OUTLINE_TOP
 66
1
 40
0.200000
 41
0.200000
  0
VERTEX
 5
2592
  8
PLACEMENT_OUTLINE_TOP
 10
-26.92000
 20
0.87000
  0
VERTEX
 5
2593
  8
PLACEMENT_OUTLINE_TOP
 10
-15.04000
 20
0.87000
  0
SEQEND
  8
PLACEMENT_OUTLINE_TOP
  0
POLYLINE
 5
2594
  8
PLACEMENT_OUTLINE_TOP
 66
1
 70
1
 40
0.100000
 41
0.100000
  0
VERTEX
 5
2595
  8
PLACEMENT_OUTLINE_TOP
 10
-26.97000
 20
0.87000
 42
1.0
  0
VERTEX
 5
2596
  8
PLACEMENT_OUTLINE_TOP
 10
-26.87000
 20
0.87000
 42
1.0
  0
SEQEND
  8
PLACEMENT_OUTLINE_TOP
  0
POLYLINE
 5
2597
  8
PLACEMENT_OUTLINE_TOP
 66
1
 70
1
 40
0.100000
 41
0.100000
  0
VERTEX
 5
2598
  8
PLACEMENT_OUTLINE_TOP
 10
-15.09000
 20
0.87000
 42
1.0
  0
VERTEX
 5
2599
  8
PLACEMENT_OUTLINE_TOP
 10
-14.99000
 20
0.87000
 42
1.0
  0
SEQEND
  8
PLACEMENT_OUTLINE_TOP
  0
POLYLINE
 5
259A
  8
PLACEMENT_OUTLINE_TOP
 66
1
 40
0.200000
 41
0.200000
  0
VERTEX
 5
259B
  8
PLACEMENT_OUTLINE_TOP
 10
-15.04000
 20
0.87000
  0
VERTEX
 5
259C
  8
PLACEMENT_OUTLINE_TOP
 10
-15.04000
 20
-12.13000
  0
SEQEND
  8
PLACEMENT_OUTLINE_TOP
  0
POLYLINE
 5
259D
  8
PLACEMENT_OUTLINE_TOP
 66
1
 70
1
 40
0.100000
 41
0.100000
  0
VERTEX
 5
259E
  8
PLACEMENT_OUTLINE_TOP
 10
-15.09000
 20
0.87000
 42
1.0
  0
VERTEX
 5
259F
  8
PLACEMENT_OUTLINE_TOP
 10
-14.99000
 20
0.87000
 42
1.0
  0
SEQEND
  8
PLACEMENT_OUTLINE_TOP
  0
POLYLINE
 5
25A0
  8
PLACEMENT_OUTLINE_TOP
 66
1
 70
1
 40
0.100000
 41
0.100000
  0
VERTEX
 5
25A1
  8
PLACEMENT_OUTLINE_TOP
 10
-15.09000
 20
-12.13000
 42
1.0
  0
VERTEX
 5
25A2
  8
PLACEMENT_OUTLINE_TOP
 10
-14.99000
 20
-12.13000
 42
1.0
  0
SEQEND
  8
PLACEMENT_OUTLINE_TOP
  0
POLYLINE
 5
25A3
  8
PLACEMENT_OUTLINE_TOP
 66
1
 40
0.200000
 41
0.200000
  0
VERTEX
 5
25A4
  8
PLACEMENT_OUTLINE_TOP
 10
-15.04000
 20
-12.13000
  0
VERTEX
 5
25A5
  8
PLACEMENT_OUTLINE_TOP
 10
-26.92000
 20
-12.13000
  0
SEQEND
  8
PLACEMENT_OUTLINE_TOP
  0
POLYLINE
 5
25A6
  8
PLACEMENT_OUTLINE_TOP
 66
1
 70
1
 40
0.100000
 41
0.100000
  0
VERTEX
 5
25A7
  8
PLACEMENT_OUTLINE_TOP
 10
-15.09000
 20
-12.13000
 42
1.0
  0
VERTEX
 5
25A8
  8
PLACEMENT_OUTLINE_TOP
 10
-14.99000
 20
-12.13000
 42
1.0
  0
SEQEND
  8
PLACEMENT_OUTLINE_TOP
  0
POLYLINE
 5
25A9
  8
PLACEMENT_OUTLINE_TOP
 66
1
 70
1
 40
0.100000
 41
0.100000
  0
VERTEX
 5
25AA
  8
PLACEMENT_OUTLINE_TOP
 10
-26.97000
 20
-12.13000
 42
1.0
  0
VERTEX
 5
25AB
  8
PLACEMENT_OUTLINE_TOP
 10
-26.87000
 20
-12.13000
 42
1.0
  0
SEQEND
  8
PLACEMENT_OUTLINE_TOP
  0
POLYLINE
 5
25AC
  8
PLACEMENT_OUTLINE_TOP
 66
1
 40
0.200000
 41
0.200000
  0
VERTEX
 5
25AD
  8
PLACEMENT_OUTLINE_TOP
 10
-26.92000
 20
-12.13000
  0
VERTEX
 5
25AE
  8
PLACEMENT_OUTLINE_TOP
 10
-26.92000
 20
0.87000
  0
SEQEND
  8
PLACEMENT_OUTLINE_TOP
  0
POLYLINE
 5
25AF
  8
PLACEMENT_OUTLINE_TOP
 66
1
 70
1
 40
0.100000
 41
0.100000
  0
VERTEX
 5
25B0
  8
PLACEMENT_OUTLINE_TOP
 10
-26.97000
 20
-12.13000
 42
1.0
  0
VERTEX
 5
25B1
  8
PLACEMENT_OUTLINE_TOP
 10
-26.87000
 20
-12.13000
 42
1.0
  0
SEQEND
  8
PLACEMENT_OUTLINE_TOP
  0
POLYLINE
 5
25B2
  8
PLACEMENT_OUTLINE_TOP
 66
1
 70
1
 40
0.100000
 41
0.100000
  0
VERTEX
 5
25B3
  8
PLACEMENT_OUTLINE_TOP
 10
-26.97000
 20
0.87000
 42
1.0
  0
VERTEX
 5
25B4
  8
PLACEMENT_OUTLINE_TOP
 10
-26.87000
 20
0.87000
 42
1.0
  0
SEQEND
  8
PLACEMENT_OUTLINE_TOP
  0
SOLID
 5
25B5
  8
PADLAYER_TOP
 10
-21.71000
 20
-2.13000
 11
-21.71000
 21
2.87000
 12
-24.21000
 22
-2.13000
 13
-24.21000
 23
2.87000
  0
SOLID
 5
25B6
  8
PADLAYER_TOP
 10
-17.75000
 20
-2.13000
 11
-17.75000
 21
2.87000
 12
-20.25000
 22
-2.13000
 13
-20.25000
 23
2.87000
  0
SOLID
 5
25B7
  8
PADLAYER_TOP
 10
-15.50000
 20
-12.13000
 11
-15.50000
 21
-8.13000
 12
-16.50000
 22
-12.13000
 13
-16.50000
 23
-8.13000
  0
SOLID
 5
25B8
  8
PADLAYER_TOP
 10
-25.46000
 20
-12.13000
 11
-25.46000
 21
-8.13000
 12
-26.46000
 22
-12.13000
 13
-26.46000
 23
-8.13000
  0
POLYLINE
 5
25B9
  8
2DLINES_1
 66
1
 40
0.200000
 41
0.200000
  0
VERTEX
 5
25BA
  8
2DLINES_1
 10
1.27000
 20
-4.13000
  0
VERTEX
 5
25BB
  8
2DLINES_1
 10
8.77000
 20
-4.13000
  0
SEQEND
  8
2DLINES_1
  0
POLYLINE
 5
25BC
  8
2DLINES_1
 66
1
 70
1
 40
0.100000
 41
0.100000
  0
VERTEX
 5
25BD
  8
2DLINES_1
 10
1.22000
 20
-4.13000
 42
1.0
  0
VERTEX
 5
25BE
  8
2DLINES_1
 10
1.32000
 20
-4.13000
 42
1.0
  0
SEQEND
  8
2DLINES_1
  0
POLYLINE
 5
25BF
  8
2DLINES_1
 66
1
 70
1
 40
0.100000
 41
0.100000
  0
VERTEX
 5
25C0
  8
2DLINES_1
 10
8.72000
 20
-4.13000
 42
1.0
  0
VERTEX
 5
25C1
  8
2DLINES_1
 10
8.82000
 20
-4.13000
 42
1.0
  0
SEQEND
  8
2DLINES_1
  0
POLYLINE
 5
25C2
  8
2DLINES_1
 66
1
 40
0.200000
 41
0.200000
  0
VERTEX
 5
25C3
  8
2DLINES_1
 10
8.77000
 20
-4.13000
  0
VERTEX
 5
25C4
  8
2DLINES_1
 10
8.77000
 20
-11.93000
  0
SEQEND
  8
2DLINES_1
  0
POLYLINE
 5
25C5
  8
2DLINES_1
 66
1
 70
1
 40
0.100000
 41
0.100000
  0
VERTEX
 5
25C6
  8
2DLINES_1
 10
8.72000
 20
-4.13000
 42
1.0
  0
VERTEX
 5
25C7
  8
2DLINES_1
 10
8.82000
 20
-4.13000
 42
1.0
  0
SEQEND
  8
2DLINES_1
  0
POLYLINE
 5
25C8
  8
2DLINES_1
 66
1
 70
1
 40
0.100000
 41
0.100000
  0
VERTEX
 5
25C9
  8
2DLINES_1
 10
8.72000
 20
-11.93000
 42
1.0
  0
VERTEX
 5
25CA
  8
2DLINES_1
 10
8.82000
 20
-11.93000
 42
1.0
  0
SEQEND
  8
2DLINES_1
  0
POLYLINE
 5
25CB
  8
2DLINES_1
 66
1
 40
0.200000
 41
0.200000
  0
VERTEX
 5
25CC
  8
2DLINES_1
 10
8.77000
 20
-11.93000
  0
VERTEX
 5
25CD
  8
2DLINES_1
 10
1.27000
 20
-11.93000
  0
SEQEND
  8
2DLINES_1
  0
POLYLINE
 5
25CE
  8
2DLINES_1
 66
1
 70
1
 40
0.100000
 41
0.100000
  0
VERTEX
 5
25CF
  8
2DLINES_1
 10
8.72000
 20
-11.93000
 42
1.0
  0
VERTEX
 5
25D0
  8
2DLINES_1
 10
8.82000
 20
-11.93000
 42
1.0
  0
SEQEND
  8
2DLINES_1
  0
POLYLINE
 5
25D1
  8
2DLINES_1
 66
1
 70
1
 40
0.100000
 41
0.100000
  0
VERTEX
 5
25D2
  8
2DLINES_1
 10
1.22000
 20
-11.93000
 42
1.0
  0
VERTEX
 5
25D3
  8
2DLINES_1
 10
1.32000
 20
-11.93000
 42
1.0
  0
SEQEND
  8
2DLINES_1
  0
POLYLINE
 5
25D4
  8
2DLINES_1
 66
1
 40
0.200000
 41
0.200000
  0
VERTEX
 5
25D5
  8
2DLINES_1
 10
1.27000
 20
-11.93000
  0
VERTEX
 5
25D6
  8
2DLINES_1
 10
1.27000
 20
-4.13000
  0
SEQEND
  8
2DLINES_1
  0
POLYLINE
 5
25D7
  8
2DLINES_1
 66
1
 70
1
 40
0.100000
 41
0.100000
  0
VERTEX
 5
25D8
  8
2DLINES_1
 10
1.22000
 20
-11.93000
 42
1.0
  0
VERTEX
 5
25D9
  8
2DLINES_1
 10
1.32000
 20
-11.93000
 42
1.0
  0
SEQEND
  8
2DLINES_1
  0
POLYLINE
 5
25DA
  8
2DLINES_1
 66
1
 70
1
 40
0.100000
 41
0.100000
  0
VERTEX
 5
25DB
  8
2DLINES_1
 10
1.22000
 20
-4.13000
 42
1.0
  0
VERTEX
 5
25DC
  8
2DLINES_1
 10
1.32000
 20
-4.13000
 42
1.0
  0
SEQEND
  8
2DLINES_1
  0
POLYLINE
 5
25DD
  8
PLACEMENT_OUTLINE_TOP
 66
1
 40
0.200000
 41
0.200000
  0
VERTEX
 5
25DE
  8
PLACEMENT_OUTLINE_TOP
 10
1.27000
 20
-4.13000
  0
VERTEX
 5
25DF
  8
PLACEMENT_OUTLINE_TOP
 10
8.77000
 20
-4.13000
  0
SEQEND
  8
PLACEMENT_OUTLINE_TOP
  0
POLYLINE
 5
25E0
  8
PLACEMENT_OUTLINE_TOP
 66
1
 70
1
 40
0.100000
 41
0.100000
  0
VERTEX
 5
25E1
  8
PLACEMENT_OUTLINE_TOP
 10
1.22000
 20
-4.13000
 42
1.0
  0
VERTEX
 5
25E2
  8
PLACEMENT_OUTLINE_TOP
 10
1.32000
 20
-4.13000
 42
1.0
  0
SEQEND
  8
PLACEMENT_OUTLINE_TOP
  0
POLYLINE
 5
25E3
  8
PLACEMENT_OUTLINE_TOP
 66
1
 70
1
 40
0.100000
 41
0.100000
  0
VERTEX
 5
25E4
  8
PLACEMENT_OUTLINE_TOP
 10
8.72000
 20
-4.13000
 42
1.0
  0
VERTEX
 5
25E5
  8
PLACEMENT_OUTLINE_TOP
 10
8.82000
 20
-4.13000
 42
1.0
  0
SEQEND
  8
PLACEMENT_OUTLINE_TOP
  0
POLYLINE
 5
25E6
  8
PLACEMENT_OUTLINE_TOP
 66
1
 40
0.200000
 41
0.200000
  0
VERTEX
 5
25E7
  8
PLACEMENT_OUTLINE_TOP
 10
8.77000
 20
-4.13000
  0
VERTEX
 5
25E8
  8
PLACEMENT_OUTLINE_TOP
 10
8.77000
 20
-11.93000
  0
SEQEND
  8
PLACEMENT_OUTLINE_TOP
  0
POLYLINE
 5
25E9
  8
PLACEMENT_OUTLINE_TOP
 66
1
 70
1
 40
0.100000
 41
0.100000
  0
VERTEX
 5
25EA
  8
PLACEMENT_OUTLINE_TOP
 10
8.72000
 20
-4.13000
 42
1.0
  0
VERTEX
 5
25EB
  8
PLACEMENT_OUTLINE_TOP
 10
8.82000
 20
-4.13000
 42
1.0
  0
SEQEND
  8
PLACEMENT_OUTLINE_TOP
  0
POLYLINE
 5
25EC
  8
PLACEMENT_OUTLINE_TOP
 66
1
 70
1
 40
0.100000
 41
0.100000
  0
VERTEX
 5
25ED
  8
PLACEMENT_OUTLINE_TOP
 10
8.72000
 20
-11.93000
 42
1.0
  0
VERTEX
 5
25EE
  8
PLACEMENT_OUTLINE_TOP
 10
8.82000
 20
-11.93000
 42
1.0
  0
SEQEND
  8
PLACEMENT_OUTLINE_TOP
  0
POLYLINE
 5
25EF
  8
PLACEMENT_OUTLINE_TOP
 66
1
 40
0.200000
 41
0.200000
  0
VERTEX
 5
25F0
  8
PLACEMENT_OUTLINE_TOP
 10
8.77000
 20
-11.93000
  0
VERTEX
 5
25F1
  8
PLACEMENT_OUTLINE_TOP
 10
1.27000
 20
-11.93000
  0
SEQEND
  8
PLACEMENT_OUTLINE_TOP
  0
POLYLINE
 5
25F2
  8
PLACEMENT_OUTLINE_TOP
 66
1
 70
1
 40
0.100000
 41
0.100000
  0
VERTEX
 5
25F3
  8
PLACEMENT_OUTLINE_TOP
 10
8.72000
 20
-11.93000
 42
1.0
  0
VERTEX
 5
25F4
  8
PLACEMENT_OUTLINE_TOP
 10
8.82000
 20
-11.93000
 42
1.0
  0
SEQEND
  8
PLACEMENT_OUTLINE_TOP
  0
POLYLINE
 5
25F5
  8
PLACEMENT_OUTLINE_TOP
 66
1
 70
1
 40
0.100000
 41
0.100000
  0
VERTEX
 5
25F6
  8
PLACEMENT_OUTLINE_TOP
 10
1.22000
 20
-11.93000
 42
1.0
  0
VERTEX
 5
25F7
  8
PLACEMENT_OUTLINE_TOP
 10
1.32000
 20
-11.93000
 42
1.0
  0
SEQEND
  8
PLACEMENT_OUTLINE_TOP
  0
POLYLINE
 5
25F8
  8
PLACEMENT_OUTLINE_TOP
 66
1
 40
0.200000
 41
0.200000
  0
VERTEX
 5
25F9
  8
PLACEMENT_OUTLINE_TOP
 10
1.27000
 20
-11.93000
  0
VERTEX
 5
25FA
  8
PLACEMENT_OUTLINE_TOP
 10
1.27000
 20
-4.13000
  0
SEQEND
  8
PLACEMENT_OUTLINE_TOP
  0
POLYLINE
 5
25FB
  8
PLACEMENT_OUTLINE_TOP
 66
1
 70
1
 40
0.100000
 41
0.100000
  0
VERTEX
 5
25FC
  8
PLACEMENT_OUTLINE_TOP
 10
1.22000
 20
-11.93000
 42
1.0
  0
VERTEX
 5
25FD
  8
PLACEMENT_OUTLINE_TOP
 10
1.32000
 20
-11.93000
 42
1.0
  0
SEQEND
  8
PLACEMENT_OUTLINE_TOP
  0
POLYLINE
 5
25FE
  8
PLACEMENT_OUTLINE_TOP
 66
1
 70
1
 40
0.100000
 41
0.100000
  0
VERTEX
 5
25FF
  8
PLACEMENT_OUTLINE_TOP
 10
1.22000
 20
-4.13000
 42
1.0
  0
VERTEX
 5
2600
  8
PLACEMENT_OUTLINE_TOP
 10
1.32000
 20
-4.13000
 42
1.0
  0
SEQEND
  8
PLACEMENT_OUTLINE_TOP
  0
SOLID
 5
2601
  8
PADLAYER_TOP
 10
4.42000
 20
-5.88000
 11
4.42000
 21
-1.38000
 12
3.12000
 22
-5.88000
 13
3.12000
 23
-1.38000
  0
SOLID
 5
2602
  8
PADLAYER_TOP
 10
6.92000
 20
-5.88000
 11
6.92000
 21
-1.38000
 12
5.62000
 22
-5.88000
 13
5.62000
 23
-1.38000
  0
SOLID
 5
2603
  8
PADLAYER_TOP
 10
10.37000
 20
-12.13000
 11
10.37000
 21
-8.33000
 12
8.57000
 22
-12.13000
 13
8.57000
 23
-8.33000
  0
SOLID
 5
2604
  8
PADLAYER_TOP
 10
1.47000
 20
-12.13000
 11
1.47000
 21
-8.33000
 12
-0.33000
 22
-12.13000
 13
-0.33000
 23
-8.33000
  0
POLYLINE
 5
2605
  8
2DLINES_1
 66
1
 40
0.200000
 41
0.200000
  0
VERTEX
 5
2606
  8
2DLINES_1
 10
-10.23000
 20
-4.13000
  0
VERTEX
 5
2607
  8
2DLINES_1
 10
-2.73000
 20
-4.13000
  0
SEQEND
  8
2DLINES_1
  0
POLYLINE
 5
2608
  8
2DLINES_1
 66
1
 70
1
 40
0.100000
 41
0.100000
  0
VERTEX
 5
2609
  8
2DLINES_1
 10
-10.28000
 20
-4.13000
 42
1.0
  0
VERTEX
 5
260A
  8
2DLINES_1
 10
-10.18000
 20
-4.13000
 42
1.0
  0
SEQEND
  8
2DLINES_1
  0
POLYLINE
 5
260B
  8
2DLINES_1
 66
1
 70
1
 40
0.100000
 41
0.100000
  0
VERTEX
 5
260C
  8
2DLINES_1
 10
-2.78000
 20
-4.13000
 42
1.0
  0
VERTEX
 5
260D
  8
2DLINES_1
 10
-2.68000
 20
-4.13000
 42
1.0
  0
SEQEND
  8
2DLINES_1
  0
POLYLINE
 5
260E
  8
2DLINES_1
 66
1
 40
0.200000
 41
0.200000
  0
VERTEX
 5
260F
  8
2DLINES_1
 10
-2.73000
 20
-4.13000
  0
VERTEX
 5
2610
  8
2DLINES_1
 10
-2.73000
 20
-11.93000
  0
SEQEND
  8
2DLINES_1
  0
POLYLINE
 5
2611
  8
2DLINES_1
 66
1
 70
1
 40
0.100000
 41
0.100000
  0
VERTEX
 5
2612
  8
2DLINES_1
 10
-2.78000
 20
-4.13000
 42
1.0
  0
VERTEX
 5
2613
  8
2DLINES_1
 10
-2.68000
 20
-4.13000
 42
1.0
  0
SEQEND
  8
2DLINES_1
  0
POLYLINE
 5
2614
  8
2DLINES_1
 66
1
 70
1
 40
0.100000
 41
0.100000
  0
VERTEX
 5
2615
  8
2DLINES_1
 10
-2.78000
 20
-11.93000
 42
1.0
  0
VERTEX
 5
2616
  8
2DLINES_1
 10
-2.68000
 20
-11.93000
 42
1.0
  0
SEQEND
  8
2DLINES_1
  0
POLYLINE
 5
2617
  8
2DLINES_1
 66
1
 40
0.200000
 41
0.200000
  0
VERTEX
 5
2618
  8
2DLINES_1
 10
-2.73000
 20
-11.93000
  0
VERTEX
 5
2619
  8
2DLINES_1
 10
-10.23000
 20
-11.93000
  0
SEQEND
  8
2DLINES_1
  0
POLYLINE
 5
261A
  8
2DLINES_1
 66
1
 70
1
 40
0.100000
 41
0.100000
  0
VERTEX
 5
261B
  8
2DLINES_1
 10
-2.78000
 20
-11.93000
 42
1.0
  0
VERTEX
 5
261C
  8
2DLINES_1
 10
-2.68000
 20
-11.93000
 42
1.0
  0
SEQEND
  8
2DLINES_1
  0
POLYLINE
 5
261D
  8
2DLINES_1
 66
1
 70
1
 40
0.100000
 41
0.100000
  0
VERTEX
 5
261E
  8
2DLINES_1
 10
-10.28000
 20
-11.93000
 42
1.0
  0
VERTEX
 5
261F
  8
2DLINES_1
 10
-10.18000
 20
-11.93000
 42
1.0
  0
SEQEND
  8
2DLINES_1
  0
POLYLINE
 5
2620
  8
2DLINES_1
 66
1
 40
0.200000
 41
0.200000
  0
VERTEX
 5
2621
  8
2DLINES_1
 10
-10.23000
 20
-11.93000
  0
VERTEX
 5
2622
  8
2DLINES_1
 10
-10.23000
 20
-4.13000
  0
SEQEND
  8
2DLINES_1
  0
POLYLINE
 5
2623
  8
2DLINES_1
 66
1
 70
1
 40
0.100000
 41
0.100000
  0
VERTEX
 5
2624
  8
2DLINES_1
 10
-10.28000
 20
-11.93000
 42
1.0
  0
VERTEX
 5
2625
  8
2DLINES_1
 10
-10.18000
 20
-11.93000
 42
1.0
  0
SEQEND
  8
2DLINES_1
  0
POLYLINE
 5
2626
  8
2DLINES_1
 66
1
 70
1
 40
0.100000
 41
0.100000
  0
VERTEX
 5
2627
  8
2DLINES_1
 10
-10.28000
 20
-4.13000
 42
1.0
  0
VERTEX
 5
2628
  8
2DLINES_1
 10
-10.18000
 20
-4.13000
 42
1.0
  0
SEQEND
  8
2DLINES_1
  0
POLYLINE
 5
2629
  8
PLACEMENT_OUTLINE_TOP
 66
1
 40
0.200000
 41
0.200000
  0
VERTEX
 5
262A
  8
PLACEMENT_OUTLINE_TOP
 10
-10.23000
 20
-4.13000
  0
VERTEX
 5
262B
  8
PLACEMENT_OUTLINE_TOP
 10
-2.73000
 20
-4.13000
  0
SEQEND
  8
PLACEMENT_OUTLINE_TOP
  0
POLYLINE
 5
262C
  8
PLACEMENT_OUTLINE_TOP
 66
1
 70
1
 40
0.100000
 41
0.100000
  0
VERTEX
 5
262D
  8
PLACEMENT_OUTLINE_TOP
 10
-10.28000
 20
-4.13000
 42
1.0
  0
VERTEX
 5
262E
  8
PLACEMENT_OUTLINE_TOP
 10
-10.18000
 20
-4.13000
 42
1.0
  0
SEQEND
  8
PLACEMENT_OUTLINE_TOP
  0
POLYLINE
 5
262F
  8
PLACEMENT_OUTLINE_TOP
 66
1
 70
1
 40
0.100000
 41
0.100000
  0
VERTEX
 5
2630
  8
PLACEMENT_OUTLINE_TOP
 10
-2.78000
 20
-4.13000
 42
1.0
  0
VERTEX
 5
2631
  8
PLACEMENT_OUTLINE_TOP
 10
-2.68000
 20
-4.13000
 42
1.0
  0
SEQEND
  8
PLACEMENT_OUTLINE_TOP
  0
POLYLINE
 5
2632
  8
PLACEMENT_OUTLINE_TOP
 66
1
 40
0.200000
 41
0.200000
  0
VERTEX
 5
2633
  8
PLACEMENT_OUTLINE_TOP
 10
-2.73000
 20
-4.13000
  0
VERTEX
 5
2634
  8
PLACEMENT_OUTLINE_TOP
 10
-2.73000
 20
-11.93000
  0
SEQEND
  8
PLACEMENT_OUTLINE_TOP
  0
POLYLINE
 5
2635
  8
PLACEMENT_OUTLINE_TOP
 66
1
 70
1
 40
0.100000
 41
0.100000
  0
VERTEX
 5
2636
  8
PLACEMENT_OUTLINE_TOP
 10
-2.78000
 20
-4.13000
 42
1.0
  0
VERTEX
 5
2637
  8
PLACEMENT_OUTLINE_TOP
 10
-2.68000
 20
-4.13000
 42
1.0
  0
SEQEND
  8
PLACEMENT_OUTLINE_TOP
  0
POLYLINE
 5
2638
  8
PLACEMENT_OUTLINE_TOP
 66
1
 70
1
 40
0.100000
 41
0.100000
  0
VERTEX
 5
2639
  8
PLACEMENT_OUTLINE_TOP
 10
-2.78000
 20
-11.93000
 42
1.0
  0
VERTEX
 5
263A
  8
PLACEMENT_OUTLINE_TOP
 10
-2.68000
 20
-11.93000
 42
1.0
  0
SEQEND
  8
PLACEMENT_OUTLINE_TOP
  0
POLYLINE
 5
263B
  8
PLACEMENT_OUTLINE_TOP
 66
1
 40
0.200000
 41
0.200000
  0
VERTEX
 5
263C
  8
PLACEMENT_OUTLINE_TOP
 10
-2.73000
 20
-11.93000
  0
VERTEX
 5
263D
  8
PLACEMENT_OUTLINE_TOP
 10
-10.23000
 20
-11.93000
  0
SEQEND
  8
PLACEMENT_OUTLINE_TOP
  0
POLYLINE
 5
263E
  8
PLACEMENT_OUTLINE_TOP
 66
1
 70
1
 40
0.100000
 41
0.100000
  0
VERTEX
 5
263F
  8
PLACEMENT_OUTLINE_TOP
 10
-2.78000
 20
-11.93000
 42
1.0
  0
VERTEX
 5
2640
  8
PLACEMENT_OUTLINE_TOP
 10
-2.68000
 20
-11.93000
 42
1.0
  0
SEQEND
  8
PLACEMENT_OUTLINE_TOP
  0
POLYLINE
 5
2641
  8
PLACEMENT_OUTLINE_TOP
 66
1
 70
1
 40
0.100000
 41
0.100000
  0
VERTEX
 5
2642
  8
PLACEMENT_OUTLINE_TOP
 10
-10.28000
 20
-11.93000
 42
1.0
  0
VERTEX
 5
2643
  8
PLACEMENT_OUTLINE_TOP
 10
-10.18000
 20
-11.93000
 42
1.0
  0
SEQEND
  8
PLACEMENT_OUTLINE_TOP
  0
POLYLINE
 5
2644
  8
PLACEMENT_OUTLINE_TOP
 66
1
 40
0.200000
 41
0.200000
  0
VERTEX
 5
2645
  8
PLACEMENT_OUTLINE_TOP
 10
-10.23000
 20
-11.93000
  0
VERTEX
 5
2646
  8
PLACEMENT_OUTLINE_TOP
 10
-10.23000
 20
-4.13000
  0
SEQEND
  8
PLACEMENT_OUTLINE_TOP
  0
POLYLINE
 5
2647
  8
PLACEMENT_OUTLINE_TOP
 66
1
 70
1
 40
0.100000
 41
0.100000
  0
VERTEX
 5
2648
  8
PLACEMENT_OUTLINE_TOP
 10
-10.28000
 20
-11.93000
 42
1.0
  0
VERTEX
 5
2649
  8
PLACEMENT_OUTLINE_TOP
 10
-10.18000
 20
-11.93000
 42
1.0
  0
SEQEND
  8
PLACEMENT_OUTLINE_TOP
  0
POLYLINE
 5
264A
  8
PLACEMENT_OUTLINE_TOP
 66
1
 70
1
 40
0.100000
 41
0.100000
  0
VERTEX
 5
264B
  8
PLACEMENT_OUTLINE_TOP
 10
-10.28000
 20
-4.13000
 42
1.0
  0
VERTEX
 5
264C
  8
PLACEMENT_OUTLINE_TOP
 10
-10.18000
 20
-4.13000
 42
1.0
  0
SEQEND
  8
PLACEMENT_OUTLINE_TOP
  0
SOLID
 5
264D
  8
PADLAYER_TOP
 10
-7.08000
 20
-5.88000
 11
-7.08000
 21
-1.38000
 12
-8.38000
 22
-5.88000
 13
-8.38000
 23
-1.38000
  0
SOLID
 5
264E
  8
PADLAYER_TOP
 10
-4.58000
 20
-5.88000
 11
-4.58000
 21
-1.38000
 12
-5.88000
 22
-5.88000
 13
-5.88000
 23
-1.38000
  0
SOLID
 5
264F
  8
PADLAYER_TOP
 10
-1.13000
 20
-12.13000
 11
-1.13000
 21
-8.33000
 12
-2.93000
 22
-12.13000
 13
-2.93000
 23
-8.33000
  0
SOLID
 5
2650
  8
PADLAYER_TOP
 10
-10.03000
 20
-12.13000
 11
-10.03000
 21
-8.33000
 12
-11.83000
 22
-12.13000
 13
-11.83000
 23
-8.33000
  0
POLYLINE
 5
2651
  8
2DLINES_1
 66
1
 40
0.200000
 41
0.200000
  0
VERTEX
 5
2652
  8
2DLINES_1
 10
-39.92000
 20
0.87000
  0
VERTEX
 5
2653
  8
2DLINES_1
 10
-28.04000
 20
0.87000
  0
SEQEND
  8
2DLINES_1
  0
POLYLINE
 5
2654
  8
2DLINES_1
 66
1
 70
1
 40
0.100000
 41
0.100000
  0
VERTEX
 5
2655
  8
2DLINES_1
 10
-39.97000
 20
0.87000
 42
1.0
  0
VERTEX
 5
2656
  8
2DLINES_1
 10
-39.87000
 20
0.87000
 42
1.0
  0
SEQEND
  8
2DLINES_1
  0
POLYLINE
 5
2657
  8
2DLINES_1
 66
1
 70
1
 40
0.100000
 41
0.100000
  0
VERTEX
 5
2658
  8
2DLINES_1
 10
-28.09000
 20
0.87000
 42
1.0
  0
VERTEX
 5
2659
  8
2DLINES_1
 10
-27.99000
 20
0.87000
 42
1.0
  0
SEQEND
  8
2DLINES_1
  0
POLYLINE
 5
265A
  8
2DLINES_1
 66
1
 40
0.200000
 41
0.200000
  0
VERTEX
 5
265B
  8
2DLINES_1
 10
-28.04000
 20
0.87000
  0
VERTEX
 5
265C
  8
2DLINES_1
 10
-28.04000
 20
-12.13000
  0
SEQEND
  8
2DLINES_1
  0
POLYLINE
 5
265D
  8
2DLINES_1
 66
1
 70
1
 40
0.100000
 41
0.100000
  0
VERTEX
 5
265E
  8
2DLINES_1
 10
-28.09000
 20
0.87000
 42
1.0
  0
VERTEX
 5
265F
  8
2DLINES_1
 10
-27.99000
 20
0.87000
 42
1.0
  0
SEQEND
  8
2DLINES_1
  0
POLYLINE
 5
2660
  8
2DLINES_1
 66
1
 70
1
 40
0.100000
 41
0.100000
  0
VERTEX
 5
2661
  8
2DLINES_1
 10
-28.09000
 20
-12.13000
 42
1.0
  0
VERTEX
 5
2662
  8
2DLINES_1
 10
-27.99000
 20
-12.13000
 42
1.0
  0
SEQEND
  8
2DLINES_1
  0
POLYLINE
 5
2663
  8
2DLINES_1
 66
1
 40
0.200000
 41
0.200000
  0
VERTEX
 5
2664
  8
2DLINES_1
 10
-28.04000
 20
-12.13000
  0
VERTEX
 5
2665
  8
2DLINES_1
 10
-39.92000
 20
-12.13000
  0
SEQEND
  8
2DLINES_1
  0
POLYLINE
 5
2666
  8
2DLINES_1
 66
1
 70
1
 40
0.100000
 41
0.100000
  0
VERTEX
 5
2667
  8
2DLINES_1
 10
-28.09000
 20
-12.13000
 42
1.0
  0
VERTEX
 5
2668
  8
2DLINES_1
 10
-27.99000
 20
-12.13000
 42
1.0
  0
SEQEND
  8
2DLINES_1
  0
POLYLINE
 5
2669
  8
2DLINES_1
 66
1
 70
1
 40
0.100000
 41
0.100000
  0
VERTEX
 5
266A
  8
2DLINES_1
 10
-39.97000
 20
-12.13000
 42
1.0
  0
VERTEX
 5
266B
  8
2DLINES_1
 10
-39.87000
 20
-12.13000
 42
1.0
  0
SEQEND
  8
2DLINES_1
  0
POLYLINE
 5
266C
  8
2DLINES_1
 66
1
 40
0.200000
 41
0.200000
  0
VERTEX
 5
266D
  8
2DLINES_1
 10
-39.92000
 20
-12.13000
  0
VERTEX
 5
266E
  8
2DLINES_1
 10
-39.92000
 20
0.87000
  0
SEQEND
  8
2DLINES_1
  0
POLYLINE
 5
266F
  8
2DLINES_1
 66
1
 70
1
 40
0.100000
 41
0.100000
  0
VERTEX
 5
2670
  8
2DLINES_1
 10
-39.97000
 20
-12.13000
 42
1.0
  0
VERTEX
 5
2671
  8
2DLINES_1
 10
-39.87000
 20
-12.13000
 42
1.0
  0
SEQEND
  8
2DLINES_1
  0
POLYLINE
 5
2672
  8
2DLINES_1
 66
1
 70
1
 40
0.100000
 41
0.100000
  0
VERTEX
 5
2673
  8
2DLINES_1
 10
-39.97000
 20
0.87000
 42
1.0
  0
VERTEX
 5
2674
  8
2DLINES_1
 10
-39.87000
 20
0.87000
 42
1.0
  0
SEQEND
  8
2DLINES_1
  0
POLYLINE
 5
2675
  8
PLACEMENT_OUTLINE_TOP
 66
1
 40
0.200000
 41
0.200000
  0
VERTEX
 5
2676
  8
PLACEMENT_OUTLINE_TOP
 10
-39.92000
 20
0.87000
  0
VERTEX
 5
2677
  8
PLACEMENT_OUTLINE_TOP
 10
-28.04000
 20
0.87000
  0
SEQEND
  8
PLACEMENT_OUTLINE_TOP
  0
POLYLINE
 5
2678
  8
PLACEMENT_OUTLINE_TOP
 66
1
 70
1
 40
0.100000
 41
0.100000
  0
VERTEX
 5
2679
  8
PLACEMENT_OUTLINE_TOP
 10
-39.97000
 20
0.87000
 42
1.0
  0
VERTEX
 5
267A
  8
PLACEMENT_OUTLINE_TOP
 10
-39.87000
 20
0.87000
 42
1.0
  0
SEQEND
  8
PLACEMENT_OUTLINE_TOP
  0
POLYLINE
 5
267B
  8
PLACEMENT_OUTLINE_TOP
 66
1
 70
1
 40
0.100000
 41
0.100000
  0
VERTEX
 5
267C
  8
PLACEMENT_OUTLINE_TOP
 10
-28.09000
 20
0.87000
 42
1.0
  0
VERTEX
 5
267D
  8
PLACEMENT_OUTLINE_TOP
 10
-27.99000
 20
0.87000
 42
1.0
  0
SEQEND
  8
PLACEMENT_OUTLINE_TOP
  0
POLYLINE
 5
267E
  8
PLACEMENT_OUTLINE_TOP
 66
1
 40
0.200000
 41
0.200000
  0
VERTEX
 5
267F
  8
PLACEMENT_OUTLINE_TOP
 10
-28.04000
 20
0.87000
  0
VERTEX
 5
2680
  8
PLACEMENT_OUTLINE_TOP
 10
-28.04000
 20
-12.13000
  0
SEQEND
  8
PLACEMENT_OUTLINE_TOP
  0
POLYLINE
 5
2681
  8
PLACEMENT_OUTLINE_TOP
 66
1
 70
1
 40
0.100000
 41
0.100000
  0
VERTEX
 5
2682
  8
PLACEMENT_OUTLINE_TOP
 10
-28.09000
 20
0.87000
 42
1.0
  0
VERTEX
 5
2683
  8
PLACEMENT_OUTLINE_TOP
 10
-27.99000
 20
0.87000
 42
1.0
  0
SEQEND
  8
PLACEMENT_OUTLINE_TOP
  0
POLYLINE
 5
2684
  8
PLACEMENT_OUTLINE_TOP
 66
1
 70
1
 40
0.100000
 41
0.100000
  0
VERTEX
 5
2685
  8
PLACEMENT_OUTLINE_TOP
 10
-28.09000
 20
-12.13000
 42
1.0
  0
VERTEX
 5
2686
  8
PLACEMENT_OUTLINE_TOP
 10
-27.99000
 20
-12.13000
 42
1.0
  0
SEQEND
  8
PLACEMENT_OUTLINE_TOP
  0
POLYLINE
 5
2687
  8
PLACEMENT_OUTLINE_TOP
 66
1
 40
0.200000
 41
0.200000
  0
VERTEX
 5
2688
  8
PLACEMENT_OUTLINE_TOP
 10
-28.04000
 20
-12.13000
  0
VERTEX
 5
2689
  8
PLACEMENT_OUTLINE_TOP
 10
-39.92000
 20
-12.13000
  0
SEQEND
  8
PLACEMENT_OUTLINE_TOP
  0
POLYLINE
 5
268A
  8
PLACEMENT_OUTLINE_TOP
 66
1
 70
1
 40
0.100000
 41
0.100000
  0
VERTEX
 5
268B
  8
PLACEMENT_OUTLINE_TOP
 10
-28.09000
 20
-12.13000
 42
1.0
  0
VERTEX
 5
268C
  8
PLACEMENT_OUTLINE_TOP
 10
-27.99000
 20
-12.13000
 42
1.0
  0
SEQEND
  8
PLACEMENT_OUTLINE_TOP
  0
POLYLINE
 5
268D
  8
PLACEMENT_OUTLINE_TOP
 66
1
 70
1
 40
0.100000
 41
0.100000
  0
VERTEX
 5
268E
  8
PLACEMENT_OUTLINE_TOP
 10
-39.97000
 20
-12.13000
 42
1.0
  0
VERTEX
 5
268F
  8
PLACEMENT_OUTLINE_TOP
 10
-39.87000
 20
-12.13000
 42
1.0
  0
SEQEND
  8
PLACEMENT_OUTLINE_TOP
  0
POLYLINE
 5
2690
  8
PLACEMENT_OUTLINE_TOP
 66
1
 40
0.200000
 41
0.200000
  0
VERTEX
 5
2691
  8
PLACEMENT_OUTLINE_TOP
 10
-39.92000
 20
-12.13000
  0
VERTEX
 5
2692
  8
PLACEMENT_OUTLINE_TOP
 10
-39.92000
 20
0.87000
  0
SEQEND
  8
PLACEMENT_OUTLINE_TOP
  0
POLYLINE
 5
2693
  8
PLACEMENT_OUTLINE_TOP
 66
1
 70
1
 40
0.100000
 41
0.100000
  0
VERTEX
 5
2694
  8
PLACEMENT_OUTLINE_TOP
 10
-39.97000
 20
-12.13000
 42
1.0
  0
VERTEX
 5
2695
  8
PLACEMENT_OUTLINE_TOP
 10
-39.87000
 20
-12.13000
 42
1.0
  0
SEQEND
  8
PLACEMENT_OUTLINE_TOP
  0
POLYLINE
 5
2696
  8
PLACEMENT_OUTLINE_TOP
 66
1
 70
1
 40
0.100000
 41
0.100000
  0
VERTEX
 5
2697
  8
PLACEMENT_OUTLINE_TOP
 10
-39.97000
 20
0.87000
 42
1.0
  0
VERTEX
 5
2698
  8
PLACEMENT_OUTLINE_TOP
 10
-39.87000
 20
0.87000
 42
1.0
  0
SEQEND
  8
PLACEMENT_OUTLINE_TOP
  0
SOLID
 5
2699
  8
PADLAYER_TOP
 10
-34.71000
 20
-2.13000
 11
-34.71000
 21
2.87000
 12
-37.21000
 22
-2.13000
 13
-37.21000
 23
2.87000
  0
SOLID
 5
269A
  8
PADLAYER_TOP
 10
-30.75000
 20
-2.13000
 11
-30.75000
 21
2.87000
 12
-33.25000
 22
-2.13000
 13
-33.25000
 23
2.87000
  0
SOLID
 5
269B
  8
PADLAYER_TOP
 10
-28.50000
 20
-12.13000
 11
-28.50000
 21
-8.13000
 12
-29.50000
 22
-12.13000
 13
-29.50000
 23
-8.13000
  0
SOLID
 5
269C
  8
PADLAYER_TOP
 10
-38.46000
 20
-12.13000
 11
-38.46000
 21
-8.13000
 12
-39.46000
 22
-12.13000
 13
-39.46000
 23
-8.13000
  0
POLYLINE
 5
269D
  8
2DLINES_4
 66
1
 40
0.200000
 41
0.200000
  0
VERTEX
 5
269E
  8
2DLINES_4
 10
6.52000
 20
-2.84900
  0
VERTEX
 5
269F
  8
2DLINES_4
 10
-7.98000
 20
-2.84900
  0
SEQEND
  8
2DLINES_4
  0
POLYLINE
 5
26A0
  8
2DLINES_4
 66
1
 70
1
 40
0.100000
 41
0.100000
  0
VERTEX
 5
26A1
  8
2DLINES_4
 10
6.47000
 20
-2.84900
 42
1.0
  0
VERTEX
 5
26A2
  8
2DLINES_4
 10
6.57000
 20
-2.84900
 42
1.0
  0
SEQEND
  8
2DLINES_4
  0
POLYLINE
 5
26A3
  8
2DLINES_4
 66
1
 70
1
 40
0.100000
 41
0.100000
  0
VERTEX
 5
26A4
  8
2DLINES_4
 10
-8.03000
 20
-2.84900
 42
1.0
  0
VERTEX
 5
26A5
  8
2DLINES_4
 10
-7.93000
 20
-2.84900
 42
1.0
  0
SEQEND
  8
2DLINES_4
  0
POLYLINE
 5
26A6
  8
2DLINES_4
 66
1
 40
0.200000
 41
0.200000
  0
VERTEX
 5
26A7
  8
2DLINES_4
 10
-7.98000
 20
-2.84900
  0
VERTEX
 5
26A8
  8
2DLINES_4
 10
-7.98000
 20
-12.83000
  0
SEQEND
  8
2DLINES_4
  0
POLYLINE
 5
26A9
  8
2DLINES_4
 66
1
 70
1
 40
0.100000
 41
0.100000
  0
VERTEX
 5
26AA
  8
2DLINES_4
 10
-8.03000
 20
-2.84900
 42
1.0
  0
VERTEX
 5
26AB
  8
2DLINES_4
 10
-7.93000
 20
-2.84900
 42
1.0
  0
SEQEND
  8
2DLINES_4
  0
POLYLINE
 5
26AC
  8
2DLINES_4
 66
1
 70
1
 40
0.100000
 41
0.100000
  0
VERTEX
 5
26AD
  8
2DLINES_4
 10
-8.03000
 20
-12.83000
 42
1.0
  0
VERTEX
 5
26AE
  8
2DLINES_4
 10
-7.93000
 20
-12.83000
 42
1.0
  0
SEQEND
  8
2DLINES_4
  0
POLYLINE
 5
26AF
  8
2DLINES_4
 66
1
 40
0.200000
 41
0.200000
  0
VERTEX
 5
26B0
  8
2DLINES_4
 10
-7.98000
 20
-12.83000
  0
VERTEX
 5
26B1
  8
2DLINES_4
 10
6.52000
 20
-12.83000
  0
SEQEND
  8
2DLINES_4
  0
POLYLINE
 5
26B2
  8
2DLINES_4
 66
1
 70
1
 40
0.100000
 41
0.100000
  0
VERTEX
 5
26B3
  8
2DLINES_4
 10
-8.03000
 20
-12.83000
 42
1.0
  0
VERTEX
 5
26B4
  8
2DLINES_4
 10
-7.93000
 20
-12.83000
 42
1.0
  0
SEQEND
  8
2DLINES_4
  0
POLYLINE
 5
26B5
  8
2DLINES_4
 66
1
 70
1
 40
0.100000
 41
0.100000
  0
VERTEX
 5
26B6
  8
2DLINES_4
 10
6.47000
 20
-12.83000
 42
1.0
  0
VERTEX
 5
26B7
  8
2DLINES_4
 10
6.57000
 20
-12.83000
 42
1.0
  0
SEQEND
  8
2DLINES_4
  0
POLYLINE
 5
26B8
  8
2DLINES_4
 66
1
 40
0.200000
 41
0.200000
  0
VERTEX
 5
26B9
  8
2DLINES_4
 10
6.52000
 20
-12.83000
  0
VERTEX
 5
26BA
  8
2DLINES_4
 10
6.52000
 20
-2.84900
  0
SEQEND
  8
2DLINES_4
  0
POLYLINE
 5
26BB
  8
2DLINES_4
 66
1
 70
1
 40
0.100000
 41
0.100000
  0
VERTEX
 5
26BC
  8
2DLINES_4
 10
6.47000
 20
-12.83000
 42
1.0
  0
VERTEX
 5
26BD
  8
2DLINES_4
 10
6.57000
 20
-12.83000
 42
1.0
  0
SEQEND
  8
2DLINES_4
  0
POLYLINE
 5
26BE
  8
2DLINES_4
 66
1
 70
1
 40
0.100000
 41
0.100000
  0
VERTEX
 5
26BF
  8
2DLINES_4
 10
6.47000
 20
-2.84900
 42
1.0
  0
VERTEX
 5
26C0
  8
2DLINES_4
 10
6.57000
 20
-2.84900
 42
1.0
  0
SEQEND
  8
2DLINES_4
  0
POLYLINE
 5
26C1
  8
PLACEMENT_OUTLINE_BOTTOM
 66
1
 40
0.200000
 41
0.200000
  0
VERTEX
 5
26C2
  8
PLACEMENT_OUTLINE_BOTTOM
 10
6.52000
 20
-2.84900
  0
VERTEX
 5
26C3
  8
PLACEMENT_OUTLINE_BOTTOM
 10
-7.98000
 20
-2.84900
  0
SEQEND
  8
PLACEMENT_OUTLINE_BOTTOM
  0
POLYLINE
 5
26C4
  8
PLACEMENT_OUTLINE_BOTTOM
 66
1
 70
1
 40
0.100000
 41
0.100000
  0
VERTEX
 5
26C5
  8
PLACEMENT_OUTLINE_BOTTOM
 10
6.47000
 20
-2.84900
 42
1.0
  0
VERTEX
 5
26C6
  8
PLACEMENT_OUTLINE_BOTTOM
 10
6.57000
 20
-2.84900
 42
1.0
  0
SEQEND
  8
PLACEMENT_OUTLINE_BOTTOM
  0
POLYLINE
 5
26C7
  8
PLACEMENT_OUTLINE_BOTTOM
 66
1
 70
1
 40
0.100000
 41
0.100000
  0
VERTEX
 5
26C8
  8
PLACEMENT_OUTLINE_BOTTOM
 10
-8.03000
 20
-2.84900
 42
1.0
  0
VERTEX
 5
26C9
  8
PLACEMENT_OUTLINE_BOTTOM
 10
-7.93000
 20
-2.84900
 42
1.0
  0
SEQEND
  8
PLACEMENT_OUTLINE_BOTTOM
  0
POLYLINE
 5
26CA
  8
PLACEMENT_OUTLINE_BOTTOM
 66
1
 40
0.200000
 41
0.200000
  0
VERTEX
 5
26CB
  8
PLACEMENT_OUTLINE_BOTTOM
 10
-7.98000
 20
-2.84900
  0
VERTEX
 5
26CC
  8
PLACEMENT_OUTLINE_BOTTOM
 10
-7.98000
 20
-12.83000
  0
SEQEND
  8
PLACEMENT_OUTLINE_BOTTOM
  0
POLYLINE
 5
26CD
  8
PLACEMENT_OUTLINE_BOTTOM
 66
1
 70
1
 40
0.100000
 41
0.100000
  0
VERTEX
 5
26CE
  8
PLACEMENT_OUTLINE_BOTTOM
 10
-8.03000
 20
-2.84900
 42
1.0
  0
VERTEX
 5
26CF
  8
PLACEMENT_OUTLINE_BOTTOM
 10
-7.93000
 20
-2.84900
 42
1.0
  0
SEQEND
  8
PLACEMENT_OUTLINE_BOTTOM
  0
POLYLINE
 5
26D0
  8
PLACEMENT_OUTLINE_BOTTOM
 66
1
 70
1
 40
0.100000
 41
0.100000
  0
VERTEX
 5
26D1
  8
PLACEMENT_OUTLINE_BOTTOM
 10
-8.03000
 20
-12.83000
 42
1.0
  0
VERTEX
 5
26D2
  8
PLACEMENT_OUTLINE_BOTTOM
 10
-7.93000
 20
-12.83000
 42
1.0
  0
SEQEND
  8
PLACEMENT_OUTLINE_BOTTOM
  0
POLYLINE
 5
26D3
  8
PLACEMENT_OUTLINE_BOTTOM
 66
1
 40
0.200000
 41
0.200000
  0
VERTEX
 5
26D4
  8
PLACEMENT_OUTLINE_BOTTOM
 10
-7.98000
 20
-12.83000
  0
VERTEX
 5
26D5
  8
PLACEMENT_OUTLINE_BOTTOM
 10
6.52000
 20
-12.83000
  0
SEQEND
  8
PLACEMENT_OUTLINE_BOTTOM
  0
POLYLINE
 5
26D6
  8
PLACEMENT_OUTLINE_BOTTOM
 66
1
 70
1
 40
0.100000
 41
0.100000
  0
VERTEX
 5
26D7
  8
PLACEMENT_OUTLINE_BOTTOM
 10
-8.03000
 20
-12.83000
 42
1.0
  0
VERTEX
 5
26D8
  8
PLACEMENT_OUTLINE_BOTTOM
 10
-7.93000
 20
-12.83000
 42
1.0
  0
SEQEND
  8
PLACEMENT_OUTLINE_BOTTOM
  0
POLYLINE
 5
26D9
  8
PLACEMENT_OUTLINE_BOTTOM
 66
1
 70
1
 40
0.100000
 41
0.100000
  0
VERTEX
 5
26DA
  8
PLACEMENT_OUTLINE_BOTTOM
 10
6.47000
 20
-12.83000
 42
1.0
  0
VERTEX
 5
26DB
  8
PLACEMENT_OUTLINE_BOTTOM
 10
6.57000
 20
-12.83000
 42
1.0
  0
SEQEND
  8
PLACEMENT_OUTLINE_BOTTOM
  0
POLYLINE
 5
26DC
  8
PLACEMENT_OUTLINE_BOTTOM
 66
1
 40
0.200000
 41
0.200000
  0
VERTEX
 5
26DD
  8
PLACEMENT_OUTLINE_BOTTOM
 10
6.52000
 20
-12.83000
  0
VERTEX
 5
26DE
  8
PLACEMENT_OUTLINE_BOTTOM
 10
6.52000
 20
-2.84900
  0
SEQEND
  8
PLACEMENT_OUTLINE_BOTTOM
  0
POLYLINE
 5
26DF
  8
PLACEMENT_OUTLINE_BOTTOM
 66
1
 70
1
 40
0.100000
 41
0.100000
  0
VERTEX
 5
26E0
  8
PLACEMENT_OUTLINE_BOTTOM
 10
6.47000
 20
-12.83000
 42
1.0
  0
VERTEX
 5
26E1
  8
PLACEMENT_OUTLINE_BOTTOM
 10
6.57000
 20
-12.83000
 42
1.0
  0
SEQEND
  8
PLACEMENT_OUTLINE_BOTTOM
  0
POLYLINE
 5
26E2
  8
PLACEMENT_OUTLINE_BOTTOM
 66
1
 70
1
 40
0.100000
 41
0.100000
  0
VERTEX
 5
26E3
  8
PLACEMENT_OUTLINE_BOTTOM
 10
6.47000
 20
-2.84900
 42
1.0
  0
VERTEX
 5
26E4
  8
PLACEMENT_OUTLINE_BOTTOM
 10
6.57000
 20
-2.84900
 42
1.0
  0
SEQEND
  8
PLACEMENT_OUTLINE_BOTTOM
  0
SOLID
 5
26E5
  8
PADLAYER_BOTTOM
 10
3.48000
 20
-3.13000
 11
3.48000
 21
-0.83000
 12
2.06000
 22
-3.13000
 13
2.06000
 23
-0.83000
  0
SOLID
 5
26E6
  8
PADLAYER_BOTTOM
 10
0.98000
 20
-3.13000
 11
0.98000
 21
-0.83000
 12
-0.44000
 22
-3.13000
 13
-0.44000
 23
-0.83000
  0
SOLID
 5
26E7
  8
PADLAYER_BOTTOM
 10
-1.02000
 20
-3.13000
 11
-1.02000
 21
-0.83000
 12
-2.44000
 22
-3.13000
 13
-2.44000
 23
-0.83000
  0
SOLID
 5
26E8
  8
PADLAYER_BOTTOM
 10
-3.52000
 20
-3.13000
 11
-3.52000
 21
-0.83000
 12
-4.94000
 22
-3.13000
 13
-4.94000
 23
-0.83000
  0
SOLID
 5
26E9
  8
PADLAYER_BOTTOM
 10
5.14500
 20
-5.08000
 11
8.64500
 21
-5.08000
 12
5.14500
 22
-3.08000
 13
8.64500
 23
-3.08000
  0
SOLID
 5
26EA
  8
PADLAYER_BOTTOM
 10
-10.10500
 20
-5.08000
 11
-6.60500
 21
-5.08000
 12
-10.10500
 22
-3.08000
 13
-6.60500
 23
-3.08000
  0
SOLID
 5
26EB
  8
PADLAYER_BOTTOM
 10
5.14500
 20
-11.18000
 11
8.64500
 21
-11.18000
 12
5.14500
 22
-9.18000
 13
8.64500
 23
-9.18000
  0
SOLID
 5
26EC
  8
PADLAYER_BOTTOM
 10
-10.10500
 20
-11.18000
 11
-6.60500
 21
-11.18000
 12
-10.10500
 22
-9.18000
 13
-6.60500
 23
-9.18000
  0
POLYLINE
 5
26ED
  8
TOOL_BOT
 66
1
 40
0.200000
 41
0.200000
  0
VERTEX
 5
26EE
  8
TOOL_BOT
 10
-3.88000
 20
-4.43100
 42
1.000000
  0
VERTEX
 5
26EF
  8
TOOL_BOT
 10
-2.48000
 20
-4.43100
 42
1.000000
  0
VERTEX
 5
26F0
  8
TOOL_BOT
 10
-3.88000
 20
-4.43100
  0
SEQEND
  8
TOOL_BOT
  0
TEXT
  8
TOOLCODE_BOT
 10
-3.91500
 20
-4.78100
 40
0.700000
  1
T00
  0
POLYLINE
 5
26F1
  8
TOOL_BOT
 66
1
 40
0.200000
 41
0.200000
  0
VERTEX
 5
26F2
  8
TOOL_BOT
 10
1.02000
 20
-4.43100
 42
1.000000
  0
VERTEX
 5
26F3
  8
TOOL_BOT
 10
2.42000
 20
-4.43100
 42
1.000000
  0
VERTEX
 5
26F4
  8
TOOL_BOT
 10
1.02000
 20
-4.43100
  0
SEQEND
  8
TOOL_BOT
  0
TEXT
  8
TOOLCODE_BOT
 10
0.98500
 20
-4.78100
 40
0.700000
  1
T00
  0
POLYLINE
 5
26F5
  8
2DLINES_4
 66
1
 40
0.200000
 41
0.200000
  0
VERTEX
 5
26F6
  8
2DLINES_4
 10
-14.48000
 20
-2.84900
  0
VERTEX
 5
26F7
  8
2DLINES_4
 10
-28.98000
 20
-2.84900
  0
SEQEND
  8
2DLINES_4
  0
POLYLINE
 5
26F8
  8
2DLINES_4
 66
1
 70
1
 40
0.100000
 41
0.100000
  0
VERTEX
 5
26F9
  8
2DLINES_4
 10
-14.53000
 20
-2.84900
 42
1.0
  0
VERTEX
 5
26FA
  8
2DLINES_4
 10
-14.43000
 20
-2.84900
 42
1.0
  0
SEQEND
  8
2DLINES_4
  0
POLYLINE
 5
26FB
  8
2DLINES_4
 66
1
 70
1
 40
0.100000
 41
0.100000
  0
VERTEX
 5
26FC
  8
2DLINES_4
 10
-29.03000
 20
-2.84900
 42
1.0
  0
VERTEX
 5
26FD
  8
2DLINES_4
 10
-28.93000
 20
-2.84900
 42
1.0
  0
SEQEND
  8
2DLINES_4
  0
POLYLINE
 5
26FE
  8
2DLINES_4
 66
1
 40
0.200000
 41
0.200000
  0
VERTEX
 5
26FF
  8
2DLINES_4
 10
-28.98000
 20
-2.84900
  0
VERTEX
 5
2700
  8
2DLINES_4
 10
-28.98000
 20
-12.83000
  0
SEQEND
  8
2DLINES_4
  0
POLYLINE
 5
2701
  8
2DLINES_4
 66
1
 70
1
 40
0.100000
 41
0.100000
  0
VERTEX
 5
2702
  8
2DLINES_4
 10
-29.03000
 20
-2.84900
 42
1.0
  0
VERTEX
 5
2703
  8
2DLINES_4
 10
-28.93000
 20
-2.84900
 42
1.0
  0
SEQEND
  8
2DLINES_4
  0
POLYLINE
 5
2704
  8
2DLINES_4
 66
1
 70
1
 40
0.100000
 41
0.100000
  0
VERTEX
 5
2705
  8
2DLINES_4
 10
-29.03000
 20
-12.83000
 42
1.0
  0
VERTEX
 5
2706
  8
2DLINES_4
 10
-28.93000
 20
-12.83000
 42
1.0
  0
SEQEND
  8
2DLINES_4
  0
POLYLINE
 5
2707
  8
2DLINES_4
 66
1
 40
0.200000
 41
0.200000
  0
VERTEX
 5
2708
  8
2DLINES_4
 10
-28.98000
 20
-12.83000
  0
VERTEX
 5
2709
  8
2DLINES_4
 10
-14.48000
 20
-12.83000
  0
SEQEND
  8
2DLINES_4
  0
POLYLINE
 5
270A
  8
2DLINES_4
 66
1
 70
1
 40
0.100000
 41
0.100000
  0
VERTEX
 5
270B
  8
2DLINES_4
 10
-29.03000
 20
-12.83000
 42
1.0
  0
VERTEX
 5
270C
  8
2DLINES_4
 10
-28.93000
 20
-12.83000
 42
1.0
  0
SEQEND
  8
2DLINES_4
  0
POLYLINE
 5
270D
  8
2DLINES_4
 66
1
 70
1
 40
0.100000
 41
0.100000
  0
VERTEX
 5
270E
  8
2DLINES_4
 10
-14.53000
 20
-12.83000
 42
1.0
  0
VERTEX
 5
270F
  8
2DLINES_4
 10
-14.43000
 20
-12.83000
 42
1.0
  0
SEQEND
  8
2DLINES_4
  0
POLYLINE
 5
2710
  8
2DLINES_4
 66
1
 40
0.200000
 41
0.200000
  0
VERTEX
 5
2711
  8
2DLINES_4
 10
-14.48000
 20
-12.83000
  0
VERTEX
 5
2712
  8
2DLINES_4
 10
-14.48000
 20
-2.84900
  0
SEQEND
  8
2DLINES_4
  0
POLYLINE
 5
2713
  8
2DLINES_4
 66
1
 70
1
 40
0.100000
 41
0.100000
  0
VERTEX
 5
2714
  8
2DLINES_4
 10
-14.53000
 20
-12.83000
 42
1.0
  0
VERTEX
 5
2715
  8
2DLINES_4
 10
-14.43000
 20
-12.83000
 42
1.0
  0
SEQEND
  8
2DLINES_4
  0
POLYLINE
 5
2716
  8
2DLINES_4
 66
1
 70
1
 40
0.100000
 41
0.100000
  0
VERTEX
 5
2717
  8
2DLINES_4
 10
-14.53000
 20
-2.84900
 42
1.0
  0
VERTEX
 5
2718
  8
2DLINES_4
 10
-14.43000
 20
-2.84900
 42
1.0
  0
SEQEND
  8
2DLINES_4
  0
POLYLINE
 5
2719
  8
PLACEMENT_OUTLINE_BOTTOM
 66
1
 40
0.200000
 41
0.200000
  0
VERTEX
 5
271A
  8
PLACEMENT_OUTLINE_BOTTOM
 10
-14.48000
 20
-2.84900
  0
VERTEX
 5
271B
  8
PLACEMENT_OUTLINE_BOTTOM
 10
-28.98000
 20
-2.84900
  0
SEQEND
  8
PLACEMENT_OUTLINE_BOTTOM
  0
POLYLINE
 5
271C
  8
PLACEMENT_OUTLINE_BOTTOM
 66
1
 70
1
 40
0.100000
 41
0.100000
  0
VERTEX
 5
271D
  8
PLACEMENT_OUTLINE_BOTTOM
 10
-14.53000
 20
-2.84900
 42
1.0
  0
VERTEX
 5
271E
  8
PLACEMENT_OUTLINE_BOTTOM
 10
-14.43000
 20
-2.84900
 42
1.0
  0
SEQEND
  8
PLACEMENT_OUTLINE_BOTTOM
  0
POLYLINE
 5
271F
  8
PLACEMENT_OUTLINE_BOTTOM
 66
1
 70
1
 40
0.100000
 41
0.100000
  0
VERTEX
 5
2720
  8
PLACEMENT_OUTLINE_BOTTOM
 10
-29.03000
 20
-2.84900
 42
1.0
  0
VERTEX
 5
2721
  8
PLACEMENT_OUTLINE_BOTTOM
 10
-28.93000
 20
-2.84900
 42
1.0
  0
SEQEND
  8
PLACEMENT_OUTLINE_BOTTOM
  0
POLYLINE
 5
2722
  8
PLACEMENT_OUTLINE_BOTTOM
 66
1
 40
0.200000
 41
0.200000
  0
VERTEX
 5
2723
  8
PLACEMENT_OUTLINE_BOTTOM
 10
-28.98000
 20
-2.84900
  0
VERTEX
 5
2724
  8
PLACEMENT_OUTLINE_BOTTOM
 10
-28.98000
 20
-12.83000
  0
SEQEND
  8
PLACEMENT_OUTLINE_BOTTOM
  0
POLYLINE
 5
2725
  8
PLACEMENT_OUTLINE_BOTTOM
 66
1
 70
1
 40
0.100000
 41
0.100000
  0
VERTEX
 5
2726
  8
PLACEMENT_OUTLINE_BOTTOM
 10
-29.03000
 20
-2.84900
 42
1.0
  0
VERTEX
 5
2727
  8
PLACEMENT_OUTLINE_BOTTOM
 10
-28.93000
 20
-2.84900
 42
1.0
  0
SEQEND
  8
PLACEMENT_OUTLINE_BOTTOM
  0
POLYLINE
 5
2728
  8
PLACEMENT_OUTLINE_BOTTOM
 66
1
 70
1
 40
0.100000
 41
0.100000
  0
VERTEX
 5
2729
  8
PLACEMENT_OUTLINE_BOTTOM
 10
-29.03000
 20
-12.83000
 42
1.0
  0
VERTEX
 5
272A
  8
PLACEMENT_OUTLINE_BOTTOM
 10
-28.93000
 20
-12.83000
 42
1.0
  0
SEQEND
  8
PLACEMENT_OUTLINE_BOTTOM
  0
POLYLINE
 5
272B
  8
PLACEMENT_OUTLINE_BOTTOM
 66
1
 40
0.200000
 41
0.200000
  0
VERTEX
 5
272C
  8
PLACEMENT_OUTLINE_BOTTOM
 10
-28.98000
 20
-12.83000
  0
VERTEX
 5
272D
  8
PLACEMENT_OUTLINE_BOTTOM
 10
-14.48000
 20
-12.83000
  0
SEQEND
  8
PLACEMENT_OUTLINE_BOTTOM
  0
POLYLINE
 5
272E
  8
PLACEMENT_OUTLINE_BOTTOM
 66
1
 70
1
 40
0.100000
 41
0.100000
  0
VERTEX
 5
272F
  8
PLACEMENT_OUTLINE_BOTTOM
 10
-29.03000
 20
-12.83000
 42
1.0
  0
VERTEX
 5
2730
  8
PLACEMENT_OUTLINE_BOTTOM
 10
-28.93000
 20
-12.83000
 42
1.0
  0
SEQEND
  8
PLACEMENT_OUTLINE_BOTTOM
  0
POLYLINE
 5
2731
  8
PLACEMENT_OUTLINE_BOTTOM
 66
1
 70
1
 40
0.100000
 41
0.100000
  0
VERTEX
 5
2732
  8
PLACEMENT_OUTLINE_BOTTOM
 10
-14.53000
 20
-12.83000
 42
1.0
  0
VERTEX
 5
2733
  8
PLACEMENT_OUTLINE_BOTTOM
 10
-14.43000
 20
-12.83000
 42
1.0
  0
SEQEND
  8
PLACEMENT_OUTLINE_BOTTOM
  0
POLYLINE
 5
2734
  8
PLACEMENT_OUTLINE_BOTTOM
 66
1
 40
0.200000
 41
0.200000
  0
VERTEX
 5
2735
  8
PLACEMENT_OUTLINE_BOTTOM
 10
-14.48000
 20
-12.83000
  0
VERTEX
 5
2736
  8
PLACEMENT_OUTLINE_BOTTOM
 10
-14.48000
 20
-2.84900
  0
SEQEND
  8
PLACEMENT_OUTLINE_BOTTOM
  0
POLYLINE
 5
2737
  8
PLACEMENT_OUTLINE_BOTTOM
 66
1
 70
1
 40
0.100000
 41
0.100000
  0
VERTEX
 5
2738
  8
PLACEMENT_OUTLINE_BOTTOM
 10
-14.53000
 20
-12.83000
 42
1.0
  0
VERTEX
 5
2739
  8
PLACEMENT_OUTLINE_BOTTOM
 10
-14.43000
 20
-12.83000
 42
1.0
  0
SEQEND
  8
PLACEMENT_OUTLINE_BOTTOM
  0
POLYLINE
 5
273A
  8
PLACEMENT_OUTLINE_BOTTOM
 66
1
 70
1
 40
0.100000
 41
0.100000
  0
VERTEX
 5
273B
  8
PLACEMENT_OUTLINE_BOTTOM
 10
-14.53000
 20
-2.84900
 42
1.0
  0
VERTEX
 5
273C
  8
PLACEMENT_OUTLINE_BOTTOM
 10
-14.43000
 20
-2.84900
 42
1.0
  0
SEQEND
  8
PLACEMENT_OUTLINE_BOTTOM
  0
SOLID
 5
273D
  8
PADLAYER_BOTTOM
 10
-17.52000
 20
-3.13000
 11
-17.52000
 21
-0.83000
 12
-18.94000
 22
-3.13000
 13
-18.94000
 23
-0.83000
  0
SOLID
 5
273E
  8
PADLAYER_BOTTOM
 10
-20.02000
 20
-3.13000
 11
-20.02000
 21
-0.83000
 12
-21.44000
 22
-3.13000
 13
-21.44000
 23
-0.83000
  0
SOLID
 5
273F
  8
PADLAYER_BOTTOM
 10
-22.02000
 20
-3.13000
 11
-22.02000
 21
-0.83000
 12
-23.44000
 22
-3.13000
 13
-23.44000
 23
-0.83000
  0
SOLID
 5
2740
  8
PADLAYER_BOTTOM
 10
-24.52000
 20
-3.13000
 11
-24.52000
 21
-0.83000
 12
-25.94000
 22
-3.13000
 13
-25.94000
 23
-0.83000
  0
SOLID
 5
2741
  8
PADLAYER_BOTTOM
 10
-15.85500
 20
-5.08000
 11
-12.35500
 21
-5.08000
 12
-15.85500
 22
-3.08000
 13
-12.35500
 23
-3.08000
  0
SOLID
 5
2742
  8
PADLAYER_BOTTOM
 10
-31.10500
 20
-5.08000
 11
-27.60500
 21
-5.08000
 12
-31.10500
 22
-3.08000
 13
-27.60500
 23
-3.08000
  0
SOLID
 5
2743
  8
PADLAYER_BOTTOM
 10
-15.85500
 20
-11.18000
 11
-12.35500
 21
-11.18000
 12
-15.85500
 22
-9.18000
 13
-12.35500
 23
-9.18000
  0
SOLID
 5
2744
  8
PADLAYER_BOTTOM
 10
-31.10500
 20
-11.18000
 11
-27.60500
 21
-11.18000
 12
-31.10500
 22
-9.18000
 13
-27.60500
 23
-9.18000
  0
POLYLINE
 5
2745
  8
TOOL_BOT
 66
1
 40
0.200000
 41
0.200000
  0
VERTEX
 5
2746
  8
TOOL_BOT
 10
-24.88000
 20
-4.43100
 42
1.000000
  0
VERTEX
 5
2747
  8
TOOL_BOT
 10
-23.48000
 20
-4.43100
 42
1.000000
  0
VERTEX
 5
2748
  8
TOOL_BOT
 10
-24.88000
 20
-4.43100
  0
SEQEND
  8
TOOL_BOT
  0
TEXT
  8
TOOLCODE_BOT
 10
-24.91500
 20
-4.78100
 40
0.700000
  1
T00
  0
POLYLINE
 5
2749
  8
TOOL_BOT
 66
1
 40
0.200000
 41
0.200000
  0
VERTEX
 5
274A
  8
TOOL_BOT
 10
-19.98000
 20
-4.43100
 42
1.000000
  0
VERTEX
 5
274B
  8
TOOL_BOT
 10
-18.58000
 20
-4.43100
 42
1.000000
  0
VERTEX
 5
274C
  8
TOOL_BOT
 10
-19.98000
 20
-4.43100
  0
SEQEND
  8
TOOL_BOT
  0
TEXT
  8
TOOLCODE_BOT
 10
-20.01500
 20
-4.78100
 40
0.700000
  1
T00
  0
POLYLINE
 5
274D
  8
2DLINES_4
 66
1
 40
0.254000
 41
0.254000
  0
VERTEX
 5
274E
  8
2DLINES_4
 10
-49.86200
 20
71.89400
  0
VERTEX
 5
274F
  8
2DLINES_4
 10
-50.49700
 20
71.89400
  0
SEQEND
  8
2DLINES_4
  0
POLYLINE
 5
2750
  8
2DLINES_4
 66
1
 70
1
 40
0.127000
 41
0.127000
  0
VERTEX
 5
2751
  8
2DLINES_4
 10
-49.92550
 20
71.89400
 42
1.0
  0
VERTEX
 5
2752
  8
2DLINES_4
 10
-49.79850
 20
71.89400
 42
1.0
  0
SEQEND
  8
2DLINES_4
  0
POLYLINE
 5
2753
  8
2DLINES_4
 66
1
 70
1
 40
0.127000
 41
0.127000
  0
VERTEX
 5
2754
  8
2DLINES_4
 10
-50.56050
 20
71.89400
 42
1.0
  0
VERTEX
 5
2755
  8
2DLINES_4
 10
-50.43350
 20
71.89400
 42
1.0
  0
SEQEND
  8
2DLINES_4
  0
POLYLINE
 5
2756
  8
2DLINES_4
 66
1
 40
0.254000
 41
0.254000
  0
VERTEX
 5
2757
  8
2DLINES_4
 10
-50.49700
 20
71.89400
  0
VERTEX
 5
2758
  8
2DLINES_4
 10
-50.49700
 20
73.16400
  0
SEQEND
  8
2DLINES_4
  0
POLYLINE
 5
2759
  8
2DLINES_4
 66
1
 70
1
 40
0.127000
 41
0.127000
  0
VERTEX
 5
275A
  8
2DLINES_4
 10
-50.56050
 20
71.89400
 42
1.0
  0
VERTEX
 5
275B
  8
2DLINES_4
 10
-50.43350
 20
71.89400
 42
1.0
  0
SEQEND
  8
2DLINES_4
  0
POLYLINE
 5
275C
  8
2DLINES_4
 66
1
 70
1
 40
0.127000
 41
0.127000
  0
VERTEX
 5
275D
  8
2DLINES_4
 10
-50.56050
 20
73.16400
 42
1.0
  0
VERTEX
 5
275E
  8
2DLINES_4
 10
-50.43350
 20
73.16400
 42
1.0
  0
SEQEND
  8
2DLINES_4
  0
POLYLINE
 5
275F
  8
2DLINES_4
 66
1
 40
0.254000
 41
0.254000
  0
VERTEX
 5
2760
  8
2DLINES_4
 10
-48.33800
 20
71.89400
  0
VERTEX
 5
2761
  8
2DLINES_4
 10
-47.70300
 20
71.89400
  0
SEQEND
  8
2DLINES_4
  0
POLYLINE
 5
2762
  8
2DLINES_4
 66
1
 70
1
 40
0.127000
 41
0.127000
  0
VERTEX
 5
2763
  8
2DLINES_4
 10
-48.40150
 20
71.89400
 42
1.0
  0
VERTEX
 5
2764
  8
2DLINES_4
 10
-48.27450
 20
71.89400
 42
1.0
  0
SEQEND
  8
2DLINES_4
  0
POLYLINE
 5
2765
  8
2DLINES_4
 66
1
 70
1
 40
0.127000
 41
0.127000
  0
VERTEX
 5
2766
  8
2DLINES_4
 10
-47.76650
 20
71.89400
 42
1.0
  0
VERTEX
 5
2767
  8
2DLINES_4
 10
-47.63950
 20
71.89400
 42
1.0
  0
SEQEND
  8
2DLINES_4
  0
POLYLINE
 5
2768
  8
2DLINES_4
 66
1
 40
0.254000
 41
0.254000
  0
VERTEX
 5
2769
  8
2DLINES_4
 10
-47.70300
 20
71.89400
  0
VERTEX
 5
276A
  8
2DLINES_4
 10
-47.70300
 20
73.16400
  0
SEQEND
  8
2DLINES_4
  0
POLYLINE
 5
276B
  8
2DLINES_4
 66
1
 70
1
 40
0.127000
 41
0.127000
  0
VERTEX
 5
276C
  8
2DLINES_4
 10
-47.76650
 20
71.89400
 42
1.0
  0
VERTEX
 5
276D
  8
2DLINES_4
 10
-47.63950
 20
71.89400
 42
1.0
  0
SEQEND
  8
2DLINES_4
  0
POLYLINE
 5
276E
  8
2DLINES_4
 66
1
 70
1
 40
0.127000
 41
0.127000
  0
VERTEX
 5
276F
  8
2DLINES_4
 10
-47.76650
 20
73.16400
 42
1.0
  0
VERTEX
 5
2770
  8
2DLINES_4
 10
-47.63950
 20
73.16400
 42
1.0
  0
SEQEND
  8
2DLINES_4
  0
POLYLINE
 5
2771
  8
2DLINES_4
 66
1
 40
0.254000
 41
0.254000
  0
VERTEX
 5
2772
  8
2DLINES_4
 10
-49.22700
 20
74.18000
  0
VERTEX
 5
2773
  8
2DLINES_4
 10
-48.97300
 20
74.18000
  0
SEQEND
  8
2DLINES_4
  0
POLYLINE
 5
2774
  8
2DLINES_4
 66
1
 70
1
 40
0.127000
 41
0.127000
  0
VERTEX
 5
2775
  8
2DLINES_4
 10
-49.29050
 20
74.18000
 42
1.0
  0
VERTEX
 5
2776
  8
2DLINES_4
 10
-49.16350
 20
74.18000
 42
1.0
  0
SEQEND
  8
2DLINES_4
  0
POLYLINE
 5
2777
  8
2DLINES_4
 66
1
 70
1
 40
0.127000
 41
0.127000
  0
VERTEX
 5
2778
  8
2DLINES_4
 10
-49.03650
 20
74.18000
 42
1.0
  0
VERTEX
 5
2779
  8
2DLINES_4
 10
-48.90950
 20
74.18000
 42
1.0
  0
SEQEND
  8
2DLINES_4
  0
POLYLINE
 5
277A
  8
PLACEMENT_OUTLINE_BOTTOM
 66
1
 40
0.025400
 41
0.025400
  0
VERTEX
 5
277B
  8
PLACEMENT_OUTLINE_BOTTOM
 10
-50.50970
 20
74.35781
  0
VERTEX
 5
277C
  8
PLACEMENT_OUTLINE_BOTTOM
 10
-50.50970
 20
71.23360
  0
SEQEND
  8
PLACEMENT_OUTLINE_BOTTOM
  0
POLYLINE
 5
277D
  8
PLACEMENT_OUTLINE_BOTTOM
 66
1
 70
1
 40
0.012700
 41
0.012700
  0
VERTEX
 5
277E
  8
PLACEMENT_OUTLINE_BOTTOM
 10
-50.51605
 20
74.35781
 42
1.0
  0
VERTEX
 5
277F
  8
PLACEMENT_OUTLINE_BOTTOM
 10
-50.50335
 20
74.35781
 42
1.0
  0
SEQEND
  8
PLACEMENT_OUTLINE_BOTTOM
  0
POLYLINE
 5
2780
  8
PLACEMENT_OUTLINE_BOTTOM
 66
1
 70
1
 40
0.012700
 41
0.012700
  0
VERTEX
 5
2781
  8
PLACEMENT_OUTLINE_BOTTOM
 10
-50.51605
 20
71.23360
 42
1.0
  0
VERTEX
 5
2782
  8
PLACEMENT_OUTLINE_BOTTOM
 10
-50.50335
 20
71.23360
 42
1.0
  0
SEQEND
  8
PLACEMENT_OUTLINE_BOTTOM
  0
POLYLINE
 5
2783
  8
PLACEMENT_OUTLINE_BOTTOM
 66
1
 40
0.025400
 41
0.025400
  0
VERTEX
 5
2784
  8
PLACEMENT_OUTLINE_BOTTOM
 10
-50.50970
 20
71.23360
  0
VERTEX
 5
2785
  8
PLACEMENT_OUTLINE_BOTTOM
 10
-47.69030
 20
71.23360
  0
SEQEND
  8
PLACEMENT_OUTLINE_BOTTOM
  0
POLYLINE
 5
2786
  8
PLACEMENT_OUTLINE_BOTTOM
 66
1
 70
1
 40
0.012700
 41
0.012700
  0
VERTEX
 5
2787
  8
PLACEMENT_OUTLINE_BOTTOM
 10
-50.51605
 20
71.23360
 42
1.0
  0
VERTEX
 5
2788
  8
PLACEMENT_OUTLINE_BOTTOM
 10
-50.50335
 20
71.23360
 42
1.0
  0
SEQEND
  8
PLACEMENT_OUTLINE_BOTTOM
  0
POLYLINE
 5
2789
  8
PLACEMENT_OUTLINE_BOTTOM
 66
1
 70
1
 40
0.012700
 41
0.012700
  0
VERTEX
 5
278A
  8
PLACEMENT_OUTLINE_BOTTOM
 10
-47.69665
 20
71.23360
 42
1.0
  0
VERTEX
 5
278B
  8
PLACEMENT_OUTLINE_BOTTOM
 10
-47.68395
 20
71.23360
 42
1.0
  0
SEQEND
  8
PLACEMENT_OUTLINE_BOTTOM
  0
POLYLINE
 5
278C
  8
PLACEMENT_OUTLINE_BOTTOM
 66
1
 40
0.025400
 41
0.025400
  0
VERTEX
 5
278D
  8
PLACEMENT_OUTLINE_BOTTOM
 10
-47.69030
 20
71.23360
  0
VERTEX
 5
278E
  8
PLACEMENT_OUTLINE_BOTTOM
 10
-47.69030
 20
74.35780
  0
SEQEND
  8
PLACEMENT_OUTLINE_BOTTOM
  0
POLYLINE
 5
278F
  8
PLACEMENT_OUTLINE_BOTTOM
 66
1
 70
1
 40
0.012700
 41
0.012700
  0
VERTEX
 5
2790
  8
PLACEMENT_OUTLINE_BOTTOM
 10
-47.69665
 20
71.23360
 42
1.0
  0
VERTEX
 5
2791
  8
PLACEMENT_OUTLINE_BOTTOM
 10
-47.68395
 20
71.23360
 42
1.0
  0
SEQEND
  8
PLACEMENT_OUTLINE_BOTTOM
  0
POLYLINE
 5
2792
  8
PLACEMENT_OUTLINE_BOTTOM
 66
1
 70
1
 40
0.012700
 41
0.012700
  0
VERTEX
 5
2793
  8
PLACEMENT_OUTLINE_BOTTOM
 10
-47.69665
 20
74.35780
 42
1.0
  0
VERTEX
 5
2794
  8
PLACEMENT_OUTLINE_BOTTOM
 10
-47.68395
 20
74.35780
 42
1.0
  0
SEQEND
  8
PLACEMENT_OUTLINE_BOTTOM
  0
POLYLINE
 5
2795
  8
PLACEMENT_OUTLINE_BOTTOM
 66
1
 40
0.025400
 41
0.025400
  0
VERTEX
 5
2796
  8
PLACEMENT_OUTLINE_BOTTOM
 10
-47.69030
 20
74.35780
  0
VERTEX
 5
2797
  8
PLACEMENT_OUTLINE_BOTTOM
 10
-50.50970
 20
74.35781
  0
SEQEND
  8
PLACEMENT_OUTLINE_BOTTOM
  0
POLYLINE
 5
2798
  8
PLACEMENT_OUTLINE_BOTTOM
 66
1
 70
1
 40
0.012700
 41
0.012700
  0
VERTEX
 5
2799
  8
PLACEMENT_OUTLINE_BOTTOM
 10
-47.69665
 20
74.35780
 42
1.0
  0
VERTEX
 5
279A
  8
PLACEMENT_OUTLINE_BOTTOM
 10
-47.68395
 20
74.35780
 42
1.0
  0
SEQEND
  8
PLACEMENT_OUTLINE_BOTTOM
  0
POLYLINE
 5
279B
  8
PLACEMENT_OUTLINE_BOTTOM
 66
1
 70
1
 40
0.012700
 41
0.012700
  0
VERTEX
 5
279C
  8
PLACEMENT_OUTLINE_BOTTOM
 10
-50.51605
 20
74.35781
 42
1.0
  0
VERTEX
 5
279D
  8
PLACEMENT_OUTLINE_BOTTOM
 10
-50.50335
 20
74.35781
 42
1.0
  0
SEQEND
  8
PLACEMENT_OUTLINE_BOTTOM
  0
SOLID
 5
279E
  8
PADLAYER_BOTTOM
 10
-49.59530
 20
74.35780
 11
-50.50970
 21
74.35780
 12
-49.59530
 22
73.44340
 13
-50.50970
 23
73.44340
  0
SOLID
 5
279F
  8
PADLAYER_BOTTOM
 10
-47.69030
 20
74.35780
 11
-48.60470
 21
74.35780
 12
-47.69030
 22
73.44340
 13
-48.60470
 23
73.44340
  0
SOLID
 5
27A0
  8
PADLAYER_BOTTOM
 10
-49.55720
 20
72.50360
 11
-49.55720
 21
71.23360
 12
-48.64280
 22
72.50360
 13
-48.64280
 23
71.23360
  0
POLYLINE
 5
27A1
  8
2DLINES_1
 66
1
 40
0.200000
 41
0.200000
  0
VERTEX
 5
27A2
  8
2DLINES_1
 10
-39.22000
 20
91.17000
  0
VERTEX
 5
27A3
  8
2DLINES_1
 10
-34.14000
 20
91.17000
  0
SEQEND
  8
2DLINES_1
  0
POLYLINE
 5
27A4
  8
2DLINES_1
 66
1
 70
1
 40
0.100000
 41
0.100000
  0
VERTEX
 5
27A5
  8
2DLINES_1
 10
-39.27000
 20
91.17000
 42
1.0
  0
VERTEX
 5
27A6
  8
2DLINES_1
 10
-39.17000
 20
91.17000
 42
1.0
  0
SEQEND
  8
2DLINES_1
  0
POLYLINE
 5
27A7
  8
2DLINES_1
 66
1
 70
1
 40
0.100000
 41
0.100000
  0
VERTEX
 5
27A8
  8
2DLINES_1
 10
-34.19000
 20
91.17000
 42
1.0
  0
VERTEX
 5
27A9
  8
2DLINES_1
 10
-34.09000
 20
91.17000
 42
1.0
  0
SEQEND
  8
2DLINES_1
  0
POLYLINE
 5
27AA
  8
2DLINES_1
 66
1
 40
0.200000
 41
0.200000
  0
VERTEX
 5
27AB
  8
2DLINES_1
 10
-34.14000
 20
91.17000
  0
VERTEX
 5
27AC
  8
2DLINES_1
 10
-34.14000
 20
86.17000
  0
SEQEND
  8
2DLINES_1
  0
POLYLINE
 5
27AD
  8
2DLINES_1
 66
1
 70
1
 40
0.100000
 41
0.100000
  0
VERTEX
 5
27AE
  8
2DLINES_1
 10
-34.19000
 20
91.17000
 42
1.0
  0
VERTEX
 5
27AF
  8
2DLINES_1
 10
-34.09000
 20
91.17000
 42
1.0
  0
SEQEND
  8
2DLINES_1
  0
POLYLINE
 5
27B0
  8
2DLINES_1
 66
1
 70
1
 40
0.100000
 41
0.100000
  0
VERTEX
 5
27B1
  8
2DLINES_1
 10
-34.19000
 20
86.17000
 42
1.0
  0
VERTEX
 5
27B2
  8
2DLINES_1
 10
-34.09000
 20
86.17000
 42
1.0
  0
SEQEND
  8
2DLINES_1
  0
POLYLINE
 5
27B3
  8
2DLINES_1
 66
1
 40
0.200000
 41
0.200000
  0
VERTEX
 5
27B4
  8
2DLINES_1
 10
-34.14000
 20
86.17000
  0
VERTEX
 5
27B5
  8
2DLINES_1
 10
-39.22000
 20
86.17000
  0
SEQEND
  8
2DLINES_1
  0
POLYLINE
 5
27B6
  8
2DLINES_1
 66
1
 70
1
 40
0.100000
 41
0.100000
  0
VERTEX
 5
27B7
  8
2DLINES_1
 10
-34.19000
 20
86.17000
 42
1.0
  0
VERTEX
 5
27B8
  8
2DLINES_1
 10
-34.09000
 20
86.17000
 42
1.0
  0
SEQEND
  8
2DLINES_1
  0
POLYLINE
 5
27B9
  8
2DLINES_1
 66
1
 70
1
 40
0.100000
 41
0.100000
  0
VERTEX
 5
27BA
  8
2DLINES_1
 10
-39.27000
 20
86.17000
 42
1.0
  0
VERTEX
 5
27BB
  8
2DLINES_1
 10
-39.17000
 20
86.17000
 42
1.0
  0
SEQEND
  8
2DLINES_1
  0
POLYLINE
 5
27BC
  8
2DLINES_1
 66
1
 40
0.200000
 41
0.200000
  0
VERTEX
 5
27BD
  8
2DLINES_1
 10
-39.22000
 20
86.17000
  0
VERTEX
 5
27BE
  8
2DLINES_1
 10
-39.22000
 20
91.17000
  0
SEQEND
  8
2DLINES_1
  0
POLYLINE
 5
27BF
  8
2DLINES_1
 66
1
 70
1
 40
0.100000
 41
0.100000
  0
VERTEX
 5
27C0
  8
2DLINES_1
 10
-39.27000
 20
86.17000
 42
1.0
  0
VERTEX
 5
27C1
  8
2DLINES_1
 10
-39.17000
 20
86.17000
 42
1.0
  0
SEQEND
  8
2DLINES_1
  0
POLYLINE
 5
27C2
  8
2DLINES_1
 66
1
 70
1
 40
0.100000
 41
0.100000
  0
VERTEX
 5
27C3
  8
2DLINES_1
 10
-39.27000
 20
91.17000
 42
1.0
  0
VERTEX
 5
27C4
  8
2DLINES_1
 10
-39.17000
 20
91.17000
 42
1.0
  0
SEQEND
  8
2DLINES_1
  0
POLYLINE
 5
27C5
  8
PLACEMENT_OUTLINE_TOP
 66
1
 40
0.200000
 41
0.200000
  0
VERTEX
 5
27C6
  8
PLACEMENT_OUTLINE_TOP
 10
-39.22000
 20
91.17000
  0
VERTEX
 5
27C7
  8
PLACEMENT_OUTLINE_TOP
 10
-34.14000
 20
91.17000
  0
SEQEND
  8
PLACEMENT_OUTLINE_TOP
  0
POLYLINE
 5
27C8
  8
PLACEMENT_OUTLINE_TOP
 66
1
 70
1
 40
0.100000
 41
0.100000
  0
VERTEX
 5
27C9
  8
PLACEMENT_OUTLINE_TOP
 10
-39.27000
 20
91.17000
 42
1.0
  0
VERTEX
 5
27CA
  8
PLACEMENT_OUTLINE_TOP
 10
-39.17000
 20
91.17000
 42
1.0
  0
SEQEND
  8
PLACEMENT_OUTLINE_TOP
  0
POLYLINE
 5
27CB
  8
PLACEMENT_OUTLINE_TOP
 66
1
 70
1
 40
0.100000
 41
0.100000
  0
VERTEX
 5
27CC
  8
PLACEMENT_OUTLINE_TOP
 10
-34.19000
 20
91.17000
 42
1.0
  0
VERTEX
 5
27CD
  8
PLACEMENT_OUTLINE_TOP
 10
-34.09000
 20
91.17000
 42
1.0
  0
SEQEND
  8
PLACEMENT_OUTLINE_TOP
  0
POLYLINE
 5
27CE
  8
PLACEMENT_OUTLINE_TOP
 66
1
 40
0.200000
 41
0.200000
  0
VERTEX
 5
27CF
  8
PLACEMENT_OUTLINE_TOP
 10
-34.14000
 20
91.17000
  0
VERTEX
 5
27D0
  8
PLACEMENT_OUTLINE_TOP
 10
-34.14000
 20
86.17000
  0
SEQEND
  8
PLACEMENT_OUTLINE_TOP
  0
POLYLINE
 5
27D1
  8
PLACEMENT_OUTLINE_TOP
 66
1
 70
1
 40
0.100000
 41
0.100000
  0
VERTEX
 5
27D2
  8
PLACEMENT_OUTLINE_TOP
 10
-34.19000
 20
91.17000
 42
1.0
  0
VERTEX
 5
27D3
  8
PLACEMENT_OUTLINE_TOP
 10
-34.09000
 20
91.17000
 42
1.0
  0
SEQEND
  8
PLACEMENT_OUTLINE_TOP
  0
POLYLINE
 5
27D4
  8
PLACEMENT_OUTLINE_TOP
 66
1
 70
1
 40
0.100000
 41
0.100000
  0
VERTEX
 5
27D5
  8
PLACEMENT_OUTLINE_TOP
 10
-34.19000
 20
86.17000
 42
1.0
  0
VERTEX
 5
27D6
  8
PLACEMENT_OUTLINE_TOP
 10
-34.09000
 20
86.17000
 42
1.0
  0
SEQEND
  8
PLACEMENT_OUTLINE_TOP
  0
POLYLINE
 5
27D7
  8
PLACEMENT_OUTLINE_TOP
 66
1
 40
0.200000
 41
0.200000
  0
VERTEX
 5
27D8
  8
PLACEMENT_OUTLINE_TOP
 10
-34.14000
 20
86.17000
  0
VERTEX
 5
27D9
  8
PLACEMENT_OUTLINE_TOP
 10
-39.22000
 20
86.17000
  0
SEQEND
  8
PLACEMENT_OUTLINE_TOP
  0
POLYLINE
 5
27DA
  8
PLACEMENT_OUTLINE_TOP
 66
1
 70
1
 40
0.100000
 41
0.100000
  0
VERTEX
 5
27DB
  8
PLACEMENT_OUTLINE_TOP
 10
-34.19000
 20
86.17000
 42
1.0
  0
VERTEX
 5
27DC
  8
PLACEMENT_OUTLINE_TOP
 10
-34.09000
 20
86.17000
 42
1.0
  0
SEQEND
  8
PLACEMENT_OUTLINE_TOP
  0
POLYLINE
 5
27DD
  8
PLACEMENT_OUTLINE_TOP
 66
1
 70
1
 40
0.100000
 41
0.100000
  0
VERTEX
 5
27DE
  8
PLACEMENT_OUTLINE_TOP
 10
-39.27000
 20
86.17000
 42
1.0
  0
VERTEX
 5
27DF
  8
PLACEMENT_OUTLINE_TOP
 10
-39.17000
 20
86.17000
 42
1.0
  0
SEQEND
  8
PLACEMENT_OUTLINE_TOP
  0
POLYLINE
 5
27E0
  8
PLACEMENT_OUTLINE_TOP
 66
1
 40
0.200000
 41
0.200000
  0
VERTEX
 5
27E1
  8
PLACEMENT_OUTLINE_TOP
 10
-39.22000
 20
86.17000
  0
VERTEX
 5
27E2
  8
PLACEMENT_OUTLINE_TOP
 10
-39.22000
 20
91.17000
  0
SEQEND
  8
PLACEMENT_OUTLINE_TOP
  0
POLYLINE
 5
27E3
  8
PLACEMENT_OUTLINE_TOP
 66
1
 70
1
 40
0.100000
 41
0.100000
  0
VERTEX
 5
27E4
  8
PLACEMENT_OUTLINE_TOP
 10
-39.27000
 20
86.17000
 42
1.0
  0
VERTEX
 5
27E5
  8
PLACEMENT_OUTLINE_TOP
 10
-39.17000
 20
86.17000
 42
1.0
  0
SEQEND
  8
PLACEMENT_OUTLINE_TOP
  0
POLYLINE
 5
27E6
  8
PLACEMENT_OUTLINE_TOP
 66
1
 70
1
 40
0.100000
 41
0.100000
  0
VERTEX
 5
27E7
  8
PLACEMENT_OUTLINE_TOP
 10
-39.27000
 20
91.17000
 42
1.0
  0
VERTEX
 5
27E8
  8
PLACEMENT_OUTLINE_TOP
 10
-39.17000
 20
91.17000
 42
1.0
  0
SEQEND
  8
PLACEMENT_OUTLINE_TOP
  0
SOLID
 5
27E9
  8
PADLAYER_TOP
 10
-37.44000
 20
89.80000
 11
-37.44000
 21
92.97000
 12
-38.46000
 22
89.80000
 13
-38.46000
 23
92.97000
  0
SOLID
 5
27EA
  8
PADLAYER_TOP
 10
-34.90000
 20
89.80000
 11
-34.90000
 21
92.97000
 12
-35.92000
 22
89.80000
 13
-35.92000
 23
92.97000
  0
SOLID
 5
27EB
  8
PADLAYER_TOP
 10
-37.44000
 20
84.37000
 11
-37.44000
 21
87.54000
 12
-38.46000
 22
84.37000
 13
-38.46000
 23
87.54000
  0
SOLID
 5
27EC
  8
PADLAYER_TOP
 10
-34.90000
 20
84.37000
 11
-34.90000
 21
87.54000
 12
-35.92000
 22
84.37000
 13
-35.92000
 23
87.54000
  0
POLYLINE
 5
27ED
  8
TOOL_TOP
 66
1
 40
0.200000
 41
0.200000
  0
VERTEX
 5
27EE
  8
TOOL_TOP
 10
-37.58000
 20
88.67000
 42
1.000000
  0
VERTEX
 5
27EF
  8
TOOL_TOP
 10
-35.78000
 20
88.67000
 42
1.000000
  0
VERTEX
 5
27F0
  8
TOOL_TOP
 10
-37.58000
 20
88.67000
  0
SEQEND
  8
TOOL_TOP
  0
TEXT
  8
TOOLCODE_TOP
 10
-37.62500
 20
88.22000
 40
0.900000
  1
T00
  0
POLYLINE
 5
27F1
  8
2DLINES_4
 66
1
 40
0.200000
 41
0.200000
  0
VERTEX
 5
27F2
  8
2DLINES_4
 10
-45.73000
 20
-4.50500
  0
VERTEX
 5
27F3
  8
2DLINES_4
 10
-57.73000
 20
-4.50500
  0
SEQEND
  8
2DLINES_4
  0
POLYLINE
 5
27F4
  8
2DLINES_4
 66
1
 70
1
 40
0.100000
 41
0.100000
  0
VERTEX
 5
27F5
  8
2DLINES_4
 10
-45.78000
 20
-4.50500
 42
1.0
  0
VERTEX
 5
27F6
  8
2DLINES_4
 10
-45.68000
 20
-4.50500
 42
1.0
  0
SEQEND
  8
2DLINES_4
  0
POLYLINE
 5
27F7
  8
2DLINES_4
 66
1
 70
1
 40
0.100000
 41
0.100000
  0
VERTEX
 5
27F8
  8
2DLINES_4
 10
-57.78000
 20
-4.50500
 42
1.0
  0
VERTEX
 5
27F9
  8
2DLINES_4
 10
-57.68000
 20
-4.50500
 42
1.0
  0
SEQEND
  8
2DLINES_4
  0
POLYLINE
 5
27FA
  8
2DLINES_4
 66
1
 40
0.200000
 41
0.200000
  0
VERTEX
 5
27FB
  8
2DLINES_4
 10
-57.73000
 20
-4.50500
  0
VERTEX
 5
27FC
  8
2DLINES_4
 10
-57.73000
 20
-12.15500
  0
SEQEND
  8
2DLINES_4
  0
POLYLINE
 5
27FD
  8
2DLINES_4
 66
1
 70
1
 40
0.100000
 41
0.100000
  0
VERTEX
 5
27FE
  8
2DLINES_4
 10
-57.78000
 20
-4.50500
 42
1.0
  0
VERTEX
 5
27FF
  8
2DLINES_4
 10
-57.68000
 20
-4.50500
 42
1.0
  0
SEQEND
  8
2DLINES_4
  0
POLYLINE
 5
2800
  8
2DLINES_4
 66
1
 70
1
 40
0.100000
 41
0.100000
  0
VERTEX
 5
2801
  8
2DLINES_4
 10
-57.78000
 20
-12.15500
 42
1.0
  0
VERTEX
 5
2802
  8
2DLINES_4
 10
-57.68000
 20
-12.15500
 42
1.0
  0
SEQEND
  8
2DLINES_4
  0
POLYLINE
 5
2803
  8
2DLINES_4
 66
1
 40
0.200000
 41
0.200000
  0
VERTEX
 5
2804
  8
2DLINES_4
 10
-57.73000
 20
-12.15500
  0
VERTEX
 5
2805
  8
2DLINES_4
 10
-45.73000
 20
-12.15500
  0
SEQEND
  8
2DLINES_4
  0
POLYLINE
 5
2806
  8
2DLINES_4
 66
1
 70
1
 40
0.100000
 41
0.100000
  0
VERTEX
 5
2807
  8
2DLINES_4
 10
-57.78000
 20
-12.15500
 42
1.0
  0
VERTEX
 5
2808
  8
2DLINES_4
 10
-57.68000
 20
-12.15500
 42
1.0
  0
SEQEND
  8
2DLINES_4
  0
POLYLINE
 5
2809
  8
2DLINES_4
 66
1
 70
1
 40
0.100000
 41
0.100000
  0
VERTEX
 5
280A
  8
2DLINES_4
 10
-45.78000
 20
-12.15500
 42
1.0
  0
VERTEX
 5
280B
  8
2DLINES_4
 10
-45.68000
 20
-12.15500
 42
1.0
  0
SEQEND
  8
2DLINES_4
  0
POLYLINE
 5
280C
  8
2DLINES_4
 66
1
 40
0.200000
 41
0.200000
  0
VERTEX
 5
280D
  8
2DLINES_4
 10
-45.73000
 20
-12.15500
  0
VERTEX
 5
280E
  8
2DLINES_4
 10
-45.73000
 20
-4.50500
  0
SEQEND
  8
2DLINES_4
  0
POLYLINE
 5
280F
  8
2DLINES_4
 66
1
 70
1
 40
0.100000
 41
0.100000
  0
VERTEX
 5
2810
  8
2DLINES_4
 10
-45.78000
 20
-12.15500
 42
1.0
  0
VERTEX
 5
2811
  8
2DLINES_4
 10
-45.68000
 20
-12.15500
 42
1.0
  0
SEQEND
  8
2DLINES_4
  0
POLYLINE
 5
2812
  8
2DLINES_4
 66
1
 70
1
 40
0.100000
 41
0.100000
  0
VERTEX
 5
2813
  8
2DLINES_4
 10
-45.78000
 20
-4.50500
 42
1.0
  0
VERTEX
 5
2814
  8
2DLINES_4
 10
-45.68000
 20
-4.50500
 42
1.0
  0
SEQEND
  8
2DLINES_4
  0
POLYLINE
 5
2815
  8
PLACEMENT_OUTLINE_BOTTOM
 66
1
 40
0.200000
 41
0.200000
  0
VERTEX
 5
2816
  8
PLACEMENT_OUTLINE_BOTTOM
 10
-45.73000
 20
-4.50500
  0
VERTEX
 5
2817
  8
PLACEMENT_OUTLINE_BOTTOM
 10
-57.73000
 20
-4.50500
  0
SEQEND
  8
PLACEMENT_OUTLINE_BOTTOM
  0
POLYLINE
 5
2818
  8
PLACEMENT_OUTLINE_BOTTOM
 66
1
 70
1
 40
0.100000
 41
0.100000
  0
VERTEX
 5
2819
  8
PLACEMENT_OUTLINE_BOTTOM
 10
-45.78000
 20
-4.50500
 42
1.0
  0
VERTEX
 5
281A
  8
PLACEMENT_OUTLINE_BOTTOM
 10
-45.68000
 20
-4.50500
 42
1.0
  0
SEQEND
  8
PLACEMENT_OUTLINE_BOTTOM
  0
POLYLINE
 5
281B
  8
PLACEMENT_OUTLINE_BOTTOM
 66
1
 70
1
 40
0.100000
 41
0.100000
  0
VERTEX
 5
281C
  8
PLACEMENT_OUTLINE_BOTTOM
 10
-57.78000
 20
-4.50500
 42
1.0
  0
VERTEX
 5
281D
  8
PLACEMENT_OUTLINE_BOTTOM
 10
-57.68000
 20
-4.50500
 42
1.0
  0
SEQEND
  8
PLACEMENT_OUTLINE_BOTTOM
  0
POLYLINE
 5
281E
  8
PLACEMENT_OUTLINE_BOTTOM
 66
1
 40
0.200000
 41
0.200000
  0
VERTEX
 5
281F
  8
PLACEMENT_OUTLINE_BOTTOM
 10
-57.73000
 20
-4.50500
  0
VERTEX
 5
2820
  8
PLACEMENT_OUTLINE_BOTTOM
 10
-57.73000
 20
-12.15500
  0
SEQEND
  8
PLACEMENT_OUTLINE_BOTTOM
  0
POLYLINE
 5
2821
  8
PLACEMENT_OUTLINE_BOTTOM
 66
1
 70
1
 40
0.100000
 41
0.100000
  0
VERTEX
 5
2822
  8
PLACEMENT_OUTLINE_BOTTOM
 10
-57.78000
 20
-4.50500
 42
1.0
  0
VERTEX
 5
2823
  8
PLACEMENT_OUTLINE_BOTTOM
 10
-57.68000
 20
-4.50500
 42
1.0
  0
SEQEND
  8
PLACEMENT_OUTLINE_BOTTOM
  0
POLYLINE
 5
2824
  8
PLACEMENT_OUTLINE_BOTTOM
 66
1
 70
1
 40
0.100000
 41
0.100000
  0
VERTEX
 5
2825
  8
PLACEMENT_OUTLINE_BOTTOM
 10
-57.78000
 20
-12.15500
 42
1.0
  0
VERTEX
 5
2826
  8
PLACEMENT_OUTLINE_BOTTOM
 10
-57.68000
 20
-12.15500
 42
1.0
  0
SEQEND
  8
PLACEMENT_OUTLINE_BOTTOM
  0
POLYLINE
 5
2827
  8
PLACEMENT_OUTLINE_BOTTOM
 66
1
 40
0.200000
 41
0.200000
  0
VERTEX
 5
2828
  8
PLACEMENT_OUTLINE_BOTTOM
 10
-57.73000
 20
-12.15500
  0
VERTEX
 5
2829
  8
PLACEMENT_OUTLINE_BOTTOM
 10
-45.73000
 20
-12.15500
  0
SEQEND
  8
PLACEMENT_OUTLINE_BOTTOM
  0
POLYLINE
 5
282A
  8
PLACEMENT_OUTLINE_BOTTOM
 66
1
 70
1
 40
0.100000
 41
0.100000
  0
VERTEX
 5
282B
  8
PLACEMENT_OUTLINE_BOTTOM
 10
-57.78000
 20
-12.15500
 42
1.0
  0
VERTEX
 5
282C
  8
PLACEMENT_OUTLINE_BOTTOM
 10
-57.68000
 20
-12.15500
 42
1.0
  0
SEQEND
  8
PLACEMENT_OUTLINE_BOTTOM
  0
POLYLINE
 5
282D
  8
PLACEMENT_OUTLINE_BOTTOM
 66
1
 70
1
 40
0.100000
 41
0.100000
  0
VERTEX
 5
282E
  8
PLACEMENT_OUTLINE_BOTTOM
 10
-45.78000
 20
-12.15500
 42
1.0
  0
VERTEX
 5
282F
  8
PLACEMENT_OUTLINE_BOTTOM
 10
-45.68000
 20
-12.15500
 42
1.0
  0
SEQEND
  8
PLACEMENT_OUTLINE_BOTTOM
  0
POLYLINE
 5
2830
  8
PLACEMENT_OUTLINE_BOTTOM
 66
1
 40
0.200000
 41
0.200000
  0
VERTEX
 5
2831
  8
PLACEMENT_OUTLINE_BOTTOM
 10
-45.73000
 20
-12.15500
  0
VERTEX
 5
2832
  8
PLACEMENT_OUTLINE_BOTTOM
 10
-45.73000
 20
-4.50500
  0
SEQEND
  8
PLACEMENT_OUTLINE_BOTTOM
  0
POLYLINE
 5
2833
  8
PLACEMENT_OUTLINE_BOTTOM
 66
1
 70
1
 40
0.100000
 41
0.100000
  0
VERTEX
 5
2834
  8
PLACEMENT_OUTLINE_BOTTOM
 10
-45.78000
 20
-12.15500
 42
1.0
  0
VERTEX
 5
2835
  8
PLACEMENT_OUTLINE_BOTTOM
 10
-45.68000
 20
-12.15500
 42
1.0
  0
SEQEND
  8
PLACEMENT_OUTLINE_BOTTOM
  0
POLYLINE
 5
2836
  8
PLACEMENT_OUTLINE_BOTTOM
 66
1
 70
1
 40
0.100000
 41
0.100000
  0
VERTEX
 5
2837
  8
PLACEMENT_OUTLINE_BOTTOM
 10
-45.78000
 20
-4.50500
 42
1.0
  0
VERTEX
 5
2838
  8
PLACEMENT_OUTLINE_BOTTOM
 10
-45.68000
 20
-4.50500
 42
1.0
  0
SEQEND
  8
PLACEMENT_OUTLINE_BOTTOM
  0
SOLID
 5
2839
  8
PADLAYER_BOTTOM
 10
-48.23000
 20
-6.73000
 11
-48.23000
 21
-3.23000
 12
-49.23000
 22
-6.73000
 13
-49.23000
 23
-3.23000
  0
SOLID
 5
283A
  8
PADLAYER_BOTTOM
 10
-50.23000
 20
-6.73000
 11
-50.23000
 21
-3.23000
 12
-51.23000
 22
-6.73000
 13
-51.23000
 23
-3.23000
  0
SOLID
 5
283B
  8
PADLAYER_BOTTOM
 10
-52.23000
 20
-6.73000
 11
-52.23000
 21
-3.23000
 12
-53.23000
 22
-6.73000
 13
-53.23000
 23
-3.23000
  0
SOLID
 5
283C
  8
PADLAYER_BOTTOM
 10
-54.23000
 20
-6.73000
 11
-54.23000
 21
-3.23000
 12
-55.23000
 22
-6.73000
 13
-55.23000
 23
-3.23000
  0
SOLID
 5
283D
  8
PADLAYER_BOTTOM
 10
-56.38000
 20
-12.43000
 11
-56.38000
 21
-9.03000
 12
-57.88000
 22
-12.43000
 13
-57.88000
 23
-9.03000
  0
SOLID
 5
283E
  8
PADLAYER_BOTTOM
 10
-45.58000
 20
-12.43000
 11
-45.58000
 21
-9.03000
 12
-47.08000
 22
-12.43000
 13
-47.08000
 23
-9.03000
  0
POLYLINE
 5
283F
  8
2DLINES_4
 66
1
 40
0.200000
 41
0.200000
  0
VERTEX
 5
2840
  8
2DLINES_4
 10
-33.03000
 20
-4.50500
  0
VERTEX
 5
2841
  8
2DLINES_4
 10
-45.03000
 20
-4.50500
  0
SEQEND
  8
2DLINES_4
  0
POLYLINE
 5
2842
  8
2DLINES_4
 66
1
 70
1
 40
0.100000
 41
0.100000
  0
VERTEX
 5
2843
  8
2DLINES_4
 10
-33.08000
 20
-4.50500
 42
1.0
  0
VERTEX
 5
2844
  8
2DLINES_4
 10
-32.98000
 20
-4.50500
 42
1.0
  0
SEQEND
  8
2DLINES_4
  0
POLYLINE
 5
2845
  8
2DLINES_4
 66
1
 70
1
 40
0.100000
 41
0.100000
  0
VERTEX
 5
2846
  8
2DLINES_4
 10
-45.08000
 20
-4.50500
 42
1.0
  0
VERTEX
 5
2847
  8
2DLINES_4
 10
-44.98000
 20
-4.50500
 42
1.0
  0
SEQEND
  8
2DLINES_4
  0
POLYLINE
 5
2848
  8
2DLINES_4
 66
1
 40
0.200000
 41
0.200000
  0
VERTEX
 5
2849
  8
2DLINES_4
 10
-45.03000
 20
-4.50500
  0
VERTEX
 5
284A
  8
2DLINES_4
 10
-45.03000
 20
-12.15500
  0
SEQEND
  8
2DLINES_4
  0
POLYLINE
 5
284B
  8
2DLINES_4
 66
1
 70
1
 40
0.100000
 41
0.100000
  0
VERTEX
 5
284C
  8
2DLINES_4
 10
-45.08000
 20
-4.50500
 42
1.0
  0
VERTEX
 5
284D
  8
2DLINES_4
 10
-44.98000
 20
-4.50500
 42
1.0
  0
SEQEND
  8
2DLINES_4
  0
POLYLINE
 5
284E
  8
2DLINES_4
 66
1
 70
1
 40
0.100000
 41
0.100000
  0
VERTEX
 5
284F
  8
2DLINES_4
 10
-45.08000
 20
-12.15500
 42
1.0
  0
VERTEX
 5
2850
  8
2DLINES_4
 10
-44.98000
 20
-12.15500
 42
1.0
  0
SEQEND
  8
2DLINES_4
  0
POLYLINE
 5
2851
  8
2DLINES_4
 66
1
 40
0.200000
 41
0.200000
  0
VERTEX
 5
2852
  8
2DLINES_4
 10
-45.03000
 20
-12.15500
  0
VERTEX
 5
2853
  8
2DLINES_4
 10
-33.03000
 20
-12.15500
  0
SEQEND
  8
2DLINES_4
  0
POLYLINE
 5
2854
  8
2DLINES_4
 66
1
 70
1
 40
0.100000
 41
0.100000
  0
VERTEX
 5
2855
  8
2DLINES_4
 10
-45.08000
 20
-12.15500
 42
1.0
  0
VERTEX
 5
2856
  8
2DLINES_4
 10
-44.98000
 20
-12.15500
 42
1.0
  0
SEQEND
  8
2DLINES_4
  0
POLYLINE
 5
2857
  8
2DLINES_4
 66
1
 70
1
 40
0.100000
 41
0.100000
  0
VERTEX
 5
2858
  8
2DLINES_4
 10
-33.08000
 20
-12.15500
 42
1.0
  0
VERTEX
 5
2859
  8
2DLINES_4
 10
-32.98000
 20
-12.15500
 42
1.0
  0
SEQEND
  8
2DLINES_4
  0
POLYLINE
 5
285A
  8
2DLINES_4
 66
1
 40
0.200000
 41
0.200000
  0
VERTEX
 5
285B
  8
2DLINES_4
 10
-33.03000
 20
-12.15500
  0
VERTEX
 5
285C
  8
2DLINES_4
 10
-33.03000
 20
-4.50500
  0
SEQEND
  8
2DLINES_4
  0
POLYLINE
 5
285D
  8
2DLINES_4
 66
1
 70
1
 40
0.100000
 41
0.100000
  0
VERTEX
 5
285E
  8
2DLINES_4
 10
-33.08000
 20
-12.15500
 42
1.0
  0
VERTEX
 5
285F
  8
2DLINES_4
 10
-32.98000
 20
-12.15500
 42
1.0
  0
SEQEND
  8
2DLINES_4
  0
POLYLINE
 5
2860
  8
2DLINES_4
 66
1
 70
1
 40
0.100000
 41
0.100000
  0
VERTEX
 5
2861
  8
2DLINES_4
 10
-33.08000
 20
-4.50500
 42
1.0
  0
VERTEX
 5
2862
  8
2DLINES_4
 10
-32.98000
 20
-4.50500
 42
1.0
  0
SEQEND
  8
2DLINES_4
  0
POLYLINE
 5
2863
  8
PLACEMENT_OUTLINE_BOTTOM
 66
1
 40
0.200000
 41
0.200000
  0
VERTEX
 5
2864
  8
PLACEMENT_OUTLINE_BOTTOM
 10
-33.03000
 20
-4.50500
  0
VERTEX
 5
2865
  8
PLACEMENT_OUTLINE_BOTTOM
 10
-45.03000
 20
-4.50500
  0
SEQEND
  8
PLACEMENT_OUTLINE_BOTTOM
  0
POLYLINE
 5
2866
  8
PLACEMENT_OUTLINE_BOTTOM
 66
1
 70
1
 40
0.100000
 41
0.100000
  0
VERTEX
 5
2867
  8
PLACEMENT_OUTLINE_BOTTOM
 10
-33.08000
 20
-4.50500
 42
1.0
  0
VERTEX
 5
2868
  8
PLACEMENT_OUTLINE_BOTTOM
 10
-32.98000
 20
-4.50500
 42
1.0
  0
SEQEND
  8
PLACEMENT_OUTLINE_BOTTOM
  0
POLYLINE
 5
2869
  8
PLACEMENT_OUTLINE_BOTTOM
 66
1
 70
1
 40
0.100000
 41
0.100000
  0
VERTEX
 5
286A
  8
PLACEMENT_OUTLINE_BOTTOM
 10
-45.08000
 20
-4.50500
 42
1.0
  0
VERTEX
 5
286B
  8
PLACEMENT_OUTLINE_BOTTOM
 10
-44.98000
 20
-4.50500
 42
1.0
  0
SEQEND
  8
PLACEMENT_OUTLINE_BOTTOM
  0
POLYLINE
 5
286C
  8
PLACEMENT_OUTLINE_BOTTOM
 66
1
 40
0.200000
 41
0.200000
  0
VERTEX
 5
286D
  8
PLACEMENT_OUTLINE_BOTTOM
 10
-45.03000
 20
-4.50500
  0
VERTEX
 5
286E
  8
PLACEMENT_OUTLINE_BOTTOM
 10
-45.03000
 20
-12.15500
  0
SEQEND
  8
PLACEMENT_OUTLINE_BOTTOM
  0
POLYLINE
 5
286F
  8
PLACEMENT_OUTLINE_BOTTOM
 66
1
 70
1
 40
0.100000
 41
0.100000
  0
VERTEX
 5
2870
  8
PLACEMENT_OUTLINE_BOTTOM
 10
-45.08000
 20
-4.50500
 42
1.0
  0
VERTEX
 5
2871
  8
PLACEMENT_OUTLINE_BOTTOM
 10
-44.98000
 20
-4.50500
 42
1.0
  0
SEQEND
  8
PLACEMENT_OUTLINE_BOTTOM
  0
POLYLINE
 5
2872
  8
PLACEMENT_OUTLINE_BOTTOM
 66
1
 70
1
 40
0.100000
 41
0.100000
  0
VERTEX
 5
2873
  8
PLACEMENT_OUTLINE_BOTTOM
 10
-45.08000
 20
-12.15500
 42
1.0
  0
VERTEX
 5
2874
  8
PLACEMENT_OUTLINE_BOTTOM
 10
-44.98000
 20
-12.15500
 42
1.0
  0
SEQEND
  8
PLACEMENT_OUTLINE_BOTTOM
  0
POLYLINE
 5
2875
  8
PLACEMENT_OUTLINE_BOTTOM
 66
1
 40
0.200000
 41
0.200000
  0
VERTEX
 5
2876
  8
PLACEMENT_OUTLINE_BOTTOM
 10
-45.03000
 20
-12.15500
  0
VERTEX
 5
2877
  8
PLACEMENT_OUTLINE_BOTTOM
 10
-33.03000
 20
-12.15500
  0
SEQEND
  8
PLACEMENT_OUTLINE_BOTTOM
  0
POLYLINE
 5
2878
  8
PLACEMENT_OUTLINE_BOTTOM
 66
1
 70
1
 40
0.100000
 41
0.100000
  0
VERTEX
 5
2879
  8
PLACEMENT_OUTLINE_BOTTOM
 10
-45.08000
 20
-12.15500
 42
1.0
  0
VERTEX
 5
287A
  8
PLACEMENT_OUTLINE_BOTTOM
 10
-44.98000
 20
-12.15500
 42
1.0
  0
SEQEND
  8
PLACEMENT_OUTLINE_BOTTOM
  0
POLYLINE
 5
287B
  8
PLACEMENT_OUTLINE_BOTTOM
 66
1
 70
1
 40
0.100000
 41
0.100000
  0
VERTEX
 5
287C
  8
PLACEMENT_OUTLINE_BOTTOM
 10
-33.08000
 20
-12.15500
 42
1.0
  0
VERTEX
 5
287D
  8
PLACEMENT_OUTLINE_BOTTOM
 10
-32.98000
 20
-12.15500
 42
1.0
  0
SEQEND
  8
PLACEMENT_OUTLINE_BOTTOM
  0
POLYLINE
 5
287E
  8
PLACEMENT_OUTLINE_BOTTOM
 66
1
 40
0.200000
 41
0.200000
  0
VERTEX
 5
287F
  8
PLACEMENT_OUTLINE_BOTTOM
 10
-33.03000
 20
-12.15500
  0
VERTEX
 5
2880
  8
PLACEMENT_OUTLINE_BOTTOM
 10
-33.03000
 20
-4.50500
  0
SEQEND
  8
PLACEMENT_OUTLINE_BOTTOM
  0
POLYLINE
 5
2881
  8
PLACEMENT_OUTLINE_BOTTOM
 66
1
 70
1
 40
0.100000
 41
0.100000
  0
VERTEX
 5
2882
  8
PLACEMENT_OUTLINE_BOTTOM
 10
-33.08000
 20
-12.15500
 42
1.0
  0
VERTEX
 5
2883
  8
PLACEMENT_OUTLINE_BOTTOM
 10
-32.98000
 20
-12.15500
 42
1.0
  0
SEQEND
  8
PLACEMENT_OUTLINE_BOTTOM
  0
POLYLINE
 5
2884
  8
PLACEMENT_OUTLINE_BOTTOM
 66
1
 70
1
 40
0.100000
 41
0.100000
  0
VERTEX
 5
2885
  8
PLACEMENT_OUTLINE_BOTTOM
 10
-33.08000
 20
-4.50500
 42
1.0
  0
VERTEX
 5
2886
  8
PLACEMENT_OUTLINE_BOTTOM
 10
-32.98000
 20
-4.50500
 42
1.0
  0
SEQEND
  8
PLACEMENT_OUTLINE_BOTTOM
  0
SOLID
 5
2887
  8
PADLAYER_BOTTOM
 10
-35.53000
 20
-6.73000
 11
-35.53000
 21
-3.23000
 12
-36.53000
 22
-6.73000
 13
-36.53000
 23
-3.23000
  0
SOLID
 5
2888
  8
PADLAYER_BOTTOM
 10
-37.53000
 20
-6.73000
 11
-37.53000
 21
-3.23000
 12
-38.53000
 22
-6.73000
 13
-38.53000
 23
-3.23000
  0
SOLID
 5
2889
  8
PADLAYER_BOTTOM
 10
-39.53000
 20
-6.73000
 11
-39.53000
 21
-3.23000
 12
-40.53000
 22
-6.73000
 13
-40.53000
 23
-3.23000
  0
SOLID
 5
288A
  8
PADLAYER_BOTTOM
 10
-41.53000
 20
-6.73000
 11
-41.53000
 21
-3.23000
 12
-42.53000
 22
-6.73000
 13
-42.53000
 23
-3.23000
  0
SOLID
 5
288B
  8
PADLAYER_BOTTOM
 10
-43.68000
 20
-12.43000
 11
-43.68000
 21
-9.03000
 12
-45.18000
 22
-12.43000
 13
-45.18000
 23
-9.03000
  0
SOLID
 5
288C
  8
PADLAYER_BOTTOM
 10
-32.88000
 20
-12.43000
 11
-32.88000
 21
-9.03000
 12
-34.38000
 22
-12.43000
 13
-34.38000
 23
-9.03000
  0
POLYLINE
 5
288D
  8
PLACEMENT_OUTLINE_BOTTOM
 66
1
 40
0.299970
 41
0.299970
  0
VERTEX
 5
288E
  8
PLACEMENT_OUTLINE_BOTTOM
 10
-51.04500
 20
74.30700
  0
VERTEX
 5
288F
  8
PLACEMENT_OUTLINE_BOTTOM
 10
-51.04500
 20
71.51300
  0
SEQEND
  8
PLACEMENT_OUTLINE_BOTTOM
  0
POLYLINE
 5
2890
  8
PLACEMENT_OUTLINE_BOTTOM
 66
1
 70
1
 40
0.149985
 41
0.149985
  0
VERTEX
 5
2891
  8
PLACEMENT_OUTLINE_BOTTOM
 10
-51.11999
 20
74.30700
 42
1.0
  0
VERTEX
 5
2892
  8
PLACEMENT_OUTLINE_BOTTOM
 10
-50.97001
 20
74.30700
 42
1.0
  0
SEQEND
  8
PLACEMENT_OUTLINE_BOTTOM
  0
POLYLINE
 5
2893
  8
PLACEMENT_OUTLINE_BOTTOM
 66
1
 70
1
 40
0.149985
 41
0.149985
  0
VERTEX
 5
2894
  8
PLACEMENT_OUTLINE_BOTTOM
 10
-51.11999
 20
71.51300
 42
1.0
  0
VERTEX
 5
2895
  8
PLACEMENT_OUTLINE_BOTTOM
 10
-50.97001
 20
71.51300
 42
1.0
  0
SEQEND
  8
PLACEMENT_OUTLINE_BOTTOM
  0
POLYLINE
 5
2896
  8
PLACEMENT_OUTLINE_BOTTOM
 66
1
 40
0.299970
 41
0.299970
  0
VERTEX
 5
2897
  8
PLACEMENT_OUTLINE_BOTTOM
 10
-51.04500
 20
71.51300
  0
VERTEX
 5
2898
  8
PLACEMENT_OUTLINE_BOTTOM
 10
-52.31500
 20
71.51300
  0
SEQEND
  8
PLACEMENT_OUTLINE_BOTTOM
  0
POLYLINE
 5
2899
  8
PLACEMENT_OUTLINE_BOTTOM
 66
1
 70
1
 40
0.149985
 41
0.149985
  0
VERTEX
 5
289A
  8
PLACEMENT_OUTLINE_BOTTOM
 10
-51.11999
 20
71.51300
 42
1.0
  0
VERTEX
 5
289B
  8
PLACEMENT_OUTLINE_BOTTOM
 10
-50.97001
 20
71.51300
 42
1.0
  0
SEQEND
  8
PLACEMENT_OUTLINE_BOTTOM
  0
POLYLINE
 5
289C
  8
PLACEMENT_OUTLINE_BOTTOM
 66
1
 70
1
 40
0.149985
 41
0.149985
  0
VERTEX
 5
289D
  8
PLACEMENT_OUTLINE_BOTTOM
 10
-52.38999
 20
71.51300
 42
1.0
  0
VERTEX
 5
289E
  8
PLACEMENT_OUTLINE_BOTTOM
 10
-52.24001
 20
71.51300
 42
1.0
  0
SEQEND
  8
PLACEMENT_OUTLINE_BOTTOM
  0
POLYLINE
 5
289F
  8
PLACEMENT_OUTLINE_BOTTOM
 66
1
 40
0.299970
 41
0.299970
  0
VERTEX
 5
28A0
  8
PLACEMENT_OUTLINE_BOTTOM
 10
-52.31500
 20
71.51300
  0
VERTEX
 5
28A1
  8
PLACEMENT_OUTLINE_BOTTOM
 10
-52.31500
 20
74.30700
  0
SEQEND
  8
PLACEMENT_OUTLINE_BOTTOM
  0
POLYLINE
 5
28A2
  8
PLACEMENT_OUTLINE_BOTTOM
 66
1
 70
1
 40
0.149985
 41
0.149985
  0
VERTEX
 5
28A3
  8
PLACEMENT_OUTLINE_BOTTOM
 10
-52.38999
 20
71.51300
 42
1.0
  0
VERTEX
 5
28A4
  8
PLACEMENT_OUTLINE_BOTTOM
 10
-52.24001
 20
71.51300
 42
1.0
  0
SEQEND
  8
PLACEMENT_OUTLINE_BOTTOM
  0
POLYLINE
 5
28A5
  8
PLACEMENT_OUTLINE_BOTTOM
 66
1
 70
1
 40
0.149985
 41
0.149985
  0
VERTEX
 5
28A6
  8
PLACEMENT_OUTLINE_BOTTOM
 10
-52.38999
 20
74.30700
 42
1.0
  0
VERTEX
 5
28A7
  8
PLACEMENT_OUTLINE_BOTTOM
 10
-52.24001
 20
74.30700
 42
1.0
  0
SEQEND
  8
PLACEMENT_OUTLINE_BOTTOM
  0
POLYLINE
 5
28A8
  8
PLACEMENT_OUTLINE_BOTTOM
 66
1
 40
0.299970
 41
0.299970
  0
VERTEX
 5
28A9
  8
PLACEMENT_OUTLINE_BOTTOM
 10
-52.31500
 20
74.30700
  0
VERTEX
 5
28AA
  8
PLACEMENT_OUTLINE_BOTTOM
 10
-51.04500
 20
74.30700
  0
SEQEND
  8
PLACEMENT_OUTLINE_BOTTOM
  0
POLYLINE
 5
28AB
  8
PLACEMENT_OUTLINE_BOTTOM
 66
1
 70
1
 40
0.149985
 41
0.149985
  0
VERTEX
 5
28AC
  8
PLACEMENT_OUTLINE_BOTTOM
 10
-52.38999
 20
74.30700
 42
1.0
  0
VERTEX
 5
28AD
  8
PLACEMENT_OUTLINE_BOTTOM
 10
-52.24001
 20
74.30700
 42
1.0
  0
SEQEND
  8
PLACEMENT_OUTLINE_BOTTOM
  0
POLYLINE
 5
28AE
  8
PLACEMENT_OUTLINE_BOTTOM
 66
1
 70
1
 40
0.149985
 41
0.149985
  0
VERTEX
 5
28AF
  8
PLACEMENT_OUTLINE_BOTTOM
 10
-51.11999
 20
74.30700
 42
1.0
  0
VERTEX
 5
28B0
  8
PLACEMENT_OUTLINE_BOTTOM
 10
-50.97001
 20
74.30700
 42
1.0
  0
SEQEND
  8
PLACEMENT_OUTLINE_BOTTOM
  0
SOLID
 5
28B1
  8
PADLAYER_BOTTOM
 10
-52.13720
 20
72.60520
 11
-52.13720
 21
71.69080
 12
-51.22280
 22
72.60520
 13
-51.22280
 23
71.69080
  0
SOLID
 5
28B2
  8
PADLAYER_BOTTOM
 10
-52.13720
 20
74.12920
 11
-52.13720
 21
73.21480
 12
-51.22280
 22
74.12920
 13
-51.22280
 23
73.21480
  0
ENDSEC
  0
EOF
