# FreeCAD v1.0 build1 Arch module
# https://www.freecad.org
mtllib Boat_Type001_Walls.mtl
o Boat_Type001_Panelling
usemtl color_727980
v 6705.181152 -43.431179 100.0
v 6704.539551 -42.687866 100.0
v 6705.85791 -44.142136 100.0
v 6707.312012 -45.460209 100.0
v 6706.568848 -44.819023 100.0
v 6708.085938 -46.064152 100.0
v 6710.572266 -47.638424 100.0
v 6708.888672 -46.629391 100.0
v 6709.717773 -47.154572 100.0
v 6702.845215 -40.282055 100.0
v 6702.361816 -39.427937 100.0
v 6703.370605 -41.111404 100.0
v 6701.92041 -38.551102 100.0
v 6703.936035 -41.913986 100.0
v 6712.346191 -48.477592 100.0
v 6711.44873 -48.079784 100.0
v 6701.522461 -37.653667 100.0
v 6701.168945 -36.737797 100.0
v 6713.262207 -48.830883 100.0
v 6700.861328 -35.805695 100.0
v 6715.140625 -49.400623 100.0
v 6714.194336 -49.138805 100.0
v 6716.098145 -49.615707 100.0
v 6700.384277 -33.901806 100.0
v 6700.216309 -32.934608 100.0
v 6700.599609 -34.859604 100.0
v 6718.039551 -49.903694 100.0
v 6717.06543 -49.783531 100.0
v 6700.096191 -31.960342 100.0
v 6719.018555 -49.97591 100.0
v 6700.023926 -30.981354 100.0
v 6700.0 -30.0 100.0
v 6720.0 -50.0 100.0
v 6700.0 0.0 100.0
v 6980.981445 -49.97591 100.0
v 6982.93457 -49.783531 100.0
v 6981.960449 -49.903694 100.0
v 6980.0 -50.0 100.0
v 6983.901855 -49.615707 100.0
v 6984.859375 -49.400623 100.0
v 6986.737793 -48.830883 100.0
v 6985.805664 -49.138805 100.0
v 6988.55127 -48.079784 100.0
v 6987.653809 -48.477592 100.0
v 6990.282227 -47.154572 100.0
v 6989.427734 -47.638424 100.0
v 6991.111328 -46.629391 100.0
v 6993.431152 -44.819023 100.0
v 6991.914062 -46.064152 100.0
v 6992.687988 -45.460209 100.0
v 6994.14209 -44.142136 100.0
v 6996.063965 -41.913986 100.0
v 6994.818848 -43.431179 100.0
v 6995.460449 -42.687866 100.0
v 6996.629395 -41.111404 100.0
v 6997.154785 -40.282055 100.0
v 6997.638184 -39.427937 100.0
v 6998.477539 -37.653667 100.0
v 6998.07959 -38.551102 100.0
v 6999.138672 -35.805695 100.0
v 6998.831055 -36.737797 100.0
v 6999.783691 -32.934608 100.0
v 6999.400391 -34.859604 100.0
v 6999.615723 -33.901806 100.0
v 6999.976074 -30.981354 100.0
v 6999.903809 -31.960342 100.0
v 7000.0 -30.0 100.0
v 7000.0 0.0 100.0
v 6700.0 0.0 1000.0
v 6700.0 -30.0 1000.0
v 6700.023926 -30.981354 1000.0
v 6700.096191 -31.960342 1000.0
v 6700.216309 -32.934608 1000.0
v 6700.384277 -33.901806 1000.0
v 6700.599609 -34.859604 1000.0
v 6700.861328 -35.805695 1000.0
v 6701.168945 -36.737797 1000.0
v 6701.522461 -37.653667 1000.0
v 6701.92041 -38.551102 1000.0
v 6702.361816 -39.427937 1000.0
v 6702.845215 -40.282055 1000.0
v 6703.370605 -41.111404 1000.0
v 6703.936035 -41.913986 1000.0
v 6704.539551 -42.687866 1000.0
v 6705.181152 -43.431179 1000.0
v 6705.85791 -44.142136 1000.0
v 6706.568848 -44.819023 1000.0
v 6707.312012 -45.460209 1000.0
v 6708.085938 -46.064152 1000.0
v 6708.888672 -46.629391 1000.0
v 6709.717773 -47.154572 1000.0
v 6710.572266 -47.638424 1000.0
v 6711.44873 -48.079784 1000.0
v 6712.346191 -48.477592 1000.0
v 6713.262207 -48.830883 1000.0
v 6714.194336 -49.138805 1000.0
v 6715.140625 -49.400623 1000.0
v 6716.098145 -49.615707 1000.0
v 6717.06543 -49.783531 1000.0
v 6718.039551 -49.903694 1000.0
v 6719.018555 -49.97591 1000.0
v 6720.0 -50.0 1000.0
v 3025.730713 0.0 0.0
v 3300.0 0.0 100.0
v 3025.730713 0.0 1000.0
v 3300.0 0.0 1000.0
v 3600.0 0.0 100.0
v 5000.0 0.0 1000.0
v 3600.0 0.0 1000.0
v 5000.0 0.0 100.0
v 5300.0 0.0 100.0
v 5300.0 0.0 1000.0
v 7000.0 0.0 0.0
v 6980.0 -50.0 1000.0
v 7000.0 100.0 0.0
v 7000.0 100.0 1000.0
v 7000.0 -30.0 1000.0
v 6980.981445 -49.97591 1000.0
v 6981.960449 -49.903694 1000.0
v 6982.93457 -49.783531 1000.0
v 6983.901855 -49.615707 1000.0
v 6984.859375 -49.400623 1000.0
v 6985.805664 -49.138805 1000.0
v 6986.737793 -48.830883 1000.0
v 6987.653809 -48.477592 1000.0
v 6988.55127 -48.079784 1000.0
v 6989.427734 -47.638424 1000.0
v 6990.282227 -47.154572 1000.0
v 6991.111328 -46.629391 1000.0
v 6991.914062 -46.064152 1000.0
v 6992.687988 -45.460209 1000.0
v 6993.431152 -44.819023 1000.0
v 6994.14209 -44.142136 1000.0
v 6994.818848 -43.431179 1000.0
v 6995.460449 -42.687866 1000.0
v 6996.063965 -41.913986 1000.0
v 6996.629395 -41.111404 1000.0
v 6997.154785 -40.282055 1000.0
v 6997.638184 -39.427937 1000.0
v 6998.07959 -38.551102 1000.0
v 6998.477539 -37.653667 1000.0
v 6998.831055 -36.737797 1000.0
v 6999.138672 -35.805695 1000.0
v 6999.400391 -34.859604 1000.0
v 6999.615723 -33.901806 1000.0
v 6999.783691 -32.934608 1000.0
v 6999.903809 -31.960342 1000.0
v 6999.976074 -30.981354 1000.0
v 4.658911 -852.137878 1000.0
v 5.315998 -852.884949 1000.0
v 6.009425 -853.598389 1000.0
v 7.498348 -854.917603 1000.0
v 6.737475 -854.27655 1000.0
v 3.460167 -850.550354 1000.0
v 4.03979 -851.359009 1000.0
v 9.11095 -856.082336 1000.0
v 8.290159 -855.52002 1000.0
v 9.958691 -856.603088 1000.0
v 10.831281 -857.081116 1000.0
v 1.972122 -847.96582 1000.0
v 2.425052 -848.851685 1000.0
v 2.921477 -849.713928 1000.0
v 1.563806 -847.058533 1000.0
v 1.201116 -846.13208 1000.0
v 13.576285 -858.246948 1000.0
v 11.726562 -857.515076 1000.0
v 12.642319 -857.904053 1000.0
v 0.616087 -844.230774 1000.0
v 0.884949 -845.188721 1000.0
v 15.489561 -858.791443 1000.0
v 14.52615 -858.542969 1000.0
v 0.222822 -842.280823 1000.0
v 0.395196 -843.260681 1000.0
v 17.447462 -859.143188 1000.0
v 16.464136 -858.991638 1000.0
v 18.437105 -859.245605 1000.0
v 0.000465 -839.306763 1000.0
v 0.025212 -840.301392 1000.0
v 0.099393 -841.293579 1000.0
v 20.425543 -859.302246 1000.0
v 19.430618 -859.298645 1000.0
v 23.394171 -859.016724 1000.0
v 21.419413 -859.256409 1000.0
v 22.409773 -859.161133 1000.0
v 26.287338 -858.292969 1000.0
v 24.370169 -858.823608 1000.0
v 25.335354 -858.582153 1000.0
v 28.142311 -857.574524 1000.0
v 27.223763 -857.956848 1000.0
v 0.000232 -820.116699 1000.0
v 0.0 -720.11615 1000.0
v 262.233978 -753.240967 1000.0
v 264.010529 -752.340576 1000.0
v 263.133453 -752.812927 1000.0
v 264.862976 -751.825195 1000.0
v 265.688721 -751.268005 1000.0
v 266.485687 -750.670349 1000.0
v 267.251923 -750.033752 1000.0
v 268.684601 -748.650208 1000.0
v 267.985504 -749.359802 1000.0
v 269.347504 -747.906616 1000.0
v 270.558228 -746.325195 1000.0
v 269.972565 -747.130981 1000.0
v 271.103058 -745.491211 1000.0
v 272.848389 -741.916077 1000.0
v 272.06485 -743.747131 1000.0
v 272.479431 -742.84137 1000.0
v 271.605682 -744.631165 1000.0
v 273.673004 -739.046204 1000.0
v 273.170807 -740.973511 1000.0
v 273.445923 -740.016113 1000.0
v 273.981018 -737.07843 1000.0
v 273.851532 -738.066162 1000.0
v 274.091797 -735.089844 1000.0
v 274.061188 -736.08551 1000.0
v 274.304321 -698.637207 1000.0
v 885.505737 -326.679749 1000.0
v 888.395142 -426.679749 1000.0
v 928.520874 -409.527557 1000.0
v 927.730591 -308.983124 1000.0
v 968.789185 -392.712646 1000.0
v 970.104553 -291.646637 1000.0
v 1009.197144 -376.236237 1000.0
v 1012.624634 -274.671539 1000.0
v 1049.741943 -360.099426 1000.0
v 1055.28772 -258.059113 1000.0
v 1090.420776 -344.303406 1000.0
v 1098.090576 -241.810501 1000.0
v 1131.230591 -328.849274 1000.0
v 1172.168701 -313.738098 1000.0
v 1141.030396 -225.926926 1000.0
v 1213.232178 -298.970978 1000.0
v 1184.10376 -210.4095 1000.0
v 1254.418091 -284.54892 1000.0
v 1227.307739 -195.259384 1000.0
v 1295.723633 -270.472961 1000.0
v 1270.63916 -180.477661 1000.0
v 1337.145752 -256.74408 1000.0
v 1314.094849 -166.065399 1000.0
v 1378.681641 -243.363266 1000.0
v 1357.671631 -152.023651 1000.0
v 1420.328369 -230.331436 1000.0
v 1401.366455 -138.353424 1000.0
v 1462.083008 -217.649506 1000.0
v 1445.176025 -125.055725 1000.0
v 1503.942505 -205.318375 1000.0
v 1556.774414 -229.748917 1000.0
v 1557.42688 -230.504715 1000.0
v 1558.116333 -231.227005 1000.0
v 1556.1604 -228.961487 1000.0
v 1555.586548 -228.144394 1000.0
v 1558.840942 -231.913986 1000.0
v 1561.20752 -233.746429 1000.0
v 1559.598999 -232.56395 1000.0
v 1560.388428 -233.175262 1000.0
v 1554.564453 -226.429443 1000.0
v 1555.054077 -227.299683 1000.0
v 1562.925903 -234.76265 1000.0
v 1562.053955 -234.275986 1000.0
v 1553.364258 -223.687607 1000.0
v 1553.718506 -224.621155 1000.0
v 1554.118896 -225.535858 1000.0
v 1553.057007 -222.737534 1000.0
v 1563.820923 -235.205185 1000.0
v 1564.736938 -235.602493 1000.0
v 1552.797607 -221.773315 1000.0
v 1567.587891 -236.513748 1000.0
v 1565.671753 -235.953583 1000.0
v 1566.622803 -236.257584 1000.0
v 1568.564575 -236.72142 1000.0
v 1571.539673 -237.048935 1000.0
v 1569.550415 -236.880081 1000.0
v 1570.542969 -236.989349 1000.0
v 1573.535767 -237.018646 1000.0
v 1572.538086 -237.058716 1000.0
v 1575.519043 -236.78949 1000.0
v 1574.530273 -236.928833 1000.0
v 1577.469482 -236.363754 1000.0
v 1576.499512 -236.600983 1000.0
v 1545.904053 -193.338928 1000.0
v 1489.09729 -112.131508 1000.0
v 1620.661499 -224.842072 1000.0
v 1533.126953 -99.581703 1000.0
v 1577.261841 -87.407234 1000.0
v 1621.498779 -75.608978 1000.0
v 1663.94751 -213.678787 1000.0
v 1665.834595 -64.187782 1000.0
v 1707.324707 -202.87468 1000.0
v 1710.266113 -53.144489 1000.0
v 1750.789795 -192.430511 1000.0
v 1840.771118 -171.795242 1000.0
v 1838.918457 -172.393814 1000.0
v 1839.852051 -172.117081 1000.0
v 1837.972412 -172.624771 1000.0
v 1842.556885 -171.019348 1000.0
v 1841.673462 -171.429031 1000.0
v 1843.419434 -170.567139 1000.0
v 1844.258789 -170.073486 1000.0
v 1845.073242 -169.539566 1000.0
v 1845.860596 -168.966629 1000.0
v 1847.34729 -167.709244 1000.0
v 1846.619263 -168.356033 1000.0
v 1848.70459 -166.313278 1000.0
v 1848.042847 -167.027786 1000.0
v 1849.330688 -165.567398 1000.0
v 1849.919678 -164.791946 1000.0
v 1851.45105 -162.306702 1000.0
v 1850.470337 -163.988724 1000.0
v 1850.981079 -163.159653 1000.0
v 1851.878784 -161.4319 1000.0
v 1852.900146 -158.697266 1000.0
v 1852.26355 -160.537292 1000.0
v 1852.604248 -159.625031 1000.0
v 1853.150513 -157.756195 1000.0
v 1853.671631 -151.956863 1000.0
v 1853.686768 -153.903854 1000.0
v 1853.703003 -152.930176 1000.0
v 1853.623291 -154.875595 1000.0
v 1853.512573 -155.843094 1000.0
v 1853.354858 -156.804047 1000.0
v 1853.294678 -149.06218 1000.0
v 1853.593018 -150.986221 1000.0
v 1853.467285 -150.020569 1000.0
v 1853.075562 -148.113327 1000.0
v 1754.790039 -42.479889 1000.0
v 1794.340088 -182.34697 1000.0
v 1845.52124 -118.68161 1000.0
v 1799.403076 -32.194759 1000.0
v 1844.102051 -22.289841 1000.0
v 1888.578979 -109.491623 1000.0
v 1888.883789 -12.765858 1000.0
v 1931.713013 -100.666481 1000.0
v 1933.744995 -3.623496 1000.0
v 1974.920166 -92.206818 1000.0
v 1978.682373 5.136579 1000.0
v 2018.19751 -84.113235 1000.0
v 2023.692749 13.513734 1000.0
v 2061.541748 -76.386322 1000.0
v 2068.772705 21.50736 1000.0
v 2104.949707 -69.026627 1000.0
v 2113.919189 29.116879 1000.0
v 2148.418701 -62.034672 1000.0
v 2159.128906 36.34174 1000.0
v 2191.945068 -55.410965 1000.0
v 2204.398438 43.181416 1000.0
v 2235.526123 -49.155979 1000.0
v 2249.724609 49.635414 1000.0
v 2279.158447 -43.270161 1000.0
v 2295.104004 55.703266 1000.0
v 2322.839111 -37.753937 1000.0
v 2340.533447 61.384533 1000.0
v 2366.564941 -32.607697 1000.0
v 2386.009521 66.678802 1000.0
v 2410.332764 -27.831814 1000.0
v 2431.529053 71.585686 1000.0
v 2454.139404 -23.426626 1000.0
v 2477.088867 76.104828 1000.0
v 2497.981689 -19.392454 1000.0
v 2522.685303 80.235916 1000.0
v 2541.856689 -15.729585 1000.0
v 2568.31543 83.97863 1000.0
v 2585.760986 -12.438279 1000.0
v 2613.975586 87.33271 1000.0
v 2629.69165 -9.518775 1000.0
v 2659.662842 90.297913 1000.0
v 2673.645508 -6.971282 1000.0
v 2705.373535 92.874016 1000.0
v 2717.619385 -4.79598 1000.0
v 2751.104492 95.060844 1000.0
v 2761.609863 -2.993027 1000.0
v 2796.852539 96.858231 1000.0
v 2805.614258 -1.562553 1000.0
v 2842.614258 98.266052 1000.0
v 2849.62915 -0.504658 1000.0
v 2888.38623 99.284195 1000.0
v 2893.651367 0.18058 1000.0
v 2934.165039 99.91259 1000.0
v 2937.677734 0.493113 1000.0
v 2979.947754 100.151199 1000.0
v 2981.705322 0.432918 1000.0
v 3025.730713 100.0 1000.0
v 3303.935791 -41.913986 1000.0
v 3304.539795 -42.687866 1000.0
v 3305.180908 -43.431179 1000.0
v 3303.370605 -41.111404 1000.0
v 3305.85791 -44.142136 1000.0
v 3306.568848 -44.819023 1000.0
v 3311.448975 -48.079784 1000.0
v 3308.085938 -46.064152 1000.0
v 3308.888672 -46.629391 1000.0
v 3309.718018 -47.154572 1000.0
v 3310.572021 -47.638424 1000.0
v 3312.346436 -48.477592 1000.0
v 3307.312256 -45.460209 1000.0
v 3301.169189 -36.737797 1000.0
v 3301.522461 -37.653667 1000.0
v 3301.920166 -38.551102 1000.0
v 3302.361572 -39.427937 1000.0
v 3302.845459 -40.282055 1000.0
v 3300.861084 -35.805695 1000.0
v 3313.262207 -48.830883 1000.0
v 3314.194336 -49.138805 1000.0
v 3300.599365 -34.859604 1000.0
v 3316.098145 -49.615707 1000.0
v 3315.140381 -49.400623 1000.0
v 3317.06543 -49.783531 1000.0
v 3300.096191 -31.960342 1000.0
v 3300.216553 -32.934608 1000.0
v 3300.384277 -33.901806 1000.0
v 3318.039551 -49.903694 1000.0
v 3300.02417 -30.981354 1000.0
v 3319.018555 -49.97591 1000.0
v 3300.0 -30.0 1000.0
v 3320.0 -50.0 1000.0
v 3582.93457 -49.783531 1000.0
v 3580.981445 -49.97591 1000.0
v 3581.960449 -49.903694 1000.0
v 3580.0 -50.0 1000.0
v 3585.805664 -49.138805 1000.0
v 3583.901855 -49.615707 1000.0
v 3584.859619 -49.400623 1000.0
v 3586.737793 -48.830883 1000.0
v 3589.427979 -47.638424 1000.0
v 3587.653564 -48.477592 1000.0
v 3588.551025 -48.079784 1000.0
v 3591.111328 -46.629391 1000.0
v 3590.281982 -47.154572 1000.0
v 3591.914062 -46.064152 1000.0
v 3592.687744 -45.460209 1000.0
v 3596.629395 -41.111404 1000.0
v 3595.460205 -42.687866 1000.0
v 3596.064209 -41.913986 1000.0
v 3594.819092 -43.431179 1000.0
v 3594.14209 -44.142136 1000.0
v 3593.431152 -44.819023 1000.0
v 3597.638428 -39.427937 1000.0
v 3597.154541 -40.282055 1000.0
v 3598.477539 -37.653667 1000.0
v 3598.079834 -38.551102 1000.0
v 3598.830811 -36.737797 1000.0
v 3599.615723 -33.901806 1000.0
v 3599.138916 -35.805695 1000.0
v 3599.400635 -34.859604 1000.0
v 3599.97583 -30.981354 1000.0
v 3599.783447 -32.934608 1000.0
v 3599.903809 -31.960342 1000.0
v 3600.0 -30.0 1000.0
v 5003.936035 -41.913986 1000.0
v 5004.539551 -42.687866 1000.0
v 5005.181152 -43.431179 1000.0
v 5005.85791 -44.142136 1000.0
v 5008.888672 -46.629391 1000.0
v 5007.312012 -45.460209 1000.0
v 5008.085938 -46.064152 1000.0
v 5003.370605 -41.111404 1000.0
v 5002.845215 -40.282055 1000.0
v 5001.522461 -37.653667 1000.0
v 5001.92041 -38.551102 1000.0
v 5002.361816 -39.427937 1000.0
v 5012.346191 -48.477592 1000.0
v 5009.717773 -47.154572 1000.0
v 5010.572266 -47.638424 1000.0
v 5011.44873 -48.079784 1000.0
v 5001.168945 -36.737797 1000.0
v 5015.140625 -49.400623 1000.0
v 5013.262207 -48.830883 1000.0
v 5014.194336 -49.138805 1000.0
v 5017.06543 -49.783531 1000.0
v 5016.098145 -49.615707 1000.0
v 5000.096191 -31.960342 1000.0
v 5000.216309 -32.934608 1000.0
v 5000.384277 -33.901806 1000.0
v 5018.039551 -49.903694 1000.0
v 5000.023926 -30.981354 1000.0
v 5020.0 -50.0 1000.0
v 5019.018555 -49.97591 1000.0
v 5000.0 -30.0 1000.0
v 5000.599609 -34.859604 1000.0
v 5000.861328 -35.805695 1000.0
v 5006.568848 -44.819023 1000.0
v 5282.93457 -49.783531 1000.0
v 5280.981445 -49.97591 1000.0
v 5281.960449 -49.903694 1000.0
v 5280.0 -50.0 1000.0
v 5283.901855 -49.615707 1000.0
v 5285.805664 -49.138805 1000.0
v 5284.859375 -49.400623 1000.0
v 5287.653809 -48.477592 1000.0
v 5286.737793 -48.830883 1000.0
v 5288.55127 -48.079784 1000.0
v 5290.282227 -47.154572 1000.0
v 5289.427734 -47.638424 1000.0
v 5291.914062 -46.064152 1000.0
v 5291.111328 -46.629391 1000.0
v 5293.431152 -44.819023 1000.0
v 5292.687988 -45.460209 1000.0
v 5294.14209 -44.142136 1000.0
v 5294.818848 -43.431179 1000.0
v 5295.460449 -42.687866 1000.0
v 5296.063965 -41.913986 1000.0
v 5297.154785 -40.282055 1000.0
v 5296.629395 -41.111404 1000.0
v 5297.638184 -39.427937 1000.0
v 5298.831055 -36.737797 1000.0
v 5298.07959 -38.551102 1000.0
v 5298.477539 -37.653667 1000.0
v 5299.400391 -34.859604 1000.0
v 5299.138672 -35.805695 1000.0
v 5299.783691 -32.934608 1000.0
v 5299.615723 -33.901806 1000.0
v 5299.976074 -30.981354 1000.0
v 5299.903809 -31.960342 1000.0
v 5300.0 -30.0 1000.0
v 0.0 -720.11615 0.0
v 888.395142 -426.679749 0.0
v 0.0 -820.11615 0.0
v 885.505737 -326.679749 0.0
v 929.602173 -409.070862 0.0
v 927.730591 -308.983124 0.0
v 970.959351 -391.817688 0.0
v 970.104553 -291.646637 0.0
v 1012.463745 -374.921509 0.0
v 1012.624634 -274.671539 0.0
v 1054.112183 -358.383575 0.0
v 1055.28772 -258.059113 0.0
v 1095.901489 -342.205139 0.0
v 1098.090576 -241.810501 0.0
v 1137.828735 -326.38736 0.0
v 1141.030396 -225.926926 0.0
v 1179.890625 -310.931427 0.0
v 1184.10376 -210.4095 0.0
v 1222.084229 -295.838531 0.0
v 1227.307739 -195.259384 0.0
v 1264.40625 -281.109711 0.0
v 1270.63916 -180.477661 0.0
v 1306.853638 -266.746124 0.0
v 1314.094849 -166.065399 0.0
v 1349.423218 -252.74884 0.0
v 1357.671631 -152.023651 0.0
v 1392.111816 -239.118866 0.0
v 1401.366455 -138.353424 0.0
v 1434.91626 -225.857208 0.0
v 1445.176025 -125.055725 0.0
v 1477.833374 -212.96489 0.0
v 1489.09729 -112.131508 0.0
v 1520.859985 -200.442841 0.0
v 1533.126953 -99.581703 0.0
v 1563.99292 -188.291992 0.0
v 1577.261841 -87.407234 0.0
v 1607.229004 -176.513245 0.0
v 1621.498779 -75.608978 0.0
v 1650.564819 -165.107483 0.0
v 1665.834595 -64.187782 0.0
v 1693.997437 -154.075546 0.0
v 1710.266113 -53.144489 0.0
v 1737.523438 -143.418259 0.0
v 1754.790039 -42.479889 0.0
v 1781.139648 -133.136414 0.0
v 1799.403076 -32.194759 0.0
v 1824.842896 -123.230774 0.0
v 1844.102051 -22.289841 0.0
v 1868.629883 -113.702065 0.0
v 1888.883789 -12.765858 0.0
v 1912.497314 -104.551003 0.0
v 1933.744995 -3.623496 0.0
v 1956.441895 -95.778259 0.0
v 1978.682373 5.136579 0.0
v 2000.460571 -87.384491 0.0
v 2023.692749 13.513734 0.0
v 2044.549805 -79.370331 0.0
v 2068.772705 21.50736 0.0
v 2088.706543 -71.736359 0.0
v 2113.919189 29.116879 0.0
v 2132.92749 -64.483147 0.0
v 2159.128906 36.34174 0.0
v 2177.208984 -57.611233 0.0
v 2204.398438 43.181416 0.0
v 2221.54834 -51.121128 0.0
v 2249.724609 49.635414 0.0
v 2265.941895 -45.013317 0.0
v 2295.104004 55.703266 0.0
v 2310.386475 -39.28825 0.0
v 2340.533447 61.384533 0.0
v 2354.878662 -33.94635 0.0
v 2386.009521 66.678802 0.0
v 2399.415283 -28.988018 0.0
v 2431.529053 71.585686 0.0
v 2443.99292 -24.41362 0.0
v 2477.088867 76.104828 0.0
v 2488.608398 -20.223497 0.0
v 2522.685303 80.235916 0.0
v 2533.258057 -16.417957 0.0
v 2568.31543 83.97863 0.0
v 2577.939209 -12.997287 0.0
v 2613.975586 87.33271 0.0
v 2622.647949 -9.961738 0.0
v 2659.662842 90.297913 0.0
v 2667.381348 -7.311534 0.0
v 2705.373535 92.874016 0.0
v 2712.135742 -5.046875 0.0
v 2751.104492 95.060844 0.0
v 2756.908203 -3.167928 0.0
v 2796.852539 96.858231 0.0
v 2801.695068 -1.674832 0.0
v 2842.614258 98.266052 0.0
v 2846.493164 -0.567699 0.0
v 2888.38623 99.284195 0.0
v 2891.299072 0.153391 0.0
v 2934.165039 99.91259 0.0
v 2936.109375 0.488382 0.0
v 2979.947754 100.151199 0.0
v 2980.921143 0.437251 0.0
v 3025.730713 100.0 0.0
v 5300.0 -30.0 100.0
v 5005.85791 -44.142136 100.0
v 5005.181152 -43.431179 100.0
v 5006.568848 -44.819023 100.0
v 5007.312012 -45.460209 100.0
v 5008.888672 -46.629391 100.0
v 5008.085938 -46.064152 100.0
v 5003.936035 -41.913986 100.0
v 5003.370605 -41.111404 100.0
v 5004.539551 -42.687866 100.0
v 5010.572266 -47.638424 100.0
v 5009.717773 -47.154572 100.0
v 5002.845215 -40.282055 100.0
v 5002.361816 -39.427937 100.0
v 5011.44873 -48.079784 100.0
v 5001.92041 -38.551102 100.0
v 5001.522461 -37.653667 100.0
v 5001.168945 -36.737797 100.0
v 5014.194336 -49.138805 100.0
v 5012.346191 -48.477592 100.0
v 5013.262207 -48.830883 100.0
v 5000.861328 -35.805695 100.0
v 5000.599609 -34.859604 100.0
v 5016.098145 -49.615707 100.0
v 5015.140625 -49.400623 100.0
v 5000.384277 -33.901806 100.0
v 5000.216309 -32.934608 100.0
v 5017.06543 -49.783531 100.0
v 5000.096191 -31.960342 100.0
v 5019.018555 -49.97591 100.0
v 5018.039551 -49.903694 100.0
v 5000.023926 -30.981354 100.0
v 5000.0 -30.0 100.0
v 5020.0 -50.0 100.0
v 5280.0 -50.0 100.0
v 5281.960449 -49.903694 100.0
v 5280.981445 -49.97591 100.0
v 5282.93457 -49.783531 100.0
v 5284.859375 -49.400623 100.0
v 5283.901855 -49.615707 100.0
v 5286.737793 -48.830883 100.0
v 5288.55127 -48.079784 100.0
v 5287.653809 -48.477592 100.0
v 5285.805664 -49.138805 100.0
v 5289.427734 -47.638424 100.0
v 5291.111328 -46.629391 100.0
v 5290.282227 -47.154572 100.0
v 5291.914062 -46.064152 100.0
v 5293.431152 -44.819023 100.0
v 5292.687988 -45.460209 100.0
v 5294.14209 -44.142136 100.0
v 5295.460449 -42.687866 100.0
v 5294.818848 -43.431179 100.0
v 5296.629395 -41.111404 100.0
v 5296.063965 -41.913986 100.0
v 5297.154785 -40.282055 100.0
v 5297.638184 -39.427937 100.0
v 5298.477539 -37.653667 100.0
v 5298.07959 -38.551102 100.0
v 5298.831055 -36.737797 100.0
v 5299.400391 -34.859604 100.0
v 5299.138672 -35.805695 100.0
v 5299.615723 -33.901806 100.0
v 5299.783691 -32.934608 100.0
v 5299.976074 -30.981354 100.0
v 5299.903809 -31.960342 100.0
v 3600.0 -30.0 100.0
v 3305.180908 -43.431179 100.0
v 3304.539795 -42.687866 100.0
v 3305.85791 -44.142136 100.0
v 3307.312256 -45.460209 100.0
v 3306.568848 -44.819023 100.0
v 3303.935791 -41.913986 100.0
v 3303.370605 -41.111404 100.0
v 3310.572021 -47.638424 100.0
v 3308.085938 -46.064152 100.0
v 3308.888672 -46.629391 100.0
v 3309.718018 -47.154572 100.0
v 3302.845459 -40.282055 100.0
v 3302.361572 -39.427937 100.0
v 3301.920166 -38.551102 100.0
v 3312.346436 -48.477592 100.0
v 3311.448975 -48.079784 100.0
v 3301.522461 -37.653667 100.0
v 3301.169189 -36.737797 100.0
v 3314.194336 -49.138805 100.0
v 3313.262207 -48.830883 100.0
v 3300.861084 -35.805695 100.0
v 3316.098145 -49.615707 100.0
v 3315.140381 -49.400623 100.0
v 3300.599365 -34.859604 100.0
v 3300.384277 -33.901806 100.0
v 3300.216553 -32.934608 100.0
v 3300.096191 -31.960342 100.0
v 3319.018555 -49.97591 100.0
v 3317.06543 -49.783531 100.0
v 3318.039551 -49.903694 100.0
v 3300.0 -30.0 100.0
v 3300.02417 -30.981354 100.0
v 3320.0 -50.0 100.0
v 3582.93457 -49.783531 100.0
v 3584.859619 -49.400623 100.0
v 3583.901855 -49.615707 100.0
v 3581.960449 -49.903694 100.0
v 3586.737793 -48.830883 100.0
v 3585.805664 -49.138805 100.0
v 3580.981445 -49.97591 100.0
v 3588.551025 -48.079784 100.0
v 3587.653564 -48.477592 100.0
v 3589.427979 -47.638424 100.0
v 3591.111328 -46.629391 100.0
v 3590.281982 -47.154572 100.0
v 3591.914062 -46.064152 100.0
v 3593.431152 -44.819023 100.0
v 3592.687744 -45.460209 100.0
v 3594.14209 -44.142136 100.0
v 3595.460205 -42.687866 100.0
v 3594.819092 -43.431179 100.0
v 3596.629395 -41.111404 100.0
v 3596.064209 -41.913986 100.0
v 3597.154541 -40.282055 100.0
v 3580.0 -50.0 100.0
v 3598.079834 -38.551102 100.0
v 3597.638428 -39.427937 100.0
v 3598.477539 -37.653667 100.0
v 3598.830811 -36.737797 100.0
v 3599.400635 -34.859604 100.0
v 3599.138916 -35.805695 100.0
v 3599.783447 -32.934608 100.0
v 3599.615723 -33.901806 100.0
v 3599.903809 -31.960342 100.0
v 3599.97583 -30.981354 100.0
v 1845.52124 -118.68161 100.0
v 1802.455078 -128.255692 100.0
v 1759.471558 -138.194748 100.0
v 1716.573975 -148.498077 100.0
v 1673.765381 -159.164948 100.0
v 1631.048828 -170.19458 100.0
v 1588.427368 -181.586182 100.0
v 1545.904053 -193.338928 100.0
v 0.000464 -820.117188 100.0
v 0.000465 -839.306763 100.0
v 0.025212 -840.301392 100.0
v 0.099393 -841.293579 100.0
v 0.222822 -842.280823 100.0
v 0.395196 -843.260681 100.0
v 0.616087 -844.230774 100.0
v 0.884949 -845.188721 100.0
v 1.201116 -846.13208 100.0
v 1.563806 -847.058533 100.0
v 1.972122 -847.96582 100.0
v 2.425052 -848.851685 100.0
v 2.921477 -849.713928 100.0
v 3.460167 -850.550354 100.0
v 4.03979 -851.359009 100.0
v 4.658911 -852.137878 100.0
v 5.315998 -852.884949 100.0
v 6.009425 -853.598389 100.0
v 6.737475 -854.27655 100.0
v 7.498348 -854.917603 100.0
v 8.290159 -855.52002 100.0
v 9.11095 -856.082336 100.0
v 9.958691 -856.603088 100.0
v 10.831281 -857.081116 100.0
v 11.726562 -857.515076 100.0
v 12.642319 -857.904053 100.0
v 13.576285 -858.246948 100.0
v 14.52615 -858.542969 100.0
v 15.489561 -858.791443 100.0
v 16.464136 -858.991638 100.0
v 17.447462 -859.143188 100.0
v 18.437105 -859.245605 100.0
v 19.430618 -859.298645 100.0
v 20.425543 -859.302246 100.0
v 21.419413 -859.256409 100.0
v 22.409773 -859.161133 100.0
v 23.394171 -859.016724 100.0
v 24.370169 -858.823608 100.0
v 25.335354 -858.582153 100.0
v 26.287338 -858.292969 100.0
v 27.223763 -857.956848 100.0
v 28.142311 -857.574524 100.0
v 262.233978 -753.240967 100.0
v 274.091797 -735.089844 100.0
v 274.061188 -736.08551 100.0
v 273.981018 -737.07843 100.0
v 273.851532 -738.066162 100.0
v 273.673004 -739.046204 100.0
v 273.445923 -740.016113 100.0
v 273.170807 -740.973511 100.0
v 272.848389 -741.916077 100.0
v 272.479431 -742.84137 100.0
v 272.06485 -743.747131 100.0
v 271.605682 -744.631165 100.0
v 271.103058 -745.491211 100.0
v 270.558228 -746.325195 100.0
v 269.972565 -747.130981 100.0
v 269.347504 -747.906616 100.0
v 268.684601 -748.650208 100.0
v 267.985504 -749.359802 100.0
v 267.251923 -750.033752 100.0
v 266.485687 -750.670349 100.0
v 265.688721 -751.268005 100.0
v 264.862976 -751.825195 100.0
v 264.010529 -752.340576 100.0
v 263.133453 -752.812927 100.0
v 274.304321 -698.637207 100.0
v 1552.797607 -221.773315 100.0
v 1553.057007 -222.737534 100.0
v 1553.364258 -223.687607 100.0
v 1553.718506 -224.621155 100.0
v 1554.118896 -225.535858 100.0
v 1554.564453 -226.429443 100.0
v 1555.054077 -227.299683 100.0
v 1555.586548 -228.144394 100.0
v 1556.1604 -228.961487 100.0
v 1556.774414 -229.748917 100.0
v 1557.42688 -230.504715 100.0
v 1558.116333 -231.227005 100.0
v 1558.840942 -231.913986 100.0
v 1559.598999 -232.56395 100.0
v 1560.388428 -233.175262 100.0
v 1561.20752 -233.746429 100.0
v 1562.053955 -234.275986 100.0
v 1562.925903 -234.76265 100.0
v 1563.820923 -235.205185 100.0
v 1564.736938 -235.602493 100.0
v 1565.671753 -235.953583 100.0
v 1566.622803 -236.257584 100.0
v 1567.587891 -236.513748 100.0
v 1568.564575 -236.72142 100.0
v 1569.550415 -236.880081 100.0
v 1570.542969 -236.989349 100.0
v 1571.539673 -237.048935 100.0
v 1572.538086 -237.058716 100.0
v 1573.535767 -237.018646 100.0
v 1574.530273 -236.928833 100.0
v 1575.519043 -236.78949 100.0
v 1576.499512 -236.600983 100.0
v 1577.469482 -236.363754 100.0
v 1794.340088 -182.34697 100.0
v 1837.972412 -172.624771 100.0
v 1750.789795 -192.430511 100.0
v 1707.324707 -202.87468 100.0
v 1663.94751 -213.678787 100.0
v 1620.661499 -224.842072 100.0
v 1853.075562 -148.113327 100.0
v 1853.294678 -149.06218 100.0
v 1853.467285 -150.020569 100.0
v 1853.593018 -150.986221 100.0
v 1853.671631 -151.956863 100.0
v 1853.703003 -152.930176 100.0
v 1853.686768 -153.903854 100.0
v 1853.623291 -154.875595 100.0
v 1853.512573 -155.843094 100.0
v 1853.354858 -156.804047 100.0
v 1853.150513 -157.756195 100.0
v 1852.900146 -158.697266 100.0
v 1852.604248 -159.625031 100.0
v 1852.26355 -160.537292 100.0
v 1851.878784 -161.4319 100.0
v 1851.45105 -162.306702 100.0
v 1850.981079 -163.159653 100.0
v 1850.470337 -163.988724 100.0
v 1849.919678 -164.791946 100.0
v 1849.330688 -165.567398 100.0
v 1848.70459 -166.313278 100.0
v 1848.042847 -167.027786 100.0
v 1847.34729 -167.709244 100.0
v 1846.619263 -168.356033 100.0
v 1845.860596 -168.966629 100.0
v 1845.073242 -169.539566 100.0
v 1844.258789 -170.073486 100.0
v 1843.419434 -170.567139 100.0
v 1842.556885 -171.019348 100.0
v 1841.673462 -171.429031 100.0
v 1840.771118 -171.795242 100.0
v 1839.852051 -172.117081 100.0
v 1838.918457 -172.393814 100.0
vn 0.0 0.0 -1.0
vn 0.0 0.0 -1.0
vn 0.0 0.0 -1.0
vn 0.0 0.0 -1.0
vn 0.0 0.0 -1.0
vn 0.0 0.0 -1.0
vn 0.0 0.0 -1.0
vn 0.0 0.0 -1.0
vn 0.0 0.0 -1.0
vn 0.0 0.0 -1.0
vn 0.0 0.0 -1.0
vn 0.0 0.0 -1.0
vn 0.0 0.0 -1.0
vn 0.0 0.0 -1.0
vn 0.0 0.0 -1.0
vn 0.0 0.0 -1.0
vn 0.0 0.0 -1.0
vn 0.0 0.0 -1.0
vn 0.0 0.0 -1.0
vn 0.0 0.0 -1.0
vn 0.0 0.0 -1.0
vn 0.0 0.0 -1.0
vn 0.0 0.0 -1.0
vn 0.0 0.0 -1.0
vn 0.0 0.0 -1.0
vn 0.0 0.0 -1.0
vn 0.0 0.0 -1.0
vn 0.0 0.0 -1.0
vn 0.0 0.0 -1.0
vn 0.0 0.0 -1.0
vn 0.0 0.0 -1.0
vn 0.0 0.0 -1.0
vn 0.0 0.0 -1.0
vn 0.0 0.0 -1.0
vn 0.0 0.0 -1.0
vn 0.0 0.0 -1.0
vn 0.0 0.0 -1.0
vn 0.0 0.0 -1.0
vn 0.0 0.0 -1.0
vn 0.0 0.0 -1.0
vn 0.0 0.0 -1.0
vn 0.0 0.0 -1.0
vn 0.0 0.0 -1.0
vn 0.0 0.0 -1.0
vn 0.0 0.0 -1.0
vn 0.0 0.0 -1.0
vn 0.0 0.0 -1.0
vn 0.0 0.0 -1.0
vn 0.0 0.0 -1.0
vn 0.0 0.0 -1.0
vn 0.0 0.0 -1.0
vn 0.0 0.0 -1.0
vn 0.0 0.0 -1.0
vn 0.0 0.0 -1.0
vn 0.0 0.0 -1.0
vn 0.0 0.0 -1.0
vn 0.0 0.0 -1.0
vn 0.0 0.0 -1.0
vn 0.0 0.0 -1.0
vn 0.0 0.0 -1.0
vn 0.0 0.0 -1.0
vn 0.0 0.0 -1.0
vn 0.0 0.0 -1.0
vn 0.0 0.0 -1.0
vn 0.0 0.0 -1.0
vn 0.0 0.0 -1.0
vn -1.0 0.0 0.0
vn -1.0 -0.0 0.0
vn -0.999703 -0.024373 -0.0
vn -0.999703 -0.024373 0.0
vn -0.997287 -0.073616 -0.0
vn -0.997287 -0.073616 0.0
vn -0.992485 -0.122363 -0.0
vn -0.992485 -0.122363 0.0
vn -0.985253 -0.171104 -0.0
vn -0.985253 -0.171104 0.0
vn -0.975647 -0.219345 -0.0
vn -0.975647 -0.219345 0.0
vn -0.963802 -0.266618 -0.0
vn -0.963802 -0.266618 0.0
vn -0.949621 -0.313399 -0.0
vn -0.949621 -0.313399 0.0
vn -0.932916 -0.360095 -0.0
vn -0.932916 -0.360095 0.0
vn -0.914155 -0.405364 0.0
vn -0.914155 -0.405364 -0.0
vn -0.893206 -0.449648 -0.0
vn -0.893206 -0.449648 -0.0
vn -0.870285 -0.492548 0.0
vn -0.870285 -0.492548 -0.0
vn -0.844756 -0.535151 -0.0
vn -0.844756 -0.535151 0.0
vn -0.817495 -0.575936 -0.0
vn -0.817495 -0.575936 0.0
vn -0.788557 -0.614962 -0.0
vn -0.788557 -0.614962 0.0
vn -0.757 -0.653415 -0.0
vn -0.757 -0.653415 0.0
vn -0.724313 -0.689472 -0.0
vn -0.724313 -0.689472 0.0
vn -0.689551 -0.724238 -0.0
vn -0.689551 -0.724238 0.0
vn -0.653248 -0.757144 -0.0
vn -0.61521 -0.788364 -0.0
vn -0.653248 -0.757144 0.0
vn -0.61521 -0.788364 -0.0
vn -0.575733 -0.817638 -0.0
vn -0.575733 -0.817638 0.0
vn -0.535113 -0.844781 -0.0
vn -0.492735 -0.870179 -0.0
vn -0.535113 -0.844781 0.0
vn -0.449762 -0.893148 -0.0
vn -0.492735 -0.870179 -0.0
vn -0.449762 -0.893148 -0.0
vn -0.405234 -0.914213 -0.0
vn -0.359846 -0.933012 -0.0
vn -0.405234 -0.914213 0.0
vn -0.313671 -0.949532 -0.0
vn -0.359846 -0.933012 -0.0
vn -0.26666 -0.963791 -0.0
vn -0.313671 -0.949532 -0.0
vn -0.26666 -0.963791 -0.0
vn -0.219165 -0.975688 -0.0
vn -0.170946 -0.98528 -0.0
vn -0.219165 -0.975688 0.0
vn -0.170946 -0.98528 -0.0
vn -0.122427 -0.992478 -0.0
vn -0.122427 -0.992478 0.0
vn -0.073565 -0.99729 -0.0
vn -0.073565 -0.99729 0.0
vn -0.024538 -0.999699 -0.0
vn -0.024538 -0.999699 0.0
vn -0.0 -1.0 0.0
vn -0.0 -1.0 0.0
vn 0.0 -1.0 -0.0
vn 0.0 -1.0 0.0
vn 0.0 -1.0 0.0
vn 0.0 -1.0 0.0
vn 0.0 -1.0 0.0
vn 0.0 -1.0 0.0
vn -0.0 -1.0 -0.0
vn 0.0 -1.0 0.0
vn 0.0 -1.0 0.0
vn 0.0 -1.0 0.0
vn 0.0 -1.0 0.0
vn 0.0 -1.0 0.0
vn 1.0 0.0 0.0
vn 1.0 0.0 0.0
vn 1.0 0.0 0.0
vn 1.0 -0.0 0.0
vn 0.024538 -0.999699 0.0
vn 0.024538 -0.999699 0.0
vn 0.073565 -0.99729 0.0
vn 0.073565 -0.99729 0.0
vn 0.122427 -0.992478 0.0
vn 0.122427 -0.992478 0.0
vn 0.170946 -0.98528 0.0
vn 0.219165 -0.975688 0.0
vn 0.170946 -0.98528 0.0
vn 0.219165 -0.975688 0.0
vn 0.26666 -0.963791 0.0
vn 0.313671 -0.949532 0.0
vn 0.26666 -0.963791 0.0
vn 0.313671 -0.949532 0.0
vn 0.359846 -0.933012 0.0
vn 0.359846 -0.933012 0.0
vn 0.405234 -0.914213 0.0
vn 0.405234 -0.914213 0.0
vn 0.449762 -0.893148 0.0
vn 0.492735 -0.870179 0.0
vn 0.449762 -0.893148 0.0
vn 0.492735 -0.870179 0.0
vn 0.535113 -0.844781 0.0
vn 0.535113 -0.844781 0.0
vn 0.575733 -0.817638 0.0
vn 0.61521 -0.788364 0.0
vn 0.575733 -0.817638 0.0
vn 0.61521 -0.788364 0.0
vn 0.653248 -0.757144 0.0
vn 0.653248 -0.757144 0.0
vn 0.689551 -0.724238 0.0
vn 0.724313 -0.689472 0.0
vn 0.689551 -0.724238 0.0
vn 0.724313 -0.689472 0.0
vn 0.757 -0.653415 0.0
vn 0.757 -0.653415 0.0
vn 0.788557 -0.614962 0.0
vn 0.788557 -0.614962 0.0
vn 0.817495 -0.575936 0.0
vn 0.817495 -0.575936 0.0
vn 0.844756 -0.535151 0.0
vn 0.844756 -0.535151 0.0
vn 0.870285 -0.492548 0.0
vn 0.870285 -0.492548 0.0
vn 0.893206 -0.449648 0.0
vn 0.893206 -0.449648 0.0
vn 0.914155 -0.405364 0.0
vn 0.914155 -0.405364 0.0
vn 0.932916 -0.360095 0.0
vn 0.932916 -0.360095 0.0
vn 0.949621 -0.313399 0.0
vn 0.963802 -0.266618 0.0
vn 0.949621 -0.313399 0.0
vn 0.975647 -0.219345 0.0
vn 0.963802 -0.266618 0.0
vn 0.975647 -0.219345 0.0
vn 0.985253 -0.171104 0.0
vn 0.985253 -0.171104 0.0
vn 0.992485 -0.122363 0.0
vn 0.992485 -0.122363 0.0
vn 0.997287 -0.073616 0.0
vn 0.997287 -0.073616 0.0
vn 0.999703 -0.024373 0.0
vn 0.999703 -0.024373 0.0
vn 0.0 0.0 1.0
vn 0.0 0.0 1.0
vn 0.0 0.0 1.0
vn 0.0 0.0 1.0
vn 0.0 0.0 1.0
vn 0.0 0.0 1.0
vn 0.0 0.0 1.0
vn 0.0 0.0 1.0
vn 0.0 0.0 1.0
vn 0.0 0.0 1.0
vn 0.0 0.0 1.0
vn 0.0 0.0 1.0
vn 0.0 0.0 1.0
vn 0.0 0.0 1.0
vn 0.0 0.0 1.0
vn 0.0 0.0 1.0
vn 0.0 0.0 1.0
vn 0.0 0.0 1.0
vn 0.0 0.0 1.0
vn 0.0 0.0 1.0
vn 0.0 0.0 1.0
vn 0.0 0.0 1.0
vn 0.0 0.0 1.0
vn 0.0 0.0 1.0
vn 0.0 0.0 1.0
vn 0.0 0.0 1.0
vn 0.0 0.0 1.0
vn 0.0 0.0 1.0
vn 0.0 0.0 1.0
vn 0.0 0.0 1.0
vn 0.0 0.0 1.0
vn 0.0 0.0 1.0
vn 0.0 0.0 1.0
vn 0.0 0.0 1.0
vn 0.0 0.0 1.0
vn 0.0 0.0 1.0
vn 0.0 0.0 1.0
vn 0.0 0.0 1.0
vn 0.0 0.0 1.0
vn 0.0 0.0 1.0
vn 0.0 0.0 1.0
vn 0.0 0.0 1.0
vn 0.0 0.0 1.0
vn 0.0 0.0 1.0
vn 0.0 0.0 1.0
vn 0.0 0.0 1.0
vn 0.0 0.0 1.0
vn 0.0 0.0 1.0
vn 0.0 0.0 1.0
vn 0.0 0.0 1.0
vn 0.0 0.0 1.0
vn 0.0 0.0 1.0
vn 0.0 0.0 1.0
vn 0.0 0.0 1.0
vn 0.0 0.0 1.0
vn 0.0 0.0 1.0
vn 0.0 0.0 1.0
vn 0.0 0.0 1.0
vn 0.0 0.0 1.0
vn 0.0 0.0 1.0
vn 0.0 0.0 1.0
vn 0.0 0.0 1.0
vn 0.0 0.0 1.0
vn 0.0 0.0 1.0
vn 0.0 0.0 1.0
vn 0.0 0.0 1.0
vn 0.0 0.0 1.0
vn 0.0 0.0 1.0
vn 0.0 0.0 1.0
vn 0.0 0.0 1.0
vn 0.0 0.0 1.0
vn 0.0 0.0 1.0
vn 0.0 0.0 1.0
vn 0.0 0.0 1.0
vn 0.0 0.0 1.0
vn 0.0 0.0 1.0
vn 0.0 0.0 1.0
vn 0.0 0.0 1.0
vn 0.0 0.0 1.0
vn 0.0 0.0 1.0
vn 0.0 0.0 1.0
vn 0.0 0.0 1.0
vn 0.0 0.0 1.0
vn 0.0 0.0 1.0
vn 0.0 0.0 1.0
vn 0.0 0.0 1.0
vn 0.0 0.0 1.0
vn 0.0 0.0 1.0
vn 0.0 0.0 1.0
vn 0.0 0.0 1.0
vn 0.0 0.0 1.0
vn 0.0 0.0 1.0
vn 0.0 0.0 1.0
vn 0.0 0.0 1.0
vn 0.0 0.0 1.0
vn 0.0 0.0 1.0
vn 0.0 0.0 1.0
vn 0.0 0.0 1.0
vn 0.0 0.0 1.0
vn 0.0 0.0 1.0
vn 0.0 0.0 1.0
vn 0.0 0.0 1.0
vn 0.0 0.0 1.0
vn 0.0 0.0 1.0
vn 0.0 0.0 1.0
vn 0.0 0.0 1.0
vn 0.0 0.0 1.0
vn 0.0 0.0 1.0
vn 0.0 0.0 1.0
vn 0.0 0.0 1.0
vn 0.0 0.0 1.0
vn 0.0 0.0 1.0
vn 0.0 0.0 1.0
vn 0.0 0.0 1.0
vn 0.0 0.0 1.0
vn 0.0 0.0 1.0
vn 0.0 0.0 1.0
vn 0.0 0.0 1.0
vn 0.0 0.0 1.0
vn 0.0 0.0 1.0
vn 0.0 0.0 1.0
vn 0.0 0.0 1.0
vn 0.0 0.0 1.0
vn 0.0 0.0 1.0
vn 0.0 0.0 1.0
vn 0.0 0.0 1.0
vn 0.0 0.0 1.0
vn 0.0 0.0 1.0
vn 0.0 0.0 1.0
vn 0.0 0.0 1.0
vn 0.0 0.0 1.0
vn 0.0 0.0 1.0
vn 0.0 0.0 1.0
vn 0.0 0.0 1.0
vn 0.0 0.0 1.0
vn 0.0 0.0 1.0
vn 0.0 0.0 1.0
vn 0.0 0.0 1.0
vn 0.0 0.0 1.0
vn 0.0 0.0 1.0
vn 0.0 0.0 1.0
vn 0.0 0.0 1.0
vn 0.0 0.0 1.0
vn 0.0 0.0 1.0
vn 0.0 0.0 1.0
vn 0.0 0.0 1.0
vn 0.0 0.0 1.0
vn 0.0 0.0 1.0
vn 0.0 0.0 1.0
vn 0.0 0.0 1.0
vn 0.0 0.0 1.0
vn 0.0 0.0 1.0
vn 0.0 0.0 1.0
vn 0.0 0.0 1.0
vn 0.0 0.0 1.0
vn 0.0 0.0 1.0
vn 0.0 0.0 1.0
vn 0.0 0.0 1.0
vn 0.0 0.0 1.0
vn 0.0 0.0 1.0
vn 0.0 0.0 1.0
vn 0.0 0.0 1.0
vn 0.0 0.0 1.0
vn 0.0 0.0 1.0
vn 0.0 0.0 1.0
vn 0.0 0.0 1.0
vn 0.0 0.0 1.0
vn 0.0 0.0 1.0
vn 0.0 0.0 1.0
vn 0.0 0.0 1.0
vn 0.0 0.0 1.0
vn 0.0 0.0 1.0
vn 0.0 0.0 1.0
vn 0.0 0.0 1.0
vn 0.0 0.0 1.0
vn 0.0 0.0 1.0
vn 0.0 0.0 1.0
vn 0.0 0.0 1.0
vn 0.0 0.0 1.0
vn 0.0 0.0 1.0
vn 0.0 0.0 1.0
vn 0.0 0.0 1.0
vn 0.0 0.0 1.0
vn 0.0 0.0 1.0
vn 0.0 0.0 1.0
vn 0.0 0.0 1.0
vn 0.0 0.0 1.0
vn 0.0 0.0 1.0
vn 0.0 0.0 1.0
vn 0.0 0.0 1.0
vn 0.0 0.0 1.0
vn 0.0 0.0 1.0
vn 0.0 0.0 1.0
vn 0.0 0.0 1.0
vn 0.0 0.0 1.0
vn 0.0 0.0 1.0
vn 0.0 0.0 1.0
vn 0.0 0.0 1.0
vn 0.0 0.0 1.0
vn 0.0 0.0 1.0
vn 0.0 0.0 1.0
vn 0.0 0.0 1.0
vn 0.0 0.0 1.0
vn 0.0 0.0 1.0
vn 0.0 0.0 1.0
vn 0.0 0.0 1.0
vn 0.0 0.0 1.0
vn 0.0 0.0 1.0
vn 0.0 0.0 1.0
vn 0.0 0.0 1.0
vn 0.0 0.0 1.0
vn 0.0 0.0 1.0
vn 0.0 0.0 1.0
vn 0.0 0.0 1.0
vn 0.0 0.0 1.0
vn 0.0 0.0 1.0
vn 0.0 0.0 1.0
vn 0.0 0.0 1.0
vn 0.0 0.0 1.0
vn 0.0 0.0 1.0
vn 0.0 0.0 1.0
vn 0.0 0.0 1.0
vn 0.0 0.0 1.0
vn 0.0 0.0 1.0
vn 0.0 0.0 1.0
vn 0.0 0.0 1.0
vn 0.0 0.0 1.0
vn 0.0 0.0 1.0
vn 0.0 0.0 1.0
vn 0.0 0.0 1.0
vn 0.0 0.0 1.0
vn 0.0 0.0 1.0
vn 0.0 0.0 1.0
vn 0.0 0.0 1.0
vn 0.0 0.0 1.0
vn 0.0 0.0 1.0
vn 0.0 0.0 1.0
vn 0.0 0.0 1.0
vn 0.0 0.0 1.0
vn 0.0 0.0 1.0
vn 0.0 0.0 1.0
vn 0.0 0.0 1.0
vn 0.0 0.0 1.0
vn 0.0 0.0 1.0
vn 0.0 0.0 1.0
vn 0.0 0.0 1.0
vn 0.0 0.0 1.0
vn 0.0 0.0 1.0
vn 0.0 0.0 1.0
vn 0.0 0.0 1.0
vn 0.0 0.0 1.0
vn 0.0 0.0 1.0
vn 0.0 0.0 1.0
vn 0.0 0.0 1.0
vn 0.0 0.0 1.0
vn 0.0 0.0 1.0
vn 0.0 0.0 1.0
vn 0.0 0.0 1.0
vn 0.0 0.0 1.0
vn 0.0 0.0 1.0
vn 0.0 0.0 1.0
vn 0.0 0.0 1.0
vn 0.0 0.0 1.0
vn 0.0 0.0 1.0
vn 0.0 0.0 1.0
vn 0.0 0.0 1.0
vn 0.0 0.0 1.0
vn 0.0 0.0 1.0
vn 0.0 0.0 1.0
vn 0.0 0.0 1.0
vn 0.0 0.0 1.0
vn 0.0 0.0 1.0
vn 0.0 0.0 1.0
vn 0.0 0.0 1.0
vn 0.0 0.0 1.0
vn 0.0 0.0 1.0
vn 0.0 0.0 1.0
vn 0.0 0.0 1.0
vn 0.0 0.0 1.0
vn 0.0 0.0 1.0
vn 0.0 0.0 1.0
vn 0.0 0.0 1.0
vn 0.0 0.0 1.0
vn 0.0 0.0 1.0
vn 0.0 0.0 1.0
vn 0.0 0.0 1.0
vn 0.0 0.0 1.0
vn 0.0 0.0 1.0
vn 0.0 0.0 1.0
vn 0.0 0.0 1.0
vn 0.0 0.0 1.0
vn 0.0 0.0 1.0
vn 0.0 0.0 1.0
vn 0.0 0.0 1.0
vn 0.0 0.0 1.0
vn 0.0 0.0 1.0
vn 0.0 0.0 1.0
vn 0.0 0.0 1.0
vn 0.0 0.0 1.0
vn 0.0 0.0 1.0
vn 0.0 0.0 1.0
vn 0.0 0.0 1.0
vn 0.0 0.0 1.0
vn 0.0 0.0 1.0
vn 0.0 0.0 1.0
vn 0.0 0.0 1.0
vn 0.0 0.0 1.0
vn 0.0 0.0 1.0
vn 0.0 0.0 1.0
vn 0.0 0.0 1.0
vn 0.0 0.0 1.0
vn 0.0 0.0 1.0
vn 0.0 0.0 1.0
vn 0.0 0.0 1.0
vn 0.0 0.0 1.0
vn 0.0 0.0 1.0
vn 0.0 0.0 1.0
vn 0.0 0.0 1.0
vn 0.0 0.0 1.0
vn 0.0 0.0 1.0
vn 0.0 0.0 1.0
vn 0.0 0.0 1.0
vn 0.0 0.0 1.0
vn 0.0 0.0 1.0
vn 0.0 0.0 1.0
vn 0.0 0.0 1.0
vn 0.0 0.0 1.0
vn 0.0 0.0 1.0
vn 0.0 0.0 1.0
vn 0.0 0.0 1.0
vn 0.0 0.0 1.0
vn 0.0 0.0 1.0
vn 0.0 0.0 1.0
vn 0.0 0.0 1.0
vn 0.0 0.0 1.0
vn 0.0 0.0 1.0
vn 0.0 0.0 1.0
vn 0.0 0.0 1.0
vn 0.0 0.0 1.0
vn 0.0 0.0 1.0
vn 0.0 0.0 1.0
vn 0.0 0.0 1.0
vn 0.0 0.0 1.0
vn 0.0 0.0 1.0
vn 0.0 0.0 1.0
vn 0.0 0.0 1.0
vn 0.0 0.0 1.0
vn 0.0 0.0 1.0
vn 0.0 0.0 1.0
vn 0.0 0.0 1.0
vn 0.0 0.0 1.0
vn 0.0 0.0 1.0
vn 0.0 0.0 1.0
vn 0.0 0.0 1.0
vn 0.0 0.0 1.0
vn 0.0 0.0 1.0
vn 0.0 0.0 1.0
vn 0.0 0.0 1.0
vn 0.0 0.0 1.0
vn 0.0 0.0 1.0
vn 0.0 0.0 1.0
vn 0.0 0.0 1.0
vn 0.0 0.0 1.0
vn 0.0 0.0 1.0
vn 0.0 0.0 1.0
vn 0.0 0.0 1.0
vn 0.0 0.0 1.0
vn 0.0 0.0 1.0
vn 0.0 0.0 1.0
vn 0.0 0.0 1.0
vn 0.0 0.0 1.0
vn 0.0 0.0 1.0
vn 0.0 0.0 1.0
vn 0.0 0.0 1.0
vn 0.0 0.0 1.0
vn 0.0 0.0 1.0
vn 0.0 0.0 1.0
vn 0.0 0.0 1.0
vn 0.0 0.0 1.0
vn 0.0 0.0 1.0
vn 0.0 0.0 1.0
vn 0.0 0.0 1.0
vn 0.0 0.0 1.0
vn 0.0 0.0 1.0
vn 0.0 0.0 1.0
vn 0.0 0.0 1.0
vn 0.0 0.0 1.0
vn 0.0 0.0 1.0
vn 0.0 0.0 1.0
vn 0.0 0.0 1.0
vn 0.0 0.0 1.0
vn 0.0 0.0 1.0
vn 0.0 0.0 1.0
vn 0.0 0.0 1.0
vn 0.0 0.0 1.0
vn 0.0 0.0 1.0
vn 0.0 0.0 1.0
vn 0.0 0.0 1.0
vn 0.0 0.0 1.0
vn 0.0 0.0 1.0
vn 0.0 0.0 1.0
vn 0.0 0.0 1.0
vn 0.0 0.0 1.0
vn 0.0 0.0 1.0
vn 0.0 0.0 1.0
vn 0.0 0.0 1.0
vn 0.0 0.0 1.0
vn 0.0 0.0 1.0
vn 0.0 0.0 1.0
vn 0.0 0.0 1.0
vn 0.0 0.0 1.0
vn 0.0 0.0 1.0
vn 0.0 0.0 1.0
vn 0.0 0.0 1.0
vn 0.0 0.0 1.0
vn 0.0 0.0 1.0
vn 0.0 0.0 1.0
vn 0.0 0.0 1.0
vn 0.0 0.0 1.0
vn 0.0 0.0 1.0
vn 0.0 0.0 1.0
vn 0.0 0.0 1.0
vn 0.0 0.0 1.0
vn 0.0 0.0 1.0
vn 0.0 0.0 1.0
vn 0.0 0.0 1.0
vn 0.0 0.0 1.0
vn 0.0 0.0 1.0
vn 0.0 0.0 1.0
vn 0.0 0.0 1.0
vn 0.0 0.0 1.0
vn 0.0 0.0 1.0
vn 0.0 0.0 1.0
vn 0.0 0.0 1.0
vn 0.0 0.0 1.0
vn 0.0 0.0 1.0
vn 0.0 0.0 -1.0
vn 0.0 0.0 -1.0
vn 0.0 0.0 -1.0
vn 0.0 0.0 -1.0
vn 0.0 0.0 -1.0
vn 0.0 0.0 -1.0
vn 0.0 0.0 -1.0
vn 0.0 0.0 -1.0
vn 0.0 0.0 -1.0
vn 0.0 0.0 -1.0
vn 0.0 0.0 -1.0
vn 0.0 0.0 -1.0
vn 0.0 0.0 -1.0
vn 0.0 0.0 -1.0
vn 0.0 0.0 -1.0
vn 0.0 0.0 -1.0
vn 0.0 0.0 -1.0
vn 0.0 0.0 -1.0
vn 0.0 0.0 -1.0
vn 0.0 0.0 -1.0
vn 0.0 0.0 -1.0
vn 0.0 0.0 -1.0
vn 0.0 0.0 -1.0
vn 0.0 0.0 -1.0
vn 0.0 0.0 -1.0
vn 0.0 0.0 -1.0
vn 0.0 0.0 -1.0
vn 0.0 0.0 -1.0
vn 0.0 0.0 -1.0
vn 0.0 0.0 -1.0
vn 0.0 0.0 -1.0
vn 0.0 0.0 -1.0
vn 0.0 0.0 -1.0
vn 0.0 0.0 -1.0
vn 0.0 0.0 -1.0
vn 0.0 0.0 -1.0
vn 0.0 0.0 -1.0
vn 0.0 0.0 -1.0
vn 0.0 0.0 -1.0
vn 0.0 0.0 -1.0
vn 0.0 0.0 -1.0
vn 0.0 0.0 -1.0
vn 0.0 0.0 -1.0
vn 0.0 0.0 -1.0
vn 0.0 0.0 -1.0
vn 0.0 0.0 -1.0
vn 0.0 0.0 -1.0
vn 0.0 0.0 -1.0
vn 0.0 0.0 -1.0
vn 0.0 0.0 -1.0
vn 0.0 0.0 -1.0
vn 0.0 0.0 -1.0
vn 0.0 0.0 -1.0
vn 0.0 0.0 -1.0
vn 0.0 0.0 -1.0
vn 0.0 0.0 -1.0
vn 0.0 0.0 -1.0
vn 0.0 0.0 -1.0
vn 0.0 0.0 -1.0
vn 0.0 0.0 -1.0
vn 0.0 0.0 -1.0
vn 0.0 0.0 -1.0
vn 0.0 0.0 -1.0
vn 0.0 0.0 -1.0
vn 0.0 0.0 -1.0
vn 0.0 0.0 -1.0
vn 0.0 0.0 -1.0
vn 0.0 0.0 -1.0
vn 0.0 0.0 -1.0
vn 0.0 0.0 -1.0
vn 0.0 0.0 -1.0
vn 0.0 0.0 -1.0
vn 0.0 0.0 -1.0
vn 0.0 0.0 -1.0
vn 0.0 0.0 -1.0
vn 0.0 0.0 -1.0
vn 0.0 0.0 -1.0
vn 0.0 0.0 -1.0
vn 0.0 0.0 -1.0
vn 0.0 0.0 -1.0
vn 0.0 0.0 -1.0
vn 0.0 0.0 -1.0
vn 0.0 0.0 -1.0
vn 0.0 0.0 -1.0
vn 0.0 0.0 -1.0
vn 0.0 0.0 -1.0
vn 0.0 0.0 -1.0
vn 0.0 0.0 -1.0
vn 0.0 0.0 -1.0
vn 0.0 0.0 -1.0
vn 0.0 0.0 -1.0
vn 0.0 0.0 -1.0
vn 0.0 0.0 -1.0
vn 0.0 0.0 -1.0
vn 0.0 0.0 -1.0
vn 0.0 0.0 -1.0
vn 0.0 0.0 -1.0
vn 0.0 0.0 -1.0
vn 0.0 0.0 -1.0
vn 0.0 0.0 -1.0
vn 0.0 0.0 -1.0
vn 1.0 0.0 0.0
vn 1.0 -0.0 0.0
vn 0.0 0.0 -1.0
vn 0.0 0.0 -1.0
vn 0.0 0.0 -1.0
vn 0.0 0.0 -1.0
vn 0.0 0.0 -1.0
vn 0.0 0.0 -1.0
vn 0.0 0.0 -1.0
vn 0.0 0.0 -1.0
vn 0.0 0.0 -1.0
vn 0.0 0.0 -1.0
vn 0.0 0.0 -1.0
vn 0.0 0.0 -1.0
vn 0.0 0.0 -1.0
vn 0.0 0.0 -1.0
vn 0.0 0.0 -1.0
vn 0.0 0.0 -1.0
vn 0.0 0.0 -1.0
vn 0.0 0.0 -1.0
vn 0.0 0.0 -1.0
vn 0.0 0.0 -1.0
vn 0.0 0.0 -1.0
vn 0.0 0.0 -1.0
vn 0.0 0.0 -1.0
vn 0.0 0.0 -1.0
vn 0.0 0.0 -1.0
vn 0.0 0.0 -1.0
vn 0.0 0.0 -1.0
vn 0.0 0.0 -1.0
vn 0.0 0.0 -1.0
vn 0.0 0.0 -1.0
vn 0.0 0.0 -1.0
vn 0.0 0.0 -1.0
vn 0.0 0.0 -1.0
vn 0.0 0.0 -1.0
vn 0.0 0.0 -1.0
vn 0.0 0.0 -1.0
vn 0.0 0.0 -1.0
vn 0.0 0.0 -1.0
vn 0.0 0.0 -1.0
vn 0.0 0.0 -1.0
vn 0.0 0.0 -1.0
vn 0.0 0.0 -1.0
vn 0.0 0.0 -1.0
vn 0.0 0.0 -1.0
vn 0.0 0.0 -1.0
vn 0.0 0.0 -1.0
vn 0.0 0.0 -1.0
vn 0.0 0.0 -1.0
vn 0.0 0.0 -1.0
vn 0.0 0.0 -1.0
vn 0.0 0.0 -1.0
vn 0.0 0.0 -1.0
vn 0.0 0.0 -1.0
vn 0.0 0.0 -1.0
vn 0.0 0.0 -1.0
vn 0.0 0.0 -1.0
vn 0.0 0.0 -1.0
vn 0.0 0.0 -1.0
vn 0.0 0.0 -1.0
vn 0.0 0.0 -1.0
vn 0.0 0.0 -1.0
vn 0.0 0.0 -1.0
vn 0.0 0.0 -1.0
vn 0.0 0.0 -1.0
vn 0.0 0.0 -1.0
vn 0.0 0.0 -1.0
vn -1.0 0.0 0.0
vn -1.0 -0.0 0.0
vn 1.0 0.0 0.0
vn 1.0 -0.0 0.0
vn 0.0 0.0 -1.0
vn 0.0 0.0 -1.0
vn 0.0 0.0 -1.0
vn 0.0 0.0 -1.0
vn 0.0 0.0 -1.0
vn 0.0 0.0 -1.0
vn 0.0 0.0 -1.0
vn 0.0 0.0 -1.0
vn 0.0 0.0 -1.0
vn 0.0 0.0 -1.0
vn 0.0 0.0 -1.0
vn 0.0 0.0 -1.0
vn 0.0 0.0 -1.0
vn 0.0 0.0 -1.0
vn 0.0 0.0 -1.0
vn 0.0 0.0 -1.0
vn 0.0 0.0 -1.0
vn 0.0 0.0 -1.0
vn 0.0 0.0 -1.0
vn 0.0 0.0 -1.0
vn 0.0 0.0 -1.0
vn 0.0 0.0 -1.0
vn 0.0 0.0 -1.0
vn 0.0 0.0 -1.0
vn 0.0 0.0 -1.0
vn 0.0 0.0 -1.0
vn 0.0 0.0 -1.0
vn 0.0 0.0 -1.0
vn 0.0 0.0 -1.0
vn 0.0 0.0 -1.0
vn 0.0 0.0 -1.0
vn 0.0 0.0 -1.0
vn 0.0 0.0 -1.0
vn 0.0 0.0 -1.0
vn 0.0 0.0 -1.0
vn 0.0 0.0 -1.0
vn 0.0 0.0 -1.0
vn 0.0 0.0 -1.0
vn 0.0 0.0 -1.0
vn 0.0 0.0 -1.0
vn 0.0 0.0 -1.0
vn 0.0 0.0 -1.0
vn 0.0 0.0 -1.0
vn 0.0 0.0 -1.0
vn 0.0 0.0 -1.0
vn 0.0 0.0 -1.0
vn 0.0 0.0 -1.0
vn 0.0 0.0 -1.0
vn 0.0 0.0 -1.0
vn 0.0 0.0 -1.0
vn 0.0 0.0 -1.0
vn 0.0 0.0 -1.0
vn 0.0 0.0 -1.0
vn 0.0 0.0 -1.0
vn 0.0 0.0 -1.0
vn 0.0 0.0 -1.0
vn 0.0 0.0 -1.0
vn 0.0 0.0 -1.0
vn 0.0 0.0 -1.0
vn 0.0 0.0 -1.0
vn 0.0 0.0 -1.0
vn 0.0 0.0 -1.0
vn 0.0 0.0 -1.0
vn 0.0 0.0 -1.0
vn 0.0 0.0 -1.0
vn 0.0 0.0 -1.0
vn -1.0 0.0 0.0
vn -1.0 -0.0 0.0
vn -0.009833 -0.999952 0.0
vn -0.009758 -0.999952 3e-06
vn -0.001367 -0.999999 -3e-06
vn -0.001141 -0.999999 7e-06
vn 0.007099 -0.999975 -6e-06
vn 0.007476 -0.999972 1e-05
vn 0.015564 -0.999879 -9e-06
vn 0.016092 -0.999871 1.3e-05
vn 0.024028 -0.999711 -1.2e-05
vn 0.024706 -0.999695 1.5e-05
vn 0.03249 -0.999472 -1.5e-05
vn 0.033319 -0.999445 1.8e-05
vn 0.040951 -0.999161 -1.8e-05
vn 0.04193 -0.999121 2.1e-05
vn 0.049408 -0.998779 -2e-05
vn 0.050537 -0.998722 2.3e-05
vn 0.057861 -0.998325 -2.3e-05
vn 0.059141 -0.99825 2.6e-05
vn 0.066311 -0.997799 -2.5e-05
vn 0.06774 -0.997703 2.8e-05
vn 0.074756 -0.997202 -2.7e-05
vn 0.076334 -0.997082 3e-05
vn 0.083195 -0.996533 -2.9e-05
vn 0.084923 -0.996387 3.2e-05
vn 0.091628 -0.995793 -3.1e-05
vn 0.093505 -0.995619 3.4e-05
vn 0.100055 -0.994982 -3.3e-05
vn 0.10208 -0.994776 3.6e-05
vn 0.108475 -0.994099 -3.5e-05
vn 0.116887 -0.993145 -3.6e-05
vn 0.110648 -0.99386 3.7e-05
vn 0.12529 -0.99212 -3.8e-05
vn 0.119208 -0.992869 3.9e-05
vn 0.133685 -0.991024 -3.9e-05
vn 0.127758 -0.991805 4e-05
vn 0.14207 -0.989857 -4.1e-05
vn 0.136299 -0.990668 4.2e-05
vn 0.150445 -0.988618 -4.2e-05
vn 0.14483 -0.989457 4.3e-05
vn 0.158808 -0.98731 -4.3e-05
vn 0.153351 -0.988172 4.4e-05
vn 0.167162 -0.985929 -4.4e-05
vn 0.161859 -0.986814 4.5e-05
vn 0.175502 -0.984479 -4.4e-05
vn 0.170356 -0.985382 4.6e-05
vn 0.18383 -0.982958 -4.5e-05
vn 0.178841 -0.983878 4.6e-05
vn 0.187311 -0.982301 4.7e-05
vn 0.192145 -0.981367 -4.6e-05
vn 0.195769 -0.98065 4.8e-05
vn 0.200446 -0.979705 -4.6e-05
vn 0.204211 -0.978927 4.8e-05
vn 0.208733 -0.977973 -4.6e-05
vn 0.210649 -0.977562 0.0
vn 0.212638 -0.977131 0.000481
vn 0.22105 -0.975262 0.000482
vn 0.225285 -0.974293 -0.000468
vn 0.229445 -0.973321 0.000483
vn 0.233542 -0.972347 -0.000468
vn 0.237824 -0.971308 0.000482
vn 0.241783 -0.97033 -0.000466
vn 0.246184 -0.969223 0.00048
vn 0.250006 -0.968244 -0.000464
vn 0.254527 -0.967066 0.000478
vn 0.25821 -0.966089 -0.000461
vn 0.262849 -0.964837 0.000474
vn 0.271153 -0.962536 0.00047
vn 0.27289 -0.962045 0.0
vn 0.274518 -0.961582 -4.4e-05
vn 0.279437 -0.960164 4.6e-05
vn 0.282578 -0.959244 -4.3e-05
vn 0.2877 -0.957721 4.5e-05
vn 0.290616 -0.95684 -4.2e-05
vn 0.295942 -0.955206 4.3e-05
vn 0.298635 -0.954368 -4e-05
vn 0.304161 -0.952621 4.2e-05
vn 0.306632 -0.951828 -3.8e-05
vn 0.312357 -0.949965 4e-05
vn 0.314608 -0.949221 -3.6e-05
vn 0.320532 -0.947238 3.7e-05
vn 0.322561 -0.946549 -3.4e-05
vn 0.328682 -0.944441 3.5e-05
vn 0.330493 -0.943808 -3.1e-05
vn 0.336806 -0.941574 3.2e-05
vn 0.3384 -0.941002 -2.8e-05
vn 0.344908 -0.938636 2.9e-05
vn 0.346285 -0.938129 -2.5e-05
vn 0.352983 -0.93563 2.6e-05
vn 0.354144 -0.935191 -2.1e-05
vn 0.361032 -0.932554 2.2e-05
vn 0.361978 -0.932187 -1.8e-05
vn 0.369788 -0.929116 -1.4e-05
vn 0.369053 -0.929408 1.8e-05
vn 0.377048 -0.926194 1.4e-05
vn 0.37757 -0.925981 -9e-06
vn 0.385327 -0.92278 -5e-06
vn 0.385015 -0.92291 1e-05
vn 0.393057 -0.919514 0.0
vn 0.392952 -0.919559 5e-06
vn 0.217013 -0.976169 -0.000467
vn 0.266396 -0.963864 -0.000458
vn 0.0 1.0 -0.0
vn 0.0 1.0 0.0
vn 0.003303 0.999995 -0.0
vn 0.003303 0.999995 0.0
vn -0.005212 0.999986 0.0
vn -0.005212 0.999986 0.0
vn -0.013725 0.999906 0.0
vn -0.022238 0.999753 0.0
vn -0.013725 0.999906 0.0
vn -0.022238 0.999753 0.0
vn -0.03075 0.999527 0.0
vn -0.03075 0.999527 0.0
vn -0.039259 0.999229 0.0
vn -0.039259 0.999229 0.0
vn -0.047765 0.998859 0.0
vn -0.047765 0.998859 0.0
vn -0.056267 0.998416 0.0
vn -0.056267 0.998416 0.0
vn -0.064766 0.9979 0.0
vn -0.064766 0.9979 0.0
vn -0.07326 0.997313 0.0
vn -0.081748 0.996653 0.0
vn -0.07326 0.997313 0.0
vn -0.081748 0.996653 0.0
vn -0.090232 0.995921 0.0
vn -0.090232 0.995921 0.0
vn -0.098707 0.995117 0.0
vn -0.098707 0.995117 0.0
vn -0.107176 0.99424 0.0
vn -0.107176 0.99424 0.0
vn -0.115638 0.993291 0.0
vn -0.12409 0.992271 0.0
vn -0.115638 0.993291 0.0
vn -0.12409 0.992271 0.0
vn -0.132534 0.991178 0.0
vn -0.132534 0.991178 0.0
vn -0.140968 0.990014 0.0
vn -0.140968 0.990014 0.0
vn -0.149392 0.988778 0.0
vn -0.149392 0.988778 0.0
vn -0.157805 0.98747 0.0
vn -0.157805 0.98747 0.0
vn -0.166207 0.986091 0.0
vn -0.166207 0.986091 0.0
vn -0.174597 0.98464 0.0
vn -0.174597 0.98464 0.0
vn -0.182974 0.983118 0.0
vn -0.182974 0.983118 0.0
vn -0.191338 0.981524 0.0
vn -0.191338 0.981524 0.0
vn -0.199688 0.97986 0.0
vn -0.199688 0.97986 0.0
vn -0.208023 0.978124 0.0
vn -0.208023 0.978124 0.0
vn -0.216344 0.976317 0.0
vn -0.216344 0.976317 0.0
vn -0.224648 0.97444 0.0
vn -0.224648 0.97444 0.0
vn -0.232936 0.972492 0.0
vn -0.232936 0.972492 0.0
vn -0.241208 0.970474 0.0
vn -0.241208 0.970474 0.0
vn -0.249462 0.968385 0.0
vn -0.249462 0.968385 0.0
vn -0.257698 0.966225 0.0
vn -0.257698 0.966225 0.0
vn -0.265915 0.963996 0.0
vn -0.265915 0.963996 0.0
vn -0.274113 0.961697 0.0
vn -0.274113 0.961697 0.0
vn -0.282291 0.959329 0.0
vn -0.290449 0.95689 0.0
vn -0.282291 0.959329 0.0
vn -0.290449 0.95689 0.0
vn -0.298585 0.954383 0.0
vn -0.298585 0.954383 0.0
vn -0.306701 0.951806 0.0
vn -0.306701 0.951806 0.0
vn -0.314793 0.94916 0.0
vn -0.314793 0.94916 0.0
vn -0.322863 0.946446 0.0
vn -0.330909 0.943663 0.0
vn -0.322863 0.946446 0.0
vn -0.330909 0.943663 0.0
vn -0.338932 0.940811 0.0
vn -0.338932 0.940811 0.0
vn -0.346929 0.937891 0.0
vn -0.346929 0.937891 0.0
vn -0.354903 0.934903 0.0
vn -0.362849 0.931848 0.0
vn -0.354903 0.934903 0.0
vn -0.362849 0.931848 0.0
vn -0.37077 0.928725 0.0
vn -0.37077 0.928725 0.0
vn -0.378664 0.925534 0.0
vn -0.378664 0.925534 0.0
vn -0.38653 0.922277 0.0
vn -0.38653 0.922277 0.0
vn -0.406034 0.913858 0.0
vn -0.406034 0.913858 0.0
vn -1.0 -2e-06 -0.0
vn -1.0 0.0 5e-06
vn -1.0 -5e-06 0.0
vn -1.0 -1.2e-05 0.0
vn -1.0 -0.0 -0.0
vn -0.999691 -0.024873 -0.0
vn -0.999691 -0.024873 -0.0
vn -0.997217 -0.074556 -0.0
vn -0.997217 -0.074556 0.0
vn -0.992275 -0.124059 -0.0
vn -0.984877 -0.173256 -0.0
vn -0.992275 -0.124059 0.0
vn -0.984877 -0.173256 -0.0
vn -0.975043 -0.222018 0.0
vn -0.975043 -0.222018 -0.0
vn -0.962798 -0.270223 -0.0
vn -0.962798 -0.270223 0.0
vn -0.948165 -0.317778 -0.0
vn -0.931186 -0.364543 -0.0
vn -0.948165 -0.317778 0.0
vn -0.931186 -0.364543 -0.0
vn -0.911908 -0.410395 -0.0
vn -0.890371 -0.455235 -0.0
vn -0.911908 -0.410395 0.0
vn -0.866631 -0.49895 -0.0
vn -0.890371 -0.455235 -0.0
vn -0.866631 -0.49895 -0.0
vn -0.840726 -0.54146 -0.0
vn -0.812776 -0.582577 -0.0
vn -0.840726 -0.54146 0.0
vn -0.812776 -0.582577 -0.0
vn -0.782814 -0.622256 -0.0
vn -0.750881 -0.660438 -0.0
vn -0.782814 -0.622256 0.0
vn -0.750881 -0.660438 -0.0
vn -0.717093 -0.696977 -0.0
vn -0.681592 -0.731733 -0.0
vn -0.717093 -0.696977 0.0
vn -0.644322 -0.764754 -0.0
vn -0.681592 -0.731733 -0.0
vn -0.644322 -0.764754 -0.0
vn -0.605491 -0.795852 -0.0
vn -0.565179 -0.824968 -0.0
vn -0.605491 -0.795852 0.0
vn -0.565179 -0.824968 -0.0
vn -0.523416 -0.852077 -0.0
vn -0.523416 -0.852077 0.0
vn -0.480454 -0.87702 -0.0
vn -0.480454 -0.87702 0.0
vn -0.436179 -0.89986 -0.0
vn -0.436179 -0.89986 0.0
vn -0.390954 -0.92041 -0.0
vn -0.390954 -0.92041 0.0
vn -0.344645 -0.938733 -0.0
vn -0.344645 -0.938733 0.0
vn -0.297531 -0.954712 -0.0
vn -0.297531 -0.954712 0.0
vn -0.249738 -0.968313 -0.0
vn -0.249738 -0.968313 0.0
vn -0.201217 -0.979547 -0.0
vn -0.201217 -0.979547 0.0
vn -0.152322 -0.988331 -0.0
vn -0.102939 -0.994688 -0.0
vn -0.152322 -0.988331 0.0
vn -0.102939 -0.994688 -0.0
vn -0.05331 -0.998578 -0.0
vn -0.05331 -0.998578 -0.0
vn -0.003619 -0.999993 0.0
vn -0.003619 -0.999993 -0.0
vn 0.046071 -0.998938 0.0
vn 0.046071 -0.998938 0.0
vn 0.095761 -0.995404 0.0
vn 0.095761 -0.995404 0.0
vn 0.145145 -0.98941 0.0
vn 0.145145 -0.98941 0.0
vn 0.194101 -0.980981 0.0
vn 0.194101 -0.980981 0.0
vn 0.242686 -0.970105 0.0
vn 0.242686 -0.970105 0.0
vn 0.290656 -0.956828 0.0
vn 0.290656 -0.956828 0.0
vn 0.337837 -0.941205 0.0
vn 0.384269 -0.923221 0.0
vn 0.337837 -0.941205 0.0
vn 0.384269 -0.923221 0.0
vn 0.999703 -0.024373 0.0
vn 0.999703 -0.024373 0.0
vn 0.997287 -0.073616 0.0
vn 0.997287 -0.073616 0.0
vn 0.992485 -0.122363 0.0
vn 0.992485 -0.122363 0.0
vn 0.985253 -0.171104 0.0
vn 0.985253 -0.171104 0.0
vn 0.975647 -0.219345 0.0
vn 0.975647 -0.219345 0.0
vn 0.963802 -0.266618 0.0
vn 0.963802 -0.266618 0.0
vn 0.949621 -0.313399 0.0
vn 0.949621 -0.313399 0.0
vn 0.932916 -0.360095 0.0
vn 0.932916 -0.360095 0.0
vn 0.914155 -0.405364 0.0
vn 0.914155 -0.405364 0.0
vn 0.893206 -0.449648 0.0
vn 0.893206 -0.449648 0.0
vn 0.870285 -0.492548 0.0
vn 0.870285 -0.492548 0.0
vn 0.844756 -0.535151 0.0
vn 0.844756 -0.535151 0.0
vn 0.817495 -0.575936 0.0
vn 0.817495 -0.575936 0.0
vn 0.788557 -0.614962 0.0
vn 0.788557 -0.614962 0.0
vn 0.757 -0.653415 0.0
vn 0.757 -0.653415 0.0
vn 0.724313 -0.689472 0.0
vn 0.724313 -0.689472 0.0
vn 0.689551 -0.724238 0.0
vn 0.689551 -0.724238 0.0
vn 0.653248 -0.757144 0.0
vn 0.61521 -0.788364 0.0
vn 0.653248 -0.757144 0.0
vn 0.61521 -0.788364 0.0
vn 0.575733 -0.817638 0.0
vn 0.575733 -0.817638 0.0
vn 0.535113 -0.844781 0.0
vn 0.492735 -0.870179 0.0
vn 0.535113 -0.844781 0.0
vn 0.449762 -0.893148 0.0
vn 0.492735 -0.870179 0.0
vn 0.449762 -0.893148 0.0
vn 0.405234 -0.914213 0.0
vn 0.359846 -0.933012 0.0
vn 0.405234 -0.914213 0.0
vn 0.313671 -0.949532 0.0
vn 0.359846 -0.933012 0.0
vn 0.26666 -0.963791 0.0
vn 0.313671 -0.949532 0.0
vn 0.26666 -0.963791 0.0
vn 0.219165 -0.975688 0.0
vn 0.170946 -0.98528 0.0
vn 0.219165 -0.975688 0.0
vn 0.170946 -0.98528 0.0
vn 0.122427 -0.992478 0.0
vn 0.122427 -0.992478 0.0
vn 0.073565 -0.99729 0.0
vn 0.073565 -0.99729 0.0
vn 0.024538 -0.999699 0.0
vn 0.024538 -0.999699 0.0
vn 0.407092 -0.913387 0.0
vn 0.407092 -0.913387 0.0
vn 0.0 -1.0 0.0
vn 0.0 -1.0 0.0
vn 0.999528 -0.030728 0.0
vn 0.999528 -0.030728 0.0
vn 0.996756 -0.080479 0.0
vn 0.996756 -0.080479 0.0
vn 0.991516 -0.129982 0.0
vn 0.98381 -0.179214 0.0
vn 0.991516 -0.129982 0.0
vn 0.98381 -0.179214 0.0
vn 0.97367 -0.227962 0.0
vn 0.97367 -0.227962 0.0
vn 0.961106 -0.276181 0.0
vn 0.961106 -0.276181 0.0
vn 0.946176 -0.323653 0.0
vn 0.946176 -0.323653 0.0
vn 0.928878 -0.370387 0.0
vn 0.928878 -0.370387 0.0
vn 0.909277 -0.416191 0.0
vn 0.909277 -0.416191 0.0
vn 0.887434 -0.460934 0.0
vn 0.863372 -0.504568 0.0
vn 0.887434 -0.460934 0.0
vn 0.863372 -0.504568 0.0
vn 0.837184 -0.546921 0.0
vn 0.837184 -0.546921 0.0
vn 0.80891 -0.587933 0.0
vn 0.80891 -0.587933 0.0
vn 0.778634 -0.627478 0.0
vn 0.778634 -0.627478 0.0
vn 0.746445 -0.665447 0.0
vn 0.746445 -0.665447 0.0
vn 0.712357 -0.701818 0.0
vn 0.712357 -0.701818 0.0
vn 0.676543 -0.736403 0.0
vn 0.676543 -0.736403 0.0
vn 0.639039 -0.769175 0.0
vn 0.639039 -0.769175 0.0
vn 0.599956 -0.800033 0.0
vn 0.599956 -0.800033 0.0
vn 0.559343 -0.828936 0.0
vn 0.559343 -0.828936 0.0
vn 0.517381 -0.855755 0.0
vn 0.517381 -0.855755 0.0
vn 0.474162 -0.880438 0.0
vn 0.474162 -0.880438 0.0
vn 0.429703 -0.90297 0.0
vn 0.429703 -0.90297 0.0
vn -0.999703 -0.024373 -0.0
vn -0.999703 -0.024373 0.0
vn -0.997287 -0.073616 -0.0
vn -0.997287 -0.073616 0.0
vn -0.992485 -0.122363 -0.0
vn -0.992485 -0.122363 0.0
vn -0.985253 -0.171104 -0.0
vn -0.985253 -0.171104 0.0
vn -0.975647 -0.219345 -0.0
vn -0.975647 -0.219345 0.0
vn -0.963802 -0.266618 -0.0
vn -0.963802 -0.266618 0.0
vn -0.949621 -0.313399 -0.0
vn -0.949621 -0.313399 0.0
vn -0.932916 -0.360095 -0.0
vn -0.932916 -0.360095 0.0
vn -0.914155 -0.405364 0.0
vn -0.914155 -0.405364 -0.0
vn -0.893206 -0.449648 -0.0
vn -0.893206 -0.449648 -0.0
vn -0.870285 -0.492548 0.0
vn -0.870285 -0.492548 -0.0
vn -0.844756 -0.535151 -0.0
vn -0.844756 -0.535151 0.0
vn -0.817495 -0.575936 -0.0
vn -0.817495 -0.575936 0.0
vn -0.788557 -0.614962 -0.0
vn -0.788557 -0.614962 0.0
vn -0.757 -0.653415 -0.0
vn -0.757 -0.653415 0.0
vn -0.724313 -0.689472 -0.0
vn -0.724313 -0.689472 0.0
vn -0.689551 -0.724238 -0.0
vn -0.689551 -0.724238 0.0
vn -0.653248 -0.757144 -0.0
vn -0.61521 -0.788364 -0.0
vn -0.653248 -0.757144 0.0
vn -0.61521 -0.788364 -0.0
vn -0.575733 -0.817638 -0.0
vn -0.575733 -0.817638 0.0
vn -0.535113 -0.844781 -0.0
vn -0.492735 -0.870179 -0.0
vn -0.535113 -0.844781 0.0
vn -0.449762 -0.893148 -0.0
vn -0.492735 -0.870179 -0.0
vn -0.449762 -0.893148 -0.0
vn -0.405234 -0.914213 -0.0
vn -0.359846 -0.933012 -0.0
vn -0.405234 -0.914213 0.0
vn -0.313671 -0.949532 -0.0
vn -0.359846 -0.933012 -0.0
vn -0.26666 -0.963791 -0.0
vn -0.313671 -0.949532 -0.0
vn -0.26666 -0.963791 -0.0
vn -0.219165 -0.975688 -0.0
vn -0.170946 -0.98528 -0.0
vn -0.219165 -0.975688 0.0
vn -0.170946 -0.98528 -0.0
vn -0.122427 -0.992478 -0.0
vn -0.122427 -0.992478 0.0
vn -0.073565 -0.99729 -0.0
vn -0.073565 -0.99729 0.0
vn -0.024538 -0.999699 -0.0
vn -0.024538 -0.999699 0.0
vn 0.999983 -0.00583 0.0
vn 0.999983 -0.00583 0.0
vn 0.40493 -0.914348 0.0
vn 0.40493 -0.914348 0.0
vn 0.404933 -0.914346 -1.1e-05
vn 0.40493 -0.914348 0.0
vn -0.971847 -0.235612 0.0
vn -0.971847 -0.235612 0.0
vn 0.999697 -0.024622 0.0
vn 0.999697 -0.024622 0.0
vn 0.997305 -0.073369 0.0
vn 0.997305 -0.073369 0.0
vn 0.992455 -0.122608 0.0
vn 0.992455 -0.122608 0.0
vn 0.985295 -0.170863 0.0
vn 0.985295 -0.170863 0.0
vn 0.975701 -0.219108 0.0
vn 0.975701 -0.219108 0.0
vn 0.963802 -0.266618 0.0
vn 0.963802 -0.266618 0.0
vn 0.949473 -0.313848 0.0
vn 0.949473 -0.313848 0.0
vn 0.932999 -0.359878 0.0
vn 0.932999 -0.359878 0.0
vn 0.914248 -0.405156 0.0
vn 0.914248 -0.405156 0.0
vn 0.893206 -0.449648 0.0
vn 0.893206 -0.449648 0.0
vn 0.870072 -0.492925 0.0
vn 0.870072 -0.492925 0.0
vn 0.844869 -0.534973 0.0
vn 0.844869 -0.534973 0.0
vn 0.817612 -0.57577 0.0
vn 0.817612 -0.57577 0.0
vn 0.788316 -0.615271 0.0
vn 0.788316 -0.615271 0.0
vn 0.757245 -0.65313 0.0
vn 0.757245 -0.65313 0.0
vn 0.724189 -0.689602 0.0
vn 0.724189 -0.689602 0.0
vn 0.689551 -0.724238 0.0
vn 0.689551 -0.724238 0.0
vn 0.653125 -0.75725 0.0
vn 0.61533 -0.788269 0.0
vn 0.653125 -0.75725 0.0
vn 0.61533 -0.788269 0.0
vn 0.575733 -0.817638 0.0
vn 0.575733 -0.817638 0.0
vn 0.535 -0.844852 0.0
vn 0.492948 -0.870059 0.0
vn 0.535 -0.844852 0.0
vn 0.449562 -0.893249 0.0
vn 0.492948 -0.870059 0.0
vn 0.449562 -0.893249 0.0
vn 0.405234 -0.914213 0.0
vn 0.359929 -0.93298 0.0
vn 0.405234 -0.914213 0.0
vn 0.313671 -0.949532 0.0
vn 0.359929 -0.93298 0.0
vn 0.266724 -0.963773 0.0
vn 0.313671 -0.949532 0.0
vn 0.266724 -0.963773 0.0
vn 0.219112 -0.9757 0.0
vn 0.170946 -0.98528 0.0
vn 0.219112 -0.9757 0.0
vn 0.170946 -0.98528 0.0
vn 0.122427 -0.992478 0.0
vn 0.122427 -0.992478 0.0
vn 0.073565 -0.99729 0.0
vn 0.073565 -0.99729 0.0
vn 0.024538 -0.999699 0.0
vn 0.024538 -0.999699 0.0
vn -0.965666 -0.259789 -0.0
vn -0.951481 -0.307706 -0.0
vn -0.965666 -0.259789 0.0
vn -0.951481 -0.307706 -0.0
vn -0.93495 -0.35478 -0.0
vn -0.93495 -0.35478 0.0
vn -0.916081 -0.400994 -0.0
vn -0.916081 -0.400994 0.0
vn -0.894922 -0.446223 -0.0
vn -0.894922 -0.446223 0.0
vn -0.871527 -0.490348 -0.0
vn -0.845955 -0.533255 -0.0
vn -0.871527 -0.490348 0.0
vn -0.845955 -0.533255 -0.0
vn -0.818343 -0.57473 0.0
vn -0.818343 -0.57473 -0.0
vn -0.78859 -0.614919 0.0
vn -0.78859 -0.614919 -0.0
vn -0.756956 -0.653466 -0.0
vn -0.723358 -0.690473 -0.0
vn -0.756956 -0.653466 0.0
vn -0.723358 -0.690473 -0.0
vn -0.688013 -0.725698 -0.0
vn -0.688013 -0.725698 0.0
vn -0.650907 -0.759157 -0.0
vn -0.650907 -0.759157 0.0
vn -0.612262 -0.790655 -0.0
vn -0.612262 -0.790655 0.0
vn -0.571985 -0.820264 -0.0
vn -0.571985 -0.820264 0.0
vn -0.530384 -0.847758 -0.0
vn -0.530384 -0.847758 0.0
vn -0.487362 -0.8732 -0.0
vn -0.443223 -0.896411 -0.0
vn -0.487362 -0.8732 0.0
vn -0.443223 -0.896411 -0.0
vn -0.397918 -0.917421 -0.0
vn -0.397918 -0.917421 0.0
vn -0.351592 -0.936153 -0.0
vn -0.304471 -0.952522 -0.0
vn -0.351592 -0.936153 0.0
vn -0.304471 -0.952522 -0.0
vn -0.256548 -0.966532 -0.0
vn -0.20798 -0.978133 -0.0
vn -0.256548 -0.966532 0.0
vn -0.158895 -0.987295 -0.0
vn -0.20798 -0.978133 -0.0
vn -0.158895 -0.987295 -0.0
vn -0.109427 -0.993995 -0.0
vn -0.109427 -0.993995 0.0
vn -0.059676 -0.998218 -0.0
vn -0.059676 -0.998218 0.0
vn -0.009796 -0.999952 -0.0
vn -0.009796 -0.999952 0.0
vn 0.04013 -0.999194 0.0
vn 0.04013 -0.999194 0.0
vn 0.089943 -0.995947 0.0
vn 0.089943 -0.995947 0.0
vn 0.139547 -0.990215 0.0
vn 0.188804 -0.982015 0.0
vn 0.139547 -0.990215 0.0
vn 0.188804 -0.982015 0.0
vn 0.237571 -0.97137 0.0
vn 0.237571 -0.97137 0.0
vn 0.0 -1.0 0.0
vn 0.0 -1.0 0.0
vn 0.217487 -0.976063 0.0
vn 0.217487 -0.976063 0.0
vn 0.22557 -0.974227 0.0
vn 0.233638 -0.972324 0.0
vn 0.22557 -0.974227 0.0
vn 0.233638 -0.972324 0.0
vn 0.241689 -0.970354 0.0
vn 0.241689 -0.970354 0.0
vn 0.249725 -0.968317 0.0
vn 0.249725 -0.968317 0.0
vn 0.257742 -0.966214 0.0
vn 0.257742 -0.966214 0.0
vn -0.999697 -0.024622 -0.0
vn -0.999697 -0.024622 0.0
vn -0.997305 -0.073369 -0.0
vn -0.997305 -0.073369 0.0
vn -0.992455 -0.122608 -0.0
vn -0.992455 -0.122608 0.0
vn -0.985295 -0.170863 -0.0
vn -0.985295 -0.170863 0.0
vn -0.975701 -0.219108 -0.0
vn -0.975701 -0.219108 0.0
vn -0.963802 -0.266618 -0.0
vn -0.963802 -0.266618 0.0
vn -0.949473 -0.313848 -0.0
vn -0.949473 -0.313848 0.0
vn -0.932999 -0.359878 -0.0
vn -0.932999 -0.359878 0.0
vn -0.914248 -0.405156 0.0
vn -0.914248 -0.405156 -0.0
vn -0.893206 -0.449648 -0.0
vn -0.893206 -0.449648 -0.0
vn -0.870072 -0.492925 0.0
vn -0.870072 -0.492925 -0.0
vn -0.844869 -0.534973 -0.0
vn -0.844869 -0.534973 0.0
vn -0.817612 -0.57577 -0.0
vn -0.817612 -0.57577 0.0
vn -0.788316 -0.615271 -0.0
vn -0.788316 -0.615271 0.0
vn -0.757245 -0.65313 -0.0
vn -0.757245 -0.65313 0.0
vn -0.724189 -0.689602 -0.0
vn -0.724189 -0.689602 0.0
vn -0.689551 -0.724238 -0.0
vn -0.689551 -0.724238 0.0
vn -0.653125 -0.75725 -0.0
vn -0.61533 -0.788269 -0.0
vn -0.653125 -0.75725 0.0
vn -0.61533 -0.788269 -0.0
vn -0.575733 -0.817638 -0.0
vn -0.575733 -0.817638 0.0
vn -0.535 -0.844852 -0.0
vn -0.492948 -0.870059 -0.0
vn -0.535 -0.844852 0.0
vn -0.449562 -0.893249 -0.0
vn -0.492948 -0.870059 -0.0
vn -0.449562 -0.893249 -0.0
vn -0.405234 -0.914213 -0.0
vn -0.359929 -0.93298 -0.0
vn -0.405234 -0.914213 0.0
vn -0.313671 -0.949532 -0.0
vn -0.359929 -0.93298 -0.0
vn -0.266724 -0.963773 -0.0
vn -0.313671 -0.949532 -0.0
vn -0.266724 -0.963773 -0.0
vn -0.219112 -0.9757 -0.0
vn -0.170946 -0.98528 -0.0
vn -0.219112 -0.9757 0.0
vn -0.170946 -0.98528 -0.0
vn -0.122427 -0.992478 -0.0
vn -0.122427 -0.992478 0.0
vn -0.073565 -0.99729 -0.0
vn -0.073565 -0.99729 0.0
vn -0.024538 -0.999699 -0.0
vn -0.024538 -0.999699 0.0
vn 0.974357 0.225006 0.0
vn 0.974357 0.225006 0.0
vn 0.984166 0.17725 0.0
vn 0.984166 0.17725 0.0
vn 0.99163 0.129115 0.0
vn 0.996736 0.080727 -0.0
vn 0.99163 0.129115 0.0
vn 0.996736 0.080727 0.0
vn 0.999481 0.032216 0.0
vn 0.999861 -0.016672 0.0
vn 0.999481 0.032216 0.0
vn 0.999861 -0.016672 0.0
vn 0.997873 -0.065184 0.0
vn 0.997873 -0.065184 0.0
vn 0.993516 -0.113695 0.0
vn 0.993516 -0.113695 0.0
vn 0.986798 -0.161957 0.0
vn 0.986798 -0.161957 0.0
vn 0.977736 -0.209837 0.0
vn 0.977736 -0.209837 0.0
vn 0.966385 -0.257101 0.0
vn 0.952718 -0.303857 0.0
vn 0.966385 -0.257101 0.0
vn 0.952718 -0.303857 0.0
vn 0.936801 -0.349863 0.0
vn 0.936801 -0.349863 0.0
vn 0.918638 -0.395101 0.0
vn 0.918638 -0.395101 0.0
vn 0.898363 -0.439255 0.0
vn 0.898363 -0.439255 0.0
vn 0.875848 -0.482587 0.0
vn 0.875848 -0.482587 0.0
vn 0.851409 -0.524503 0.0
vn 0.851409 -0.524503 0.0
vn 0.824787 -0.565443 0.0
vn 0.796337 -0.604853 0.0
vn 0.824787 -0.565443 0.0
vn 0.796337 -0.604853 0.0
vn 0.765928 -0.642927 0.0
vn 0.765928 -0.642927 0.0
vn 0.733678 -0.679497 0.0
vn 0.733678 -0.679497 0.0
vn 0.69983 -0.714309 0.0
vn 0.69983 -0.714309 0.0
vn 0.664165 -0.747586 0.0
vn 0.626985 -0.779031 0.0
vn 0.664165 -0.747586 0.0
vn 0.626985 -0.779031 0.0
vn 0.588384 -0.808582 0.0
vn 0.588384 -0.808582 0.0
vn 0.548251 -0.836314 0.0
vn 0.506954 -0.861973 0.0
vn 0.548251 -0.836314 0.0
vn 0.506954 -0.861973 0.0
vn 0.464328 -0.885663 0.0
vn 0.464328 -0.885663 0.0
vn 0.420708 -0.907196 0.0
vn 0.420708 -0.907196 0.0
vn 0.376054 -0.926598 0.0
vn 0.376054 -0.926598 0.0
vn 0.330501 -0.943806 0.0
vn 0.330501 -0.943806 0.0
vn 0.284195 -0.958766 0.0
vn 0.284195 -0.958766 0.0
vn 0.237164 -0.97147 0.0
vn 0.237164 -0.97147 0.0
vn 0.968603 0.248614 0.0
vn 0.968603 0.248614 -0.0
vn 0.0 0.0 -1.0
vn 0.0 0.0 -1.0
vn 0.0 0.0 -1.0
vn 0.0 0.0 -1.0
vn 0.0 0.0 -1.0
vn 0.0 0.0 -1.0
vn 0.0 0.0 -1.0
vn 0.0 0.0 -1.0
vn 0.0 0.0 -1.0
vn 0.0 0.0 -1.0
vn 0.0 0.0 -1.0
vn 0.0 0.0 -1.0
vn 0.0 0.0 -1.0
vn 0.0 0.0 -1.0
vn 0.0 0.0 -1.0
vn 0.0 0.0 -1.0
vn 0.0 0.0 -1.0
vn 0.0 0.0 -1.0
vn 0.0 0.0 -1.0
vn 0.0 0.0 -1.0
vn 0.0 0.0 -1.0
vn 0.0 0.0 -1.0
vn 0.0 0.0 -1.0
vn 0.0 0.0 -1.0
vn 0.0 0.0 -1.0
vn 0.0 0.0 -1.0
vn 0.0 0.0 -1.0
vn 0.0 0.0 -1.0
vn 0.0 0.0 -1.0
vn 0.0 0.0 -1.0
vn 0.0 0.0 -1.0
vn 0.0 0.0 -1.0
vn 0.0 0.0 -1.0
vn 0.0 0.0 -1.0
vn 0.0 0.0 -1.0
vn 0.0 0.0 -1.0
vn 0.0 0.0 -1.0
vn 0.0 0.0 -1.0
vn 0.0 0.0 -1.0
vn 0.0 0.0 -1.0
vn 0.0 0.0 -1.0
vn 0.0 0.0 -1.0
vn 0.0 0.0 -1.0
vn 0.0 0.0 -1.0
vn 0.0 0.0 -1.0
vn 0.0 0.0 -1.0
vn 0.0 0.0 -1.0
vn 0.0 0.0 -1.0
vn 0.0 0.0 -1.0
vn 0.0 0.0 -1.0
vn 0.0 0.0 -1.0
vn 0.0 0.0 -1.0
vn 0.0 0.0 -1.0
vn 0.0 0.0 -1.0
vn 0.0 0.0 -1.0
vn 0.0 0.0 -1.0
vn 0.0 0.0 -1.0
vn 0.0 0.0 -1.0
vn 0.0 0.0 -1.0
vn 0.0 0.0 -1.0
vn 0.0 0.0 -1.0
vn 0.0 0.0 -1.0
vn 0.0 0.0 -1.0
vn 0.0 0.0 -1.0
vn 0.0 0.0 -1.0
vn 0.0 0.0 -1.0
vn 0.0 0.0 -1.0
vn 0.0 0.0 -1.0
vn 0.0 0.0 -1.0
vn 0.0 0.0 -1.0
vn 0.0 0.0 -1.0
vn 0.0 0.0 -1.0
vn 0.0 0.0 -1.0
vn 0.0 0.0 -1.0
vn 0.0 0.0 -1.0
vn 0.0 0.0 -1.0
vn 0.0 0.0 -1.0
vn 0.0 0.0 -1.0
vn 0.0 0.0 -1.0
vn 0.0 0.0 -1.0
vn 0.0 0.0 -1.0
vn 0.0 0.0 -1.0
vn 0.0 0.0 -1.0
vn 0.0 0.0 -1.0
vn 0.0 0.0 -1.0
vn 0.0 0.0 -1.0
vn 0.0 0.0 -1.0
vn 0.0 0.0 -1.0
vn 0.0 0.0 -1.0
vn 0.0 0.0 -1.0
vn 0.0 0.0 -1.0
vn 0.0 0.0 -1.0
vn 0.0 0.0 -1.0
vn 0.0 0.0 -1.0
vn 0.0 0.0 -1.0
vn 0.0 0.0 -1.0
vn 0.0 0.0 -1.0
vn 0.0 0.0 -1.0
vn 0.0 0.0 -1.0
vn 0.0 0.0 -1.0
vn 0.0 0.0 -1.0
vn 0.0 0.0 -1.0
vn 0.0 0.0 -1.0
vn 0.0 0.0 -1.0
vn 0.0 0.0 -1.0
vn 0.0 0.0 -1.0
vn 0.0 0.0 -1.0
vn 0.0 0.0 -1.0
vn 0.0 0.0 -1.0
vn 0.0 0.0 -1.0
vn 0.0 0.0 -1.0
vn 0.0 0.0 -1.0
vn 0.0 0.0 -1.0
vn 0.0 0.0 -1.0
vn 0.0 0.0 -1.0
vn 0.0 0.0 -1.0
vn 0.0 0.0 -1.0
vn 0.0 0.0 -1.0
vn 0.0 0.0 -1.0
vn 0.0 0.0 -1.0
vn 0.0 0.0 -1.0
vn 0.0 0.0 -1.0
vn 0.0 0.0 -1.0
vn 0.0 0.0 -1.0
vn 0.0 0.0 -1.0
vn 0.0 0.0 -1.0
vn 0.0 0.0 -1.0
vn 0.0 0.0 -1.0
vn 0.0 0.0 -1.0
vn 0.0 0.0 -1.0
vn 0.0 0.0 -1.0
vn 0.0 0.0 -1.0
vn 0.0 0.0 -1.0
vn 0.0 0.0 -1.0
vn 0.0 0.0 -1.0
vn 0.0 0.0 -1.0
vn 0.0 0.0 -1.0
vn 0.0 0.0 -1.0
vn 0.0 0.0 -1.0
vn 0.0 0.0 -1.0
vn 0.0 0.0 -1.0
vn 0.0 0.0 -1.0
vn 0.0 0.0 -1.0
f 1//1 2//1 3//1 
f 3//2 4//2 5//2 
f 2//3 4//3 3//3 
f 6//4 7//4 8//4 
f 8//5 7//5 9//5 
f 10//6 11//6 12//6 
f 12//7 13//7 14//7 
f 14//8 13//8 2//8 
f 2//9 13//9 4//9 
f 11//10 13//10 12//10 
f 7//11 15//11 16//11 
f 6//12 15//12 7//12 
f 17//13 18//13 13//13 
f 6//14 19//14 15//14 
f 18//15 20//15 13//15 
f 19//16 21//16 22//16 
f 6//17 23//17 19//17 
f 19//18 23//18 21//18 
f 24//19 25//19 26//19 
f 26//20 25//20 20//20 
f 23//21 27//21 28//21 
f 20//22 29//22 13//22 
f 25//23 29//23 20//23 
f 13//24 29//24 4//24 
f 23//25 30//25 27//25 
f 31//26 32//26 29//26 
f 6//27 33//27 23//27 
f 4//28 33//28 6//28 
f 23//29 33//29 30//29 
f 32//30 33//30 29//30 
f 29//31 33//31 4//31 
f 32//32 34//32 33//32 
f 35//33 36//33 37//33 
f 38//34 39//34 35//34 
f 35//35 39//35 36//35 
f 38//36 40//36 39//36 
f 40//37 41//37 42//37 
f 41//38 43//38 44//38 
f 40//39 43//39 41//39 
f 43//40 45//40 46//40 
f 38//41 45//41 40//41 
f 40//42 45//42 43//42 
f 38//43 47//43 45//43 
f 47//44 48//44 49//44 
f 49//45 48//45 50//45 
f 38//46 48//46 47//46 
f 38//47 51//47 48//47 
f 51//48 52//48 53//48 
f 53//49 52//49 54//49 
f 38//50 52//50 51//50 
f 38//51 55//51 52//51 
f 38//52 56//52 55//52 
f 38//53 57//53 56//53 
f 57//54 58//54 59//54 
f 58//55 60//55 61//55 
f 57//56 60//56 58//56 
f 60//57 62//57 63//57 
f 63//58 62//58 64//58 
f 38//59 62//59 57//59 
f 57//60 62//60 60//60 
f 62//61 65//61 66//61 
f 62//62 67//62 65//62 
f 38//63 67//63 62//63 
f 33//64 68//64 38//64 
f 34//65 68//65 33//65 
f 38//66 68//66 67//66 
f 34//67 32//67 69//67 
f 69//68 32//68 70//68 
f 71//69 32//69 31//69 
f 71//70 70//70 32//70 
f 72//71 31//71 29//71 
f 72//72 71//72 31//72 
f 73//73 29//73 25//73 
f 73//74 72//74 29//74 
f 74//75 25//75 24//75 
f 74//76 73//76 25//76 
f 75//77 24//77 26//77 
f 75//78 74//78 24//78 
f 76//79 26//79 20//79 
f 76//80 75//80 26//80 
f 77//81 20//81 18//81 
f 77//82 76//82 20//82 
f 78//83 18//83 17//83 
f 78//84 77//84 18//84 
f 79//85 78//85 17//85 
f 79//86 17//86 13//86 
f 79//87 13//87 11//87 
f 80//88 79//88 11//88 
f 81//89 80//89 11//89 
f 81//90 11//90 10//90 
f 82//91 10//91 12//91 
f 82//92 81//92 10//92 
f 83//93 12//93 14//93 
f 83//94 82//94 12//94 
f 84//95 14//95 2//95 
f 84//96 83//96 14//96 
f 85//97 2//97 1//97 
f 85//98 84//98 2//98 
f 86//99 1//99 3//99 
f 86//100 85//100 1//100 
f 87//101 3//101 5//101 
f 87//102 86//102 3//102 
f 88//103 5//103 4//103 
f 88//104 4//104 6//104 
f 88//105 87//105 5//105 
f 89//106 88//106 6//106 
f 90//107 6//107 8//107 
f 90//108 89//108 6//108 
f 91//109 8//109 9//109 
f 91//110 9//110 7//110 
f 91//111 90//111 8//111 
f 92//112 7//112 16//112 
f 92//113 91//113 7//113 
f 93//114 92//114 16//114 
f 94//115 16//115 15//115 
f 94//116 15//116 19//116 
f 94//117 93//117 16//117 
f 95//118 19//118 22//118 
f 95//119 94//119 19//119 
f 96//120 22//120 21//120 
f 96//121 95//121 22//121 
f 97//122 96//122 21//122 
f 98//123 21//123 23//123 
f 98//124 23//124 28//124 
f 98//125 97//125 21//125 
f 99//126 98//126 28//126 
f 100//127 28//127 27//127 
f 100//128 99//128 28//128 
f 101//129 27//129 30//129 
f 101//130 100//130 27//130 
f 102//131 30//131 33//131 
f 102//132 101//132 30//132 
f 103//133 104//133 105//133 
f 105//134 104//134 106//134 
f 103//135 107//135 104//135 
f 107//136 108//136 109//136 
f 107//137 110//137 108//137 
f 111//138 34//138 112//138 
f 112//139 34//139 69//139 
f 34//140 113//140 68//140 
f 103//141 113//141 107//141 
f 107//142 113//142 110//142 
f 110//143 113//143 111//143 
f 111//144 113//144 34//144 
f 33//145 38//145 102//145 
f 102//146 38//146 114//146 
f 68//147 113//147 115//147 
f 116//148 68//148 115//148 
f 117//149 67//149 68//149 
f 117//150 68//150 116//150 
f 118//151 38//151 35//151 
f 118//152 114//152 38//152 
f 119//153 35//153 37//153 
f 119//154 118//154 35//154 
f 120//155 37//155 36//155 
f 120//156 119//156 37//156 
f 121//157 36//157 39//157 
f 121//158 39//158 40//158 
f 121//159 120//159 36//159 
f 122//160 121//160 40//160 
f 123//161 40//161 42//161 
f 123//162 42//162 41//162 
f 123//163 122//163 40//163 
f 124//164 123//164 41//164 
f 125//165 124//165 41//165 
f 125//166 41//166 44//166 
f 126//167 125//167 44//167 
f 126//168 44//168 43//168 
f 127//169 43//169 46//169 
f 127//170 46//170 45//170 
f 127//171 126//171 43//171 
f 128//172 127//172 45//172 
f 129//173 45//173 47//173 
f 129//174 128//174 45//174 
f 130//175 47//175 49//175 
f 130//176 49//176 50//176 
f 130//177 129//177 47//177 
f 131//178 130//178 50//178 
f 132//179 50//179 48//179 
f 132//180 131//180 50//180 
f 133//181 48//181 51//181 
f 133//182 51//182 53//182 
f 133//183 132//183 48//183 
f 134//184 133//184 53//184 
f 135//185 53//185 54//185 
f 135//186 134//186 53//186 
f 136//187 54//187 52//187 
f 136//188 135//188 54//188 
f 137//189 52//189 55//189 
f 137//190 136//190 52//190 
f 138//191 55//191 56//191 
f 138//192 137//192 55//192 
f 139//193 56//193 57//193 
f 139//194 138//194 56//194 
f 140//195 57//195 59//195 
f 140//196 139//196 57//196 
f 141//197 59//197 58//197 
f 141//198 140//198 59//198 
f 142//199 58//199 61//199 
f 142//200 141//200 58//200 
f 143//201 61//201 60//201 
f 143//202 60//202 63//202 
f 143//203 142//203 61//203 
f 144//204 63//204 64//204 
f 144//205 143//205 63//205 
f 145//206 144//206 64//206 
f 146//207 64//207 62//207 
f 146//208 145//208 64//208 
f 147//209 62//209 66//209 
f 147//210 146//210 62//210 
f 148//211 66//211 65//211 
f 148//212 147//212 66//212 
f 117//213 65//213 67//213 
f 117//214 148//214 65//214 
f 149//215 150//215 151//215 
f 152//216 151//216 153//216 
f 152//217 149//217 151//217 
f 154//218 155//218 149//218 
f 156//219 152//219 157//219 
f 156//220 154//220 149//220 
f 156//221 149//221 152//221 
f 158//222 154//222 156//222 
f 159//223 154//223 158//223 
f 160//224 161//224 162//224 
f 163//225 160//225 162//225 
f 164//226 163//226 162//226 
f 165//227 159//227 166//227 
f 165//228 166//228 167//228 
f 168//229 169//229 164//229 
f 168//230 164//230 162//230 
f 170//231 165//231 171//231 
f 172//232 173//232 168//232 
f 174//233 170//233 175//233 
f 174//234 165//234 170//234 
f 176//235 165//235 174//235 
f 177//236 178//236 179//236 
f 177//237 179//237 172//237 
f 180//238 176//238 181//238 
f 182//239 180//239 183//239 
f 182//240 183//240 184//240 
f 182//241 176//241 180//241 
f 185//242 186//242 187//242 
f 188//243 186//243 185//243 
f 188//244 162//244 154//244 
f 188//245 182//245 186//245 
f 188//246 185//246 189//246 
f 188//247 168//247 162//247 
f 188//248 154//248 159//248 
f 188//249 159//249 165//249 
f 188//250 172//250 168//250 
f 188//251 176//251 182//251 
f 188//252 165//252 176//252 
f 188//253 177//253 172//253 
f 190//254 177//254 188//254 
f 191//255 190//255 188//255 
f 192//256 191//256 188//256 
f 193//257 192//257 194//257 
f 195//258 192//258 193//258 
f 196//259 192//259 195//259 
f 197//260 192//260 196//260 
f 198//261 192//261 197//261 
f 199//262 198//262 200//262 
f 201//263 192//263 198//263 
f 201//264 198//264 199//264 
f 202//265 201//265 203//265 
f 204//266 192//266 201//266 
f 204//267 201//267 202//267 
f 205//268 192//268 204//268 
f 205//269 206//269 207//269 
f 205//270 208//270 206//270 
f 205//271 204//271 208//271 
f 209//272 210//272 211//272 
f 212//273 209//273 213//273 
f 212//274 210//274 209//274 
f 214//275 212//275 215//275 
f 214//276 205//276 210//276 
f 214//277 192//277 205//277 
f 214//278 210//278 212//278 
f 216//279 191//279 192//279 
f 216//280 192//280 214//280 
f 217//281 191//281 216//281 
f 217//282 216//282 218//282 
f 217//283 218//283 219//283 
f 220//284 217//284 219//284 
f 220//285 219//285 221//285 
f 222//286 221//286 223//286 
f 222//287 220//287 221//287 
f 224//288 223//288 225//288 
f 224//289 222//289 223//289 
f 226//290 225//290 227//290 
f 226//291 224//291 225//291 
f 228//292 227//292 229//292 
f 228//293 226//293 227//293 
f 230//294 228//294 229//294 
f 231//295 228//295 230//295 
f 231//296 230//296 232//296 
f 233//297 231//297 232//297 
f 233//298 232//298 234//298 
f 235//299 233//299 234//299 
f 235//300 234//300 236//300 
f 237//301 235//301 236//301 
f 237//302 236//302 238//302 
f 239//303 237//303 238//303 
f 239//304 238//304 240//304 
f 241//305 239//305 240//305 
f 241//306 240//306 242//306 
f 243//307 241//307 242//307 
f 243//308 242//308 244//308 
f 245//309 243//309 244//309 
f 245//310 244//310 246//310 
f 247//311 248//311 249//311 
f 250//312 247//312 249//312 
f 251//313 250//313 249//313 
f 251//314 249//314 252//314 
f 253//315 252//315 254//315 
f 253//316 254//316 255//316 
f 256//317 257//317 251//317 
f 258//318 252//318 253//318 
f 258//319 251//319 252//319 
f 258//320 256//320 251//320 
f 258//321 253//321 259//321 
f 260//322 256//322 258//322 
f 260//323 261//323 262//323 
f 260//324 262//324 256//324 
f 263//325 258//325 264//325 
f 263//326 264//326 265//326 
f 263//327 260//327 258//327 
f 266//328 263//328 265//328 
f 267//329 265//329 268//329 
f 267//330 268//330 269//330 
f 267//331 266//331 265//331 
f 270//332 266//332 267//332 
f 271//333 270//333 272//333 
f 271//334 272//334 273//334 
f 271//335 266//335 270//335 
f 274//336 271//336 275//336 
f 274//337 266//337 271//337 
f 276//338 274//338 277//338 
f 276//339 266//339 274//339 
f 278//340 276//340 279//340 
f 278//341 266//341 276//341 
f 280//342 266//342 278//342 
f 281//343 245//343 246//343 
f 281//344 246//344 280//344 
f 282//345 280//345 278//345 
f 283//346 281//346 280//346 
f 284//347 280//347 282//347 
f 284//348 283//348 280//348 
f 285//349 284//349 282//349 
f 285//350 282//350 286//350 
f 287//351 285//351 286//351 
f 287//352 286//352 288//352 
f 289//353 287//353 288//353 
f 289//354 288//354 290//354 
f 291//355 292//355 293//355 
f 291//356 294//356 292//356 
f 295//357 291//357 296//357 
f 297//358 294//358 291//358 
f 297//359 291//359 295//359 
f 298//360 294//360 297//360 
f 299//361 294//361 298//361 
f 300//362 294//362 299//362 
f 301//363 294//363 300//363 
f 301//364 300//364 302//364 
f 303//365 301//365 304//365 
f 305//366 294//366 301//366 
f 305//367 301//367 303//367 
f 306//368 294//368 305//368 
f 307//369 308//369 309//369 
f 307//370 306//370 308//370 
f 310//371 294//371 306//371 
f 310//372 306//372 307//372 
f 311//373 312//373 313//373 
f 311//374 310//374 312//374 
f 311//375 294//375 310//375 
f 314//376 294//376 311//376 
f 315//377 316//377 317//377 
f 315//378 318//378 316//378 
f 315//379 319//379 318//379 
f 315//380 320//380 319//380 
f 315//381 314//381 320//381 
f 315//382 294//382 314//382 
f 321//383 322//383 323//383 
f 324//384 315//384 322//384 
f 324//385 294//385 315//385 
f 324//386 322//386 321//386 
f 325//387 290//387 326//387 
f 325//388 289//388 290//388 
f 327//389 326//389 294//389 
f 327//390 294//390 324//390 
f 327//391 325//391 326//391 
f 328//392 325//392 327//392 
f 329//393 327//393 330//393 
f 329//394 328//394 327//394 
f 331//395 330//395 332//395 
f 331//396 329//396 330//396 
f 333//397 331//397 332//397 
f 333//398 332//398 334//398 
f 335//399 333//399 334//399 
f 335//400 334//400 336//400 
f 337//401 335//401 336//401 
f 337//402 336//402 338//402 
f 339//403 337//403 338//403 
f 339//404 338//404 340//404 
f 341//405 339//405 340//405 
f 341//406 340//406 342//406 
f 343//407 341//407 342//407 
f 343//408 342//408 344//408 
f 345//409 343//409 344//409 
f 345//410 344//410 346//410 
f 347//411 345//411 346//411 
f 347//412 346//412 348//412 
f 349//413 347//413 348//413 
f 349//414 348//414 350//414 
f 351//415 349//415 350//415 
f 351//416 350//416 352//416 
f 353//417 351//417 352//417 
f 353//418 352//418 354//418 
f 355//419 353//419 354//419 
f 355//420 354//420 356//420 
f 357//421 355//421 356//421 
f 357//422 356//422 358//422 
f 359//423 357//423 358//423 
f 359//424 358//424 360//424 
f 361//425 359//425 360//425 
f 361//426 360//426 362//426 
f 363//427 361//427 362//427 
f 363//428 362//428 364//428 
f 365//429 364//429 366//429 
f 365//430 363//430 364//430 
f 367//431 366//431 368//431 
f 367//432 365//432 366//432 
f 369//433 368//433 370//433 
f 369//434 367//434 368//434 
f 371//435 369//435 370//435 
f 371//436 370//436 372//436 
f 373//437 372//437 374//437 
f 373//438 371//438 372//438 
f 375//439 374//439 376//439 
f 375//440 373//440 374//440 
f 377//441 376//441 378//441 
f 377//442 375//442 376//442 
f 379//443 378//443 380//443 
f 379//444 377//444 378//444 
f 381//445 379//445 380//445 
f 381//446 380//446 105//446 
f 382//447 383//447 384//447 
f 385//448 386//448 387//448 
f 385//449 382//449 384//449 
f 385//450 384//450 386//450 
f 388//451 389//451 390//451 
f 388//452 390//452 391//452 
f 388//453 391//453 392//453 
f 393//454 387//454 394//454 
f 393//455 394//455 389//455 
f 393//456 385//456 387//456 
f 393//457 389//457 388//457 
f 395//458 396//458 397//458 
f 395//459 397//459 398//459 
f 395//460 398//460 399//460 
f 395//461 399//461 385//461 
f 400//462 393//462 401//462 
f 400//463 401//463 402//463 
f 400//464 385//464 393//464 
f 400//465 395//465 385//465 
f 403//466 400//466 402//466 
f 404//467 402//467 405//467 
f 404//468 403//468 402//468 
f 406//469 403//469 404//469 
f 407//470 408//470 409//470 
f 410//471 403//471 406//471 
f 410//472 409//472 403//472 
f 411//473 407//473 409//473 
f 411//474 409//474 410//474 
f 412//475 411//475 410//475 
f 413//476 411//476 412//476 
f 414//477 413//477 412//477 
f 106//478 381//478 105//478 
f 106//479 413//479 414//479 
f 415//480 416//480 417//480 
f 415//481 418//481 416//481 
f 419//482 420//482 421//482 
f 419//483 415//483 420//483 
f 419//484 418//484 415//484 
f 422//485 418//485 419//485 
f 423//486 424//486 425//486 
f 423//487 422//487 424//487 
f 426//488 423//488 427//488 
f 426//489 422//489 423//489 
f 428//490 418//490 422//490 
f 428//491 422//491 426//491 
f 429//492 418//492 428//492 
f 430//493 431//493 432//493 
f 430//494 433//494 431//494 
f 430//495 434//495 433//495 
f 430//496 435//496 434//496 
f 430//497 429//497 435//497 
f 436//498 429//498 430//498 
f 436//499 430//499 437//499 
f 438//500 436//500 439//500 
f 440//501 429//501 436//501 
f 440//502 436//502 438//502 
f 440//503 418//503 429//503 
f 441//504 418//504 440//504 
f 441//505 442//505 443//505 
f 441//506 440//506 442//506 
f 444//507 445//507 446//507 
f 447//508 441//508 445//508 
f 447//509 418//509 441//509 
f 447//510 445//510 444//510 
f 109//511 414//511 418//511 
f 109//512 418//512 447//512 
f 109//513 381//513 106//513 
f 109//514 106//514 414//514 
f 448//515 449//515 450//515 
f 448//516 450//516 451//516 
f 452//517 453//517 454//517 
f 455//518 448//518 451//518 
f 456//519 455//519 451//519 
f 457//520 456//520 451//520 
f 457//521 458//521 459//521 
f 457//522 459//522 456//522 
f 460//523 461//523 462//523 
f 460//524 462//524 463//524 
f 464//525 457//525 451//525 
f 465//526 466//526 467//526 
f 468//527 465//527 469//527 
f 468//528 466//528 465//528 
f 470//529 471//529 472//529 
f 473//530 461//530 460//530 
f 473//531 452//531 461//531 
f 473//532 460//532 466//532 
f 473//533 466//533 468//533 
f 474//534 470//534 472//534 
f 475//535 452//535 473//535 
f 475//536 473//536 476//536 
f 477//537 453//537 452//537 
f 477//538 472//538 478//538 
f 477//539 478//539 479//539 
f 477//540 479//540 464//540 
f 477//541 451//541 480//541 
f 477//542 452//542 475//542 
f 477//543 480//543 453//543 
f 477//544 464//544 451//544 
f 477//545 474//545 472//545 
f 108//546 477//546 475//546 
f 481//547 482//547 483//547 
f 481//548 484//548 482//548 
f 485//549 484//549 481//549 
f 486//550 485//550 487//550 
f 486//551 484//551 485//551 
f 488//552 486//552 489//552 
f 488//553 484//553 486//553 
f 490//554 484//554 488//554 
f 491//555 490//555 492//555 
f 491//556 484//556 490//556 
f 493//557 491//557 494//557 
f 493//558 484//558 491//558 
f 495//559 493//559 496//559 
f 497//560 493//560 495//560 
f 498//561 493//561 497//561 
f 499//562 493//562 498//562 
f 500//563 484//563 493//563 
f 500//564 493//564 499//564 
f 501//565 484//565 500//565 
f 501//566 500//566 502//566 
f 503//567 484//567 501//567 
f 504//568 484//568 503//568 
f 504//569 505//569 506//569 
f 504//570 503//570 505//570 
f 507//571 504//571 508//571 
f 509//572 484//572 504//572 
f 509//573 504//573 507//573 
f 509//574 507//574 510//574 
f 511//575 509//575 512//575 
f 513//576 484//576 509//576 
f 513//577 509//577 511//577 
f 112//578 484//578 513//578 
f 112//579 108//579 475//579 
f 112//580 475//580 484//580 
f 88//581 86//581 87//581 
f 83//582 84//582 85//582 
f 83//583 85//583 86//583 
f 83//584 88//584 89//584 
f 83//585 86//585 88//585 
f 91//586 83//586 89//586 
f 91//587 89//587 90//587 
f 80//588 81//588 82//588 
f 80//589 82//589 83//589 
f 79//590 83//590 91//590 
f 79//591 80//591 83//591 
f 78//592 79//592 91//592 
f 78//593 91//593 92//593 
f 97//594 94//594 95//594 
f 97//595 95//595 96//595 
f 75//596 94//596 97//596 
f 75//597 78//597 92//597 
f 75//598 76//598 77//598 
f 75//599 77//599 78//599 
f 75//600 92//600 93//600 
f 75//601 93//601 94//601 
f 72//602 73//602 74//602 
f 71//603 74//603 75//603 
f 71//604 97//604 98//604 
f 71//605 98//605 99//605 
f 71//606 72//606 74//606 
f 71//607 75//607 97//607 
f 101//608 71//608 99//608 
f 101//609 99//609 100//609 
f 70//610 71//610 101//610 
f 102//611 70//611 101//611 
f 69//612 70//612 102//612 
f 114//613 69//613 102//613 
f 119//614 114//614 118//614 
f 121//615 119//615 120//615 
f 122//616 119//616 121//616 
f 124//617 122//617 123//617 
f 125//618 122//618 124//618 
f 126//619 119//619 122//619 
f 126//620 122//620 125//620 
f 128//621 114//621 119//621 
f 128//622 119//622 126//622 
f 128//623 126//623 127//623 
f 130//624 128//624 129//624 
f 131//625 114//625 128//625 
f 131//626 128//626 130//626 
f 133//627 114//627 131//627 
f 133//628 131//628 132//628 
f 135//629 114//629 133//629 
f 135//630 133//630 134//630 
f 136//631 114//631 135//631 
f 137//632 114//632 136//632 
f 140//633 137//633 138//633 
f 140//634 138//634 139//634 
f 141//635 114//635 137//635 
f 141//636 137//636 140//636 
f 145//637 141//637 142//637 
f 145//638 142//638 143//638 
f 145//639 143//639 144//639 
f 146//640 114//640 141//640 
f 146//641 141//641 145//641 
f 117//642 146//642 147//642 
f 117//643 147//643 148//643 
f 117//644 114//644 146//644 
f 116//645 112//645 69//645 
f 116//646 69//646 114//646 
f 116//647 114//647 117//647 
f 116//648 381//648 109//648 
f 116//649 109//649 108//649 
f 116//650 108//650 112//650 
f 514//651 515//651 516//651 
f 515//652 517//652 518//652 
f 514//653 517//653 515//653 
f 517//654 519//654 518//654 
f 518//655 519//655 520//655 
f 519//656 521//656 520//656 
f 520//657 521//657 522//657 
f 521//658 523//658 522//658 
f 522//659 523//659 524//659 
f 523//660 525//660 524//660 
f 524//661 525//661 526//661 
f 525//662 527//662 526//662 
f 526//663 527//663 528//663 
f 527//664 529//664 528//664 
f 528//665 529//665 530//665 
f 529//666 531//666 530//666 
f 530//667 531//667 532//667 
f 531//668 533//668 532//668 
f 532//669 533//669 534//669 
f 533//670 535//670 534//670 
f 534//671 535//671 536//671 
f 535//672 537//672 536//672 
f 536//673 537//673 538//673 
f 537//674 539//674 538//674 
f 538//675 539//675 540//675 
f 539//676 541//676 540//676 
f 540//677 541//677 542//677 
f 541//678 543//678 542//678 
f 542//679 543//679 544//679 
f 543//680 545//680 544//680 
f 544//681 545//681 546//681 
f 545//682 547//682 546//682 
f 546//683 547//683 548//683 
f 547//684 549//684 548//684 
f 548//685 549//685 550//685 
f 549//686 551//686 550//686 
f 550//687 551//687 552//687 
f 552//688 553//688 554//688 
f 551//689 553//689 552//689 
f 554//690 555//690 556//690 
f 553//691 555//691 554//691 
f 556//692 557//692 558//692 
f 555//693 557//693 556//693 
f 558//694 559//694 560//694 
f 557//695 559//695 558//695 
f 559//696 561//696 560//696 
f 560//697 561//697 562//697 
f 562//698 563//698 564//698 
f 561//699 563//699 562//699 
f 563//700 565//700 564//700 
f 564//701 565//701 566//701 
f 565//702 567//702 566//702 
f 566//703 567//703 568//703 
f 567//704 569//704 568//704 
f 568//705 569//705 570//705 
f 569//706 571//706 570//706 
f 570//707 571//707 572//707 
f 571//708 573//708 572//708 
f 572//709 573//709 574//709 
f 573//710 575//710 574//710 
f 574//711 575//711 576//711 
f 575//712 577//712 576//712 
f 576//713 577//713 578//713 
f 577//714 579//714 578//714 
f 578//715 579//715 580//715 
f 579//716 581//716 580//716 
f 580//717 581//717 582//717 
f 581//718 583//718 582//718 
f 582//719 583//719 584//719 
f 583//720 585//720 584//720 
f 584//721 585//721 586//721 
f 585//722 587//722 586//722 
f 586//723 587//723 588//723 
f 587//724 589//724 588//724 
f 588//725 589//725 590//725 
f 589//726 591//726 590//726 
f 590//727 591//727 592//727 
f 592//728 593//728 594//728 
f 591//729 593//729 592//729 
f 594//730 595//730 596//730 
f 593//731 595//731 594//731 
f 596//732 597//732 598//732 
f 595//733 597//733 596//733 
f 598//734 599//734 600//734 
f 597//735 599//735 598//735 
f 600//736 601//736 602//736 
f 599//737 601//737 600//737 
f 602//738 603//738 604//738 
f 601//739 603//739 602//739 
f 604//740 605//740 606//740 
f 603//741 605//741 604//741 
f 606//742 607//742 608//742 
f 605//743 607//743 606//743 
f 608//744 609//744 610//744 
f 607//745 609//745 608//745 
f 609//746 611//746 610//746 
f 610//747 611//747 612//747 
f 611//748 613//748 612//748 
f 612//749 613//749 103//749 
f 613//750 113//750 103//750 
f 613//751 115//751 113//751 
f 614//752 111//752 513//752 
f 513//753 111//753 112//753 
f 615//754 616//754 617//754 
f 616//755 618//755 617//755 
f 618//756 619//756 620//756 
f 616//757 619//757 618//757 
f 621//758 622//758 623//758 
f 619//759 624//759 625//759 
f 626//760 627//760 622//760 
f 623//761 627//761 616//761 
f 622//762 627//762 623//762 
f 619//763 628//763 624//763 
f 629//764 630//764 627//764 
f 630//765 631//765 627//765 
f 619//766 632//766 628//766 
f 628//767 632//767 633//767 
f 633//768 632//768 634//768 
f 635//769 636//769 631//769 
f 632//770 637//770 638//770 
f 639//771 640//771 636//771 
f 632//772 641//772 637//772 
f 640//773 642//773 636//773 
f 641//774 643//774 644//774 
f 645//775 646//775 642//775 
f 636//776 646//776 631//776 
f 642//777 646//777 636//777 
f 632//778 647//778 641//778 
f 646//779 647//779 631//779 
f 641//780 647//780 643//780 
f 616//781 647//781 619//781 
f 627//782 647//782 616//782 
f 631//783 647//783 627//783 
f 619//784 647//784 632//784 
f 646//785 110//785 647//785 
f 648//786 649//786 650//786 
f 648//787 651//787 649//787 
f 648//788 652//788 651//788 
f 651//789 652//789 653//789 
f 654//790 655//790 656//790 
f 657//791 655//791 654//791 
f 652//792 655//792 657//792 
f 648//793 658//793 652//793 
f 652//794 658//794 655//794 
f 648//795 659//795 658//795 
f 658//796 659//796 660//796 
f 661//797 662//797 663//797 
f 659//798 662//798 661//798 
f 648//799 662//799 659//799 
f 648//800 664//800 662//800 
f 664//801 665//801 666//801 
f 665//802 667//802 668//802 
f 648//803 667//803 664//803 
f 664//804 667//804 665//804 
f 648//805 669//805 667//805 
f 670//806 671//806 672//806 
f 669//807 671//807 670//807 
f 648//808 671//808 669//808 
f 648//809 673//809 671//809 
f 673//810 674//810 675//810 
f 648//811 674//811 673//811 
f 648//812 676//812 674//812 
f 677//813 678//813 679//813 
f 676//814 678//814 677//814 
f 676//815 614//815 678//815 
f 648//816 614//816 676//816 
f 647//817 111//817 648//817 
f 110//818 111//818 647//818 
f 648//819 111//819 614//819 
f 110//820 646//820 108//820 
f 108//821 646//821 477//821 
f 680//822 107//822 447//822 
f 447//823 107//823 109//823 
f 681//824 682//824 683//824 
f 683//825 684//825 685//825 
f 686//826 687//826 682//826 
f 684//827 688//827 689//827 
f 689//828 688//828 690//828 
f 690//829 688//829 691//829 
f 692//830 693//830 687//830 
f 687//831 693//831 682//831 
f 682//832 694//832 683//832 
f 683//833 694//833 684//833 
f 693//834 694//834 682//834 
f 688//835 695//835 696//835 
f 697//836 698//836 694//836 
f 695//837 699//837 700//837 
f 688//838 699//838 695//838 
f 698//839 701//839 694//839 
f 699//840 702//840 703//840 
f 704//841 705//841 701//841 
f 706//842 707//842 705//842 
f 705//843 707//843 701//843 
f 699//844 708//844 702//844 
f 702//845 708//845 709//845 
f 709//846 708//846 710//846 
f 701//847 711//847 694//847 
f 712//848 711//848 707//848 
f 707//849 711//849 701//849 
f 694//850 713//850 684//850 
f 711//851 713//851 694//851 
f 688//852 713//852 699//852 
f 699//853 713//853 708//853 
f 684//854 713//854 688//854 
f 711//855 104//855 713//855 
f 714//856 715//856 716//856 
f 717//857 715//857 714//857 
f 717//858 718//858 715//858 
f 715//859 718//859 719//859 
f 720//860 718//860 717//860 
f 720//861 721//861 718//861 
f 718//862 721//862 722//862 
f 723//863 724//863 725//863 
f 723//864 726//864 724//864 
f 726//865 727//865 728//865 
f 726//866 729//866 727//866 
f 729//867 730//867 731//867 
f 730//868 732//868 733//868 
f 721//869 732//869 723//869 
f 723//870 732//870 726//870 
f 726//871 732//871 729//871 
f 729//872 732//872 730//872 
f 720//873 734//873 721//873 
f 735//874 734//874 720//874 
f 721//875 734//875 732//875 
f 734//876 736//876 737//876 
f 735//877 736//877 734//877 
f 735//878 738//878 736//878 
f 739//879 740//879 741//879 
f 740//880 742//880 743//880 
f 738//881 742//881 739//881 
f 739//882 742//882 740//882 
f 744//883 680//883 745//883 
f 742//884 680//884 744//884 
f 738//885 680//885 742//885 
f 735//886 680//886 738//886 
f 735//887 107//887 680//887 
f 104//888 107//888 713//888 
f 713//889 107//889 735//889 
f 104//890 711//890 106//890 
f 106//891 711//891 413//891 
f 103//892 105//892 380//892 
f 612//893 103//893 380//893 
f 612//894 380//894 378//894 
f 610//895 612//895 378//895 
f 610//896 378//896 376//896 
f 608//897 610//897 376//897 
f 608//898 376//898 374//898 
f 606//899 608//899 374//899 
f 606//900 374//900 372//900 
f 604//901 606//901 372//901 
f 604//902 372//902 370//902 
f 602//903 604//903 370//903 
f 602//904 370//904 368//904 
f 600//905 602//905 368//905 
f 600//906 368//906 366//906 
f 598//907 600//907 366//907 
f 598//908 366//908 364//908 
f 596//909 598//909 364//909 
f 596//910 364//910 362//910 
f 594//911 596//911 362//911 
f 594//912 362//912 360//912 
f 592//913 594//913 360//913 
f 592//914 360//914 358//914 
f 590//915 592//915 358//915 
f 590//916 358//916 356//916 
f 588//917 590//917 356//917 
f 588//918 356//918 354//918 
f 586//919 588//919 354//919 
f 586//920 354//920 352//920 
f 584//921 352//921 350//921 
f 584//922 586//922 352//922 
f 582//923 350//923 348//923 
f 582//924 584//924 350//924 
f 580//925 348//925 346//925 
f 580//926 582//926 348//926 
f 578//927 346//927 344//927 
f 578//928 580//928 346//928 
f 576//929 344//929 342//929 
f 576//930 578//930 344//930 
f 574//931 342//931 340//931 
f 574//932 576//932 342//932 
f 572//933 340//933 338//933 
f 572//934 574//934 340//934 
f 570//935 338//935 336//935 
f 570//936 572//936 338//936 
f 568//937 336//937 334//937 
f 568//938 570//938 336//938 
f 566//939 568//939 334//939 
f 566//940 334//940 332//940 
f 564//941 566//941 332//941 
f 564//942 332//942 330//942 
f 562//943 564//943 330//943 
f 562//944 330//944 327//944 
f 746//945 562//945 327//945 
f 560//946 562//946 746//946 
f 558//947 560//947 747//947 
f 748//948 558//948 747//948 
f 556//949 558//949 748//949 
f 749//950 556//950 748//950 
f 554//951 556//951 749//951 
f 750//952 554//952 749//952 
f 552//953 554//953 750//953 
f 751//954 552//954 750//954 
f 550//955 552//955 751//955 
f 752//956 550//956 751//956 
f 548//957 550//957 752//957 
f 546//958 548//958 753//958 
f 546//959 753//959 280//959 
f 546//960 280//960 246//960 
f 544//961 546//961 246//961 
f 544//962 246//962 244//962 
f 542//963 544//963 244//963 
f 542//964 244//964 242//964 
f 540//965 542//965 242//965 
f 540//966 242//966 240//966 
f 538//967 540//967 240//967 
f 538//968 240//968 238//968 
f 536//969 538//969 238//969 
f 536//970 238//970 236//970 
f 534//971 536//971 236//971 
f 534//972 236//972 234//972 
f 532//973 534//973 234//973 
f 532//974 234//974 232//974 
f 530//975 532//975 232//975 
f 530//976 232//976 230//976 
f 528//977 530//977 230//977 
f 528//978 230//978 229//978 
f 526//979 528//979 229//979 
f 526//980 229//980 227//980 
f 524//981 526//981 227//981 
f 524//982 227//982 225//982 
f 522//983 225//983 223//983 
f 522//984 524//984 225//984 
f 520//985 522//985 223//985 
f 520//986 223//986 221//986 
f 518//987 221//987 219//987 
f 518//988 520//988 221//988 
f 515//989 219//989 218//989 
f 515//990 518//990 219//990 
f 746//991 747//991 560//991 
f 752//992 753//992 548//992 
f 115//993 613//993 116//993 
f 116//994 613//994 381//994 
f 613//995 611//995 381//995 
f 381//996 611//996 379//996 
f 611//997 609//997 379//997 
f 379//998 609//998 377//998 
f 377//999 607//999 375//999 
f 375//1000 607//1000 373//1000 
f 609//1001 607//1001 377//1001 
f 607//1002 605//1002 373//1002 
f 373//1003 603//1003 371//1003 
f 605//1004 603//1004 373//1004 
f 371//1005 601//1005 369//1005 
f 603//1006 601//1006 371//1006 
f 369//1007 599//1007 367//1007 
f 601//1008 599//1008 369//1008 
f 367//1009 597//1009 365//1009 
f 599//1010 597//1010 367//1010 
f 365//1011 595//1011 363//1011 
f 597//1012 595//1012 365//1012 
f 363//1013 593//1013 361//1013 
f 361//1014 593//1014 359//1014 
f 595//1015 593//1015 363//1015 
f 593//1016 591//1016 359//1016 
f 359//1017 589//1017 357//1017 
f 591//1018 589//1018 359//1018 
f 357//1019 587//1019 355//1019 
f 589//1020 587//1020 357//1020 
f 355//1021 585//1021 353//1021 
f 587//1022 585//1022 355//1022 
f 353//1023 583//1023 351//1023 
f 351//1024 583//1024 349//1024 
f 585//1025 583//1025 353//1025 
f 583//1026 581//1026 349//1026 
f 349//1027 579//1027 347//1027 
f 581//1028 579//1028 349//1028 
f 347//1029 577//1029 345//1029 
f 579//1030 577//1030 347//1030 
f 345//1031 575//1031 343//1031 
f 577//1032 575//1032 345//1032 
f 343//1033 573//1033 341//1033 
f 575//1034 573//1034 343//1034 
f 341//1035 571//1035 339//1035 
f 573//1036 571//1036 341//1036 
f 339//1037 569//1037 337//1037 
f 571//1038 569//1038 339//1038 
f 337//1039 567//1039 335//1039 
f 569//1040 567//1040 337//1040 
f 335//1041 565//1041 333//1041 
f 567//1042 565//1042 335//1042 
f 333//1043 563//1043 331//1043 
f 565//1044 563//1044 333//1044 
f 563//1045 561//1045 331//1045 
f 331//1046 561//1046 329//1046 
f 561//1047 559//1047 329//1047 
f 329//1048 559//1048 328//1048 
f 328//1049 559//1049 325//1049 
f 559//1050 557//1050 325//1050 
f 557//1051 555//1051 325//1051 
f 325//1052 555//1052 289//1052 
f 555//1053 553//1053 289//1053 
f 289//1054 553//1054 287//1054 
f 553//1055 551//1055 287//1055 
f 287//1056 551//1056 285//1056 
f 285//1057 551//1057 284//1057 
f 551//1058 549//1058 284//1058 
f 549//1059 547//1059 284//1059 
f 284//1060 547//1060 283//1060 
f 283//1061 545//1061 281//1061 
f 547//1062 545//1062 283//1062 
f 281//1063 543//1063 245//1063 
f 245//1064 543//1064 243//1064 
f 545//1065 543//1065 281//1065 
f 543//1066 541//1066 243//1066 
f 243//1067 539//1067 241//1067 
f 541//1068 539//1068 243//1068 
f 241//1069 537//1069 239//1069 
f 539//1070 537//1070 241//1070 
f 239//1071 535//1071 237//1071 
f 537//1072 535//1072 239//1072 
f 237//1073 533//1073 235//1073 
f 235//1074 533//1074 233//1074 
f 535//1075 533//1075 237//1075 
f 533//1076 531//1076 233//1076 
f 233//1077 529//1077 231//1077 
f 531//1078 529//1078 233//1078 
f 231//1079 527//1079 228//1079 
f 529//1080 527//1080 231//1080 
f 228//1081 525//1081 226//1081 
f 226//1082 525//1082 224//1082 
f 527//1083 525//1083 228//1083 
f 525//1084 523//1084 224//1084 
f 224//1085 521//1085 222//1085 
f 523//1086 521//1086 224//1086 
f 222//1087 519//1087 220//1087 
f 521//1088 519//1088 222//1088 
f 220//1089 517//1089 217//1089 
f 519//1090 517//1090 220//1090 
f 514//1091 191//1091 217//1091 
f 517//1092 514//1092 217//1092 
f 754//1093 190//1093 191//1093 
f 514//1094 516//1094 754//1094 
f 514//1095 754//1095 191//1095 
f 190//1096 755//1096 177//1096 
f 754//1097 755//1097 190//1097 
f 177//1098 755//1098 756//1098 
f 178//1099 177//1099 756//1099 
f 179//1100 756//1100 757//1100 
f 179//1101 178//1101 756//1101 
f 172//1102 757//1102 758//1102 
f 172//1103 758//1103 759//1103 
f 172//1104 179//1104 757//1104 
f 173//1105 172//1105 759//1105 
f 168//1106 173//1106 759//1106 
f 168//1107 759//1107 760//1107 
f 169//1108 760//1108 761//1108 
f 169//1109 168//1109 760//1109 
f 164//1110 761//1110 762//1110 
f 164//1111 762//1111 763//1111 
f 164//1112 169//1112 761//1112 
f 163//1113 164//1113 763//1113 
f 160//1114 763//1114 764//1114 
f 160//1115 764//1115 765//1115 
f 160//1116 163//1116 763//1116 
f 161//1117 765//1117 766//1117 
f 161//1118 160//1118 765//1118 
f 162//1119 161//1119 766//1119 
f 154//1120 766//1120 767//1120 
f 154//1121 767//1121 768//1121 
f 154//1122 162//1122 766//1122 
f 155//1123 154//1123 768//1123 
f 149//1124 768//1124 769//1124 
f 149//1125 769//1125 770//1125 
f 149//1126 155//1126 768//1126 
f 150//1127 149//1127 770//1127 
f 151//1128 770//1128 771//1128 
f 151//1129 771//1129 772//1129 
f 151//1130 150//1130 770//1130 
f 153//1131 772//1131 773//1131 
f 153//1132 151//1132 772//1132 
f 152//1133 153//1133 773//1133 
f 157//1134 773//1134 774//1134 
f 157//1135 774//1135 775//1135 
f 157//1136 152//1136 773//1136 
f 156//1137 157//1137 775//1137 
f 158//1138 775//1138 776//1138 
f 158//1139 156//1139 775//1139 
f 159//1140 776//1140 777//1140 
f 159//1141 158//1141 776//1141 
f 166//1142 777//1142 778//1142 
f 166//1143 159//1143 777//1143 
f 167//1144 778//1144 779//1144 
f 167//1145 166//1145 778//1145 
f 165//1146 779//1146 780//1146 
f 165//1147 167//1147 779//1147 
f 171//1148 780//1148 781//1148 
f 171//1149 165//1149 780//1149 
f 170//1150 781//1150 782//1150 
f 170//1151 171//1151 781//1151 
f 175//1152 782//1152 783//1152 
f 175//1153 170//1153 782//1153 
f 174//1154 783//1154 784//1154 
f 174//1155 784//1155 785//1155 
f 174//1156 175//1156 783//1156 
f 176//1157 174//1157 785//1157 
f 176//1158 785//1158 786//1158 
f 181//1159 176//1159 786//1159 
f 180//1160 181//1160 786//1160 
f 180//1161 786//1161 787//1161 
f 183//1162 180//1162 787//1162 
f 183//1163 787//1163 788//1163 
f 184//1164 183//1164 788//1164 
f 184//1165 788//1165 789//1165 
f 184//1166 789//1166 790//1166 
f 182//1167 184//1167 790//1167 
f 182//1168 790//1168 791//1168 
f 186//1169 182//1169 791//1169 
f 187//1170 186//1170 791//1170 
f 187//1171 791//1171 792//1171 
f 187//1172 792//1172 793//1172 
f 185//1173 187//1173 793//1173 
f 189//1174 793//1174 794//1174 
f 189//1175 794//1175 795//1175 
f 189//1176 185//1176 793//1176 
f 188//1177 189//1177 795//1177 
f 614//1178 511//1178 678//1178 
f 513//1179 511//1179 614//1179 
f 678//1180 512//1180 679//1180 
f 511//1181 512//1181 678//1181 
f 679//1182 509//1182 677//1182 
f 512//1183 509//1183 679//1183 
f 677//1184 510//1184 676//1184 
f 509//1185 510//1185 677//1185 
f 676//1186 507//1186 674//1186 
f 510//1187 507//1187 676//1187 
f 674//1188 508//1188 675//1188 
f 507//1189 508//1189 674//1189 
f 675//1190 504//1190 673//1190 
f 508//1191 504//1191 675//1191 
f 673//1192 506//1192 671//1192 
f 504//1193 506//1193 673//1193 
f 506//1194 505//1194 671//1194 
f 671//1195 505//1195 672//1195 
f 672//1196 505//1196 670//1196 
f 505//1197 503//1197 670//1197 
f 503//1198 501//1198 670//1198 
f 670//1199 501//1199 669//1199 
f 669//1200 502//1200 667//1200 
f 501//1201 502//1201 669//1201 
f 667//1202 500//1202 668//1202 
f 502//1203 500//1203 667//1203 
f 668//1204 499//1204 665//1204 
f 500//1205 499//1205 668//1205 
f 665//1206 498//1206 666//1206 
f 499//1207 498//1207 665//1207 
f 666//1208 497//1208 664//1208 
f 498//1209 497//1209 666//1209 
f 664//1210 495//1210 662//1210 
f 497//1211 495//1211 664//1211 
f 662//1212 496//1212 663//1212 
f 663//1213 496//1213 661//1213 
f 495//1214 496//1214 662//1214 
f 496//1215 493//1215 661//1215 
f 661//1216 494//1216 659//1216 
f 493//1217 494//1217 661//1217 
f 659//1218 491//1218 660//1218 
f 660//1219 491//1219 658//1219 
f 494//1220 491//1220 659//1220 
f 658//1221 492//1221 655//1221 
f 491//1222 492//1222 658//1222 
f 492//1223 490//1223 655//1223 
f 655//1224 488//1224 656//1224 
f 656//1225 488//1225 654//1225 
f 490//1226 488//1226 655//1226 
f 654//1227 489//1227 657//1227 
f 488//1228 489//1228 654//1228 
f 657//1229 486//1229 652//1229 
f 489//1230 486//1230 657//1230 
f 486//1231 487//1231 652//1231 
f 652//1232 485//1232 653//1232 
f 653//1233 485//1233 651//1233 
f 487//1234 485//1234 652//1234 
f 485//1235 481//1235 651//1235 
f 651//1236 483//1236 649//1236 
f 481//1237 483//1237 651//1237 
f 649//1238 482//1238 650//1238 
f 483//1239 482//1239 649//1239 
f 650//1240 484//1240 648//1240 
f 482//1241 484//1241 650//1241 
f 795//1242 796//1242 188//1242 
f 188//1243 796//1243 192//1243 
f 647//1244 648//1244 475//1244 
f 475//1245 648//1245 484//1245 
f 797//1246 214//1246 798//1246 
f 214//1247 215//1247 798//1247 
f 798//1248 212//1248 799//1248 
f 215//1249 212//1249 798//1249 
f 799//1250 213//1250 800//1250 
f 800//1251 213//1251 801//1251 
f 212//1252 213//1252 799//1252 
f 213//1253 209//1253 801//1253 
f 801//1254 211//1254 802//1254 
f 209//1255 211//1255 801//1255 
f 802//1256 210//1256 803//1256 
f 211//1257 210//1257 802//1257 
f 803//1258 205//1258 804//1258 
f 210//1259 205//1259 803//1259 
f 804//1260 207//1260 805//1260 
f 205//1261 207//1261 804//1261 
f 805//1262 206//1262 806//1262 
f 207//1263 206//1263 805//1263 
f 806//1264 208//1264 807//1264 
f 807//1265 208//1265 808//1265 
f 206//1266 208//1266 806//1266 
f 208//1267 204//1267 808//1267 
f 204//1268 202//1268 808//1268 
f 808//1269 202//1269 809//1269 
f 202//1270 203//1270 809//1270 
f 809//1271 203//1271 810//1271 
f 203//1272 201//1272 810//1272 
f 810//1273 201//1273 811//1273 
f 811//1274 201//1274 812//1274 
f 201//1275 199//1275 812//1275 
f 199//1276 200//1276 812//1276 
f 812//1277 200//1277 813//1277 
f 813//1278 198//1278 814//1278 
f 200//1279 198//1279 813//1279 
f 814//1280 197//1280 815//1280 
f 198//1281 197//1281 814//1281 
f 815//1282 196//1282 816//1282 
f 197//1283 196//1283 815//1283 
f 816//1284 195//1284 817//1284 
f 196//1285 195//1285 816//1285 
f 817//1286 193//1286 818//1286 
f 195//1287 193//1287 817//1287 
f 818//1288 194//1288 819//1288 
f 193//1289 194//1289 818//1289 
f 819//1290 192//1290 796//1290 
f 194//1291 192//1291 819//1291 
f 474//1292 646//1292 645//1292 
f 474//1293 477//1293 646//1293 
f 470//1294 645//1294 642//1294 
f 470//1295 474//1295 645//1295 
f 471//1296 642//1296 640//1296 
f 471//1297 470//1297 642//1297 
f 472//1298 640//1298 639//1298 
f 472//1299 471//1299 640//1299 
f 478//1300 639//1300 636//1300 
f 478//1301 472//1301 639//1301 
f 479//1302 636//1302 635//1302 
f 479//1303 478//1303 636//1303 
f 464//1304 635//1304 631//1304 
f 464//1305 479//1305 635//1305 
f 457//1306 631//1306 630//1306 
f 457//1307 464//1307 631//1307 
f 458//1308 457//1308 630//1308 
f 458//1309 630//1309 629//1309 
f 458//1310 629//1310 627//1310 
f 459//1311 458//1311 627//1311 
f 456//1312 459//1312 627//1312 
f 456//1313 627//1313 626//1313 
f 455//1314 626//1314 622//1314 
f 455//1315 456//1315 626//1315 
f 448//1316 622//1316 621//1316 
f 448//1317 455//1317 622//1317 
f 449//1318 621//1318 623//1318 
f 449//1319 448//1319 621//1319 
f 450//1320 623//1320 616//1320 
f 450//1321 449//1321 623//1321 
f 451//1322 616//1322 615//1322 
f 451//1323 450//1323 616//1323 
f 480//1324 615//1324 617//1324 
f 480//1325 451//1325 615//1325 
f 453//1326 617//1326 618//1326 
f 453//1327 618//1327 620//1327 
f 453//1328 480//1328 617//1328 
f 454//1329 453//1329 620//1329 
f 452//1330 620//1330 619//1330 
f 452//1331 454//1331 620//1331 
f 461//1332 619//1332 625//1332 
f 461//1333 625//1333 624//1333 
f 461//1334 452//1334 619//1334 
f 462//1335 624//1335 628//1335 
f 462//1336 461//1336 624//1336 
f 463//1337 462//1337 628//1337 
f 460//1338 628//1338 633//1338 
f 460//1339 633//1339 634//1339 
f 460//1340 463//1340 628//1340 
f 466//1341 634//1341 632//1341 
f 466//1342 460//1342 634//1342 
f 467//1343 632//1343 638//1343 
f 467//1344 466//1344 632//1344 
f 465//1345 467//1345 638//1345 
f 469//1346 638//1346 637//1346 
f 469//1347 637//1347 641//1347 
f 469//1348 465//1348 638//1348 
f 468//1349 469//1349 641//1349 
f 473//1350 641//1350 644//1350 
f 473//1351 468//1351 641//1351 
f 476//1352 644//1352 643//1352 
f 476//1353 473//1353 644//1353 
f 475//1354 643//1354 647//1354 
f 475//1355 476//1355 643//1355 
f 797//1356 820//1356 214//1356 
f 214//1357 820//1357 216//1357 
f 820//1358 515//1358 218//1358 
f 820//1359 218//1359 216//1359 
f 516//1360 820//1360 754//1360 
f 516//1361 515//1361 820//1361 
f 753//1362 821//1362 280//1362 
f 280//1363 821//1363 266//1363 
f 680//1364 444//1364 745//1364 
f 447//1365 444//1365 680//1365 
f 745//1366 446//1366 744//1366 
f 444//1367 446//1367 745//1367 
f 744//1368 445//1368 742//1368 
f 446//1369 445//1369 744//1369 
f 742//1370 441//1370 743//1370 
f 445//1371 441//1371 742//1371 
f 743//1372 443//1372 740//1372 
f 441//1373 443//1373 743//1373 
f 740//1374 442//1374 741//1374 
f 443//1375 442//1375 740//1375 
f 741//1376 440//1376 739//1376 
f 442//1377 440//1377 741//1377 
f 739//1378 438//1378 738//1378 
f 440//1379 438//1379 739//1379 
f 438//1380 439//1380 738//1380 
f 738//1381 439//1381 736//1381 
f 736//1382 439//1382 737//1382 
f 439//1383 436//1383 737//1383 
f 436//1384 437//1384 737//1384 
f 737//1385 437//1385 734//1385 
f 734//1386 430//1386 732//1386 
f 437//1387 430//1387 734//1387 
f 732//1388 432//1388 733//1388 
f 430//1389 432//1389 732//1389 
f 733//1390 431//1390 730//1390 
f 432//1391 431//1391 733//1391 
f 730//1392 433//1392 731//1392 
f 431//1393 433//1393 730//1393 
f 731//1394 434//1394 729//1394 
f 433//1395 434//1395 731//1395 
f 729//1396 435//1396 727//1396 
f 434//1397 435//1397 729//1397 
f 727//1398 429//1398 728//1398 
f 728//1399 429//1399 726//1399 
f 435//1400 429//1400 727//1400 
f 429//1401 428//1401 726//1401 
f 726//1402 426//1402 724//1402 
f 428//1403 426//1403 726//1403 
f 724//1404 427//1404 725//1404 
f 725//1405 427//1405 723//1405 
f 426//1406 427//1406 724//1406 
f 723//1407 423//1407 721//1407 
f 427//1408 423//1408 723//1408 
f 423//1409 425//1409 721//1409 
f 721//1410 424//1410 722//1410 
f 722//1411 424//1411 718//1411 
f 425//1412 424//1412 721//1412 
f 718//1413 422//1413 719//1413 
f 424//1414 422//1414 718//1414 
f 719//1415 419//1415 715//1415 
f 422//1416 419//1416 719//1416 
f 419//1417 421//1417 715//1417 
f 715//1418 420//1418 716//1418 
f 716//1419 420//1419 714//1419 
f 421//1420 420//1420 715//1420 
f 420//1421 415//1421 714//1421 
f 714//1422 417//1422 717//1422 
f 415//1423 417//1423 714//1423 
f 717//1424 416//1424 720//1424 
f 417//1425 416//1425 717//1425 
f 720//1426 418//1426 735//1426 
f 416//1427 418//1427 720//1427 
f 263//1428 821//1428 822//1428 
f 263//1429 822//1429 823//1429 
f 263//1430 266//1430 821//1430 
f 260//1431 263//1431 823//1431 
f 261//1432 823//1432 824//1432 
f 261//1433 260//1433 823//1433 
f 262//1434 824//1434 825//1434 
f 262//1435 261//1435 824//1435 
f 256//1436 825//1436 826//1436 
f 256//1437 262//1437 825//1437 
f 257//1438 826//1438 827//1438 
f 257//1439 827//1439 828//1439 
f 257//1440 256//1440 826//1440 
f 251//1441 257//1441 828//1441 
f 250//1442 251//1442 828//1442 
f 250//1443 828//1443 829//1443 
f 247//1444 250//1444 829//1444 
f 247//1445 829//1445 830//1445 
f 248//1446 830//1446 831//1446 
f 248//1447 831//1447 832//1447 
f 248//1448 247//1448 830//1448 
f 249//1449 248//1449 832//1449 
f 252//1450 832//1450 833//1450 
f 252//1451 249//1451 832//1451 
f 254//1452 833//1452 834//1452 
f 254//1453 252//1453 833//1453 
f 255//1454 834//1454 835//1454 
f 255//1455 254//1455 834//1455 
f 253//1456 835//1456 836//1456 
f 253//1457 255//1457 835//1457 
f 259//1458 836//1458 837//1458 
f 259//1459 253//1459 836//1459 
f 258//1460 837//1460 838//1460 
f 258//1461 838//1461 839//1461 
f 258//1462 259//1462 837//1462 
f 264//1463 258//1463 839//1463 
f 265//1464 839//1464 840//1464 
f 265//1465 264//1465 839//1465 
f 268//1466 840//1466 841//1466 
f 268//1467 841//1467 842//1467 
f 268//1468 265//1468 840//1468 
f 269//1469 268//1469 842//1469 
f 267//1470 842//1470 843//1470 
f 267//1471 843//1471 844//1471 
f 267//1472 269//1472 842//1472 
f 270//1473 844//1473 845//1473 
f 270//1474 267//1474 844//1474 
f 272//1475 270//1475 845//1475 
f 273//1476 845//1476 846//1476 
f 273//1477 272//1477 845//1477 
f 271//1478 846//1478 847//1478 
f 271//1479 273//1479 846//1479 
f 275//1480 847//1480 848//1480 
f 275//1481 271//1481 847//1481 
f 274//1482 848//1482 849//1482 
f 274//1483 275//1483 848//1483 
f 277//1484 849//1484 850//1484 
f 277//1485 274//1485 849//1485 
f 276//1486 850//1486 851//1486 
f 276//1487 851//1487 852//1487 
f 276//1488 277//1488 850//1488 
f 279//1489 276//1489 852//1489 
f 278//1490 852//1490 853//1490 
f 278//1491 279//1491 852//1491 
f 713//1492 735//1492 414//1492 
f 414//1493 735//1493 418//1493 
f 854//1494 855//1494 294//1494 
f 854//1495 294//1495 326//1495 
f 856//1496 326//1496 290//1496 
f 856//1497 290//1497 288//1497 
f 856//1498 854//1498 326//1498 
f 857//1499 856//1499 288//1499 
f 858//1500 288//1500 286//1500 
f 858//1501 857//1501 288//1501 
f 859//1502 286//1502 282//1502 
f 859//1503 858//1503 286//1503 
f 853//1504 282//1504 278//1504 
f 853//1505 859//1505 282//1505 
f 411//1506 711//1506 712//1506 
f 411//1507 413//1507 711//1507 
f 407//1508 712//1508 707//1508 
f 407//1509 411//1509 712//1509 
f 408//1510 707//1510 706//1510 
f 408//1511 407//1511 707//1511 
f 409//1512 706//1512 705//1512 
f 409//1513 408//1513 706//1513 
f 403//1514 705//1514 704//1514 
f 403//1515 409//1515 705//1515 
f 400//1516 704//1516 701//1516 
f 400//1517 403//1517 704//1517 
f 395//1518 701//1518 698//1518 
f 395//1519 400//1519 701//1519 
f 396//1520 698//1520 697//1520 
f 396//1521 395//1521 698//1521 
f 397//1522 396//1522 697//1522 
f 397//1523 697//1523 694//1523 
f 397//1524 694//1524 693//1524 
f 398//1525 397//1525 693//1525 
f 399//1526 398//1526 693//1526 
f 399//1527 693//1527 692//1527 
f 385//1528 692//1528 687//1528 
f 385//1529 399//1529 692//1529 
f 382//1530 687//1530 686//1530 
f 382//1531 385//1531 687//1531 
f 383//1532 686//1532 682//1532 
f 383//1533 382//1533 686//1533 
f 384//1534 682//1534 681//1534 
f 384//1535 383//1535 682//1535 
f 386//1536 681//1536 683//1536 
f 386//1537 384//1537 681//1537 
f 387//1538 683//1538 685//1538 
f 387//1539 386//1539 683//1539 
f 394//1540 685//1540 684//1540 
f 394//1541 684//1541 689//1541 
f 394//1542 387//1542 685//1542 
f 389//1543 394//1543 689//1543 
f 390//1544 689//1544 690//1544 
f 390//1545 389//1545 689//1545 
f 391//1546 690//1546 691//1546 
f 391//1547 691//1547 688//1547 
f 391//1548 390//1548 690//1548 
f 392//1549 688//1549 696//1549 
f 392//1550 391//1550 688//1550 
f 388//1551 392//1551 696//1551 
f 393//1552 696//1552 695//1552 
f 393//1553 695//1553 700//1553 
f 393//1554 388//1554 696//1554 
f 401//1555 700//1555 699//1555 
f 401//1556 393//1556 700//1556 
f 402//1557 699//1557 703//1557 
f 402//1558 401//1558 699//1558 
f 405//1559 402//1559 703//1559 
f 404//1560 703//1560 702//1560 
f 404//1561 702//1561 709//1561 
f 404//1562 405//1562 703//1562 
f 406//1563 404//1563 709//1563 
f 410//1564 709//1564 710//1564 
f 410//1565 406//1565 709//1565 
f 412//1566 710//1566 708//1566 
f 412//1567 410//1567 710//1567 
f 414//1568 708//1568 713//1568 
f 414//1569 412//1569 708//1569 
f 860//1570 321//1570 861//1570 
f 324//1571 321//1571 860//1571 
f 861//1572 323//1572 862//1572 
f 321//1573 323//1573 861//1573 
f 862//1574 322//1574 863//1574 
f 863//1575 322//1575 864//1575 
f 323//1576 322//1576 862//1576 
f 322//1577 315//1577 864//1577 
f 864//1578 317//1578 865//1578 
f 865//1579 317//1579 866//1579 
f 315//1580 317//1580 864//1580 
f 317//1581 316//1581 866//1581 
f 316//1582 318//1582 866//1582 
f 866//1583 318//1583 867//1583 
f 318//1584 319//1584 867//1584 
f 867//1585 319//1585 868//1585 
f 868//1586 320//1586 869//1586 
f 319//1587 320//1587 868//1587 
f 869//1588 314//1588 870//1588 
f 320//1589 314//1589 869//1589 
f 870//1590 311//1590 871//1590 
f 871//1591 311//1591 872//1591 
f 314//1592 311//1592 870//1592 
f 311//1593 313//1593 872//1593 
f 872//1594 312//1594 873//1594 
f 313//1595 312//1595 872//1595 
f 873//1596 310//1596 874//1596 
f 312//1597 310//1597 873//1597 
f 874//1598 307//1598 875//1598 
f 310//1599 307//1599 874//1599 
f 875//1600 309//1600 876//1600 
f 307//1601 309//1601 875//1601 
f 876//1602 308//1602 877//1602 
f 309//1603 308//1603 876//1603 
f 877//1604 306//1604 878//1604 
f 878//1605 306//1605 879//1605 
f 308//1606 306//1606 877//1606 
f 306//1607 305//1607 879//1607 
f 879//1608 303//1608 880//1608 
f 305//1609 303//1609 879//1609 
f 880//1610 304//1610 881//1610 
f 303//1611 304//1611 880//1611 
f 881//1612 301//1612 882//1612 
f 304//1613 301//1613 881//1613 
f 882//1614 302//1614 883//1614 
f 883//1615 302//1615 884//1615 
f 301//1616 302//1616 882//1616 
f 302//1617 300//1617 884//1617 
f 300//1618 299//1618 884//1618 
f 884//1619 299//1619 885//1619 
f 885//1620 299//1620 886//1620 
f 886//1621 298//1621 887//1621 
f 299//1622 298//1622 886//1622 
f 298//1623 297//1623 887//1623 
f 887//1624 295//1624 888//1624 
f 297//1625 295//1625 887//1625 
f 888//1626 296//1626 889//1626 
f 295//1627 296//1627 888//1627 
f 889//1628 291//1628 890//1628 
f 296//1629 291//1629 889//1629 
f 890//1630 293//1630 891//1630 
f 291//1631 293//1631 890//1631 
f 891//1632 292//1632 892//1632 
f 293//1633 292//1633 891//1633 
f 892//1634 294//1634 855//1634 
f 292//1635 294//1635 892//1635 
f 860//1636 746//1636 327//1636 
f 860//1637 327//1637 324//1637 
f 831//1638 830//1638 832//1638 
f 832//1639 834//1639 833//1639 
f 830//1640 834//1640 832//1640 
f 830//1641 835//1641 834//1641 
f 828//1642 827//1642 829//1642 
f 835//1643 837//1643 836//1643 
f 826//1644 825//1644 827//1644 
f 829//1645 825//1645 830//1645 
f 827//1646 825//1646 829//1646 
f 837//1647 840//1647 838//1647 
f 838//1648 840//1648 839//1648 
f 824//1649 823//1649 825//1649 
f 837//1650 842//1650 840//1650 
f 840//1651 842//1651 841//1651 
f 822//1652 821//1652 823//1652 
f 842//1653 844//1653 843//1653 
f 844//1654 846//1654 845//1654 
f 835//1655 853//1655 837//1655 
f 825//1656 853//1656 830//1656 
f 837//1657 853//1657 842//1657 
f 823//1658 853//1658 825//1658 
f 821//1659 853//1659 823//1659 
f 842//1660 853//1660 844//1660 
f 844//1661 853//1661 846//1661 
f 846//1662 853//1662 847//1662 
f 847//1663 853//1663 848//1663 
f 848//1664 853//1664 849//1664 
f 849//1665 853//1665 850//1665 
f 850//1666 853//1666 851//1666 
f 851//1667 853//1667 852//1667 
f 830//1668 853//1668 835//1668 
f 753//1669 752//1669 821//1669 
f 821//1670 752//1670 853//1670 
f 853//1671 752//1671 859//1671 
f 859//1672 751//1672 858//1672 
f 752//1673 751//1673 859//1673 
f 858//1674 750//1674 857//1674 
f 751//1675 750//1675 858//1675 
f 857//1676 749//1676 856//1676 
f 750//1677 749//1677 857//1677 
f 856//1678 748//1678 854//1678 
f 749//1679 748//1679 856//1679 
f 892//1680 890//1680 891//1680 
f 892//1681 889//1681 890//1681 
f 855//1682 889//1682 892//1682 
f 855//1683 888//1683 889//1683 
f 888//1684 886//1684 887//1684 
f 855//1685 886//1685 888//1685 
f 854//1686 747//1686 855//1686 
f 748//1687 747//1687 854//1687 
f 855//1688 885//1688 886//1688 
f 855//1689 884//1689 885//1689 
f 855//1690 883//1690 884//1690 
f 883//1691 881//1691 882//1691 
f 855//1692 881//1692 883//1692 
f 881//1693 879//1693 880//1693 
f 881//1694 878//1694 879//1694 
f 855//1695 878//1695 881//1695 
f 855//1696 877//1696 878//1696 
f 855//1697 875//1697 877//1697 
f 877//1698 875//1698 876//1698 
f 874//1699 872//1699 873//1699 
f 874//1700 871//1700 872//1700 
f 875//1701 871//1701 874//1701 
f 855//1702 870//1702 875//1702 
f 875//1703 870//1703 871//1703 
f 870//1704 868//1704 869//1704 
f 870//1705 866//1705 868//1705 
f 868//1706 866//1706 867//1706 
f 866//1707 864//1707 865//1707 
f 866//1708 863//1708 864//1708 
f 866//1709 861//1709 863//1709 
f 863//1710 861//1710 862//1710 
f 855//1711 860//1711 870//1711 
f 870//1712 860//1712 866//1712 
f 866//1713 860//1713 861//1713 
f 747//1714 860//1714 855//1714 
f 747//1715 746//1715 860//1715 
f 770//1716 769//1716 771//1716 
f 771//1717 773//1717 772//1717 
f 769//1718 773//1718 771//1718 
f 768//1719 767//1719 769//1719 
f 773//1720 776//1720 774//1720 
f 774//1721 776//1721 775//1721 
f 767//1722 776//1722 769//1722 
f 769//1723 776//1723 773//1723 
f 767//1724 777//1724 776//1724 
f 765//1725 764//1725 766//1725 
f 764//1726 763//1726 766//1726 
f 763//1727 762//1727 766//1727 
f 777//1728 780//1728 778//1728 
f 778//1729 780//1729 779//1729 
f 777//1730 760//1730 780//1730 
f 761//1731 760//1731 762//1731 
f 766//1732 760//1732 767//1732 
f 767//1733 760//1733 777//1733 
f 762//1734 760//1734 766//1734 
f 780//1735 782//1735 781//1735 
f 759//1736 758//1736 760//1736 
f 780//1737 784//1737 782//1737 
f 782//1738 784//1738 783//1738 
f 780//1739 785//1739 784//1739 
f 756//1740 755//1740 757//1740 
f 757//1741 755//1741 758//1741 
f 785//1742 787//1742 786//1742 
f 787//1743 789//1743 788//1743 
f 787//1744 790//1744 789//1744 
f 785//1745 790//1745 787//1745 
f 790//1746 792//1746 791//1746 
f 760//1747 795//1747 780//1747 
f 758//1748 795//1748 760//1748 
f 780//1749 795//1749 785//1749 
f 755//1750 795//1750 758//1750 
f 785//1751 795//1751 790//1751 
f 792//1752 795//1752 793//1752 
f 793//1753 795//1753 794//1753 
f 790//1754 795//1754 792//1754 
f 755//1755 754//1755 795//1755 
f 754//1756 796//1756 795//1756 
f 796//1757 818//1757 819//1757 
f 796//1758 817//1758 818//1758 
f 816//1759 814//1759 815//1759 
f 817//1760 814//1760 816//1760 
f 796//1761 813//1761 817//1761 
f 817//1762 813//1762 814//1762 
f 813//1763 811//1763 812//1763 
f 796//1764 811//1764 813//1764 
f 796//1765 810//1765 811//1765 
f 810//1766 808//1766 809//1766 
f 796//1767 808//1767 810//1767 
f 808//1768 806//1768 807//1768 
f 796//1769 806//1769 808//1769 
f 806//1770 804//1770 805//1770 
f 796//1771 804//1771 806//1771 
f 796//1772 803//1772 804//1772 
f 802//1773 800//1773 801//1773 
f 803//1774 800//1774 802//1774 
f 800//1775 798//1775 799//1775 
f 803//1776 798//1776 800//1776 
f 796//1777 797//1777 803//1777 
f 803//1778 797//1778 798//1778 
f 754//1779 820//1779 796//1779 
f 796//1780 820//1780 797//1780 
