# FreeCAD v1.0 build1 Arch module
# https://www.freecad.org
mtllib Boat_Type001_Screws.mtl
o Type001_Screws_Top
usemtl color_727980
v 3403.0 -70.0 1198.0
v 3402.987549 -70.0 1198.498413
v 3403.0 -80.0 1198.0
v 3402.987549 -80.0 1198.498413
v 3402.950195 -70.0 1198.995728
v 3402.950195 -80.0 1198.995728
v 3402.888428 -80.0 1199.490479
v 3402.888428 -70.0 1199.490479
v 3402.801758 -70.0 1199.981445
v 3402.801758 -80.0 1199.981445
v 3402.690674 -80.0 1200.467529
v 3402.690674 -70.0 1200.467529
v 3402.555664 -70.0 1200.94751
v 3402.555664 -80.0 1200.94751
v 3402.396973 -70.0 1201.420166
v 3402.396973 -80.0 1201.420166
v 3402.214844 -80.0 1201.884399
v 3402.214844 -70.0 1201.884399
v 3402.009766 -70.0 1202.338867
v 3402.009766 -80.0 1202.338867
v 3401.782227 -70.0 1202.782593
v 3401.782227 -80.0 1202.782593
v 3401.532959 -70.0 1203.214355
v 3401.532959 -80.0 1203.214355
v 3401.262451 -80.0 1203.633179
v 3401.262451 -70.0 1203.633179
v 3400.971436 -70.0 1204.038086
v 3400.971436 -80.0 1204.038086
v 3400.6604 -70.0 1204.427856
v 3400.6604 -80.0 1204.427856
v 3400.330566 -70.0 1204.801758
v 3400.330566 -80.0 1204.801758
v 3399.982422 -80.0 1205.158691
v 3399.982422 -70.0 1205.158691
v 3399.616943 -70.0 1205.497803
v 3399.616943 -80.0 1205.497803
v 3399.234863 -70.0 1205.818359
v 3399.234863 -80.0 1205.818359
v 3398.837402 -80.0 1206.119385
v 3398.837402 -70.0 1206.119385
v 3398.425537 -70.0 1206.400269
v 3398.425537 -80.0 1206.400269
v 3398.0 -70.0 1206.660278
v 3398.0 -80.0 1206.660278
v 3397.562012 -70.0 1206.898682
v 3397.562012 -80.0 1206.898682
v 3397.112793 -70.0 1207.115112
v 3397.112793 -80.0 1207.115112
v 3396.65332 -70.0 1207.308716
v 3396.65332 -80.0 1207.308716
v 3396.184814 -70.0 1207.479248
v 3396.184814 -80.0 1207.479248
v 3395.708496 -70.0 1207.626221
v 3395.708496 -80.0 1207.626221
v 3395.225098 -70.0 1207.749268
v 3395.225098 -80.0 1207.749268
v 3394.736572 -70.0 1207.848022
v 3394.736572 -80.0 1207.848022
v 3394.243408 -80.0 1207.922363
v 3394.243408 -70.0 1207.922363
v 3393.747314 -70.0 1207.972046
v 3393.747314 -80.0 1207.972046
v 3393.249268 -70.0 1207.996948
v 3393.249268 -80.0 1207.996948
v 3392.750732 -70.0 1207.996948
v 3392.750732 -80.0 1207.996948
v 3392.252686 -70.0 1207.972046
v 3392.252686 -80.0 1207.972046
v 3391.756592 -70.0 1207.922363
v 3391.756592 -80.0 1207.922363
v 3391.263428 -70.0 1207.848022
v 3391.263428 -80.0 1207.848022
v 3390.774902 -70.0 1207.749268
v 3390.774902 -80.0 1207.749268
v 3390.291504 -70.0 1207.626221
v 3390.291504 -80.0 1207.626221
v 3389.815186 -80.0 1207.479248
v 3389.815186 -70.0 1207.479248
v 3389.34668 -80.0 1207.308716
v 3389.34668 -70.0 1207.308716
v 3388.887207 -70.0 1207.115112
v 3388.887207 -80.0 1207.115112
v 3388.437988 -70.0 1206.898682
v 3388.437988 -80.0 1206.898682
v 3388.0 -70.0 1206.660278
v 3388.0 -80.0 1206.660278
v 3387.574463 -70.0 1206.400269
v 3387.574463 -80.0 1206.400269
v 3387.162598 -70.0 1206.119385
v 3387.162598 -80.0 1206.119385
v 3386.765137 -70.0 1205.818359
v 3386.765137 -80.0 1205.818359
v 3386.383057 -70.0 1205.497803
v 3386.383057 -80.0 1205.497803
v 3386.017578 -80.0 1205.158691
v 3386.017578 -70.0 1205.158691
v 3385.669434 -70.0 1204.801758
v 3385.669434 -80.0 1204.801758
v 3385.3396 -70.0 1204.427856
v 3385.3396 -80.0 1204.427856
v 3385.028564 -70.0 1204.038086
v 3385.028564 -80.0 1204.038086
v 3384.737549 -80.0 1203.633179
v 3384.737549 -70.0 1203.633179
v 3384.467041 -70.0 1203.214355
v 3384.467041 -80.0 1203.214355
v 3384.217773 -80.0 1202.782593
v 3384.217773 -70.0 1202.782593
v 3383.990234 -70.0 1202.338867
v 3383.990234 -80.0 1202.338867
v 3383.785156 -80.0 1201.884399
v 3383.785156 -70.0 1201.884399
v 3383.603027 -70.0 1201.420166
v 3383.603027 -80.0 1201.420166
v 3383.444336 -70.0 1200.94751
v 3383.444336 -80.0 1200.94751
v 3383.309326 -80.0 1200.467529
v 3383.309326 -70.0 1200.467529
v 3383.198242 -70.0 1199.981445
v 3383.198242 -80.0 1199.981445
v 3383.111572 -70.0 1199.490479
v 3383.111572 -80.0 1199.490479
v 3383.049805 -70.0 1198.995728
v 3383.049805 -80.0 1198.995728
v 3383.012451 -70.0 1198.498413
v 3383.012451 -80.0 1198.498413
v 3383.0 -80.0 1198.0
v 3383.0 -70.0 1198.0
v 3383.012451 -80.0 1197.501587
v 3383.012451 -70.0 1197.501587
v 3383.049805 -70.0 1197.004272
v 3383.049805 -80.0 1197.004272
v 3383.111572 -80.0 1196.509521
v 3383.111572 -70.0 1196.509521
v 3383.198242 -80.0 1196.018555
v 3383.198242 -70.0 1196.018555
v 3383.309326 -80.0 1195.532471
v 3383.309326 -70.0 1195.532471
v 3383.444336 -70.0 1195.05249
v 3383.444336 -80.0 1195.05249
v 3383.603027 -80.0 1194.579834
v 3383.603027 -70.0 1194.579834
v 3383.785156 -70.0 1194.115601
v 3383.785156 -80.0 1194.115601
v 3383.990234 -70.0 1193.661133
v 3383.990234 -80.0 1193.661133
v 3384.217773 -80.0 1193.217407
v 3384.217773 -70.0 1193.217407
v 3384.467041 -70.0 1192.785645
v 3384.467041 -80.0 1192.785645
v 3384.737549 -70.0 1192.366821
v 3384.737549 -80.0 1192.366821
v 3385.028564 -70.0 1191.961914
v 3385.028564 -80.0 1191.961914
v 3385.3396 -80.0 1191.572144
v 3385.3396 -70.0 1191.572144
v 3385.669434 -70.0 1191.198242
v 3385.669434 -80.0 1191.198242
v 3386.017578 -70.0 1190.841309
v 3386.017578 -80.0 1190.841309
v 3386.383057 -80.0 1190.502197
v 3386.383057 -70.0 1190.502197
v 3386.765137 -70.0 1190.181641
v 3386.765137 -80.0 1190.181641
v 3387.162598 -70.0 1189.880615
v 3387.162598 -80.0 1189.880615
v 3387.574463 -70.0 1189.599731
v 3387.574463 -80.0 1189.599731
v 3388.0 -80.0 1189.339722
v 3388.0 -70.0 1189.339722
v 3388.437988 -70.0 1189.101318
v 3388.437988 -80.0 1189.101318
v 3388.887207 -70.0 1188.884888
v 3388.887207 -80.0 1188.884888
v 3389.34668 -70.0 1188.691284
v 3389.34668 -80.0 1188.691284
v 3389.815186 -70.0 1188.520752
v 3389.815186 -80.0 1188.520752
v 3390.291504 -70.0 1188.373779
v 3390.291504 -80.0 1188.373779
v 3390.774902 -70.0 1188.250732
v 3390.774902 -80.0 1188.250732
v 3391.263428 -70.0 1188.151978
v 3391.263428 -80.0 1188.151978
v 3391.756592 -80.0 1188.077637
v 3391.756592 -70.0 1188.077637
v 3392.252686 -70.0 1188.027954
v 3392.252686 -80.0 1188.027954
v 3392.750732 -70.0 1188.003052
v 3392.750732 -80.0 1188.003052
v 3393.249268 -70.0 1188.003052
v 3393.249268 -80.0 1188.003052
v 3393.747314 -70.0 1188.027954
v 3393.747314 -80.0 1188.027954
v 3394.243408 -70.0 1188.077637
v 3394.243408 -80.0 1188.077637
v 3394.736572 -70.0 1188.151978
v 3394.736572 -80.0 1188.151978
v 3395.225098 -70.0 1188.250732
v 3395.225098 -80.0 1188.250732
v 3395.708496 -70.0 1188.373779
v 3395.708496 -80.0 1188.373779
v 3396.184814 -70.0 1188.520752
v 3396.184814 -80.0 1188.520752
v 3396.65332 -70.0 1188.691284
v 3396.65332 -80.0 1188.691284
v 3397.112793 -70.0 1188.884888
v 3397.112793 -80.0 1188.884888
v 3397.562012 -70.0 1189.101318
v 3397.562012 -80.0 1189.101318
v 3398.0 -80.0 1189.339722
v 3398.0 -70.0 1189.339722
v 3398.425537 -70.0 1189.599731
v 3398.425537 -80.0 1189.599731
v 3398.837402 -70.0 1189.880615
v 3398.837402 -80.0 1189.880615
v 3399.234863 -70.0 1190.181641
v 3399.234863 -80.0 1190.181641
v 3399.616943 -70.0 1190.502197
v 3399.616943 -80.0 1190.502197
v 3399.982422 -70.0 1190.841309
v 3399.982422 -80.0 1190.841309
v 3400.330566 -70.0 1191.198242
v 3400.330566 -80.0 1191.198242
v 3400.6604 -70.0 1191.572144
v 3400.6604 -80.0 1191.572144
v 3400.971436 -70.0 1191.961914
v 3400.971436 -80.0 1191.961914
v 3401.262451 -70.0 1192.366821
v 3401.262451 -80.0 1192.366821
v 3401.532959 -70.0 1192.785645
v 3401.532959 -80.0 1192.785645
v 3401.782227 -70.0 1193.217407
v 3401.782227 -80.0 1193.217407
v 3402.009766 -70.0 1193.661133
v 3402.009766 -80.0 1193.661133
v 3402.214844 -70.0 1194.115601
v 3402.214844 -80.0 1194.115601
v 3402.396973 -70.0 1194.579834
v 3402.396973 -80.0 1194.579834
v 3402.555664 -80.0 1195.05249
v 3402.555664 -70.0 1195.05249
v 3402.690674 -70.0 1195.532471
v 3402.690674 -80.0 1195.532471
v 3402.801758 -70.0 1196.018555
v 3402.801758 -80.0 1196.018555
v 3402.888428 -70.0 1196.509521
v 3402.888428 -80.0 1196.509521
v 3402.950195 -70.0 1197.004272
v 3402.950195 -80.0 1197.004272
v 3402.987549 -70.0 1197.501587
v 3402.987549 -80.0 1197.501587
v 3512.0 -70.0 1198.0
v 3511.987549 -70.0 1198.498413
v 3512.0 -80.0 1198.0
v 3511.987549 -80.0 1198.498413
v 3511.950195 -70.0 1198.995728
v 3511.950195 -80.0 1198.995728
v 3511.888428 -80.0 1199.490479
v 3511.888428 -70.0 1199.490479
v 3511.801758 -70.0 1199.981445
v 3511.801758 -80.0 1199.981445
v 3511.690674 -80.0 1200.467529
v 3511.690674 -70.0 1200.467529
v 3511.555664 -70.0 1200.94751
v 3511.555664 -80.0 1200.94751
v 3511.396973 -70.0 1201.420166
v 3511.396973 -80.0 1201.420166
v 3511.214844 -80.0 1201.884399
v 3511.214844 -70.0 1201.884399
v 3511.009766 -70.0 1202.338867
v 3511.009766 -80.0 1202.338867
v 3510.782227 -70.0 1202.782593
v 3510.782227 -80.0 1202.782593
v 3510.532959 -70.0 1203.214355
v 3510.532959 -80.0 1203.214355
v 3510.262451 -80.0 1203.633179
v 3510.262451 -70.0 1203.633179
v 3509.971436 -70.0 1204.038086
v 3509.971436 -80.0 1204.038086
v 3509.6604 -70.0 1204.427856
v 3509.6604 -80.0 1204.427856
v 3509.330566 -70.0 1204.801758
v 3509.330566 -80.0 1204.801758
v 3508.982422 -80.0 1205.158691
v 3508.982422 -70.0 1205.158691
v 3508.616943 -70.0 1205.497803
v 3508.616943 -80.0 1205.497803
v 3508.234863 -70.0 1205.818359
v 3508.234863 -80.0 1205.818359
v 3507.837402 -80.0 1206.119385
v 3507.837402 -70.0 1206.119385
v 3507.425537 -70.0 1206.400269
v 3507.425537 -80.0 1206.400269
v 3507.0 -70.0 1206.660278
v 3507.0 -80.0 1206.660278
v 3506.562012 -70.0 1206.898682
v 3506.562012 -80.0 1206.898682
v 3506.112793 -70.0 1207.115112
v 3506.112793 -80.0 1207.115112
v 3505.65332 -70.0 1207.308716
v 3505.65332 -80.0 1207.308716
v 3505.184814 -70.0 1207.479248
v 3505.184814 -80.0 1207.479248
v 3504.708496 -70.0 1207.626221
v 3504.708496 -80.0 1207.626221
v 3504.225098 -70.0 1207.749268
v 3504.225098 -80.0 1207.749268
v 3503.736572 -70.0 1207.848022
v 3503.736572 -80.0 1207.848022
v 3503.243408 -80.0 1207.922363
v 3503.243408 -70.0 1207.922363
v 3502.747314 -70.0 1207.972046
v 3502.747314 -80.0 1207.972046
v 3502.249268 -70.0 1207.996948
v 3502.249268 -80.0 1207.996948
v 3501.750732 -70.0 1207.996948
v 3501.750732 -80.0 1207.996948
v 3501.252686 -70.0 1207.972046
v 3501.252686 -80.0 1207.972046
v 3500.756592 -70.0 1207.922363
v 3500.756592 -80.0 1207.922363
v 3500.263428 -70.0 1207.848022
v 3500.263428 -80.0 1207.848022
v 3499.774902 -70.0 1207.749268
v 3499.774902 -80.0 1207.749268
v 3499.291504 -70.0 1207.626221
v 3499.291504 -80.0 1207.626221
v 3498.815186 -80.0 1207.479248
v 3498.815186 -70.0 1207.479248
v 3498.34668 -80.0 1207.308716
v 3498.34668 -70.0 1207.308716
v 3497.887207 -70.0 1207.115112
v 3497.887207 -80.0 1207.115112
v 3497.437988 -70.0 1206.898682
v 3497.437988 -80.0 1206.898682
v 3497.0 -70.0 1206.660278
v 3497.0 -80.0 1206.660278
v 3496.574463 -70.0 1206.400269
v 3496.574463 -80.0 1206.400269
v 3496.162598 -70.0 1206.119385
v 3496.162598 -80.0 1206.119385
v 3495.765137 -70.0 1205.818359
v 3495.765137 -80.0 1205.818359
v 3495.383057 -70.0 1205.497803
v 3495.383057 -80.0 1205.497803
v 3495.017578 -80.0 1205.158691
v 3495.017578 -70.0 1205.158691
v 3494.669434 -70.0 1204.801758
v 3494.669434 -80.0 1204.801758
v 3494.3396 -70.0 1204.427856
v 3494.3396 -80.0 1204.427856
v 3494.028564 -70.0 1204.038086
v 3494.028564 -80.0 1204.038086
v 3493.737549 -80.0 1203.633179
v 3493.737549 -70.0 1203.633179
v 3493.467041 -70.0 1203.214355
v 3493.467041 -80.0 1203.214355
v 3493.217773 -80.0 1202.782593
v 3493.217773 -70.0 1202.782593
v 3492.990234 -70.0 1202.338867
v 3492.990234 -80.0 1202.338867
v 3492.785156 -80.0 1201.884399
v 3492.785156 -70.0 1201.884399
v 3492.603027 -70.0 1201.420166
v 3492.603027 -80.0 1201.420166
v 3492.444336 -70.0 1200.94751
v 3492.444336 -80.0 1200.94751
v 3492.309326 -80.0 1200.467529
v 3492.309326 -70.0 1200.467529
v 3492.198242 -70.0 1199.981445
v 3492.198242 -80.0 1199.981445
v 3492.111572 -70.0 1199.490479
v 3492.111572 -80.0 1199.490479
v 3492.049805 -70.0 1198.995728
v 3492.049805 -80.0 1198.995728
v 3492.012451 -70.0 1198.498413
v 3492.012451 -80.0 1198.498413
v 3492.0 -80.0 1198.0
v 3492.0 -70.0 1198.0
v 3492.012451 -80.0 1197.501587
v 3492.012451 -70.0 1197.501587
v 3492.049805 -70.0 1197.004272
v 3492.049805 -80.0 1197.004272
v 3492.111572 -80.0 1196.509521
v 3492.111572 -70.0 1196.509521
v 3492.198242 -80.0 1196.018555
v 3492.198242 -70.0 1196.018555
v 3492.309326 -80.0 1195.532471
v 3492.309326 -70.0 1195.532471
v 3492.444336 -70.0 1195.05249
v 3492.444336 -80.0 1195.05249
v 3492.603027 -80.0 1194.579834
v 3492.603027 -70.0 1194.579834
v 3492.785156 -70.0 1194.115601
v 3492.785156 -80.0 1194.115601
v 3492.990234 -70.0 1193.661133
v 3492.990234 -80.0 1193.661133
v 3493.217773 -80.0 1193.217407
v 3493.217773 -70.0 1193.217407
v 3493.467041 -70.0 1192.785645
v 3493.467041 -80.0 1192.785645
v 3493.737549 -70.0 1192.366821
v 3493.737549 -80.0 1192.366821
v 3494.028564 -70.0 1191.961914
v 3494.028564 -80.0 1191.961914
v 3494.3396 -80.0 1191.572144
v 3494.3396 -70.0 1191.572144
v 3494.669434 -70.0 1191.198242
v 3494.669434 -80.0 1191.198242
v 3495.017578 -70.0 1190.841309
v 3495.017578 -80.0 1190.841309
v 3495.383057 -80.0 1190.502197
v 3495.383057 -70.0 1190.502197
v 3495.765137 -70.0 1190.181641
v 3495.765137 -80.0 1190.181641
v 3496.162598 -70.0 1189.880615
v 3496.162598 -80.0 1189.880615
v 3496.574463 -70.0 1189.599731
v 3496.574463 -80.0 1189.599731
v 3497.0 -80.0 1189.339722
v 3497.0 -70.0 1189.339722
v 3497.437988 -70.0 1189.101318
v 3497.437988 -80.0 1189.101318
v 3497.887207 -70.0 1188.884888
v 3497.887207 -80.0 1188.884888
v 3498.34668 -70.0 1188.691284
v 3498.34668 -80.0 1188.691284
v 3498.815186 -70.0 1188.520752
v 3498.815186 -80.0 1188.520752
v 3499.291504 -70.0 1188.373779
v 3499.291504 -80.0 1188.373779
v 3499.774902 -70.0 1188.250732
v 3499.774902 -80.0 1188.250732
v 3500.263428 -70.0 1188.151978
v 3500.263428 -80.0 1188.151978
v 3500.756592 -80.0 1188.077637
v 3500.756592 -70.0 1188.077637
v 3501.252686 -70.0 1188.027954
v 3501.252686 -80.0 1188.027954
v 3501.750732 -70.0 1188.003052
v 3501.750732 -80.0 1188.003052
v 3502.249268 -70.0 1188.003052
v 3502.249268 -80.0 1188.003052
v 3502.747314 -70.0 1188.027954
v 3502.747314 -80.0 1188.027954
v 3503.243408 -70.0 1188.077637
v 3503.243408 -80.0 1188.077637
v 3503.736572 -70.0 1188.151978
v 3503.736572 -80.0 1188.151978
v 3504.225098 -70.0 1188.250732
v 3504.225098 -80.0 1188.250732
v 3504.708496 -70.0 1188.373779
v 3504.708496 -80.0 1188.373779
v 3505.184814 -70.0 1188.520752
v 3505.184814 -80.0 1188.520752
v 3505.65332 -70.0 1188.691284
v 3505.65332 -80.0 1188.691284
v 3506.112793 -70.0 1188.884888
v 3506.112793 -80.0 1188.884888
v 3506.562012 -70.0 1189.101318
v 3506.562012 -80.0 1189.101318
v 3507.0 -80.0 1189.339722
v 3507.0 -70.0 1189.339722
v 3507.425537 -70.0 1189.599731
v 3507.425537 -80.0 1189.599731
v 3507.837402 -70.0 1189.880615
v 3507.837402 -80.0 1189.880615
v 3508.234863 -70.0 1190.181641
v 3508.234863 -80.0 1190.181641
v 3508.616943 -70.0 1190.502197
v 3508.616943 -80.0 1190.502197
v 3508.982422 -70.0 1190.841309
v 3508.982422 -80.0 1190.841309
v 3509.330566 -70.0 1191.198242
v 3509.330566 -80.0 1191.198242
v 3509.6604 -70.0 1191.572144
v 3509.6604 -80.0 1191.572144
v 3509.971436 -70.0 1191.961914
v 3509.971436 -80.0 1191.961914
v 3510.262451 -70.0 1192.366821
v 3510.262451 -80.0 1192.366821
v 3510.532959 -70.0 1192.785645
v 3510.532959 -80.0 1192.785645
v 3510.782227 -70.0 1193.217407
v 3510.782227 -80.0 1193.217407
v 3511.009766 -70.0 1193.661133
v 3511.009766 -80.0 1193.661133
v 3511.214844 -70.0 1194.115601
v 3511.214844 -80.0 1194.115601
v 3511.396973 -70.0 1194.579834
v 3511.396973 -80.0 1194.579834
v 3511.555664 -80.0 1195.05249
v 3511.555664 -70.0 1195.05249
v 3511.690674 -70.0 1195.532471
v 3511.690674 -80.0 1195.532471
v 3511.801758 -70.0 1196.018555
v 3511.801758 -80.0 1196.018555
v 3511.888428 -70.0 1196.509521
v 3511.888428 -80.0 1196.509521
v 3511.950195 -70.0 1197.004272
v 3511.950195 -80.0 1197.004272
v 3511.987549 -70.0 1197.501587
v 3511.987549 -80.0 1197.501587
v 3512.0 -70.0 1051.0
v 3511.987549 -70.0 1051.498413
v 3512.0 -80.0 1051.0
v 3511.987549 -80.0 1051.498413
v 3511.950195 -70.0 1051.995728
v 3511.950195 -80.0 1051.995728
v 3511.888428 -80.0 1052.490479
v 3511.888428 -70.0 1052.490479
v 3511.801758 -70.0 1052.981445
v 3511.801758 -80.0 1052.981445
v 3511.690674 -80.0 1053.467529
v 3511.690674 -70.0 1053.467529
v 3511.555664 -70.0 1053.94751
v 3511.555664 -80.0 1053.94751
v 3511.396973 -70.0 1054.420166
v 3511.396973 -80.0 1054.420166
v 3511.214844 -80.0 1054.884399
v 3511.214844 -70.0 1054.884399
v 3511.009766 -70.0 1055.338867
v 3511.009766 -80.0 1055.338867
v 3510.782227 -70.0 1055.782593
v 3510.782227 -80.0 1055.782593
v 3510.532959 -70.0 1056.214355
v 3510.532959 -80.0 1056.214355
v 3510.262451 -80.0 1056.633179
v 3510.262451 -70.0 1056.633179
v 3509.971436 -70.0 1057.038086
v 3509.971436 -80.0 1057.038086
v 3509.6604 -70.0 1057.427856
v 3509.6604 -80.0 1057.427856
v 3509.330566 -70.0 1057.801758
v 3509.330566 -80.0 1057.801758
v 3508.982422 -80.0 1058.158691
v 3508.982422 -70.0 1058.158691
v 3508.616943 -70.0 1058.497803
v 3508.616943 -80.0 1058.497803
v 3508.234863 -70.0 1058.818359
v 3508.234863 -80.0 1058.818359
v 3507.837402 -80.0 1059.119385
v 3507.837402 -70.0 1059.119385
v 3507.425537 -70.0 1059.400269
v 3507.425537 -80.0 1059.400269
v 3507.0 -70.0 1059.660278
v 3507.0 -80.0 1059.660278
v 3506.562012 -70.0 1059.898682
v 3506.562012 -80.0 1059.898682
v 3506.112793 -70.0 1060.115112
v 3506.112793 -80.0 1060.115112
v 3505.65332 -70.0 1060.308716
v 3505.65332 -80.0 1060.308716
v 3505.184814 -70.0 1060.479248
v 3505.184814 -80.0 1060.479248
v 3504.708496 -70.0 1060.626221
v 3504.708496 -80.0 1060.626221
v 3504.225098 -70.0 1060.749268
v 3504.225098 -80.0 1060.749268
v 3503.736572 -70.0 1060.848022
v 3503.736572 -80.0 1060.848022
v 3503.243408 -80.0 1060.922363
v 3503.243408 -70.0 1060.922363
v 3502.747314 -70.0 1060.972046
v 3502.747314 -80.0 1060.972046
v 3502.249268 -70.0 1060.996948
v 3502.249268 -80.0 1060.996948
v 3501.750732 -70.0 1060.996948
v 3501.750732 -80.0 1060.996948
v 3501.252686 -70.0 1060.972046
v 3501.252686 -80.0 1060.972046
v 3500.756592 -70.0 1060.922363
v 3500.756592 -80.0 1060.922363
v 3500.263428 -70.0 1060.848022
v 3500.263428 -80.0 1060.848022
v 3499.774902 -70.0 1060.749268
v 3499.774902 -80.0 1060.749268
v 3499.291504 -70.0 1060.626221
v 3499.291504 -80.0 1060.626221
v 3498.815186 -80.0 1060.479248
v 3498.815186 -70.0 1060.479248
v 3498.34668 -80.0 1060.308716
v 3498.34668 -70.0 1060.308716
v 3497.887207 -70.0 1060.115112
v 3497.887207 -80.0 1060.115112
v 3497.437988 -70.0 1059.898682
v 3497.437988 -80.0 1059.898682
v 3497.0 -70.0 1059.660278
v 3497.0 -80.0 1059.660278
v 3496.574463 -70.0 1059.400269
v 3496.574463 -80.0 1059.400269
v 3496.162598 -70.0 1059.119385
v 3496.162598 -80.0 1059.119385
v 3495.765137 -70.0 1058.818359
v 3495.765137 -80.0 1058.818359
v 3495.383057 -70.0 1058.497803
v 3495.383057 -80.0 1058.497803
v 3495.017578 -80.0 1058.158691
v 3495.017578 -70.0 1058.158691
v 3494.669434 -70.0 1057.801758
v 3494.669434 -80.0 1057.801758
v 3494.3396 -70.0 1057.427856
v 3494.3396 -80.0 1057.427856
v 3494.028564 -70.0 1057.038086
v 3494.028564 -80.0 1057.038086
v 3493.737549 -80.0 1056.633179
v 3493.737549 -70.0 1056.633179
v 3493.467041 -70.0 1056.214355
v 3493.467041 -80.0 1056.214355
v 3493.217773 -80.0 1055.782593
v 3493.217773 -70.0 1055.782593
v 3492.990234 -70.0 1055.338867
v 3492.990234 -80.0 1055.338867
v 3492.785156 -80.0 1054.884399
v 3492.785156 -70.0 1054.884399
v 3492.603027 -70.0 1054.420166
v 3492.603027 -80.0 1054.420166
v 3492.444336 -70.0 1053.94751
v 3492.444336 -80.0 1053.94751
v 3492.309326 -80.0 1053.467529
v 3492.309326 -70.0 1053.467529
v 3492.198242 -70.0 1052.981445
v 3492.198242 -80.0 1052.981445
v 3492.111572 -70.0 1052.490479
v 3492.111572 -80.0 1052.490479
v 3492.049805 -70.0 1051.995728
v 3492.049805 -80.0 1051.995728
v 3492.012451 -70.0 1051.498413
v 3492.012451 -80.0 1051.498413
v 3492.0 -80.0 1051.0
v 3492.0 -70.0 1051.0
v 3492.012451 -80.0 1050.501587
v 3492.012451 -70.0 1050.501587
v 3492.049805 -70.0 1050.004272
v 3492.049805 -80.0 1050.004272
v 3492.111572 -80.0 1049.509521
v 3492.111572 -70.0 1049.509521
v 3492.198242 -80.0 1049.018555
v 3492.198242 -70.0 1049.018555
v 3492.309326 -80.0 1048.532471
v 3492.309326 -70.0 1048.532471
v 3492.444336 -70.0 1048.05249
v 3492.444336 -80.0 1048.05249
v 3492.603027 -80.0 1047.579834
v 3492.603027 -70.0 1047.579834
v 3492.785156 -70.0 1047.115601
v 3492.785156 -80.0 1047.115601
v 3492.990234 -70.0 1046.661133
v 3492.990234 -80.0 1046.661133
v 3493.217773 -80.0 1046.217407
v 3493.217773 -70.0 1046.217407
v 3493.467041 -70.0 1045.785645
v 3493.467041 -80.0 1045.785645
v 3493.737549 -70.0 1045.366821
v 3493.737549 -80.0 1045.366821
v 3494.028564 -70.0 1044.961914
v 3494.028564 -80.0 1044.961914
v 3494.3396 -80.0 1044.572144
v 3494.3396 -70.0 1044.572144
v 3494.669434 -70.0 1044.198242
v 3494.669434 -80.0 1044.198242
v 3495.017578 -70.0 1043.841309
v 3495.017578 -80.0 1043.841309
v 3495.383057 -80.0 1043.502197
v 3495.383057 -70.0 1043.502197
v 3495.765137 -70.0 1043.181641
v 3495.765137 -80.0 1043.181641
v 3496.162598 -70.0 1042.880615
v 3496.162598 -80.0 1042.880615
v 3496.574463 -70.0 1042.599731
v 3496.574463 -80.0 1042.599731
v 3497.0 -80.0 1042.339722
v 3497.0 -70.0 1042.339722
v 3497.437988 -70.0 1042.101318
v 3497.437988 -80.0 1042.101318
v 3497.887207 -70.0 1041.884888
v 3497.887207 -80.0 1041.884888
v 3498.34668 -70.0 1041.691284
v 3498.34668 -80.0 1041.691284
v 3498.815186 -70.0 1041.520752
v 3498.815186 -80.0 1041.520752
v 3499.291504 -70.0 1041.373779
v 3499.291504 -80.0 1041.373779
v 3499.774902 -70.0 1041.250732
v 3499.774902 -80.0 1041.250732
v 3500.263428 -70.0 1041.151978
v 3500.263428 -80.0 1041.151978
v 3500.756592 -80.0 1041.077637
v 3500.756592 -70.0 1041.077637
v 3501.252686 -70.0 1041.027954
v 3501.252686 -80.0 1041.027954
v 3501.750732 -70.0 1041.003052
v 3501.750732 -80.0 1041.003052
v 3502.249268 -70.0 1041.003052
v 3502.249268 -80.0 1041.003052
v 3502.747314 -70.0 1041.027954
v 3502.747314 -80.0 1041.027954
v 3503.243408 -70.0 1041.077637
v 3503.243408 -80.0 1041.077637
v 3503.736572 -70.0 1041.151978
v 3503.736572 -80.0 1041.151978
v 3504.225098 -70.0 1041.250732
v 3504.225098 -80.0 1041.250732
v 3504.708496 -70.0 1041.373779
v 3504.708496 -80.0 1041.373779
v 3505.184814 -70.0 1041.520752
v 3505.184814 -80.0 1041.520752
v 3505.65332 -70.0 1041.691284
v 3505.65332 -80.0 1041.691284
v 3506.112793 -70.0 1041.884888
v 3506.112793 -80.0 1041.884888
v 3506.562012 -70.0 1042.101318
v 3506.562012 -80.0 1042.101318
v 3507.0 -80.0 1042.339722
v 3507.0 -70.0 1042.339722
v 3507.425537 -70.0 1042.599731
v 3507.425537 -80.0 1042.599731
v 3507.837402 -70.0 1042.880615
v 3507.837402 -80.0 1042.880615
v 3508.234863 -70.0 1043.181641
v 3508.234863 -80.0 1043.181641
v 3508.616943 -70.0 1043.502197
v 3508.616943 -80.0 1043.502197
v 3508.982422 -70.0 1043.841309
v 3508.982422 -80.0 1043.841309
v 3509.330566 -70.0 1044.198242
v 3509.330566 -80.0 1044.198242
v 3509.6604 -70.0 1044.572144
v 3509.6604 -80.0 1044.572144
v 3509.971436 -70.0 1044.961914
v 3509.971436 -80.0 1044.961914
v 3510.262451 -70.0 1045.366821
v 3510.262451 -80.0 1045.366821
v 3510.532959 -70.0 1045.785645
v 3510.532959 -80.0 1045.785645
v 3510.782227 -70.0 1046.217407
v 3510.782227 -80.0 1046.217407
v 3511.009766 -70.0 1046.661133
v 3511.009766 -80.0 1046.661133
v 3511.214844 -70.0 1047.115601
v 3511.214844 -80.0 1047.115601
v 3511.396973 -70.0 1047.579834
v 3511.396973 -80.0 1047.579834
v 3511.555664 -80.0 1048.05249
v 3511.555664 -70.0 1048.05249
v 3511.690674 -70.0 1048.532471
v 3511.690674 -80.0 1048.532471
v 3511.801758 -70.0 1049.018555
v 3511.801758 -80.0 1049.018555
v 3511.888428 -70.0 1049.509521
v 3511.888428 -80.0 1049.509521
v 3511.950195 -70.0 1050.004272
v 3511.950195 -80.0 1050.004272
v 3511.987549 -70.0 1050.501587
v 3511.987549 -80.0 1050.501587
v 3403.0 -70.0 1051.0
v 3402.987549 -70.0 1051.498413
v 3403.0 -80.0 1051.0
v 3402.987549 -80.0 1051.498413
v 3402.950195 -70.0 1051.995728
v 3402.950195 -80.0 1051.995728
v 3402.888428 -80.0 1052.490479
v 3402.888428 -70.0 1052.490479
v 3402.801758 -70.0 1052.981445
v 3402.801758 -80.0 1052.981445
v 3402.690674 -80.0 1053.467529
v 3402.690674 -70.0 1053.467529
v 3402.555664 -70.0 1053.94751
v 3402.555664 -80.0 1053.94751
v 3402.396973 -70.0 1054.420166
v 3402.396973 -80.0 1054.420166
v 3402.214844 -80.0 1054.884399
v 3402.214844 -70.0 1054.884399
v 3402.009766 -70.0 1055.338867
v 3402.009766 -80.0 1055.338867
v 3401.782227 -70.0 1055.782593
v 3401.782227 -80.0 1055.782593
v 3401.532959 -70.0 1056.214355
v 3401.532959 -80.0 1056.214355
v 3401.262451 -80.0 1056.633179
v 3401.262451 -70.0 1056.633179
v 3400.971436 -70.0 1057.038086
v 3400.971436 -80.0 1057.038086
v 3400.6604 -70.0 1057.427856
v 3400.6604 -80.0 1057.427856
v 3400.330566 -70.0 1057.801758
v 3400.330566 -80.0 1057.801758
v 3399.982422 -80.0 1058.158691
v 3399.982422 -70.0 1058.158691
v 3399.616943 -70.0 1058.497803
v 3399.616943 -80.0 1058.497803
v 3399.234863 -70.0 1058.818359
v 3399.234863 -80.0 1058.818359
v 3398.837402 -80.0 1059.119385
v 3398.837402 -70.0 1059.119385
v 3398.425537 -70.0 1059.400269
v 3398.425537 -80.0 1059.400269
v 3398.0 -70.0 1059.660278
v 3398.0 -80.0 1059.660278
v 3397.562012 -70.0 1059.898682
v 3397.562012 -80.0 1059.898682
v 3397.112793 -70.0 1060.115112
v 3397.112793 -80.0 1060.115112
v 3396.65332 -70.0 1060.308716
v 3396.65332 -80.0 1060.308716
v 3396.184814 -70.0 1060.479248
v 3396.184814 -80.0 1060.479248
v 3395.708496 -70.0 1060.626221
v 3395.708496 -80.0 1060.626221
v 3395.225098 -70.0 1060.749268
v 3395.225098 -80.0 1060.749268
v 3394.736572 -70.0 1060.848022
v 3394.736572 -80.0 1060.848022
v 3394.243408 -80.0 1060.922363
v 3394.243408 -70.0 1060.922363
v 3393.747314 -70.0 1060.972046
v 3393.747314 -80.0 1060.972046
v 3393.249268 -70.0 1060.996948
v 3393.249268 -80.0 1060.996948
v 3392.750732 -70.0 1060.996948
v 3392.750732 -80.0 1060.996948
v 3392.252686 -70.0 1060.972046
v 3392.252686 -80.0 1060.972046
v 3391.756592 -70.0 1060.922363
v 3391.756592 -80.0 1060.922363
v 3391.263428 -70.0 1060.848022
v 3391.263428 -80.0 1060.848022
v 3390.774902 -70.0 1060.749268
v 3390.774902 -80.0 1060.749268
v 3390.291504 -70.0 1060.626221
v 3390.291504 -80.0 1060.626221
v 3389.815186 -80.0 1060.479248
v 3389.815186 -70.0 1060.479248
v 3389.34668 -80.0 1060.308716
v 3389.34668 -70.0 1060.308716
v 3388.887207 -70.0 1060.115112
v 3388.887207 -80.0 1060.115112
v 3388.437988 -70.0 1059.898682
v 3388.437988 -80.0 1059.898682
v 3388.0 -70.0 1059.660278
v 3388.0 -80.0 1059.660278
v 3387.574463 -70.0 1059.400269
v 3387.574463 -80.0 1059.400269
v 3387.162598 -70.0 1059.119385
v 3387.162598 -80.0 1059.119385
v 3386.765137 -70.0 1058.818359
v 3386.765137 -80.0 1058.818359
v 3386.383057 -70.0 1058.497803
v 3386.383057 -80.0 1058.497803
v 3386.017578 -80.0 1058.158691
v 3386.017578 -70.0 1058.158691
v 3385.669434 -70.0 1057.801758
v 3385.669434 -80.0 1057.801758
v 3385.3396 -70.0 1057.427856
v 3385.3396 -80.0 1057.427856
v 3385.028564 -70.0 1057.038086
v 3385.028564 -80.0 1057.038086
v 3384.737549 -80.0 1056.633179
v 3384.737549 -70.0 1056.633179
v 3384.467041 -70.0 1056.214355
v 3384.467041 -80.0 1056.214355
v 3384.217773 -80.0 1055.782593
v 3384.217773 -70.0 1055.782593
v 3383.990234 -70.0 1055.338867
v 3383.990234 -80.0 1055.338867
v 3383.785156 -80.0 1054.884399
v 3383.785156 -70.0 1054.884399
v 3383.603027 -70.0 1054.420166
v 3383.603027 -80.0 1054.420166
v 3383.444336 -70.0 1053.94751
v 3383.444336 -80.0 1053.94751
v 3383.309326 -80.0 1053.467529
v 3383.309326 -70.0 1053.467529
v 3383.198242 -70.0 1052.981445
v 3383.198242 -80.0 1052.981445
v 3383.111572 -70.0 1052.490479
v 3383.111572 -80.0 1052.490479
v 3383.049805 -70.0 1051.995728
v 3383.049805 -80.0 1051.995728
v 3383.012451 -70.0 1051.498413
v 3383.012451 -80.0 1051.498413
v 3383.0 -80.0 1051.0
v 3383.0 -70.0 1051.0
v 3383.012451 -80.0 1050.501587
v 3383.012451 -70.0 1050.501587
v 3383.049805 -70.0 1050.004272
v 3383.049805 -80.0 1050.004272
v 3383.111572 -80.0 1049.509521
v 3383.111572 -70.0 1049.509521
v 3383.198242 -80.0 1049.018555
v 3383.198242 -70.0 1049.018555
v 3383.309326 -80.0 1048.532471
v 3383.309326 -70.0 1048.532471
v 3383.444336 -70.0 1048.05249
v 3383.444336 -80.0 1048.05249
v 3383.603027 -80.0 1047.579834
v 3383.603027 -70.0 1047.579834
v 3383.785156 -70.0 1047.115601
v 3383.785156 -80.0 1047.115601
v 3383.990234 -70.0 1046.661133
v 3383.990234 -80.0 1046.661133
v 3384.217773 -80.0 1046.217407
v 3384.217773 -70.0 1046.217407
v 3384.467041 -70.0 1045.785645
v 3384.467041 -80.0 1045.785645
v 3384.737549 -70.0 1045.366821
v 3384.737549 -80.0 1045.366821
v 3385.028564 -70.0 1044.961914
v 3385.028564 -80.0 1044.961914
v 3385.3396 -80.0 1044.572144
v 3385.3396 -70.0 1044.572144
v 3385.669434 -70.0 1044.198242
v 3385.669434 -80.0 1044.198242
v 3386.017578 -70.0 1043.841309
v 3386.017578 -80.0 1043.841309
v 3386.383057 -80.0 1043.502197
v 3386.383057 -70.0 1043.502197
v 3386.765137 -70.0 1043.181641
v 3386.765137 -80.0 1043.181641
v 3387.162598 -70.0 1042.880615
v 3387.162598 -80.0 1042.880615
v 3387.574463 -70.0 1042.599731
v 3387.574463 -80.0 1042.599731
v 3388.0 -80.0 1042.339722
v 3388.0 -70.0 1042.339722
v 3388.437988 -70.0 1042.101318
v 3388.437988 -80.0 1042.101318
v 3388.887207 -70.0 1041.884888
v 3388.887207 -80.0 1041.884888
v 3389.34668 -70.0 1041.691284
v 3389.34668 -80.0 1041.691284
v 3389.815186 -70.0 1041.520752
v 3389.815186 -80.0 1041.520752
v 3390.291504 -70.0 1041.373779
v 3390.291504 -80.0 1041.373779
v 3390.774902 -70.0 1041.250732
v 3390.774902 -80.0 1041.250732
v 3391.263428 -70.0 1041.151978
v 3391.263428 -80.0 1041.151978
v 3391.756592 -80.0 1041.077637
v 3391.756592 -70.0 1041.077637
v 3392.252686 -70.0 1041.027954
v 3392.252686 -80.0 1041.027954
v 3392.750732 -70.0 1041.003052
v 3392.750732 -80.0 1041.003052
v 3393.249268 -70.0 1041.003052
v 3393.249268 -80.0 1041.003052
v 3393.747314 -70.0 1041.027954
v 3393.747314 -80.0 1041.027954
v 3394.243408 -70.0 1041.077637
v 3394.243408 -80.0 1041.077637
v 3394.736572 -70.0 1041.151978
v 3394.736572 -80.0 1041.151978
v 3395.225098 -70.0 1041.250732
v 3395.225098 -80.0 1041.250732
v 3395.708496 -70.0 1041.373779
v 3395.708496 -80.0 1041.373779
v 3396.184814 -70.0 1041.520752
v 3396.184814 -80.0 1041.520752
v 3396.65332 -70.0 1041.691284
v 3396.65332 -80.0 1041.691284
v 3397.112793 -70.0 1041.884888
v 3397.112793 -80.0 1041.884888
v 3397.562012 -70.0 1042.101318
v 3397.562012 -80.0 1042.101318
v 3398.0 -80.0 1042.339722
v 3398.0 -70.0 1042.339722
v 3398.425537 -70.0 1042.599731
v 3398.425537 -80.0 1042.599731
v 3398.837402 -70.0 1042.880615
v 3398.837402 -80.0 1042.880615
v 3399.234863 -70.0 1043.181641
v 3399.234863 -80.0 1043.181641
v 3399.616943 -70.0 1043.502197
v 3399.616943 -80.0 1043.502197
v 3399.982422 -70.0 1043.841309
v 3399.982422 -80.0 1043.841309
v 3400.330566 -70.0 1044.198242
v 3400.330566 -80.0 1044.198242
v 3400.6604 -70.0 1044.572144
v 3400.6604 -80.0 1044.572144
v 3400.971436 -70.0 1044.961914
v 3400.971436 -80.0 1044.961914
v 3401.262451 -70.0 1045.366821
v 3401.262451 -80.0 1045.366821
v 3401.532959 -70.0 1045.785645
v 3401.532959 -80.0 1045.785645
v 3401.782227 -70.0 1046.217407
v 3401.782227 -80.0 1046.217407
v 3402.009766 -70.0 1046.661133
v 3402.009766 -80.0 1046.661133
v 3402.214844 -70.0 1047.115601
v 3402.214844 -80.0 1047.115601
v 3402.396973 -70.0 1047.579834
v 3402.396973 -80.0 1047.579834
v 3402.555664 -80.0 1048.05249
v 3402.555664 -70.0 1048.05249
v 3402.690674 -70.0 1048.532471
v 3402.690674 -80.0 1048.532471
v 3402.801758 -70.0 1049.018555
v 3402.801758 -80.0 1049.018555
v 3402.888428 -70.0 1049.509521
v 3402.888428 -80.0 1049.509521
v 3402.950195 -70.0 1050.004272
v 3402.950195 -80.0 1050.004272
v 3402.987549 -70.0 1050.501587
v 3402.987549 -80.0 1050.501587
vn 0.999688 0.0 0.024974
vn 0.999688 0.0 0.024974
vn 0.997191 0.0 0.074899
vn 0.992297 -0.0 0.123884
vn 0.997191 0.0 0.074899
vn 0.992297 0.0 0.123884
vn 0.984774 0.0 0.173841
vn 0.974868 -0.0 0.222785
vn 0.984774 0.0 0.173841
vn 0.974868 0.0 0.222785
vn 0.962643 0.0 0.270774
vn 0.962643 0.0 0.270774
vn 0.947996 0.0 0.318284
vn 0.930921 -0.0 0.365221
vn 0.947996 0.0 0.318284
vn 0.930921 0.0 0.365221
vn 0.911495 0.0 0.411311
vn 0.911495 0.0 0.411311
vn 0.889828 0.0 0.456297
vn 0.889828 0.0 0.456297
vn 0.866035 0.0 0.499984
vn 0.866035 0.0 0.499984
vn 0.840023 -0.0 0.542551
vn 0.840023 0.0 0.542551
vn 0.812026 0.0 0.583621
vn 0.812026 0.0 0.583621
vn 0.781632 0.0 0.623739
vn 0.781632 0.0 0.623739
vn 0.749916 0.0 0.661533
vn 0.715866 -0.0 0.698238
vn 0.749916 0.0 0.661533
vn 0.715866 0.0 0.698238
vn 0.680169 0.0 0.733055
vn 0.680169 0.0 0.733055
vn 0.642733 0.0 0.76609
vn 0.603754 -0.0 0.797171
vn 0.642733 0.0 0.76609
vn 0.603754 0.0 0.797171
vn 0.563428 0.0 0.826165
vn 0.563428 0.0 0.826165
vn 0.521391 0.0 0.853318
vn 0.521391 0.0 0.853318
vn 0.47808 0.0 0.878316
vn 0.47808 0.0 0.878316
vn 0.434044 0.0 0.900892
vn 0.434044 0.0 0.900892
vn 0.388298 0.0 0.921534
vn 0.388298 0.0 0.921534
vn 0.342038 0.0 0.939686
vn 0.342038 0.0 0.939686
vn 0.294843 0.0 0.955546
vn 0.294843 0.0 0.955546
vn 0.246679 0.0 0.969097
vn 0.246679 0.0 0.969097
vn 0.198141 0.0 0.980174
vn 0.149059 -0.0 0.988828
vn 0.198141 0.0 0.980174
vn 0.149059 0.0 0.988828
vn 0.099649 0.0 0.995023
vn 0.099649 0.0 0.995023
vn 0.049938 0.0 0.998752
vn 0.049938 0.0 0.998752
vn 0.0 0.0 1.0
vn 0.0 0.0 1.0
vn -0.049938 0.0 0.998752
vn -0.049938 0.0 0.998752
vn -0.099649 0.0 0.995023
vn -0.099649 0.0 0.995023
vn -0.149059 0.0 0.988828
vn -0.149059 0.0 0.988828
vn -0.198141 0.0 0.980174
vn -0.198141 0.0 0.980174
vn -0.246679 0.0 0.969097
vn -0.294843 0.0 0.955546
vn -0.246679 0.0 0.969097
vn -0.294843 0.0 0.955546
vn -0.342038 0.0 0.939686
vn -0.342038 0.0 0.939686
vn -0.388298 0.0 0.921534
vn -0.388298 0.0 0.921534
vn -0.434044 0.0 0.900892
vn -0.434044 0.0 0.900892
vn -0.47808 0.0 0.878316
vn -0.47808 0.0 0.878316
vn -0.521391 0.0 0.853318
vn -0.521391 0.0 0.853318
vn -0.563428 0.0 0.826165
vn -0.563428 0.0 0.826165
vn -0.603754 0.0 0.797171
vn -0.603754 0.0 0.797171
vn -0.642733 0.0 0.76609
vn -0.642733 0.0 0.76609
vn -0.680169 0.0 0.733055
vn -0.680169 0.0 0.733055
vn -0.715866 0.0 0.698238
vn -0.715866 0.0 0.698238
vn -0.749916 0.0 0.661533
vn -0.749916 0.0 0.661533
vn -0.781632 0.0 0.623739
vn -0.812026 0.0 0.583621
vn -0.781632 0.0 0.623739
vn -0.812026 0.0 0.583621
vn -0.840023 0.0 0.542551
vn -0.866035 0.0 0.499984
vn -0.840023 0.0 0.542551
vn -0.866035 0.0 0.499984
vn -0.889828 0.0 0.456297
vn -0.911495 0.0 0.411311
vn -0.889828 0.0 0.456297
vn -0.911495 0.0 0.411311
vn -0.930921 0.0 0.365221
vn -0.930921 0.0 0.365221
vn -0.947996 0.0 0.318284
vn -0.962643 0.0 0.270774
vn -0.947996 0.0 0.318284
vn -0.962643 0.0 0.270774
vn -0.974868 0.0 0.222785
vn -0.974868 0.0 0.222785
vn -0.984774 0.0 0.173841
vn -0.984774 0.0 0.173841
vn -0.992297 0.0 0.123884
vn -0.992297 0.0 0.123884
vn -0.997191 0.0 0.074899
vn -0.997191 0.0 0.074899
vn -0.999688 0.0 0.024974
vn -0.999688 0.0 0.024974
vn -0.999688 0.0 -0.024974
vn -0.999688 0.0 -0.024974
vn -0.997191 -0.0 -0.074899
vn -0.997191 0.0 -0.074899
vn -0.992297 0.0 -0.123884
vn -0.992297 0.0 -0.123884
vn -0.984774 0.0 -0.173841
vn -0.984774 0.0 -0.173841
vn -0.974868 0.0 -0.222785
vn -0.974868 0.0 -0.222785
vn -0.962643 -0.0 -0.270774
vn -0.962643 0.0 -0.270774
vn -0.947996 0.0 -0.318284
vn -0.947996 0.0 -0.318284
vn -0.930921 -0.0 -0.365221
vn -0.930921 0.0 -0.365221
vn -0.911495 -0.0 -0.411311
vn -0.911495 0.0 -0.411311
vn -0.889828 0.0 -0.456297
vn -0.889828 0.0 -0.456297
vn -0.866035 -0.0 -0.499984
vn -0.866035 0.0 -0.499984
vn -0.840023 -0.0 -0.542551
vn -0.840023 0.0 -0.542551
vn -0.812026 -0.0 -0.583621
vn -0.812026 0.0 -0.583621
vn -0.781632 0.0 -0.623739
vn -0.781632 0.0 -0.623739
vn -0.749916 -0.0 -0.661533
vn -0.749916 0.0 -0.661533
vn -0.715866 -0.0 -0.698238
vn -0.715866 0.0 -0.698238
vn -0.680169 0.0 -0.733055
vn -0.680169 0.0 -0.733055
vn -0.642733 -0.0 -0.76609
vn -0.642733 0.0 -0.76609
vn -0.603754 -0.0 -0.797171
vn -0.603754 0.0 -0.797171
vn -0.563428 0.0 -0.826165
vn -0.563428 -0.0 -0.826165
vn -0.521391 0.0 -0.853318
vn -0.521391 0.0 -0.853318
vn -0.47808 0.0 -0.878316
vn -0.47808 -0.0 -0.878316
vn -0.434044 0.0 -0.900892
vn -0.434044 -0.0 -0.900892
vn -0.388298 0.0 -0.921534
vn -0.388298 -0.0 -0.921534
vn -0.342038 -0.0 -0.939686
vn -0.342038 0.0 -0.939686
vn -0.294843 -0.0 -0.955546
vn -0.294843 0.0 -0.955546
vn -0.246679 -0.0 -0.969097
vn -0.246679 0.0 -0.969097
vn -0.198141 -0.0 -0.980174
vn -0.198141 0.0 -0.980174
vn -0.149059 0.0 -0.988828
vn -0.149059 0.0 -0.988828
vn -0.099649 -0.0 -0.995023
vn -0.099649 0.0 -0.995023
vn -0.049938 -0.0 -0.998752
vn -0.049938 0.0 -0.998752
vn 0.0 0.0 -1.0
vn 0.0 0.0 -1.0
vn 0.049938 0.0 -0.998752
vn 0.049938 0.0 -0.998752
vn 0.099649 0.0 -0.995023
vn 0.099649 0.0 -0.995023
vn 0.149059 0.0 -0.988828
vn 0.149059 0.0 -0.988828
vn 0.198141 0.0 -0.980174
vn 0.198141 0.0 -0.980174
vn 0.246679 0.0 -0.969097
vn 0.246679 0.0 -0.969097
vn 0.294843 0.0 -0.955546
vn 0.294843 0.0 -0.955546
vn 0.342038 0.0 -0.939686
vn 0.342038 0.0 -0.939686
vn 0.388298 0.0 -0.921534
vn 0.388298 0.0 -0.921534
vn 0.434044 0.0 -0.900892
vn 0.47808 0.0 -0.878316
vn 0.434044 0.0 -0.900892
vn 0.47808 0.0 -0.878316
vn 0.521391 0.0 -0.853318
vn 0.521391 0.0 -0.853318
vn 0.563428 0.0 -0.826165
vn 0.563428 0.0 -0.826165
vn 0.603754 0.0 -0.797171
vn 0.603754 0.0 -0.797171
vn 0.642733 0.0 -0.76609
vn 0.642733 0.0 -0.76609
vn 0.680169 0.0 -0.733055
vn 0.680169 0.0 -0.733055
vn 0.715866 0.0 -0.698238
vn 0.715866 0.0 -0.698238
vn 0.749916 0.0 -0.661533
vn 0.749916 0.0 -0.661533
vn 0.781632 0.0 -0.623739
vn 0.781632 0.0 -0.623739
vn 0.812026 0.0 -0.583621
vn 0.812026 0.0 -0.583621
vn 0.840023 0.0 -0.542551
vn 0.840023 0.0 -0.542551
vn 0.866035 0.0 -0.499984
vn 0.866035 0.0 -0.499984
vn 0.889828 0.0 -0.456297
vn 0.889828 0.0 -0.456297
vn 0.911495 0.0 -0.411311
vn 0.911495 0.0 -0.411311
vn 0.930921 0.0 -0.365221
vn 0.947996 0.0 -0.318284
vn 0.930921 0.0 -0.365221
vn 0.947996 0.0 -0.318284
vn 0.962643 0.0 -0.270774
vn 0.962643 0.0 -0.270774
vn 0.974868 0.0 -0.222785
vn 0.974868 0.0 -0.222785
vn 0.984774 0.0 -0.173841
vn 0.984774 0.0 -0.173841
vn 0.992297 0.0 -0.123884
vn 0.992297 0.0 -0.123884
vn 0.997191 0.0 -0.074899
vn 0.999688 0.0 -0.024974
vn 0.997191 0.0 -0.074899
vn 0.999688 0.0 -0.024974
vn -0.0 1.0 -0.0
vn -0.0 1.0 -0.0
vn 0.0 1.0 0.0
vn -0.0 1.0 -0.0
vn -0.0 1.0 -0.0
vn -0.0 1.0 -0.0
vn -0.0 1.0 -0.0
vn 0.0 1.0 0.0
vn -0.0 1.0 -0.0
vn -0.0 1.0 -0.0
vn 0.0 1.0 0.0
vn 0.0 1.0 0.0
vn 0.0 1.0 0.0
vn -0.0 1.0 -0.0
vn -0.0 1.0 -0.0
vn -0.0 1.0 -0.0
vn -0.0 1.0 -0.0
vn -0.0 1.0 -0.0
vn 0.0 1.0 0.0
vn 0.0 1.0 0.0
vn -0.0 1.0 -0.0
vn 0.0 1.0 0.0
vn -0.0 1.0 -0.0
vn 0.0 1.0 0.0
vn 0.0 1.0 0.0
vn 0.0 1.0 0.0
vn -0.0 1.0 0.0
vn 0.0 1.0 0.0
vn -0.0 1.0 0.0
vn -0.0 1.0 0.0
vn 0.0 1.0 0.0
vn 0.0 1.0 0.0
vn 0.0 1.0 0.0
vn -0.0 1.0 0.0
vn -0.0 1.0 0.0
vn -0.0 1.0 0.0
vn -0.0 1.0 0.0
vn -0.0 1.0 0.0
vn 0.0 1.0 -0.0
vn -0.0 1.0 0.0
vn -0.0 1.0 0.0
vn -0.0 1.0 0.0
vn -0.0 1.0 0.0
vn -0.0 1.0 -0.0
vn 0.0 1.0 0.0
vn 0.0 1.0 0.0
vn -0.0 1.0 0.0
vn 0.0 1.0 0.0
vn 0.0 1.0 0.0
vn -0.0 1.0 0.0
vn -0.0 1.0 0.0
vn 0.0 1.0 0.0
vn 0.0 1.0 0.0
vn 0.0 1.0 0.0
vn 0.0 1.0 0.0
vn 0.0 1.0 0.0
vn -0.0 1.0 0.0
vn -0.0 1.0 0.0
vn -0.0 1.0 0.0
vn 0.0 1.0 0.0
vn -0.0 1.0 0.0
vn -0.0 1.0 0.0
vn 0.0 1.0 0.0
vn 0.0 1.0 0.0
vn -0.0 1.0 0.0
vn -0.0 1.0 0.0
vn 0.0 1.0 0.0
vn -0.0 1.0 0.0
vn 0.0 1.0 -0.0
vn -0.0 1.0 0.0
vn -0.0 1.0 0.0
vn 0.0 1.0 -0.0
vn -0.0 1.0 0.0
vn 0.0 1.0 0.0
vn 0.0 1.0 0.0
vn 0.0 1.0 0.0
vn 0.0 1.0 0.0
vn -0.0 1.0 0.0
vn -0.0 1.0 0.0
vn 0.0 1.0 0.0
vn 0.0 1.0 0.0
vn -0.0 1.0 0.0
vn -0.0 1.0 0.0
vn 0.0 1.0 0.0
vn 0.0 1.0 0.0
vn 0.0 1.0 0.0
vn -0.0 1.0 0.0
vn -0.0 1.0 0.0
vn -0.0 1.0 0.0
vn 0.0 1.0 0.0
vn 0.0 1.0 0.0
vn 0.0 1.0 0.0
vn 0.0 1.0 0.0
vn 0.0 1.0 0.0
vn 0.0 1.0 0.0
vn 0.0 1.0 0.0
vn 0.0 1.0 0.0
vn 0.0 1.0 0.0
vn 0.0 1.0 0.0
vn 0.0 1.0 0.0
vn 0.0 1.0 0.0
vn 0.0 1.0 0.0
vn 0.0 1.0 0.0
vn 0.0 1.0 0.0
vn 0.0 1.0 -0.0
vn 0.0 1.0 0.0
vn 0.0 1.0 0.0
vn 0.0 1.0 0.0
vn 0.0 1.0 0.0
vn 0.0 1.0 0.0
vn 0.0 1.0 0.0
vn 0.0 1.0 0.0
vn 0.0 1.0 0.0
vn 0.0 1.0 0.0
vn 0.0 1.0 0.0
vn 0.0 1.0 0.0
vn 0.0 1.0 0.0
vn 0.0 1.0 0.0
vn 0.0 1.0 0.0
vn 0.0 1.0 0.0
vn 0.0 1.0 0.0
vn 0.0 1.0 0.0
vn 0.0 1.0 0.0
vn 0.0 1.0 0.0
vn 0.0 -1.0 0.0
vn 0.0 -1.0 0.0
vn 0.0 -1.0 0.0
vn 0.0 -1.0 0.0
vn 0.0 -1.0 0.0
vn 0.0 -1.0 0.0
vn 0.0 -1.0 0.0
vn 0.0 -1.0 0.0
vn 0.0 -1.0 0.0
vn 0.0 -1.0 0.0
vn 0.0 -1.0 0.0
vn 0.0 -1.0 0.0
vn 0.0 -1.0 0.0
vn 0.0 -1.0 0.0
vn 0.0 -1.0 0.0
vn 0.0 -1.0 0.0
vn 0.0 -1.0 0.0
vn 0.0 -1.0 0.0
vn 0.0 -1.0 0.0
vn 0.0 -1.0 0.0
vn 0.0 -1.0 0.0
vn 0.0 -1.0 0.0
vn 0.0 -1.0 0.0
vn 0.0 -1.0 0.0
vn 0.0 -1.0 0.0
vn 0.0 -1.0 0.0
vn 0.0 -1.0 -0.0
vn 0.0 -1.0 0.0
vn 0.0 -1.0 0.0
vn 0.0 -1.0 0.0
vn 0.0 -1.0 0.0
vn 0.0 -1.0 0.0
vn 0.0 -1.0 0.0
vn 0.0 -1.0 0.0
vn 0.0 -1.0 0.0
vn 0.0 -1.0 0.0
vn 0.0 -1.0 0.0
vn 0.0 -1.0 0.0
vn 0.0 -1.0 0.0
vn 0.0 -1.0 0.0
vn 0.0 -1.0 0.0
vn 0.0 -1.0 -0.0
vn 0.0 -1.0 0.0
vn 0.0 -1.0 0.0
vn 0.0 -1.0 0.0
vn 0.0 -1.0 0.0
vn 0.0 -1.0 0.0
vn 0.0 -1.0 0.0
vn 0.0 -1.0 0.0
vn 0.0 -1.0 0.0
vn 0.0 -1.0 0.0
vn 0.0 -1.0 0.0
vn 0.0 -1.0 0.0
vn 0.0 -1.0 0.0
vn 0.0 -1.0 0.0
vn 0.0 -1.0 0.0
vn 0.0 -1.0 0.0
vn 0.0 -1.0 0.0
vn 0.0 -1.0 0.0
vn 0.0 -1.0 0.0
vn 0.0 -1.0 0.0
vn 0.0 -1.0 0.0
vn 0.0 -1.0 0.0
vn 0.0 -1.0 0.0
vn 0.0 -1.0 0.0
vn 0.0 -1.0 0.0
vn 0.0 -1.0 0.0
vn 0.0 -1.0 -0.0
vn 0.0 -1.0 0.0
vn 0.0 -1.0 0.0
vn 0.0 -1.0 0.0
vn 0.0 -1.0 0.0
vn 0.0 -1.0 0.0
vn 0.0 -1.0 0.0
vn 0.0 -1.0 0.0
vn 0.0 -1.0 0.0
vn 0.0 -1.0 0.0
vn 0.0 -1.0 0.0
vn 0.0 -1.0 0.0
vn 0.0 -1.0 0.0
vn 0.0 -1.0 0.0
vn 0.0 -1.0 -0.0
vn 0.0 -1.0 0.0
vn -0.0 -1.0 0.0
vn 0.0 -1.0 0.0
vn 0.0 -1.0 0.0
vn 0.0 -1.0 0.0
vn 0.0 -1.0 0.0
vn 0.0 -1.0 0.0
vn 0.0 -1.0 0.0
vn 0.0 -1.0 0.0
vn 0.0 -1.0 0.0
vn 0.0 -1.0 0.0
vn -0.0 -1.0 0.0
vn 0.0 -1.0 0.0
vn 0.0 -1.0 0.0
vn 0.0 -1.0 0.0
vn 0.0 -1.0 0.0
vn 0.0 -1.0 0.0
vn 0.0 -1.0 0.0
vn 0.0 -1.0 0.0
vn 0.0 -1.0 0.0
vn 0.0 -1.0 0.0
vn 0.0 -1.0 0.0
vn 0.0 -1.0 0.0
vn 0.0 -1.0 0.0
vn 0.0 -1.0 0.0
vn 0.0 -1.0 0.0
vn 0.0 -1.0 0.0
vn 0.0 -1.0 0.0
vn 0.0 -1.0 0.0
vn 0.0 -1.0 0.0
vn 0.0 -1.0 0.0
vn -0.0 -1.0 -0.0
vn 0.0 -1.0 0.0
vn 0.0 -1.0 0.0
vn 0.0 -1.0 0.0
vn 0.0 -1.0 0.0
vn 0.0 -1.0 0.0
vn 0.0 -1.0 0.0
vn 0.0 -1.0 0.0
vn -0.0 -1.0 -0.0
vn 0.0 -1.0 0.0
vn 0.0 -1.0 0.0
vn 0.999688 0.0 0.024974
vn 0.999688 0.0 0.024974
vn 0.997191 0.0 0.074899
vn 0.992297 -0.0 0.123884
vn 0.997191 0.0 0.074899
vn 0.992297 0.0 0.123884
vn 0.984774 0.0 0.173841
vn 0.974868 -0.0 0.222785
vn 0.984774 0.0 0.173841
vn 0.974868 0.0 0.222785
vn 0.962643 0.0 0.270774
vn 0.962643 0.0 0.270774
vn 0.947996 0.0 0.318284
vn 0.930921 -0.0 0.365221
vn 0.947996 0.0 0.318284
vn 0.930921 0.0 0.365221
vn 0.911495 0.0 0.411311
vn 0.911495 0.0 0.411311
vn 0.889828 0.0 0.456297
vn 0.889828 0.0 0.456297
vn 0.866035 0.0 0.499984
vn 0.866035 0.0 0.499984
vn 0.840023 -0.0 0.542551
vn 0.840023 0.0 0.542551
vn 0.812026 0.0 0.583621
vn 0.812026 0.0 0.583621
vn 0.781632 0.0 0.623739
vn 0.781632 0.0 0.623739
vn 0.749916 0.0 0.661533
vn 0.715866 -0.0 0.698238
vn 0.749916 0.0 0.661533
vn 0.715866 0.0 0.698238
vn 0.680169 0.0 0.733055
vn 0.680169 0.0 0.733055
vn 0.642733 0.0 0.76609
vn 0.603754 -0.0 0.797171
vn 0.642733 0.0 0.76609
vn 0.603754 0.0 0.797171
vn 0.563428 0.0 0.826165
vn 0.563428 0.0 0.826165
vn 0.521391 0.0 0.853318
vn 0.521391 0.0 0.853318
vn 0.47808 0.0 0.878316
vn 0.47808 0.0 0.878316
vn 0.434044 0.0 0.900892
vn 0.434044 0.0 0.900892
vn 0.388298 0.0 0.921534
vn 0.388298 0.0 0.921534
vn 0.342038 0.0 0.939686
vn 0.342038 0.0 0.939686
vn 0.294843 0.0 0.955546
vn 0.294843 0.0 0.955546
vn 0.246679 0.0 0.969097
vn 0.246679 0.0 0.969097
vn 0.198141 0.0 0.980174
vn 0.149059 -0.0 0.988828
vn 0.198141 0.0 0.980174
vn 0.149059 0.0 0.988828
vn 0.099649 0.0 0.995023
vn 0.099649 0.0 0.995023
vn 0.049938 0.0 0.998752
vn 0.049938 0.0 0.998752
vn 0.0 0.0 1.0
vn 0.0 0.0 1.0
vn -0.049938 0.0 0.998752
vn -0.049938 0.0 0.998752
vn -0.099649 0.0 0.995023
vn -0.099649 0.0 0.995023
vn -0.149059 0.0 0.988828
vn -0.149059 0.0 0.988828
vn -0.198141 0.0 0.980174
vn -0.198141 0.0 0.980174
vn -0.246679 0.0 0.969097
vn -0.294843 0.0 0.955546
vn -0.246679 0.0 0.969097
vn -0.294843 0.0 0.955546
vn -0.342038 0.0 0.939686
vn -0.342038 0.0 0.939686
vn -0.388298 0.0 0.921534
vn -0.388298 0.0 0.921534
vn -0.434044 0.0 0.900892
vn -0.434044 0.0 0.900892
vn -0.47808 0.0 0.878316
vn -0.47808 0.0 0.878316
vn -0.521391 0.0 0.853318
vn -0.521391 0.0 0.853318
vn -0.563428 0.0 0.826165
vn -0.563428 0.0 0.826165
vn -0.603754 0.0 0.797171
vn -0.603754 0.0 0.797171
vn -0.642733 0.0 0.76609
vn -0.642733 0.0 0.76609
vn -0.680169 0.0 0.733055
vn -0.680169 0.0 0.733055
vn -0.715866 0.0 0.698238
vn -0.715866 0.0 0.698238
vn -0.749916 0.0 0.661533
vn -0.749916 0.0 0.661533
vn -0.781632 0.0 0.623739
vn -0.812026 0.0 0.583621
vn -0.781632 0.0 0.623739
vn -0.812026 0.0 0.583621
vn -0.840023 0.0 0.542551
vn -0.866035 0.0 0.499984
vn -0.840023 0.0 0.542551
vn -0.866035 0.0 0.499984
vn -0.889828 0.0 0.456297
vn -0.911495 0.0 0.411311
vn -0.889828 0.0 0.456297
vn -0.911495 0.0 0.411311
vn -0.930921 0.0 0.365221
vn -0.930921 0.0 0.365221
vn -0.947996 0.0 0.318284
vn -0.962643 0.0 0.270774
vn -0.947996 0.0 0.318284
vn -0.962643 0.0 0.270774
vn -0.974868 0.0 0.222785
vn -0.974868 0.0 0.222785
vn -0.984774 0.0 0.173841
vn -0.984774 0.0 0.173841
vn -0.992297 0.0 0.123884
vn -0.992297 0.0 0.123884
vn -0.997191 0.0 0.074899
vn -0.997191 0.0 0.074899
vn -0.999688 0.0 0.024974
vn -0.999688 0.0 0.024974
vn -0.999688 0.0 -0.024974
vn -0.999688 0.0 -0.024974
vn -0.997191 -0.0 -0.074899
vn -0.997191 0.0 -0.074899
vn -0.992297 0.0 -0.123884
vn -0.992297 0.0 -0.123884
vn -0.984774 0.0 -0.173841
vn -0.984774 0.0 -0.173841
vn -0.974868 0.0 -0.222785
vn -0.974868 0.0 -0.222785
vn -0.962643 -0.0 -0.270774
vn -0.962643 0.0 -0.270774
vn -0.947996 0.0 -0.318284
vn -0.947996 0.0 -0.318284
vn -0.930921 -0.0 -0.365221
vn -0.930921 0.0 -0.365221
vn -0.911495 -0.0 -0.411311
vn -0.911495 0.0 -0.411311
vn -0.889828 0.0 -0.456297
vn -0.889828 0.0 -0.456297
vn -0.866035 -0.0 -0.499984
vn -0.866035 0.0 -0.499984
vn -0.840023 -0.0 -0.542551
vn -0.840023 0.0 -0.542551
vn -0.812026 -0.0 -0.583621
vn -0.812026 0.0 -0.583621
vn -0.781632 0.0 -0.623739
vn -0.781632 0.0 -0.623739
vn -0.749916 -0.0 -0.661533
vn -0.749916 0.0 -0.661533
vn -0.715866 -0.0 -0.698238
vn -0.715866 0.0 -0.698238
vn -0.680169 0.0 -0.733055
vn -0.680169 0.0 -0.733055
vn -0.642733 -0.0 -0.76609
vn -0.642733 0.0 -0.76609
vn -0.603754 -0.0 -0.797171
vn -0.603754 0.0 -0.797171
vn -0.563428 0.0 -0.826165
vn -0.563428 -0.0 -0.826165
vn -0.521391 0.0 -0.853318
vn -0.521391 0.0 -0.853318
vn -0.47808 0.0 -0.878316
vn -0.47808 -0.0 -0.878316
vn -0.434044 0.0 -0.900892
vn -0.434044 -0.0 -0.900892
vn -0.388298 0.0 -0.921534
vn -0.388298 -0.0 -0.921534
vn -0.342038 -0.0 -0.939686
vn -0.342038 0.0 -0.939686
vn -0.294843 -0.0 -0.955546
vn -0.294843 0.0 -0.955546
vn -0.246679 -0.0 -0.969097
vn -0.246679 0.0 -0.969097
vn -0.198141 -0.0 -0.980174
vn -0.198141 0.0 -0.980174
vn -0.149059 0.0 -0.988828
vn -0.149059 0.0 -0.988828
vn -0.099649 -0.0 -0.995023
vn -0.099649 0.0 -0.995023
vn -0.049938 -0.0 -0.998752
vn -0.049938 0.0 -0.998752
vn 0.0 0.0 -1.0
vn 0.0 0.0 -1.0
vn 0.049938 0.0 -0.998752
vn 0.049938 0.0 -0.998752
vn 0.099649 0.0 -0.995023
vn 0.099649 0.0 -0.995023
vn 0.149059 0.0 -0.988828
vn 0.149059 0.0 -0.988828
vn 0.198141 0.0 -0.980174
vn 0.198141 0.0 -0.980174
vn 0.246679 0.0 -0.969097
vn 0.246679 0.0 -0.969097
vn 0.294843 0.0 -0.955546
vn 0.294843 0.0 -0.955546
vn 0.342038 0.0 -0.939686
vn 0.342038 0.0 -0.939686
vn 0.388298 0.0 -0.921534
vn 0.388298 0.0 -0.921534
vn 0.434044 0.0 -0.900892
vn 0.47808 0.0 -0.878316
vn 0.434044 0.0 -0.900892
vn 0.47808 0.0 -0.878316
vn 0.521391 0.0 -0.853318
vn 0.521391 0.0 -0.853318
vn 0.563428 0.0 -0.826165
vn 0.563428 0.0 -0.826165
vn 0.603754 0.0 -0.797171
vn 0.603754 0.0 -0.797171
vn 0.642733 0.0 -0.76609
vn 0.642733 0.0 -0.76609
vn 0.680169 0.0 -0.733055
vn 0.680169 0.0 -0.733055
vn 0.715866 0.0 -0.698238
vn 0.715866 0.0 -0.698238
vn 0.749916 0.0 -0.661533
vn 0.749916 0.0 -0.661533
vn 0.781632 0.0 -0.623739
vn 0.781632 0.0 -0.623739
vn 0.812026 0.0 -0.583621
vn 0.812026 0.0 -0.583621
vn 0.840023 0.0 -0.542551
vn 0.840023 0.0 -0.542551
vn 0.866035 0.0 -0.499984
vn 0.866035 0.0 -0.499984
vn 0.889828 0.0 -0.456297
vn 0.889828 0.0 -0.456297
vn 0.911495 0.0 -0.411311
vn 0.911495 0.0 -0.411311
vn 0.930921 0.0 -0.365221
vn 0.947996 0.0 -0.318284
vn 0.930921 0.0 -0.365221
vn 0.947996 0.0 -0.318284
vn 0.962643 0.0 -0.270774
vn 0.962643 0.0 -0.270774
vn 0.974868 0.0 -0.222785
vn 0.974868 0.0 -0.222785
vn 0.984774 0.0 -0.173841
vn 0.984774 0.0 -0.173841
vn 0.992297 0.0 -0.123884
vn 0.992297 0.0 -0.123884
vn 0.997191 0.0 -0.074899
vn 0.999688 0.0 -0.024974
vn 0.997191 0.0 -0.074899
vn 0.999688 0.0 -0.024974
vn -0.0 1.0 -0.0
vn -0.0 1.0 -0.0
vn 0.0 1.0 0.0
vn -0.0 1.0 -0.0
vn -0.0 1.0 -0.0
vn -0.0 1.0 -0.0
vn -0.0 1.0 -0.0
vn 0.0 1.0 0.0
vn -0.0 1.0 -0.0
vn -0.0 1.0 -0.0
vn 0.0 1.0 0.0
vn 0.0 1.0 0.0
vn 0.0 1.0 0.0
vn -0.0 1.0 -0.0
vn -0.0 1.0 -0.0
vn -0.0 1.0 -0.0
vn -0.0 1.0 -0.0
vn -0.0 1.0 -0.0
vn 0.0 1.0 0.0
vn 0.0 1.0 0.0
vn -0.0 1.0 -0.0
vn 0.0 1.0 0.0
vn -0.0 1.0 -0.0
vn 0.0 1.0 0.0
vn 0.0 1.0 0.0
vn 0.0 1.0 0.0
vn -0.0 1.0 0.0
vn 0.0 1.0 0.0
vn -0.0 1.0 0.0
vn -0.0 1.0 0.0
vn 0.0 1.0 0.0
vn 0.0 1.0 0.0
vn 0.0 1.0 0.0
vn -0.0 1.0 0.0
vn -0.0 1.0 0.0
vn -0.0 1.0 0.0
vn -0.0 1.0 0.0
vn -0.0 1.0 0.0
vn 0.0 1.0 -0.0
vn -0.0 1.0 0.0
vn -0.0 1.0 0.0
vn -0.0 1.0 0.0
vn -0.0 1.0 0.0
vn -0.0 1.0 -0.0
vn 0.0 1.0 0.0
vn 0.0 1.0 0.0
vn -0.0 1.0 0.0
vn 0.0 1.0 0.0
vn 0.0 1.0 0.0
vn -0.0 1.0 0.0
vn -0.0 1.0 0.0
vn 0.0 1.0 0.0
vn 0.0 1.0 0.0
vn 0.0 1.0 0.0
vn 0.0 1.0 0.0
vn 0.0 1.0 0.0
vn -0.0 1.0 0.0
vn -0.0 1.0 0.0
vn -0.0 1.0 0.0
vn 0.0 1.0 0.0
vn -0.0 1.0 0.0
vn -0.0 1.0 0.0
vn 0.0 1.0 0.0
vn 0.0 1.0 0.0
vn -0.0 1.0 0.0
vn -0.0 1.0 0.0
vn 0.0 1.0 0.0
vn -0.0 1.0 0.0
vn 0.0 1.0 -0.0
vn -0.0 1.0 0.0
vn -0.0 1.0 0.0
vn 0.0 1.0 -0.0
vn -0.0 1.0 0.0
vn 0.0 1.0 0.0
vn 0.0 1.0 0.0
vn 0.0 1.0 0.0
vn 0.0 1.0 0.0
vn -0.0 1.0 0.0
vn -0.0 1.0 0.0
vn 0.0 1.0 0.0
vn 0.0 1.0 0.0
vn -0.0 1.0 0.0
vn -0.0 1.0 0.0
vn 0.0 1.0 0.0
vn 0.0 1.0 0.0
vn 0.0 1.0 0.0
vn -0.0 1.0 0.0
vn -0.0 1.0 0.0
vn -0.0 1.0 0.0
vn 0.0 1.0 0.0
vn 0.0 1.0 0.0
vn 0.0 1.0 0.0
vn 0.0 1.0 0.0
vn 0.0 1.0 0.0
vn 0.0 1.0 0.0
vn 0.0 1.0 0.0
vn 0.0 1.0 0.0
vn 0.0 1.0 0.0
vn 0.0 1.0 0.0
vn 0.0 1.0 0.0
vn 0.0 1.0 0.0
vn 0.0 1.0 0.0
vn 0.0 1.0 0.0
vn 0.0 1.0 0.0
vn 0.0 1.0 -0.0
vn 0.0 1.0 0.0
vn 0.0 1.0 0.0
vn 0.0 1.0 0.0
vn 0.0 1.0 0.0
vn 0.0 1.0 0.0
vn 0.0 1.0 0.0
vn 0.0 1.0 0.0
vn 0.0 1.0 0.0
vn 0.0 1.0 0.0
vn 0.0 1.0 0.0
vn 0.0 1.0 0.0
vn 0.0 1.0 0.0
vn 0.0 1.0 0.0
vn 0.0 1.0 0.0
vn 0.0 1.0 0.0
vn 0.0 1.0 0.0
vn 0.0 1.0 0.0
vn 0.0 1.0 0.0
vn 0.0 1.0 0.0
vn 0.0 -1.0 0.0
vn 0.0 -1.0 0.0
vn 0.0 -1.0 0.0
vn 0.0 -1.0 0.0
vn 0.0 -1.0 0.0
vn 0.0 -1.0 0.0
vn 0.0 -1.0 0.0
vn 0.0 -1.0 0.0
vn 0.0 -1.0 0.0
vn 0.0 -1.0 0.0
vn 0.0 -1.0 0.0
vn 0.0 -1.0 0.0
vn 0.0 -1.0 0.0
vn 0.0 -1.0 0.0
vn 0.0 -1.0 0.0
vn 0.0 -1.0 0.0
vn 0.0 -1.0 0.0
vn 0.0 -1.0 0.0
vn 0.0 -1.0 0.0
vn 0.0 -1.0 0.0
vn 0.0 -1.0 0.0
vn 0.0 -1.0 0.0
vn 0.0 -1.0 0.0
vn 0.0 -1.0 0.0
vn 0.0 -1.0 0.0
vn 0.0 -1.0 0.0
vn 0.0 -1.0 -0.0
vn 0.0 -1.0 0.0
vn 0.0 -1.0 0.0
vn 0.0 -1.0 0.0
vn 0.0 -1.0 0.0
vn 0.0 -1.0 0.0
vn 0.0 -1.0 0.0
vn 0.0 -1.0 0.0
vn 0.0 -1.0 0.0
vn 0.0 -1.0 0.0
vn 0.0 -1.0 0.0
vn 0.0 -1.0 0.0
vn 0.0 -1.0 0.0
vn 0.0 -1.0 0.0
vn 0.0 -1.0 0.0
vn 0.0 -1.0 -0.0
vn 0.0 -1.0 0.0
vn 0.0 -1.0 0.0
vn 0.0 -1.0 0.0
vn 0.0 -1.0 0.0
vn 0.0 -1.0 0.0
vn 0.0 -1.0 0.0
vn 0.0 -1.0 0.0
vn 0.0 -1.0 0.0
vn 0.0 -1.0 0.0
vn 0.0 -1.0 0.0
vn 0.0 -1.0 0.0
vn 0.0 -1.0 0.0
vn 0.0 -1.0 0.0
vn 0.0 -1.0 0.0
vn 0.0 -1.0 0.0
vn 0.0 -1.0 0.0
vn 0.0 -1.0 0.0
vn 0.0 -1.0 0.0
vn 0.0 -1.0 0.0
vn 0.0 -1.0 0.0
vn 0.0 -1.0 0.0
vn 0.0 -1.0 0.0
vn 0.0 -1.0 0.0
vn 0.0 -1.0 0.0
vn 0.0 -1.0 0.0
vn 0.0 -1.0 -0.0
vn 0.0 -1.0 0.0
vn 0.0 -1.0 0.0
vn 0.0 -1.0 0.0
vn 0.0 -1.0 0.0
vn 0.0 -1.0 0.0
vn 0.0 -1.0 0.0
vn 0.0 -1.0 0.0
vn 0.0 -1.0 0.0
vn 0.0 -1.0 0.0
vn 0.0 -1.0 0.0
vn 0.0 -1.0 0.0
vn 0.0 -1.0 0.0
vn 0.0 -1.0 0.0
vn 0.0 -1.0 -0.0
vn 0.0 -1.0 0.0
vn -0.0 -1.0 0.0
vn 0.0 -1.0 0.0
vn 0.0 -1.0 0.0
vn 0.0 -1.0 0.0
vn 0.0 -1.0 0.0
vn 0.0 -1.0 0.0
vn 0.0 -1.0 0.0
vn 0.0 -1.0 0.0
vn 0.0 -1.0 0.0
vn 0.0 -1.0 0.0
vn -0.0 -1.0 0.0
vn 0.0 -1.0 0.0
vn 0.0 -1.0 0.0
vn 0.0 -1.0 0.0
vn 0.0 -1.0 0.0
vn 0.0 -1.0 0.0
vn 0.0 -1.0 0.0
vn 0.0 -1.0 0.0
vn 0.0 -1.0 0.0
vn 0.0 -1.0 0.0
vn 0.0 -1.0 0.0
vn 0.0 -1.0 0.0
vn 0.0 -1.0 0.0
vn 0.0 -1.0 0.0
vn 0.0 -1.0 0.0
vn 0.0 -1.0 0.0
vn 0.0 -1.0 0.0
vn 0.0 -1.0 0.0
vn 0.0 -1.0 0.0
vn 0.0 -1.0 0.0
vn -0.0 -1.0 -0.0
vn 0.0 -1.0 0.0
vn 0.0 -1.0 0.0
vn 0.0 -1.0 0.0
vn 0.0 -1.0 0.0
vn 0.0 -1.0 0.0
vn 0.0 -1.0 0.0
vn 0.0 -1.0 0.0
vn -0.0 -1.0 -0.0
vn 0.0 -1.0 0.0
vn 0.0 -1.0 0.0
vn 0.999688 0.0 0.024974
vn 0.999688 0.0 0.024974
vn 0.997191 0.0 0.074899
vn 0.992297 -0.0 0.123884
vn 0.997191 0.0 0.074899
vn 0.992297 0.0 0.123884
vn 0.984774 0.0 0.173841
vn 0.974868 -0.0 0.222785
vn 0.984774 0.0 0.173841
vn 0.974868 0.0 0.222785
vn 0.962643 0.0 0.270774
vn 0.962643 0.0 0.270774
vn 0.947996 0.0 0.318284
vn 0.930921 -0.0 0.365221
vn 0.947996 0.0 0.318284
vn 0.930921 0.0 0.365221
vn 0.911495 0.0 0.411311
vn 0.911495 0.0 0.411311
vn 0.889828 0.0 0.456297
vn 0.889828 0.0 0.456297
vn 0.866035 0.0 0.499984
vn 0.866035 0.0 0.499984
vn 0.840023 -0.0 0.542551
vn 0.840023 0.0 0.542551
vn 0.812026 0.0 0.583621
vn 0.812026 0.0 0.583621
vn 0.781632 0.0 0.623739
vn 0.781632 0.0 0.623739
vn 0.749916 0.0 0.661533
vn 0.715866 -0.0 0.698238
vn 0.749916 0.0 0.661533
vn 0.715866 0.0 0.698238
vn 0.680169 0.0 0.733055
vn 0.680169 0.0 0.733055
vn 0.642733 0.0 0.76609
vn 0.603754 -0.0 0.797171
vn 0.642733 0.0 0.76609
vn 0.603754 0.0 0.797171
vn 0.563428 0.0 0.826165
vn 0.563428 0.0 0.826165
vn 0.521391 0.0 0.853318
vn 0.521391 0.0 0.853318
vn 0.47808 0.0 0.878316
vn 0.47808 0.0 0.878316
vn 0.434044 0.0 0.900892
vn 0.434044 0.0 0.900892
vn 0.388298 0.0 0.921534
vn 0.388298 0.0 0.921534
vn 0.342038 0.0 0.939686
vn 0.342038 0.0 0.939686
vn 0.294843 0.0 0.955546
vn 0.294843 0.0 0.955546
vn 0.246679 0.0 0.969097
vn 0.246679 0.0 0.969097
vn 0.198141 0.0 0.980174
vn 0.149059 -0.0 0.988828
vn 0.198141 0.0 0.980174
vn 0.149059 0.0 0.988828
vn 0.099649 0.0 0.995023
vn 0.099649 0.0 0.995023
vn 0.049938 0.0 0.998752
vn 0.049938 0.0 0.998752
vn 0.0 0.0 1.0
vn 0.0 0.0 1.0
vn -0.049938 0.0 0.998752
vn -0.049938 0.0 0.998752
vn -0.099649 0.0 0.995023
vn -0.099649 0.0 0.995023
vn -0.149059 0.0 0.988828
vn -0.149059 0.0 0.988828
vn -0.198141 0.0 0.980174
vn -0.198141 0.0 0.980174
vn -0.246679 0.0 0.969097
vn -0.294843 0.0 0.955546
vn -0.246679 0.0 0.969097
vn -0.294843 0.0 0.955546
vn -0.342038 0.0 0.939686
vn -0.342038 0.0 0.939686
vn -0.388298 0.0 0.921534
vn -0.388298 0.0 0.921534
vn -0.434044 0.0 0.900892
vn -0.434044 0.0 0.900892
vn -0.47808 0.0 0.878316
vn -0.47808 0.0 0.878316
vn -0.521391 0.0 0.853318
vn -0.521391 0.0 0.853318
vn -0.563428 0.0 0.826165
vn -0.563428 0.0 0.826165
vn -0.603754 0.0 0.797171
vn -0.603754 0.0 0.797171
vn -0.642733 0.0 0.76609
vn -0.642733 0.0 0.76609
vn -0.680169 0.0 0.733055
vn -0.680169 0.0 0.733055
vn -0.715866 0.0 0.698238
vn -0.715866 0.0 0.698238
vn -0.749916 0.0 0.661533
vn -0.749916 0.0 0.661533
vn -0.781632 0.0 0.623739
vn -0.812026 0.0 0.583621
vn -0.781632 0.0 0.623739
vn -0.812026 0.0 0.583621
vn -0.840023 0.0 0.542551
vn -0.866035 0.0 0.499984
vn -0.840023 0.0 0.542551
vn -0.866035 0.0 0.499984
vn -0.889828 0.0 0.456297
vn -0.911495 0.0 0.411311
vn -0.889828 0.0 0.456297
vn -0.911495 0.0 0.411311
vn -0.930921 0.0 0.365221
vn -0.930921 0.0 0.365221
vn -0.947996 0.0 0.318284
vn -0.962643 0.0 0.270774
vn -0.947996 0.0 0.318284
vn -0.962643 0.0 0.270774
vn -0.974868 0.0 0.222785
vn -0.974868 0.0 0.222785
vn -0.984774 0.0 0.173841
vn -0.984774 0.0 0.173841
vn -0.992297 0.0 0.123884
vn -0.992297 0.0 0.123884
vn -0.997191 0.0 0.074899
vn -0.997191 0.0 0.074899
vn -0.999688 0.0 0.024974
vn -0.999688 0.0 0.024974
vn -0.999688 0.0 -0.024974
vn -0.999688 0.0 -0.024974
vn -0.997191 -0.0 -0.074899
vn -0.997191 0.0 -0.074899
vn -0.992297 0.0 -0.123884
vn -0.992297 0.0 -0.123884
vn -0.984774 0.0 -0.173841
vn -0.984774 0.0 -0.173841
vn -0.974868 0.0 -0.222785
vn -0.974868 0.0 -0.222785
vn -0.962643 -0.0 -0.270774
vn -0.962643 0.0 -0.270774
vn -0.947996 0.0 -0.318284
vn -0.947996 0.0 -0.318284
vn -0.930921 -0.0 -0.365221
vn -0.930921 0.0 -0.365221
vn -0.911495 -0.0 -0.411311
vn -0.911495 0.0 -0.411311
vn -0.889828 0.0 -0.456297
vn -0.889828 0.0 -0.456297
vn -0.866035 -0.0 -0.499984
vn -0.866035 0.0 -0.499984
vn -0.840023 -0.0 -0.542551
vn -0.840023 0.0 -0.542551
vn -0.812026 -0.0 -0.583621
vn -0.812026 0.0 -0.583621
vn -0.781632 0.0 -0.623739
vn -0.781632 0.0 -0.623739
vn -0.749916 -0.0 -0.661533
vn -0.749916 0.0 -0.661533
vn -0.715866 -0.0 -0.698238
vn -0.715866 0.0 -0.698238
vn -0.680169 0.0 -0.733055
vn -0.680169 0.0 -0.733055
vn -0.642733 -0.0 -0.76609
vn -0.642733 0.0 -0.76609
vn -0.603754 -0.0 -0.797171
vn -0.603754 0.0 -0.797171
vn -0.563428 0.0 -0.826165
vn -0.563428 -0.0 -0.826165
vn -0.521391 0.0 -0.853318
vn -0.521391 0.0 -0.853318
vn -0.47808 0.0 -0.878316
vn -0.47808 -0.0 -0.878316
vn -0.434044 0.0 -0.900892
vn -0.434044 -0.0 -0.900892
vn -0.388298 0.0 -0.921534
vn -0.388298 -0.0 -0.921534
vn -0.342038 -0.0 -0.939686
vn -0.342038 0.0 -0.939686
vn -0.294843 -0.0 -0.955546
vn -0.294843 0.0 -0.955546
vn -0.246679 -0.0 -0.969097
vn -0.246679 0.0 -0.969097
vn -0.198141 -0.0 -0.980174
vn -0.198141 0.0 -0.980174
vn -0.149059 0.0 -0.988828
vn -0.149059 0.0 -0.988828
vn -0.099649 -0.0 -0.995023
vn -0.099649 0.0 -0.995023
vn -0.049938 -0.0 -0.998752
vn -0.049938 0.0 -0.998752
vn 0.0 0.0 -1.0
vn 0.0 0.0 -1.0
vn 0.049938 0.0 -0.998752
vn 0.049938 0.0 -0.998752
vn 0.099649 0.0 -0.995023
vn 0.099649 0.0 -0.995023
vn 0.149059 0.0 -0.988828
vn 0.149059 0.0 -0.988828
vn 0.198141 0.0 -0.980174
vn 0.198141 0.0 -0.980174
vn 0.246679 0.0 -0.969097
vn 0.246679 0.0 -0.969097
vn 0.294843 0.0 -0.955546
vn 0.294843 0.0 -0.955546
vn 0.342038 0.0 -0.939686
vn 0.342038 0.0 -0.939686
vn 0.388298 0.0 -0.921534
vn 0.388298 0.0 -0.921534
vn 0.434044 0.0 -0.900892
vn 0.47808 0.0 -0.878316
vn 0.434044 0.0 -0.900892
vn 0.47808 0.0 -0.878316
vn 0.521391 0.0 -0.853318
vn 0.521391 0.0 -0.853318
vn 0.563428 0.0 -0.826165
vn 0.563428 0.0 -0.826165
vn 0.603754 0.0 -0.797171
vn 0.603754 0.0 -0.797171
vn 0.642733 0.0 -0.76609
vn 0.642733 0.0 -0.76609
vn 0.680169 0.0 -0.733055
vn 0.680169 0.0 -0.733055
vn 0.715866 0.0 -0.698238
vn 0.715866 0.0 -0.698238
vn 0.749916 0.0 -0.661533
vn 0.749916 0.0 -0.661533
vn 0.781632 0.0 -0.623739
vn 0.781632 0.0 -0.623739
vn 0.812026 0.0 -0.583621
vn 0.812026 0.0 -0.583621
vn 0.840023 0.0 -0.542551
vn 0.840023 0.0 -0.542551
vn 0.866035 0.0 -0.499984
vn 0.866035 0.0 -0.499984
vn 0.889828 0.0 -0.456297
vn 0.889828 0.0 -0.456297
vn 0.911495 0.0 -0.411311
vn 0.911495 0.0 -0.411311
vn 0.930921 0.0 -0.365221
vn 0.947996 0.0 -0.318284
vn 0.930921 0.0 -0.365221
vn 0.947996 0.0 -0.318284
vn 0.962643 0.0 -0.270774
vn 0.962643 0.0 -0.270774
vn 0.974868 0.0 -0.222785
vn 0.974868 0.0 -0.222785
vn 0.984774 0.0 -0.173841
vn 0.984774 0.0 -0.173841
vn 0.992297 0.0 -0.123884
vn 0.992297 0.0 -0.123884
vn 0.997191 0.0 -0.074899
vn 0.999688 0.0 -0.024974
vn 0.997191 0.0 -0.074899
vn 0.999688 0.0 -0.024974
vn -0.0 1.0 -0.0
vn -0.0 1.0 -0.0
vn 0.0 1.0 0.0
vn -0.0 1.0 -0.0
vn -0.0 1.0 -0.0
vn -0.0 1.0 -0.0
vn -0.0 1.0 -0.0
vn 0.0 1.0 0.0
vn -0.0 1.0 -0.0
vn -0.0 1.0 -0.0
vn 0.0 1.0 0.0
vn 0.0 1.0 0.0
vn 0.0 1.0 0.0
vn -0.0 1.0 -0.0
vn -0.0 1.0 -0.0
vn -0.0 1.0 -0.0
vn -0.0 1.0 -0.0
vn -0.0 1.0 -0.0
vn 0.0 1.0 0.0
vn 0.0 1.0 0.0
vn -0.0 1.0 -0.0
vn 0.0 1.0 0.0
vn -0.0 1.0 -0.0
vn 0.0 1.0 0.0
vn 0.0 1.0 0.0
vn 0.0 1.0 0.0
vn -0.0 1.0 0.0
vn 0.0 1.0 0.0
vn -0.0 1.0 0.0
vn -0.0 1.0 0.0
vn 0.0 1.0 0.0
vn 0.0 1.0 0.0
vn 0.0 1.0 0.0
vn -0.0 1.0 0.0
vn -0.0 1.0 0.0
vn -0.0 1.0 0.0
vn -0.0 1.0 0.0
vn -0.0 1.0 0.0
vn 0.0 1.0 -0.0
vn -0.0 1.0 0.0
vn -0.0 1.0 0.0
vn -0.0 1.0 0.0
vn -0.0 1.0 0.0
vn -0.0 1.0 -0.0
vn 0.0 1.0 0.0
vn 0.0 1.0 0.0
vn -0.0 1.0 0.0
vn 0.0 1.0 0.0
vn 0.0 1.0 0.0
vn -0.0 1.0 0.0
vn -0.0 1.0 0.0
vn 0.0 1.0 0.0
vn 0.0 1.0 0.0
vn 0.0 1.0 0.0
vn 0.0 1.0 0.0
vn 0.0 1.0 0.0
vn -0.0 1.0 0.0
vn -0.0 1.0 0.0
vn -0.0 1.0 0.0
vn 0.0 1.0 0.0
vn -0.0 1.0 0.0
vn -0.0 1.0 0.0
vn 0.0 1.0 0.0
vn 0.0 1.0 0.0
vn -0.0 1.0 0.0
vn -0.0 1.0 0.0
vn 0.0 1.0 0.0
vn -0.0 1.0 0.0
vn 0.0 1.0 -0.0
vn -0.0 1.0 0.0
vn -0.0 1.0 0.0
vn 0.0 1.0 -0.0
vn -0.0 1.0 0.0
vn 0.0 1.0 0.0
vn 0.0 1.0 0.0
vn 0.0 1.0 0.0
vn 0.0 1.0 0.0
vn -0.0 1.0 0.0
vn -0.0 1.0 0.0
vn 0.0 1.0 0.0
vn 0.0 1.0 0.0
vn -0.0 1.0 0.0
vn -0.0 1.0 0.0
vn 0.0 1.0 0.0
vn 0.0 1.0 0.0
vn 0.0 1.0 0.0
vn -0.0 1.0 0.0
vn -0.0 1.0 0.0
vn -0.0 1.0 0.0
vn 0.0 1.0 0.0
vn 0.0 1.0 0.0
vn 0.0 1.0 0.0
vn 0.0 1.0 0.0
vn 0.0 1.0 0.0
vn 0.0 1.0 0.0
vn 0.0 1.0 0.0
vn 0.0 1.0 0.0
vn 0.0 1.0 0.0
vn 0.0 1.0 0.0
vn 0.0 1.0 0.0
vn 0.0 1.0 0.0
vn 0.0 1.0 0.0
vn 0.0 1.0 0.0
vn 0.0 1.0 0.0
vn 0.0 1.0 -0.0
vn 0.0 1.0 0.0
vn 0.0 1.0 0.0
vn 0.0 1.0 0.0
vn 0.0 1.0 0.0
vn 0.0 1.0 0.0
vn 0.0 1.0 0.0
vn 0.0 1.0 0.0
vn 0.0 1.0 0.0
vn 0.0 1.0 0.0
vn 0.0 1.0 0.0
vn 0.0 1.0 0.0
vn 0.0 1.0 0.0
vn 0.0 1.0 0.0
vn 0.0 1.0 0.0
vn 0.0 1.0 0.0
vn 0.0 1.0 0.0
vn 0.0 1.0 0.0
vn 0.0 1.0 0.0
vn 0.0 1.0 0.0
vn 0.0 -1.0 0.0
vn 0.0 -1.0 0.0
vn 0.0 -1.0 0.0
vn 0.0 -1.0 0.0
vn 0.0 -1.0 0.0
vn 0.0 -1.0 0.0
vn 0.0 -1.0 0.0
vn 0.0 -1.0 0.0
vn 0.0 -1.0 0.0
vn 0.0 -1.0 0.0
vn 0.0 -1.0 0.0
vn 0.0 -1.0 0.0
vn 0.0 -1.0 0.0
vn 0.0 -1.0 0.0
vn 0.0 -1.0 0.0
vn 0.0 -1.0 0.0
vn 0.0 -1.0 0.0
vn 0.0 -1.0 0.0
vn 0.0 -1.0 0.0
vn 0.0 -1.0 0.0
vn 0.0 -1.0 0.0
vn 0.0 -1.0 0.0
vn 0.0 -1.0 0.0
vn 0.0 -1.0 0.0
vn 0.0 -1.0 0.0
vn 0.0 -1.0 0.0
vn 0.0 -1.0 -0.0
vn 0.0 -1.0 0.0
vn 0.0 -1.0 0.0
vn 0.0 -1.0 0.0
vn 0.0 -1.0 0.0
vn 0.0 -1.0 0.0
vn 0.0 -1.0 0.0
vn 0.0 -1.0 0.0
vn 0.0 -1.0 0.0
vn 0.0 -1.0 0.0
vn 0.0 -1.0 0.0
vn 0.0 -1.0 0.0
vn 0.0 -1.0 0.0
vn 0.0 -1.0 0.0
vn 0.0 -1.0 0.0
vn 0.0 -1.0 -0.0
vn 0.0 -1.0 0.0
vn 0.0 -1.0 0.0
vn 0.0 -1.0 0.0
vn 0.0 -1.0 0.0
vn 0.0 -1.0 0.0
vn 0.0 -1.0 0.0
vn 0.0 -1.0 0.0
vn 0.0 -1.0 0.0
vn 0.0 -1.0 0.0
vn 0.0 -1.0 0.0
vn 0.0 -1.0 0.0
vn 0.0 -1.0 0.0
vn 0.0 -1.0 0.0
vn 0.0 -1.0 0.0
vn 0.0 -1.0 0.0
vn 0.0 -1.0 0.0
vn 0.0 -1.0 0.0
vn 0.0 -1.0 0.0
vn 0.0 -1.0 0.0
vn 0.0 -1.0 0.0
vn 0.0 -1.0 0.0
vn 0.0 -1.0 0.0
vn 0.0 -1.0 0.0
vn 0.0 -1.0 0.0
vn 0.0 -1.0 0.0
vn 0.0 -1.0 -0.0
vn 0.0 -1.0 0.0
vn 0.0 -1.0 0.0
vn 0.0 -1.0 0.0
vn 0.0 -1.0 0.0
vn 0.0 -1.0 0.0
vn 0.0 -1.0 0.0
vn 0.0 -1.0 0.0
vn 0.0 -1.0 0.0
vn 0.0 -1.0 0.0
vn 0.0 -1.0 0.0
vn 0.0 -1.0 0.0
vn 0.0 -1.0 0.0
vn 0.0 -1.0 0.0
vn 0.0 -1.0 -0.0
vn 0.0 -1.0 0.0
vn -0.0 -1.0 0.0
vn 0.0 -1.0 0.0
vn 0.0 -1.0 0.0
vn 0.0 -1.0 0.0
vn 0.0 -1.0 0.0
vn 0.0 -1.0 0.0
vn 0.0 -1.0 0.0
vn 0.0 -1.0 0.0
vn 0.0 -1.0 0.0
vn 0.0 -1.0 0.0
vn -0.0 -1.0 0.0
vn 0.0 -1.0 0.0
vn 0.0 -1.0 0.0
vn 0.0 -1.0 0.0
vn 0.0 -1.0 0.0
vn 0.0 -1.0 0.0
vn 0.0 -1.0 0.0
vn 0.0 -1.0 0.0
vn 0.0 -1.0 0.0
vn 0.0 -1.0 0.0
vn 0.0 -1.0 0.0
vn 0.0 -1.0 0.0
vn 0.0 -1.0 0.0
vn 0.0 -1.0 0.0
vn 0.0 -1.0 0.0
vn 0.0 -1.0 0.0
vn 0.0 -1.0 0.0
vn 0.0 -1.0 0.0
vn 0.0 -1.0 0.0
vn 0.0 -1.0 0.0
vn -0.0 -1.0 -0.0
vn 0.0 -1.0 0.0
vn 0.0 -1.0 0.0
vn 0.0 -1.0 0.0
vn 0.0 -1.0 0.0
vn 0.0 -1.0 0.0
vn 0.0 -1.0 0.0
vn 0.0 -1.0 0.0
vn -0.0 -1.0 -0.0
vn 0.0 -1.0 0.0
vn 0.0 -1.0 0.0
vn 0.999688 0.0 0.024974
vn 0.999688 0.0 0.024974
vn 0.997191 0.0 0.074899
vn 0.992297 -0.0 0.123884
vn 0.997191 0.0 0.074899
vn 0.992297 0.0 0.123884
vn 0.984774 0.0 0.173841
vn 0.974868 -0.0 0.222785
vn 0.984774 0.0 0.173841
vn 0.974868 0.0 0.222785
vn 0.962643 0.0 0.270774
vn 0.962643 0.0 0.270774
vn 0.947996 0.0 0.318284
vn 0.930921 -0.0 0.365221
vn 0.947996 0.0 0.318284
vn 0.930921 0.0 0.365221
vn 0.911495 0.0 0.411311
vn 0.911495 0.0 0.411311
vn 0.889828 0.0 0.456297
vn 0.889828 0.0 0.456297
vn 0.866035 0.0 0.499984
vn 0.866035 0.0 0.499984
vn 0.840023 -0.0 0.542551
vn 0.840023 0.0 0.542551
vn 0.812026 0.0 0.583621
vn 0.812026 0.0 0.583621
vn 0.781632 0.0 0.623739
vn 0.781632 0.0 0.623739
vn 0.749916 0.0 0.661533
vn 0.715866 -0.0 0.698238
vn 0.749916 0.0 0.661533
vn 0.715866 0.0 0.698238
vn 0.680169 0.0 0.733055
vn 0.680169 0.0 0.733055
vn 0.642733 0.0 0.76609
vn 0.603754 -0.0 0.797171
vn 0.642733 0.0 0.76609
vn 0.603754 0.0 0.797171
vn 0.563428 0.0 0.826165
vn 0.563428 0.0 0.826165
vn 0.521391 0.0 0.853318
vn 0.521391 0.0 0.853318
vn 0.47808 0.0 0.878316
vn 0.47808 0.0 0.878316
vn 0.434044 0.0 0.900892
vn 0.434044 0.0 0.900892
vn 0.388298 0.0 0.921534
vn 0.388298 0.0 0.921534
vn 0.342038 0.0 0.939686
vn 0.342038 0.0 0.939686
vn 0.294843 0.0 0.955546
vn 0.294843 0.0 0.955546
vn 0.246679 0.0 0.969097
vn 0.246679 0.0 0.969097
vn 0.198141 0.0 0.980174
vn 0.149059 -0.0 0.988828
vn 0.198141 0.0 0.980174
vn 0.149059 0.0 0.988828
vn 0.099649 0.0 0.995023
vn 0.099649 0.0 0.995023
vn 0.049938 0.0 0.998752
vn 0.049938 0.0 0.998752
vn 0.0 0.0 1.0
vn 0.0 0.0 1.0
vn -0.049938 0.0 0.998752
vn -0.049938 0.0 0.998752
vn -0.099649 0.0 0.995023
vn -0.099649 0.0 0.995023
vn -0.149059 0.0 0.988828
vn -0.149059 0.0 0.988828
vn -0.198141 0.0 0.980174
vn -0.198141 0.0 0.980174
vn -0.246679 0.0 0.969097
vn -0.294843 0.0 0.955546
vn -0.246679 0.0 0.969097
vn -0.294843 0.0 0.955546
vn -0.342038 0.0 0.939686
vn -0.342038 0.0 0.939686
vn -0.388298 0.0 0.921534
vn -0.388298 0.0 0.921534
vn -0.434044 0.0 0.900892
vn -0.434044 0.0 0.900892
vn -0.47808 0.0 0.878316
vn -0.47808 0.0 0.878316
vn -0.521391 0.0 0.853318
vn -0.521391 0.0 0.853318
vn -0.563428 0.0 0.826165
vn -0.563428 0.0 0.826165
vn -0.603754 0.0 0.797171
vn -0.603754 0.0 0.797171
vn -0.642733 0.0 0.76609
vn -0.642733 0.0 0.76609
vn -0.680169 0.0 0.733055
vn -0.680169 0.0 0.733055
vn -0.715866 0.0 0.698238
vn -0.715866 0.0 0.698238
vn -0.749916 0.0 0.661533
vn -0.749916 0.0 0.661533
vn -0.781632 0.0 0.623739
vn -0.812026 0.0 0.583621
vn -0.781632 0.0 0.623739
vn -0.812026 0.0 0.583621
vn -0.840023 0.0 0.542551
vn -0.866035 0.0 0.499984
vn -0.840023 0.0 0.542551
vn -0.866035 0.0 0.499984
vn -0.889828 0.0 0.456297
vn -0.911495 0.0 0.411311
vn -0.889828 0.0 0.456297
vn -0.911495 0.0 0.411311
vn -0.930921 0.0 0.365221
vn -0.930921 0.0 0.365221
vn -0.947996 0.0 0.318284
vn -0.962643 0.0 0.270774
vn -0.947996 0.0 0.318284
vn -0.962643 0.0 0.270774
vn -0.974868 0.0 0.222785
vn -0.974868 0.0 0.222785
vn -0.984774 0.0 0.173841
vn -0.984774 0.0 0.173841
vn -0.992297 0.0 0.123884
vn -0.992297 0.0 0.123884
vn -0.997191 0.0 0.074899
vn -0.997191 0.0 0.074899
vn -0.999688 0.0 0.024974
vn -0.999688 0.0 0.024974
vn -0.999688 0.0 -0.024974
vn -0.999688 0.0 -0.024974
vn -0.997191 -0.0 -0.074899
vn -0.997191 0.0 -0.074899
vn -0.992297 0.0 -0.123884
vn -0.992297 0.0 -0.123884
vn -0.984774 0.0 -0.173841
vn -0.984774 0.0 -0.173841
vn -0.974868 0.0 -0.222785
vn -0.974868 0.0 -0.222785
vn -0.962643 -0.0 -0.270774
vn -0.962643 0.0 -0.270774
vn -0.947996 0.0 -0.318284
vn -0.947996 0.0 -0.318284
vn -0.930921 -0.0 -0.365221
vn -0.930921 0.0 -0.365221
vn -0.911495 -0.0 -0.411311
vn -0.911495 0.0 -0.411311
vn -0.889828 0.0 -0.456297
vn -0.889828 0.0 -0.456297
vn -0.866035 -0.0 -0.499984
vn -0.866035 0.0 -0.499984
vn -0.840023 -0.0 -0.542551
vn -0.840023 0.0 -0.542551
vn -0.812026 -0.0 -0.583621
vn -0.812026 0.0 -0.583621
vn -0.781632 0.0 -0.623739
vn -0.781632 0.0 -0.623739
vn -0.749916 -0.0 -0.661533
vn -0.749916 0.0 -0.661533
vn -0.715866 -0.0 -0.698238
vn -0.715866 0.0 -0.698238
vn -0.680169 0.0 -0.733055
vn -0.680169 0.0 -0.733055
vn -0.642733 -0.0 -0.76609
vn -0.642733 0.0 -0.76609
vn -0.603754 -0.0 -0.797171
vn -0.603754 0.0 -0.797171
vn -0.563428 0.0 -0.826165
vn -0.563428 -0.0 -0.826165
vn -0.521391 0.0 -0.853318
vn -0.521391 0.0 -0.853318
vn -0.47808 0.0 -0.878316
vn -0.47808 -0.0 -0.878316
vn -0.434044 0.0 -0.900892
vn -0.434044 -0.0 -0.900892
vn -0.388298 0.0 -0.921534
vn -0.388298 -0.0 -0.921534
vn -0.342038 -0.0 -0.939686
vn -0.342038 0.0 -0.939686
vn -0.294843 -0.0 -0.955546
vn -0.294843 0.0 -0.955546
vn -0.246679 -0.0 -0.969097
vn -0.246679 0.0 -0.969097
vn -0.198141 -0.0 -0.980174
vn -0.198141 0.0 -0.980174
vn -0.149059 0.0 -0.988828
vn -0.149059 0.0 -0.988828
vn -0.099649 -0.0 -0.995023
vn -0.099649 0.0 -0.995023
vn -0.049938 -0.0 -0.998752
vn -0.049938 0.0 -0.998752
vn 0.0 0.0 -1.0
vn 0.0 0.0 -1.0
vn 0.049938 0.0 -0.998752
vn 0.049938 0.0 -0.998752
vn 0.099649 0.0 -0.995023
vn 0.099649 0.0 -0.995023
vn 0.149059 0.0 -0.988828
vn 0.149059 0.0 -0.988828
vn 0.198141 0.0 -0.980174
vn 0.198141 0.0 -0.980174
vn 0.246679 0.0 -0.969097
vn 0.246679 0.0 -0.969097
vn 0.294843 0.0 -0.955546
vn 0.294843 0.0 -0.955546
vn 0.342038 0.0 -0.939686
vn 0.342038 0.0 -0.939686
vn 0.388298 0.0 -0.921534
vn 0.388298 0.0 -0.921534
vn 0.434044 0.0 -0.900892
vn 0.47808 0.0 -0.878316
vn 0.434044 0.0 -0.900892
vn 0.47808 0.0 -0.878316
vn 0.521391 0.0 -0.853318
vn 0.521391 0.0 -0.853318
vn 0.563428 0.0 -0.826165
vn 0.563428 0.0 -0.826165
vn 0.603754 0.0 -0.797171
vn 0.603754 0.0 -0.797171
vn 0.642733 0.0 -0.76609
vn 0.642733 0.0 -0.76609
vn 0.680169 0.0 -0.733055
vn 0.680169 0.0 -0.733055
vn 0.715866 0.0 -0.698238
vn 0.715866 0.0 -0.698238
vn 0.749916 0.0 -0.661533
vn 0.749916 0.0 -0.661533
vn 0.781632 0.0 -0.623739
vn 0.781632 0.0 -0.623739
vn 0.812026 0.0 -0.583621
vn 0.812026 0.0 -0.583621
vn 0.840023 0.0 -0.542551
vn 0.840023 0.0 -0.542551
vn 0.866035 0.0 -0.499984
vn 0.866035 0.0 -0.499984
vn 0.889828 0.0 -0.456297
vn 0.889828 0.0 -0.456297
vn 0.911495 0.0 -0.411311
vn 0.911495 0.0 -0.411311
vn 0.930921 0.0 -0.365221
vn 0.947996 0.0 -0.318284
vn 0.930921 0.0 -0.365221
vn 0.947996 0.0 -0.318284
vn 0.962643 0.0 -0.270774
vn 0.962643 0.0 -0.270774
vn 0.974868 0.0 -0.222785
vn 0.974868 0.0 -0.222785
vn 0.984774 0.0 -0.173841
vn 0.984774 0.0 -0.173841
vn 0.992297 0.0 -0.123884
vn 0.992297 0.0 -0.123884
vn 0.997191 0.0 -0.074899
vn 0.999688 0.0 -0.024974
vn 0.997191 0.0 -0.074899
vn 0.999688 0.0 -0.024974
vn -0.0 1.0 -0.0
vn -0.0 1.0 -0.0
vn 0.0 1.0 0.0
vn -0.0 1.0 -0.0
vn -0.0 1.0 -0.0
vn -0.0 1.0 -0.0
vn -0.0 1.0 -0.0
vn 0.0 1.0 0.0
vn -0.0 1.0 -0.0
vn -0.0 1.0 -0.0
vn 0.0 1.0 0.0
vn 0.0 1.0 0.0
vn 0.0 1.0 0.0
vn -0.0 1.0 -0.0
vn -0.0 1.0 -0.0
vn -0.0 1.0 -0.0
vn -0.0 1.0 -0.0
vn -0.0 1.0 -0.0
vn 0.0 1.0 0.0
vn 0.0 1.0 0.0
vn -0.0 1.0 -0.0
vn 0.0 1.0 0.0
vn -0.0 1.0 -0.0
vn 0.0 1.0 0.0
vn 0.0 1.0 0.0
vn 0.0 1.0 0.0
vn -0.0 1.0 0.0
vn 0.0 1.0 0.0
vn -0.0 1.0 0.0
vn -0.0 1.0 0.0
vn 0.0 1.0 0.0
vn 0.0 1.0 0.0
vn 0.0 1.0 0.0
vn -0.0 1.0 0.0
vn -0.0 1.0 0.0
vn -0.0 1.0 0.0
vn -0.0 1.0 0.0
vn -0.0 1.0 0.0
vn 0.0 1.0 -0.0
vn -0.0 1.0 0.0
vn -0.0 1.0 0.0
vn -0.0 1.0 0.0
vn -0.0 1.0 0.0
vn -0.0 1.0 -0.0
vn 0.0 1.0 0.0
vn 0.0 1.0 0.0
vn -0.0 1.0 0.0
vn 0.0 1.0 0.0
vn 0.0 1.0 0.0
vn -0.0 1.0 0.0
vn -0.0 1.0 0.0
vn 0.0 1.0 0.0
vn 0.0 1.0 0.0
vn 0.0 1.0 0.0
vn 0.0 1.0 0.0
vn 0.0 1.0 0.0
vn -0.0 1.0 0.0
vn -0.0 1.0 0.0
vn -0.0 1.0 0.0
vn 0.0 1.0 0.0
vn -0.0 1.0 0.0
vn -0.0 1.0 0.0
vn 0.0 1.0 0.0
vn 0.0 1.0 0.0
vn -0.0 1.0 0.0
vn -0.0 1.0 0.0
vn 0.0 1.0 0.0
vn -0.0 1.0 0.0
vn 0.0 1.0 -0.0
vn -0.0 1.0 0.0
vn -0.0 1.0 0.0
vn 0.0 1.0 -0.0
vn -0.0 1.0 0.0
vn 0.0 1.0 0.0
vn 0.0 1.0 0.0
vn 0.0 1.0 0.0
vn 0.0 1.0 0.0
vn -0.0 1.0 0.0
vn -0.0 1.0 0.0
vn 0.0 1.0 0.0
vn 0.0 1.0 0.0
vn -0.0 1.0 0.0
vn -0.0 1.0 0.0
vn 0.0 1.0 0.0
vn 0.0 1.0 0.0
vn 0.0 1.0 0.0
vn -0.0 1.0 0.0
vn -0.0 1.0 0.0
vn -0.0 1.0 0.0
vn 0.0 1.0 0.0
vn 0.0 1.0 0.0
vn 0.0 1.0 0.0
vn 0.0 1.0 0.0
vn 0.0 1.0 0.0
vn 0.0 1.0 0.0
vn 0.0 1.0 0.0
vn 0.0 1.0 0.0
vn 0.0 1.0 0.0
vn 0.0 1.0 0.0
vn 0.0 1.0 0.0
vn 0.0 1.0 0.0
vn 0.0 1.0 0.0
vn 0.0 1.0 0.0
vn 0.0 1.0 0.0
vn 0.0 1.0 -0.0
vn 0.0 1.0 0.0
vn 0.0 1.0 0.0
vn 0.0 1.0 0.0
vn 0.0 1.0 0.0
vn 0.0 1.0 0.0
vn 0.0 1.0 0.0
vn 0.0 1.0 0.0
vn 0.0 1.0 0.0
vn 0.0 1.0 0.0
vn 0.0 1.0 0.0
vn 0.0 1.0 0.0
vn 0.0 1.0 0.0
vn 0.0 1.0 0.0
vn 0.0 1.0 0.0
vn 0.0 1.0 0.0
vn 0.0 1.0 0.0
vn 0.0 1.0 0.0
vn 0.0 1.0 0.0
vn 0.0 1.0 0.0
vn 0.0 -1.0 0.0
vn 0.0 -1.0 0.0
vn 0.0 -1.0 0.0
vn 0.0 -1.0 0.0
vn 0.0 -1.0 0.0
vn 0.0 -1.0 0.0
vn 0.0 -1.0 0.0
vn 0.0 -1.0 0.0
vn 0.0 -1.0 0.0
vn 0.0 -1.0 0.0
vn 0.0 -1.0 0.0
vn 0.0 -1.0 0.0
vn 0.0 -1.0 0.0
vn 0.0 -1.0 0.0
vn 0.0 -1.0 0.0
vn 0.0 -1.0 0.0
vn 0.0 -1.0 0.0
vn 0.0 -1.0 0.0
vn 0.0 -1.0 0.0
vn 0.0 -1.0 0.0
vn 0.0 -1.0 0.0
vn 0.0 -1.0 0.0
vn 0.0 -1.0 0.0
vn 0.0 -1.0 0.0
vn 0.0 -1.0 0.0
vn 0.0 -1.0 0.0
vn 0.0 -1.0 -0.0
vn 0.0 -1.0 0.0
vn 0.0 -1.0 0.0
vn 0.0 -1.0 0.0
vn 0.0 -1.0 0.0
vn 0.0 -1.0 0.0
vn 0.0 -1.0 0.0
vn 0.0 -1.0 0.0
vn 0.0 -1.0 0.0
vn 0.0 -1.0 0.0
vn 0.0 -1.0 0.0
vn 0.0 -1.0 0.0
vn 0.0 -1.0 0.0
vn 0.0 -1.0 0.0
vn 0.0 -1.0 0.0
vn 0.0 -1.0 -0.0
vn 0.0 -1.0 0.0
vn 0.0 -1.0 0.0
vn 0.0 -1.0 0.0
vn 0.0 -1.0 0.0
vn 0.0 -1.0 0.0
vn 0.0 -1.0 0.0
vn 0.0 -1.0 0.0
vn 0.0 -1.0 0.0
vn 0.0 -1.0 0.0
vn 0.0 -1.0 0.0
vn 0.0 -1.0 0.0
vn 0.0 -1.0 0.0
vn 0.0 -1.0 0.0
vn 0.0 -1.0 0.0
vn 0.0 -1.0 0.0
vn 0.0 -1.0 0.0
vn 0.0 -1.0 0.0
vn 0.0 -1.0 0.0
vn 0.0 -1.0 0.0
vn 0.0 -1.0 0.0
vn 0.0 -1.0 0.0
vn 0.0 -1.0 0.0
vn 0.0 -1.0 0.0
vn 0.0 -1.0 0.0
vn 0.0 -1.0 0.0
vn 0.0 -1.0 -0.0
vn 0.0 -1.0 0.0
vn 0.0 -1.0 0.0
vn 0.0 -1.0 0.0
vn 0.0 -1.0 0.0
vn 0.0 -1.0 0.0
vn 0.0 -1.0 0.0
vn 0.0 -1.0 0.0
vn 0.0 -1.0 0.0
vn 0.0 -1.0 0.0
vn 0.0 -1.0 0.0
vn 0.0 -1.0 0.0
vn 0.0 -1.0 0.0
vn 0.0 -1.0 0.0
vn 0.0 -1.0 -0.0
vn 0.0 -1.0 0.0
vn -0.0 -1.0 0.0
vn 0.0 -1.0 0.0
vn 0.0 -1.0 0.0
vn 0.0 -1.0 0.0
vn 0.0 -1.0 0.0
vn 0.0 -1.0 0.0
vn 0.0 -1.0 0.0
vn 0.0 -1.0 0.0
vn 0.0 -1.0 0.0
vn 0.0 -1.0 0.0
vn -0.0 -1.0 0.0
vn 0.0 -1.0 0.0
vn 0.0 -1.0 0.0
vn 0.0 -1.0 0.0
vn 0.0 -1.0 0.0
vn 0.0 -1.0 0.0
vn 0.0 -1.0 0.0
vn 0.0 -1.0 0.0
vn 0.0 -1.0 0.0
vn 0.0 -1.0 0.0
vn 0.0 -1.0 0.0
vn 0.0 -1.0 0.0
vn 0.0 -1.0 0.0
vn 0.0 -1.0 0.0
vn 0.0 -1.0 0.0
vn 0.0 -1.0 0.0
vn 0.0 -1.0 0.0
vn 0.0 -1.0 0.0
vn 0.0 -1.0 0.0
vn 0.0 -1.0 0.0
vn -0.0 -1.0 -0.0
vn 0.0 -1.0 0.0
vn 0.0 -1.0 0.0
vn 0.0 -1.0 0.0
vn 0.0 -1.0 0.0
vn 0.0 -1.0 0.0
vn 0.0 -1.0 0.0
vn 0.0 -1.0 0.0
vn -0.0 -1.0 -0.0
vn 0.0 -1.0 0.0
vn 0.0 -1.0 0.0
f 1//1 2//1 3//1 
f 3//2 2//2 4//2 
f 4//3 5//3 6//3 
f 6//4 5//4 7//4 
f 2//5 5//5 4//5 
f 5//6 8//6 7//6 
f 7//7 9//7 10//7 
f 10//8 9//8 11//8 
f 8//9 9//9 7//9 
f 9//10 12//10 11//10 
f 11//11 13//11 14//11 
f 12//12 13//12 11//12 
f 14//13 15//13 16//13 
f 16//14 15//14 17//14 
f 13//15 15//15 14//15 
f 15//16 18//16 17//16 
f 17//17 19//17 20//17 
f 18//18 19//18 17//18 
f 20//19 21//19 22//19 
f 19//20 21//20 20//20 
f 21//21 23//21 22//21 
f 22//22 23//22 24//22 
f 24//23 23//23 25//23 
f 23//24 26//24 25//24 
f 26//25 27//25 25//25 
f 25//26 27//26 28//26 
f 27//27 29//27 28//27 
f 28//28 29//28 30//28 
f 30//29 31//29 32//29 
f 32//30 31//30 33//30 
f 29//31 31//31 30//31 
f 31//32 34//32 33//32 
f 33//33 35//33 36//33 
f 34//34 35//34 33//34 
f 36//35 37//35 38//35 
f 38//36 37//36 39//36 
f 35//37 37//37 36//37 
f 37//38 40//38 39//38 
f 39//39 41//39 42//39 
f 40//40 41//40 39//40 
f 42//41 43//41 44//41 
f 41//42 43//42 42//42 
f 44//43 45//43 46//43 
f 43//44 45//44 44//44 
f 46//45 47//45 48//45 
f 45//46 47//46 46//46 
f 48//47 49//47 50//47 
f 47//48 49//48 48//48 
f 50//49 51//49 52//49 
f 49//50 51//50 50//50 
f 52//51 53//51 54//51 
f 51//52 53//52 52//52 
f 54//53 55//53 56//53 
f 53//54 55//54 54//54 
f 56//55 57//55 58//55 
f 58//56 57//56 59//56 
f 55//57 57//57 56//57 
f 57//58 60//58 59//58 
f 59//59 61//59 62//59 
f 60//60 61//60 59//60 
f 62//61 63//61 64//61 
f 61//62 63//62 62//62 
f 64//63 65//63 66//63 
f 63//64 65//64 64//64 
f 66//65 67//65 68//65 
f 65//66 67//66 66//66 
f 68//67 69//67 70//67 
f 67//68 69//68 68//68 
f 70//69 71//69 72//69 
f 69//70 71//70 70//70 
f 72//71 73//71 74//71 
f 71//72 73//72 72//72 
f 74//73 75//73 76//73 
f 76//74 75//74 77//74 
f 73//75 75//75 74//75 
f 75//76 78//76 77//76 
f 77//77 78//77 79//77 
f 78//78 80//78 79//78 
f 80//79 81//79 79//79 
f 79//80 81//80 82//80 
f 81//81 83//81 82//81 
f 82//82 83//82 84//82 
f 83//83 85//83 84//83 
f 84//84 85//84 86//84 
f 85//85 87//85 86//85 
f 86//86 87//86 88//86 
f 87//87 89//87 88//87 
f 88//88 89//88 90//88 
f 89//89 91//89 90//89 
f 90//90 91//90 92//90 
f 91//91 93//91 92//91 
f 92//92 93//92 94//92 
f 94//93 93//93 95//93 
f 93//94 96//94 95//94 
f 95//95 97//95 98//95 
f 96//96 97//96 95//96 
f 98//97 99//97 100//97 
f 97//98 99//98 98//98 
f 100//99 101//99 102//99 
f 102//100 101//100 103//100 
f 99//101 101//101 100//101 
f 101//102 104//102 103//102 
f 103//103 105//103 106//103 
f 106//104 105//104 107//104 
f 104//105 105//105 103//105 
f 105//106 108//106 107//106 
f 107//107 109//107 110//107 
f 110//108 109//108 111//108 
f 108//109 109//109 107//109 
f 109//110 112//110 111//110 
f 111//111 113//111 114//111 
f 112//112 113//112 111//112 
f 114//113 115//113 116//113 
f 116//114 115//114 117//114 
f 113//115 115//115 114//115 
f 115//116 118//116 117//116 
f 117//117 119//117 120//117 
f 118//118 119//118 117//118 
f 120//119 121//119 122//119 
f 119//120 121//120 120//120 
f 122//121 123//121 124//121 
f 121//122 123//122 122//122 
f 123//123 125//123 124//123 
f 124//124 125//124 126//124 
f 126//125 125//125 127//125 
f 125//126 128//126 127//126 
f 127//127 128//127 129//127 
f 128//128 130//128 129//128 
f 130//129 131//129 129//129 
f 129//130 131//130 132//130 
f 132//131 131//131 133//131 
f 131//132 134//132 133//132 
f 133//133 134//133 135//133 
f 134//134 136//134 135//134 
f 135//135 136//135 137//135 
f 136//136 138//136 137//136 
f 138//137 139//137 137//137 
f 137//138 139//138 140//138 
f 140//139 139//139 141//139 
f 139//140 142//140 141//140 
f 142//141 143//141 141//141 
f 141//142 143//142 144//142 
f 143//143 145//143 144//143 
f 144//144 145//144 146//144 
f 146//145 145//145 147//145 
f 145//146 148//146 147//146 
f 148//147 149//147 147//147 
f 147//148 149//148 150//148 
f 149//149 151//149 150//149 
f 150//150 151//150 152//150 
f 151//151 153//151 152//151 
f 152//152 153//152 154//152 
f 154//153 153//153 155//153 
f 153//154 156//154 155//154 
f 156//155 157//155 155//155 
f 155//156 157//156 158//156 
f 157//157 159//157 158//157 
f 158//158 159//158 160//158 
f 160//159 159//159 161//159 
f 159//160 162//160 161//160 
f 162//161 163//161 161//161 
f 161//162 163//162 164//162 
f 163//163 165//163 164//163 
f 164//164 165//164 166//164 
f 166//165 167//165 168//165 
f 165//166 167//166 166//166 
f 168//167 167//167 169//167 
f 167//168 170//168 169//168 
f 169//169 171//169 172//169 
f 170//170 171//170 169//170 
f 172//171 173//171 174//171 
f 171//172 173//172 172//172 
f 174//173 175//173 176//173 
f 173//174 175//174 174//174 
f 175//175 177//175 176//175 
f 176//176 177//176 178//176 
f 177//177 179//177 178//177 
f 178//178 179//178 180//178 
f 179//179 181//179 180//179 
f 180//180 181//180 182//180 
f 181//181 183//181 182//181 
f 182//182 183//182 184//182 
f 184//183 183//183 185//183 
f 183//184 186//184 185//184 
f 186//185 187//185 185//185 
f 185//186 187//186 188//186 
f 187//187 189//187 188//187 
f 188//188 189//188 190//188 
f 189//189 191//189 190//189 
f 190//190 191//190 192//190 
f 191//191 193//191 192//191 
f 192//192 193//192 194//192 
f 193//193 195//193 194//193 
f 194//194 195//194 196//194 
f 195//195 197//195 196//195 
f 196//196 197//196 198//196 
f 197//197 199//197 198//197 
f 198//198 199//198 200//198 
f 200//199 201//199 202//199 
f 199//200 201//200 200//200 
f 202//201 203//201 204//201 
f 201//202 203//202 202//202 
f 204//203 205//203 206//203 
f 203//204 205//204 204//204 
f 206//205 207//205 208//205 
f 205//206 207//206 206//206 
f 208//207 209//207 210//207 
f 210//208 209//208 211//208 
f 207//209 209//209 208//209 
f 209//210 212//210 211//210 
f 211//211 213//211 214//211 
f 212//212 213//212 211//212 
f 214//213 215//213 216//213 
f 213//214 215//214 214//214 
f 216//215 217//215 218//215 
f 215//216 217//216 216//216 
f 218//217 219//217 220//217 
f 217//218 219//218 218//218 
f 220//219 221//219 222//219 
f 219//220 221//220 220//220 
f 222//221 223//221 224//221 
f 221//222 223//222 222//222 
f 223//223 225//223 224//223 
f 224//224 225//224 226//224 
f 225//225 227//225 226//225 
f 226//226 227//226 228//226 
f 227//227 229//227 228//227 
f 228//228 229//228 230//228 
f 229//229 231//229 230//229 
f 230//230 231//230 232//230 
f 231//231 233//231 232//231 
f 232//232 233//232 234//232 
f 234//233 235//233 236//233 
f 233//234 235//234 234//234 
f 236//235 237//235 238//235 
f 235//236 237//236 236//236 
f 238//237 239//237 240//237 
f 240//238 239//238 241//238 
f 237//239 239//239 238//239 
f 239//240 242//240 241//240 
f 241//241 243//241 244//241 
f 242//242 243//242 241//242 
f 244//243 245//243 246//243 
f 243//244 245//244 244//244 
f 246//245 247//245 248//245 
f 245//246 247//246 246//246 
f 248//247 249//247 250//247 
f 247//248 249//248 248//248 
f 250//249 251//249 252//249 
f 252//250 251//250 3//250 
f 249//251 251//251 250//251 
f 251//252 1//252 3//252 
f 156//253 153//253 157//253 
f 157//254 153//254 159//254 
f 163//255 167//255 165//255 
f 153//256 149//256 159//256 
f 151//257 149//257 153//257 
f 159//258 149//258 162//258 
f 162//259 149//259 163//259 
f 167//260 171//260 170//260 
f 148//261 145//261 149//261 
f 145//262 143//262 149//262 
f 167//263 175//263 171//263 
f 171//264 175//264 173//264 
f 175//265 179//265 177//265 
f 163//266 138//266 167//266 
f 149//267 138//267 163//267 
f 143//268 138//268 149//268 
f 139//269 138//269 142//269 
f 142//270 138//270 143//270 
f 175//271 181//271 179//271 
f 175//272 183//272 181//272 
f 136//273 134//273 138//273 
f 183//274 187//274 186//274 
f 131//275 130//275 134//275 
f 167//276 189//276 175//276 
f 175//277 189//277 183//277 
f 183//278 189//278 187//278 
f 128//279 125//279 130//279 
f 189//280 193//280 191//280 
f 123//281 121//281 125//281 
f 125//282 121//282 130//282 
f 193//283 197//283 195//283 
f 189//284 197//284 193//284 
f 189//285 199//285 197//285 
f 118//286 115//286 119//286 
f 121//287 113//287 130//287 
f 115//288 113//288 119//288 
f 119//289 113//289 121//289 
f 130//290 113//290 134//290 
f 189//291 109//291 199//291 
f 113//292 109//292 134//292 
f 112//293 109//293 113//293 
f 138//294 109//294 167//294 
f 134//295 109//295 138//295 
f 167//296 109//296 189//296 
f 207//297 212//297 209//297 
f 207//298 213//298 212//298 
f 105//299 104//299 108//299 
f 205//300 215//300 207//300 
f 207//301 215//301 213//301 
f 104//302 99//302 108//302 
f 101//303 99//303 104//303 
f 201//304 219//304 203//304 
f 203//305 219//305 205//305 
f 215//306 219//306 217//306 
f 205//307 219//307 215//307 
f 199//308 219//308 201//308 
f 99//309 96//309 108//309 
f 97//310 96//310 99//310 
f 108//311 96//311 109//311 
f 219//312 223//312 221//312 
f 96//313 91//313 109//313 
f 93//314 91//314 96//314 
f 223//315 229//315 225//315 
f 225//316 229//316 227//316 
f 87//317 85//317 89//317 
f 89//318 85//318 91//318 
f 231//319 235//319 233//319 
f 109//320 81//320 199//320 
f 219//321 81//321 223//321 
f 83//322 81//322 85//322 
f 91//323 81//323 109//323 
f 199//324 81//324 219//324 
f 85//325 81//325 91//325 
f 229//326 237//326 231//326 
f 231//327 237//327 235//327 
f 223//328 239//328 229//328 
f 229//329 239//329 237//329 
f 80//330 78//330 81//330 
f 78//331 75//331 81//331 
f 239//332 243//332 242//332 
f 223//333 243//333 239//333 
f 81//334 73//334 223//334 
f 75//335 73//335 81//335 
f 73//336 245//336 223//336 
f 223//337 245//337 243//337 
f 247//338 251//338 249//338 
f 67//339 65//339 69//339 
f 69//340 65//340 71//340 
f 71//341 65//341 73//341 
f 247//342 1//342 251//342 
f 245//343 1//343 247//343 
f 1//344 8//344 2//344 
f 2//345 8//345 5//345 
f 65//346 57//346 73//346 
f 60//347 57//347 61//347 
f 61//348 57//348 63//348 
f 63//349 57//349 65//349 
f 1//350 9//350 8//350 
f 245//351 9//351 1//351 
f 55//352 53//352 57//352 
f 57//353 51//353 73//353 
f 53//354 51//354 57//354 
f 9//355 15//355 12//355 
f 12//356 15//356 13//356 
f 245//357 15//357 9//357 
f 49//358 47//358 51//358 
f 47//359 45//359 51//359 
f 18//360 21//360 19//360 
f 45//361 43//361 51//361 
f 15//362 23//362 18//362 
f 18//363 23//363 21//363 
f 245//364 26//364 15//364 
f 15//365 26//365 23//365 
f 73//366 40//366 245//366 
f 41//367 40//367 43//367 
f 51//368 40//368 73//368 
f 43//369 40//369 51//369 
f 37//370 35//370 40//370 
f 26//371 31//371 27//371 
f 27//372 31//372 29//372 
f 245//373 31//373 26//373 
f 40//374 34//374 245//374 
f 35//375 34//375 40//375 
f 245//376 34//376 31//376 
f 154//377 155//377 158//377 
f 154//378 158//378 160//378 
f 168//379 164//379 166//379 
f 150//380 154//380 160//380 
f 150//381 152//381 154//381 
f 150//382 160//382 161//382 
f 150//383 161//383 164//383 
f 172//384 168//384 169//384 
f 146//385 147//385 150//385 
f 144//386 146//386 150//386 
f 176//387 168//387 172//387 
f 176//388 172//388 174//388 
f 180//389 176//389 178//389 
f 137//390 164//390 168//390 
f 137//391 150//391 164//391 
f 137//392 144//392 150//392 
f 137//393 140//393 141//393 
f 137//394 141//394 144//394 
f 182//395 176//395 180//395 
f 184//396 176//396 182//396 
f 133//397 135//397 137//397 
f 188//398 184//398 185//398 
f 129//399 132//399 133//399 
f 190//400 168//400 176//400 
f 190//401 176//401 184//401 
f 190//402 184//402 188//402 
f 126//403 127//403 129//403 
f 194//404 190//404 192//404 
f 122//405 124//405 126//405 
f 122//406 126//406 129//406 
f 198//407 194//407 196//407 
f 198//408 190//408 194//408 
f 200//409 190//409 198//409 
f 116//410 117//410 120//410 
f 114//411 122//411 129//411 
f 114//412 116//412 120//412 
f 114//413 120//413 122//413 
f 114//414 129//414 133//414 
f 110//415 190//415 200//415 
f 110//416 114//416 133//416 
f 110//417 111//417 114//417 
f 110//418 137//418 168//418 
f 110//419 133//419 137//419 
f 110//420 168//420 190//420 
f 211//421 208//421 210//421 
f 214//422 208//422 211//422 
f 103//423 106//423 107//423 
f 216//424 206//424 208//424 
f 216//425 208//425 214//425 
f 100//426 103//426 107//426 
f 100//427 102//427 103//427 
f 220//428 202//428 204//428 
f 220//429 204//429 206//429 
f 220//430 216//430 218//430 
f 220//431 206//431 216//431 
f 220//432 200//432 202//432 
f 95//433 100//433 107//433 
f 95//434 98//434 100//434 
f 95//435 107//435 110//435 
f 224//436 220//436 222//436 
f 92//437 95//437 110//437 
f 92//438 94//438 95//438 
f 230//439 224//439 226//439 
f 230//440 226//440 228//440 
f 86//441 88//441 90//441 
f 86//442 90//442 92//442 
f 236//443 232//443 234//443 
f 82//444 110//444 200//444 
f 82//445 220//445 224//445 
f 82//446 84//446 86//446 
f 82//447 92//447 110//447 
f 82//448 200//448 220//448 
f 82//449 86//449 92//449 
f 238//450 230//450 232//450 
f 238//451 232//451 236//451 
f 240//452 224//452 230//452 
f 240//453 230//453 238//453 
f 77//454 79//454 82//454 
f 76//455 77//455 82//455 
f 244//456 240//456 241//456 
f 244//457 224//457 240//457 
f 74//458 82//458 224//458 
f 74//459 76//459 82//459 
f 246//460 74//460 224//460 
f 246//461 224//461 244//461 
f 252//462 248//462 250//462 
f 66//463 68//463 70//463 
f 66//464 70//464 72//464 
f 66//465 72//465 74//465 
f 3//466 248//466 252//466 
f 3//467 246//467 248//467 
f 7//468 3//468 4//468 
f 7//469 4//469 6//469 
f 58//470 66//470 74//470 
f 58//471 59//471 62//471 
f 58//472 62//472 64//472 
f 58//473 64//473 66//473 
f 10//474 3//474 7//474 
f 10//475 246//475 3//475 
f 54//476 56//476 58//476 
f 52//477 58//477 74//477 
f 52//478 54//478 58//478 
f 16//479 10//479 11//479 
f 16//480 11//480 14//480 
f 16//481 246//481 10//481 
f 48//482 50//482 52//482 
f 46//483 48//483 52//483 
f 22//484 17//484 20//484 
f 44//485 46//485 52//485 
f 24//486 16//486 17//486 
f 24//487 17//487 22//487 
f 25//488 246//488 16//488 
f 25//489 16//489 24//489 
f 39//490 74//490 246//490 
f 39//491 42//491 44//491 
f 39//492 52//492 74//492 
f 39//493 44//493 52//493 
f 36//494 38//494 39//494 
f 32//495 25//495 28//495 
f 32//496 28//496 30//496 
f 32//497 246//497 25//497 
f 33//498 39//498 246//498 
f 33//499 36//499 39//499 
f 33//500 246//500 32//500 
f 253//501 254//501 255//501 
f 255//502 254//502 256//502 
f 256//503 257//503 258//503 
f 258//504 257//504 259//504 
f 254//505 257//505 256//505 
f 257//506 260//506 259//506 
f 259//507 261//507 262//507 
f 262//508 261//508 263//508 
f 260//509 261//509 259//509 
f 261//510 264//510 263//510 
f 263//511 265//511 266//511 
f 264//512 265//512 263//512 
f 266//513 267//513 268//513 
f 268//514 267//514 269//514 
f 265//515 267//515 266//515 
f 267//516 270//516 269//516 
f 269//517 271//517 272//517 
f 270//518 271//518 269//518 
f 272//519 273//519 274//519 
f 271//520 273//520 272//520 
f 273//521 275//521 274//521 
f 274//522 275//522 276//522 
f 276//523 275//523 277//523 
f 275//524 278//524 277//524 
f 278//525 279//525 277//525 
f 277//526 279//526 280//526 
f 279//527 281//527 280//527 
f 280//528 281//528 282//528 
f 282//529 283//529 284//529 
f 284//530 283//530 285//530 
f 281//531 283//531 282//531 
f 283//532 286//532 285//532 
f 285//533 287//533 288//533 
f 286//534 287//534 285//534 
f 288//535 289//535 290//535 
f 290//536 289//536 291//536 
f 287//537 289//537 288//537 
f 289//538 292//538 291//538 
f 291//539 293//539 294//539 
f 292//540 293//540 291//540 
f 294//541 295//541 296//541 
f 293//542 295//542 294//542 
f 296//543 297//543 298//543 
f 295//544 297//544 296//544 
f 298//545 299//545 300//545 
f 297//546 299//546 298//546 
f 300//547 301//547 302//547 
f 299//548 301//548 300//548 
f 302//549 303//549 304//549 
f 301//550 303//550 302//550 
f 304//551 305//551 306//551 
f 303//552 305//552 304//552 
f 306//553 307//553 308//553 
f 305//554 307//554 306//554 
f 308//555 309//555 310//555 
f 310//556 309//556 311//556 
f 307//557 309//557 308//557 
f 309//558 312//558 311//558 
f 311//559 313//559 314//559 
f 312//560 313//560 311//560 
f 314//561 315//561 316//561 
f 313//562 315//562 314//562 
f 316//563 317//563 318//563 
f 315//564 317//564 316//564 
f 318//565 319//565 320//565 
f 317//566 319//566 318//566 
f 320//567 321//567 322//567 
f 319//568 321//568 320//568 
f 322//569 323//569 324//569 
f 321//570 323//570 322//570 
f 324//571 325//571 326//571 
f 323//572 325//572 324//572 
f 326//573 327//573 328//573 
f 328//574 327//574 329//574 
f 325//575 327//575 326//575 
f 327//576 330//576 329//576 
f 329//577 330//577 331//577 
f 330//578 332//578 331//578 
f 332//579 333//579 331//579 
f 331//580 333//580 334//580 
f 333//581 335//581 334//581 
f 334//582 335//582 336//582 
f 335//583 337//583 336//583 
f 336//584 337//584 338//584 
f 337//585 339//585 338//585 
f 338//586 339//586 340//586 
f 339//587 341//587 340//587 
f 340//588 341//588 342//588 
f 341//589 343//589 342//589 
f 342//590 343//590 344//590 
f 343//591 345//591 344//591 
f 344//592 345//592 346//592 
f 346//593 345//593 347//593 
f 345//594 348//594 347//594 
f 347//595 349//595 350//595 
f 348//596 349//596 347//596 
f 350//597 351//597 352//597 
f 349//598 351//598 350//598 
f 352//599 353//599 354//599 
f 354//600 353//600 355//600 
f 351//601 353//601 352//601 
f 353//602 356//602 355//602 
f 355//603 357//603 358//603 
f 358//604 357//604 359//604 
f 356//605 357//605 355//605 
f 357//606 360//606 359//606 
f 359//607 361//607 362//607 
f 362//608 361//608 363//608 
f 360//609 361//609 359//609 
f 361//610 364//610 363//610 
f 363//611 365//611 366//611 
f 364//612 365//612 363//612 
f 366//613 367//613 368//613 
f 368//614 367//614 369//614 
f 365//615 367//615 366//615 
f 367//616 370//616 369//616 
f 369//617 371//617 372//617 
f 370//618 371//618 369//618 
f 372//619 373//619 374//619 
f 371//620 373//620 372//620 
f 374//621 375//621 376//621 
f 373//622 375//622 374//622 
f 375//623 377//623 376//623 
f 376//624 377//624 378//624 
f 378//625 377//625 379//625 
f 377//626 380//626 379//626 
f 379//627 380//627 381//627 
f 380//628 382//628 381//628 
f 382//629 383//629 381//629 
f 381//630 383//630 384//630 
f 384//631 383//631 385//631 
f 383//632 386//632 385//632 
f 385//633 386//633 387//633 
f 386//634 388//634 387//634 
f 387//635 388//635 389//635 
f 388//636 390//636 389//636 
f 390//637 391//637 389//637 
f 389//638 391//638 392//638 
f 392//639 391//639 393//639 
f 391//640 394//640 393//640 
f 394//641 395//641 393//641 
f 393//642 395//642 396//642 
f 395//643 397//643 396//643 
f 396//644 397//644 398//644 
f 398//645 397//645 399//645 
f 397//646 400//646 399//646 
f 400//647 401//647 399//647 
f 399//648 401//648 402//648 
f 401//649 403//649 402//649 
f 402//650 403//650 404//650 
f 403//651 405//651 404//651 
f 404//652 405//652 406//652 
f 406//653 405//653 407//653 
f 405//654 408//654 407//654 
f 408//655 409//655 407//655 
f 407//656 409//656 410//656 
f 409//657 411//657 410//657 
f 410//658 411//658 412//658 
f 412//659 411//659 413//659 
f 411//660 414//660 413//660 
f 414//661 415//661 413//661 
f 413//662 415//662 416//662 
f 415//663 417//663 416//663 
f 416//664 417//664 418//664 
f 418//665 419//665 420//665 
f 417//666 419//666 418//666 
f 420//667 419//667 421//667 
f 419//668 422//668 421//668 
f 421//669 423//669 424//669 
f 422//670 423//670 421//670 
f 424//671 425//671 426//671 
f 423//672 425//672 424//672 
f 426//673 427//673 428//673 
f 425//674 427//674 426//674 
f 427//675 429//675 428//675 
f 428//676 429//676 430//676 
f 429//677 431//677 430//677 
f 430//678 431//678 432//678 
f 431//679 433//679 432//679 
f 432//680 433//680 434//680 
f 433//681 435//681 434//681 
f 434//682 435//682 436//682 
f 436//683 435//683 437//683 
f 435//684 438//684 437//684 
f 438//685 439//685 437//685 
f 437//686 439//686 440//686 
f 439//687 441//687 440//687 
f 440//688 441//688 442//688 
f 441//689 443//689 442//689 
f 442//690 443//690 444//690 
f 443//691 445//691 444//691 
f 444//692 445//692 446//692 
f 445//693 447//693 446//693 
f 446//694 447//694 448//694 
f 447//695 449//695 448//695 
f 448//696 449//696 450//696 
f 449//697 451//697 450//697 
f 450//698 451//698 452//698 
f 452//699 453//699 454//699 
f 451//700 453//700 452//700 
f 454//701 455//701 456//701 
f 453//702 455//702 454//702 
f 456//703 457//703 458//703 
f 455//704 457//704 456//704 
f 458//705 459//705 460//705 
f 457//706 459//706 458//706 
f 460//707 461//707 462//707 
f 462//708 461//708 463//708 
f 459//709 461//709 460//709 
f 461//710 464//710 463//710 
f 463//711 465//711 466//711 
f 464//712 465//712 463//712 
f 466//713 467//713 468//713 
f 465//714 467//714 466//714 
f 468//715 469//715 470//715 
f 467//716 469//716 468//716 
f 470//717 471//717 472//717 
f 469//718 471//718 470//718 
f 472//719 473//719 474//719 
f 471//720 473//720 472//720 
f 474//721 475//721 476//721 
f 473//722 475//722 474//722 
f 475//723 477//723 476//723 
f 476//724 477//724 478//724 
f 477//725 479//725 478//725 
f 478//726 479//726 480//726 
f 479//727 481//727 480//727 
f 480//728 481//728 482//728 
f 481//729 483//729 482//729 
f 482//730 483//730 484//730 
f 483//731 485//731 484//731 
f 484//732 485//732 486//732 
f 486//733 487//733 488//733 
f 485//734 487//734 486//734 
f 488//735 489//735 490//735 
f 487//736 489//736 488//736 
f 490//737 491//737 492//737 
f 492//738 491//738 493//738 
f 489//739 491//739 490//739 
f 491//740 494//740 493//740 
f 493//741 495//741 496//741 
f 494//742 495//742 493//742 
f 496//743 497//743 498//743 
f 495//744 497//744 496//744 
f 498//745 499//745 500//745 
f 497//746 499//746 498//746 
f 500//747 501//747 502//747 
f 499//748 501//748 500//748 
f 502//749 503//749 504//749 
f 504//750 503//750 255//750 
f 501//751 503//751 502//751 
f 503//752 253//752 255//752 
f 408//753 405//753 409//753 
f 409//754 405//754 411//754 
f 415//755 419//755 417//755 
f 405//756 401//756 411//756 
f 403//757 401//757 405//757 
f 411//758 401//758 414//758 
f 414//759 401//759 415//759 
f 419//760 423//760 422//760 
f 400//761 397//761 401//761 
f 397//762 395//762 401//762 
f 419//763 427//763 423//763 
f 423//764 427//764 425//764 
f 427//765 431//765 429//765 
f 415//766 390//766 419//766 
f 401//767 390//767 415//767 
f 395//768 390//768 401//768 
f 391//769 390//769 394//769 
f 394//770 390//770 395//770 
f 427//771 433//771 431//771 
f 427//772 435//772 433//772 
f 388//773 386//773 390//773 
f 435//774 439//774 438//774 
f 383//775 382//775 386//775 
f 419//776 441//776 427//776 
f 427//777 441//777 435//777 
f 435//778 441//778 439//778 
f 380//779 377//779 382//779 
f 441//780 445//780 443//780 
f 375//781 373//781 377//781 
f 377//782 373//782 382//782 
f 445//783 449//783 447//783 
f 441//784 449//784 445//784 
f 441//785 451//785 449//785 
f 370//786 367//786 371//786 
f 373//787 365//787 382//787 
f 367//788 365//788 371//788 
f 371//789 365//789 373//789 
f 382//790 365//790 386//790 
f 441//791 361//791 451//791 
f 365//792 361//792 386//792 
f 364//793 361//793 365//793 
f 390//794 361//794 419//794 
f 386//795 361//795 390//795 
f 419//796 361//796 441//796 
f 459//797 464//797 461//797 
f 459//798 465//798 464//798 
f 357//799 356//799 360//799 
f 457//800 467//800 459//800 
f 459//801 467//801 465//801 
f 356//802 351//802 360//802 
f 353//803 351//803 356//803 
f 453//804 471//804 455//804 
f 455//805 471//805 457//805 
f 467//806 471//806 469//806 
f 457//807 471//807 467//807 
f 451//808 471//808 453//808 
f 351//809 348//809 360//809 
f 349//810 348//810 351//810 
f 360//811 348//811 361//811 
f 471//812 475//812 473//812 
f 348//813 343//813 361//813 
f 345//814 343//814 348//814 
f 475//815 481//815 477//815 
f 477//816 481//816 479//816 
f 339//817 337//817 341//817 
f 341//818 337//818 343//818 
f 483//819 487//819 485//819 
f 361//820 333//820 451//820 
f 471//821 333//821 475//821 
f 335//822 333//822 337//822 
f 343//823 333//823 361//823 
f 451//824 333//824 471//824 
f 337//825 333//825 343//825 
f 481//826 489//826 483//826 
f 483//827 489//827 487//827 
f 475//828 491//828 481//828 
f 481//829 491//829 489//829 
f 332//830 330//830 333//830 
f 330//831 327//831 333//831 
f 491//832 495//832 494//832 
f 475//833 495//833 491//833 
f 333//834 325//834 475//834 
f 327//835 325//835 333//835 
f 325//836 497//836 475//836 
f 475//837 497//837 495//837 
f 499//838 503//838 501//838 
f 319//839 317//839 321//839 
f 321//840 317//840 323//840 
f 323//841 317//841 325//841 
f 499//842 253//842 503//842 
f 497//843 253//843 499//843 
f 253//844 260//844 254//844 
f 254//845 260//845 257//845 
f 317//846 309//846 325//846 
f 312//847 309//847 313//847 
f 313//848 309//848 315//848 
f 315//849 309//849 317//849 
f 253//850 261//850 260//850 
f 497//851 261//851 253//851 
f 307//852 305//852 309//852 
f 309//853 303//853 325//853 
f 305//854 303//854 309//854 
f 261//855 267//855 264//855 
f 264//856 267//856 265//856 
f 497//857 267//857 261//857 
f 301//858 299//858 303//858 
f 299//859 297//859 303//859 
f 270//860 273//860 271//860 
f 297//861 295//861 303//861 
f 267//862 275//862 270//862 
f 270//863 275//863 273//863 
f 497//864 278//864 267//864 
f 267//865 278//865 275//865 
f 325//866 292//866 497//866 
f 293//867 292//867 295//867 
f 303//868 292//868 325//868 
f 295//869 292//869 303//869 
f 289//870 287//870 292//870 
f 278//871 283//871 279//871 
f 279//872 283//872 281//872 
f 497//873 283//873 278//873 
f 292//874 286//874 497//874 
f 287//875 286//875 292//875 
f 497//876 286//876 283//876 
f 406//877 407//877 410//877 
f 406//878 410//878 412//878 
f 420//879 416//879 418//879 
f 402//880 406//880 412//880 
f 402//881 404//881 406//881 
f 402//882 412//882 413//882 
f 402//883 413//883 416//883 
f 424//884 420//884 421//884 
f 398//885 399//885 402//885 
f 396//886 398//886 402//886 
f 428//887 420//887 424//887 
f 428//888 424//888 426//888 
f 432//889 428//889 430//889 
f 389//890 416//890 420//890 
f 389//891 402//891 416//891 
f 389//892 396//892 402//892 
f 389//893 392//893 393//893 
f 389//894 393//894 396//894 
f 434//895 428//895 432//895 
f 436//896 428//896 434//896 
f 385//897 387//897 389//897 
f 440//898 436//898 437//898 
f 381//899 384//899 385//899 
f 442//900 420//900 428//900 
f 442//901 428//901 436//901 
f 442//902 436//902 440//902 
f 378//903 379//903 381//903 
f 446//904 442//904 444//904 
f 374//905 376//905 378//905 
f 374//906 378//906 381//906 
f 450//907 446//907 448//907 
f 450//908 442//908 446//908 
f 452//909 442//909 450//909 
f 368//910 369//910 372//910 
f 366//911 374//911 381//911 
f 366//912 368//912 372//912 
f 366//913 372//913 374//913 
f 366//914 381//914 385//914 
f 362//915 442//915 452//915 
f 362//916 366//916 385//916 
f 362//917 363//917 366//917 
f 362//918 389//918 420//918 
f 362//919 385//919 389//919 
f 362//920 420//920 442//920 
f 463//921 460//921 462//921 
f 466//922 460//922 463//922 
f 355//923 358//923 359//923 
f 468//924 458//924 460//924 
f 468//925 460//925 466//925 
f 352//926 355//926 359//926 
f 352//927 354//927 355//927 
f 472//928 454//928 456//928 
f 472//929 456//929 458//929 
f 472//930 468//930 470//930 
f 472//931 458//931 468//931 
f 472//932 452//932 454//932 
f 347//933 352//933 359//933 
f 347//934 350//934 352//934 
f 347//935 359//935 362//935 
f 476//936 472//936 474//936 
f 344//937 347//937 362//937 
f 344//938 346//938 347//938 
f 482//939 476//939 478//939 
f 482//940 478//940 480//940 
f 338//941 340//941 342//941 
f 338//942 342//942 344//942 
f 488//943 484//943 486//943 
f 334//944 362//944 452//944 
f 334//945 472//945 476//945 
f 334//946 336//946 338//946 
f 334//947 344//947 362//947 
f 334//948 452//948 472//948 
f 334//949 338//949 344//949 
f 490//950 482//950 484//950 
f 490//951 484//951 488//951 
f 492//952 476//952 482//952 
f 492//953 482//953 490//953 
f 329//954 331//954 334//954 
f 328//955 329//955 334//955 
f 496//956 492//956 493//956 
f 496//957 476//957 492//957 
f 326//958 334//958 476//958 
f 326//959 328//959 334//959 
f 498//960 326//960 476//960 
f 498//961 476//961 496//961 
f 504//962 500//962 502//962 
f 318//963 320//963 322//963 
f 318//964 322//964 324//964 
f 318//965 324//965 326//965 
f 255//966 500//966 504//966 
f 255//967 498//967 500//967 
f 259//968 255//968 256//968 
f 259//969 256//969 258//969 
f 310//970 318//970 326//970 
f 310//971 311//971 314//971 
f 310//972 314//972 316//972 
f 310//973 316//973 318//973 
f 262//974 255//974 259//974 
f 262//975 498//975 255//975 
f 306//976 308//976 310//976 
f 304//977 310//977 326//977 
f 304//978 306//978 310//978 
f 268//979 262//979 263//979 
f 268//980 263//980 266//980 
f 268//981 498//981 262//981 
f 300//982 302//982 304//982 
f 298//983 300//983 304//983 
f 274//984 269//984 272//984 
f 296//985 298//985 304//985 
f 276//986 268//986 269//986 
f 276//987 269//987 274//987 
f 277//988 498//988 268//988 
f 277//989 268//989 276//989 
f 291//990 326//990 498//990 
f 291//991 294//991 296//991 
f 291//992 304//992 326//992 
f 291//993 296//993 304//993 
f 288//994 290//994 291//994 
f 284//995 277//995 280//995 
f 284//996 280//996 282//996 
f 284//997 498//997 277//997 
f 285//998 291//998 498//998 
f 285//999 288//999 291//999 
f 285//1000 498//1000 284//1000 
f 505//1001 506//1001 507//1001 
f 507//1002 506//1002 508//1002 
f 508//1003 509//1003 510//1003 
f 510//1004 509//1004 511//1004 
f 506//1005 509//1005 508//1005 
f 509//1006 512//1006 511//1006 
f 511//1007 513//1007 514//1007 
f 514//1008 513//1008 515//1008 
f 512//1009 513//1009 511//1009 
f 513//1010 516//1010 515//1010 
f 515//1011 517//1011 518//1011 
f 516//1012 517//1012 515//1012 
f 518//1013 519//1013 520//1013 
f 520//1014 519//1014 521//1014 
f 517//1015 519//1015 518//1015 
f 519//1016 522//1016 521//1016 
f 521//1017 523//1017 524//1017 
f 522//1018 523//1018 521//1018 
f 524//1019 525//1019 526//1019 
f 523//1020 525//1020 524//1020 
f 525//1021 527//1021 526//1021 
f 526//1022 527//1022 528//1022 
f 528//1023 527//1023 529//1023 
f 527//1024 530//1024 529//1024 
f 530//1025 531//1025 529//1025 
f 529//1026 531//1026 532//1026 
f 531//1027 533//1027 532//1027 
f 532//1028 533//1028 534//1028 
f 534//1029 535//1029 536//1029 
f 536//1030 535//1030 537//1030 
f 533//1031 535//1031 534//1031 
f 535//1032 538//1032 537//1032 
f 537//1033 539//1033 540//1033 
f 538//1034 539//1034 537//1034 
f 540//1035 541//1035 542//1035 
f 542//1036 541//1036 543//1036 
f 539//1037 541//1037 540//1037 
f 541//1038 544//1038 543//1038 
f 543//1039 545//1039 546//1039 
f 544//1040 545//1040 543//1040 
f 546//1041 547//1041 548//1041 
f 545//1042 547//1042 546//1042 
f 548//1043 549//1043 550//1043 
f 547//1044 549//1044 548//1044 
f 550//1045 551//1045 552//1045 
f 549//1046 551//1046 550//1046 
f 552//1047 553//1047 554//1047 
f 551//1048 553//1048 552//1048 
f 554//1049 555//1049 556//1049 
f 553//1050 555//1050 554//1050 
f 556//1051 557//1051 558//1051 
f 555//1052 557//1052 556//1052 
f 558//1053 559//1053 560//1053 
f 557//1054 559//1054 558//1054 
f 560//1055 561//1055 562//1055 
f 562//1056 561//1056 563//1056 
f 559//1057 561//1057 560//1057 
f 561//1058 564//1058 563//1058 
f 563//1059 565//1059 566//1059 
f 564//1060 565//1060 563//1060 
f 566//1061 567//1061 568//1061 
f 565//1062 567//1062 566//1062 
f 568//1063 569//1063 570//1063 
f 567//1064 569//1064 568//1064 
f 570//1065 571//1065 572//1065 
f 569//1066 571//1066 570//1066 
f 572//1067 573//1067 574//1067 
f 571//1068 573//1068 572//1068 
f 574//1069 575//1069 576//1069 
f 573//1070 575//1070 574//1070 
f 576//1071 577//1071 578//1071 
f 575//1072 577//1072 576//1072 
f 578//1073 579//1073 580//1073 
f 580//1074 579//1074 581//1074 
f 577//1075 579//1075 578//1075 
f 579//1076 582//1076 581//1076 
f 581//1077 582//1077 583//1077 
f 582//1078 584//1078 583//1078 
f 584//1079 585//1079 583//1079 
f 583//1080 585//1080 586//1080 
f 585//1081 587//1081 586//1081 
f 586//1082 587//1082 588//1082 
f 587//1083 589//1083 588//1083 
f 588//1084 589//1084 590//1084 
f 589//1085 591//1085 590//1085 
f 590//1086 591//1086 592//1086 
f 591//1087 593//1087 592//1087 
f 592//1088 593//1088 594//1088 
f 593//1089 595//1089 594//1089 
f 594//1090 595//1090 596//1090 
f 595//1091 597//1091 596//1091 
f 596//1092 597//1092 598//1092 
f 598//1093 597//1093 599//1093 
f 597//1094 600//1094 599//1094 
f 599//1095 601//1095 602//1095 
f 600//1096 601//1096 599//1096 
f 602//1097 603//1097 604//1097 
f 601//1098 603//1098 602//1098 
f 604//1099 605//1099 606//1099 
f 606//1100 605//1100 607//1100 
f 603//1101 605//1101 604//1101 
f 605//1102 608//1102 607//1102 
f 607//1103 609//1103 610//1103 
f 610//1104 609//1104 611//1104 
f 608//1105 609//1105 607//1105 
f 609//1106 612//1106 611//1106 
f 611//1107 613//1107 614//1107 
f 614//1108 613//1108 615//1108 
f 612//1109 613//1109 611//1109 
f 613//1110 616//1110 615//1110 
f 615//1111 617//1111 618//1111 
f 616//1112 617//1112 615//1112 
f 618//1113 619//1113 620//1113 
f 620//1114 619//1114 621//1114 
f 617//1115 619//1115 618//1115 
f 619//1116 622//1116 621//1116 
f 621//1117 623//1117 624//1117 
f 622//1118 623//1118 621//1118 
f 624//1119 625//1119 626//1119 
f 623//1120 625//1120 624//1120 
f 626//1121 627//1121 628//1121 
f 625//1122 627//1122 626//1122 
f 627//1123 629//1123 628//1123 
f 628//1124 629//1124 630//1124 
f 630//1125 629//1125 631//1125 
f 629//1126 632//1126 631//1126 
f 631//1127 632//1127 633//1127 
f 632//1128 634//1128 633//1128 
f 634//1129 635//1129 633//1129 
f 633//1130 635//1130 636//1130 
f 636//1131 635//1131 637//1131 
f 635//1132 638//1132 637//1132 
f 637//1133 638//1133 639//1133 
f 638//1134 640//1134 639//1134 
f 639//1135 640//1135 641//1135 
f 640//1136 642//1136 641//1136 
f 642//1137 643//1137 641//1137 
f 641//1138 643//1138 644//1138 
f 644//1139 643//1139 645//1139 
f 643//1140 646//1140 645//1140 
f 646//1141 647//1141 645//1141 
f 645//1142 647//1142 648//1142 
f 647//1143 649//1143 648//1143 
f 648//1144 649//1144 650//1144 
f 650//1145 649//1145 651//1145 
f 649//1146 652//1146 651//1146 
f 652//1147 653//1147 651//1147 
f 651//1148 653//1148 654//1148 
f 653//1149 655//1149 654//1149 
f 654//1150 655//1150 656//1150 
f 655//1151 657//1151 656//1151 
f 656//1152 657//1152 658//1152 
f 658//1153 657//1153 659//1153 
f 657//1154 660//1154 659//1154 
f 660//1155 661//1155 659//1155 
f 659//1156 661//1156 662//1156 
f 661//1157 663//1157 662//1157 
f 662//1158 663//1158 664//1158 
f 664//1159 663//1159 665//1159 
f 663//1160 666//1160 665//1160 
f 666//1161 667//1161 665//1161 
f 665//1162 667//1162 668//1162 
f 667//1163 669//1163 668//1163 
f 668//1164 669//1164 670//1164 
f 670//1165 671//1165 672//1165 
f 669//1166 671//1166 670//1166 
f 672//1167 671//1167 673//1167 
f 671//1168 674//1168 673//1168 
f 673//1169 675//1169 676//1169 
f 674//1170 675//1170 673//1170 
f 676//1171 677//1171 678//1171 
f 675//1172 677//1172 676//1172 
f 678//1173 679//1173 680//1173 
f 677//1174 679//1174 678//1174 
f 679//1175 681//1175 680//1175 
f 680//1176 681//1176 682//1176 
f 681//1177 683//1177 682//1177 
f 682//1178 683//1178 684//1178 
f 683//1179 685//1179 684//1179 
f 684//1180 685//1180 686//1180 
f 685//1181 687//1181 686//1181 
f 686//1182 687//1182 688//1182 
f 688//1183 687//1183 689//1183 
f 687//1184 690//1184 689//1184 
f 690//1185 691//1185 689//1185 
f 689//1186 691//1186 692//1186 
f 691//1187 693//1187 692//1187 
f 692//1188 693//1188 694//1188 
f 693//1189 695//1189 694//1189 
f 694//1190 695//1190 696//1190 
f 695//1191 697//1191 696//1191 
f 696//1192 697//1192 698//1192 
f 697//1193 699//1193 698//1193 
f 698//1194 699//1194 700//1194 
f 699//1195 701//1195 700//1195 
f 700//1196 701//1196 702//1196 
f 701//1197 703//1197 702//1197 
f 702//1198 703//1198 704//1198 
f 704//1199 705//1199 706//1199 
f 703//1200 705//1200 704//1200 
f 706//1201 707//1201 708//1201 
f 705//1202 707//1202 706//1202 
f 708//1203 709//1203 710//1203 
f 707//1204 709//1204 708//1204 
f 710//1205 711//1205 712//1205 
f 709//1206 711//1206 710//1206 
f 712//1207 713//1207 714//1207 
f 714//1208 713//1208 715//1208 
f 711//1209 713//1209 712//1209 
f 713//1210 716//1210 715//1210 
f 715//1211 717//1211 718//1211 
f 716//1212 717//1212 715//1212 
f 718//1213 719//1213 720//1213 
f 717//1214 719//1214 718//1214 
f 720//1215 721//1215 722//1215 
f 719//1216 721//1216 720//1216 
f 722//1217 723//1217 724//1217 
f 721//1218 723//1218 722//1218 
f 724//1219 725//1219 726//1219 
f 723//1220 725//1220 724//1220 
f 726//1221 727//1221 728//1221 
f 725//1222 727//1222 726//1222 
f 727//1223 729//1223 728//1223 
f 728//1224 729//1224 730//1224 
f 729//1225 731//1225 730//1225 
f 730//1226 731//1226 732//1226 
f 731//1227 733//1227 732//1227 
f 732//1228 733//1228 734//1228 
f 733//1229 735//1229 734//1229 
f 734//1230 735//1230 736//1230 
f 735//1231 737//1231 736//1231 
f 736//1232 737//1232 738//1232 
f 738//1233 739//1233 740//1233 
f 737//1234 739//1234 738//1234 
f 740//1235 741//1235 742//1235 
f 739//1236 741//1236 740//1236 
f 742//1237 743//1237 744//1237 
f 744//1238 743//1238 745//1238 
f 741//1239 743//1239 742//1239 
f 743//1240 746//1240 745//1240 
f 745//1241 747//1241 748//1241 
f 746//1242 747//1242 745//1242 
f 748//1243 749//1243 750//1243 
f 747//1244 749//1244 748//1244 
f 750//1245 751//1245 752//1245 
f 749//1246 751//1246 750//1246 
f 752//1247 753//1247 754//1247 
f 751//1248 753//1248 752//1248 
f 754//1249 755//1249 756//1249 
f 756//1250 755//1250 507//1250 
f 753//1251 755//1251 754//1251 
f 755//1252 505//1252 507//1252 
f 660//1253 657//1253 661//1253 
f 661//1254 657//1254 663//1254 
f 667//1255 671//1255 669//1255 
f 657//1256 653//1256 663//1256 
f 655//1257 653//1257 657//1257 
f 663//1258 653//1258 666//1258 
f 666//1259 653//1259 667//1259 
f 671//1260 675//1260 674//1260 
f 652//1261 649//1261 653//1261 
f 649//1262 647//1262 653//1262 
f 671//1263 679//1263 675//1263 
f 675//1264 679//1264 677//1264 
f 679//1265 683//1265 681//1265 
f 667//1266 642//1266 671//1266 
f 653//1267 642//1267 667//1267 
f 647//1268 642//1268 653//1268 
f 643//1269 642//1269 646//1269 
f 646//1270 642//1270 647//1270 
f 679//1271 685//1271 683//1271 
f 679//1272 687//1272 685//1272 
f 640//1273 638//1273 642//1273 
f 687//1274 691//1274 690//1274 
f 635//1275 634//1275 638//1275 
f 671//1276 693//1276 679//1276 
f 679//1277 693//1277 687//1277 
f 687//1278 693//1278 691//1278 
f 632//1279 629//1279 634//1279 
f 693//1280 697//1280 695//1280 
f 627//1281 625//1281 629//1281 
f 629//1282 625//1282 634//1282 
f 697//1283 701//1283 699//1283 
f 693//1284 701//1284 697//1284 
f 693//1285 703//1285 701//1285 
f 622//1286 619//1286 623//1286 
f 625//1287 617//1287 634//1287 
f 619//1288 617//1288 623//1288 
f 623//1289 617//1289 625//1289 
f 634//1290 617//1290 638//1290 
f 693//1291 613//1291 703//1291 
f 617//1292 613//1292 638//1292 
f 616//1293 613//1293 617//1293 
f 642//1294 613//1294 671//1294 
f 638//1295 613//1295 642//1295 
f 671//1296 613//1296 693//1296 
f 711//1297 716//1297 713//1297 
f 711//1298 717//1298 716//1298 
f 609//1299 608//1299 612//1299 
f 709//1300 719//1300 711//1300 
f 711//1301 719//1301 717//1301 
f 608//1302 603//1302 612//1302 
f 605//1303 603//1303 608//1303 
f 705//1304 723//1304 707//1304 
f 707//1305 723//1305 709//1305 
f 719//1306 723//1306 721//1306 
f 709//1307 723//1307 719//1307 
f 703//1308 723//1308 705//1308 
f 603//1309 600//1309 612//1309 
f 601//1310 600//1310 603//1310 
f 612//1311 600//1311 613//1311 
f 723//1312 727//1312 725//1312 
f 600//1313 595//1313 613//1313 
f 597//1314 595//1314 600//1314 
f 727//1315 733//1315 729//1315 
f 729//1316 733//1316 731//1316 
f 591//1317 589//1317 593//1317 
f 593//1318 589//1318 595//1318 
f 735//1319 739//1319 737//1319 
f 613//1320 585//1320 703//1320 
f 723//1321 585//1321 727//1321 
f 587//1322 585//1322 589//1322 
f 595//1323 585//1323 613//1323 
f 703//1324 585//1324 723//1324 
f 589//1325 585//1325 595//1325 
f 733//1326 741//1326 735//1326 
f 735//1327 741//1327 739//1327 
f 727//1328 743//1328 733//1328 
f 733//1329 743//1329 741//1329 
f 584//1330 582//1330 585//1330 
f 582//1331 579//1331 585//1331 
f 743//1332 747//1332 746//1332 
f 727//1333 747//1333 743//1333 
f 585//1334 577//1334 727//1334 
f 579//1335 577//1335 585//1335 
f 577//1336 749//1336 727//1336 
f 727//1337 749//1337 747//1337 
f 751//1338 755//1338 753//1338 
f 571//1339 569//1339 573//1339 
f 573//1340 569//1340 575//1340 
f 575//1341 569//1341 577//1341 
f 751//1342 505//1342 755//1342 
f 749//1343 505//1343 751//1343 
f 505//1344 512//1344 506//1344 
f 506//1345 512//1345 509//1345 
f 569//1346 561//1346 577//1346 
f 564//1347 561//1347 565//1347 
f 565//1348 561//1348 567//1348 
f 567//1349 561//1349 569//1349 
f 505//1350 513//1350 512//1350 
f 749//1351 513//1351 505//1351 
f 559//1352 557//1352 561//1352 
f 561//1353 555//1353 577//1353 
f 557//1354 555//1354 561//1354 
f 513//1355 519//1355 516//1355 
f 516//1356 519//1356 517//1356 
f 749//1357 519//1357 513//1357 
f 553//1358 551//1358 555//1358 
f 551//1359 549//1359 555//1359 
f 522//1360 525//1360 523//1360 
f 549//1361 547//1361 555//1361 
f 519//1362 527//1362 522//1362 
f 522//1363 527//1363 525//1363 
f 749//1364 530//1364 519//1364 
f 519//1365 530//1365 527//1365 
f 577//1366 544//1366 749//1366 
f 545//1367 544//1367 547//1367 
f 555//1368 544//1368 577//1368 
f 547//1369 544//1369 555//1369 
f 541//1370 539//1370 544//1370 
f 530//1371 535//1371 531//1371 
f 531//1372 535//1372 533//1372 
f 749//1373 535//1373 530//1373 
f 544//1374 538//1374 749//1374 
f 539//1375 538//1375 544//1375 
f 749//1376 538//1376 535//1376 
f 658//1377 659//1377 662//1377 
f 658//1378 662//1378 664//1378 
f 672//1379 668//1379 670//1379 
f 654//1380 658//1380 664//1380 
f 654//1381 656//1381 658//1381 
f 654//1382 664//1382 665//1382 
f 654//1383 665//1383 668//1383 
f 676//1384 672//1384 673//1384 
f 650//1385 651//1385 654//1385 
f 648//1386 650//1386 654//1386 
f 680//1387 672//1387 676//1387 
f 680//1388 676//1388 678//1388 
f 684//1389 680//1389 682//1389 
f 641//1390 668//1390 672//1390 
f 641//1391 654//1391 668//1391 
f 641//1392 648//1392 654//1392 
f 641//1393 644//1393 645//1393 
f 641//1394 645//1394 648//1394 
f 686//1395 680//1395 684//1395 
f 688//1396 680//1396 686//1396 
f 637//1397 639//1397 641//1397 
f 692//1398 688//1398 689//1398 
f 633//1399 636//1399 637//1399 
f 694//1400 672//1400 680//1400 
f 694//1401 680//1401 688//1401 
f 694//1402 688//1402 692//1402 
f 630//1403 631//1403 633//1403 
f 698//1404 694//1404 696//1404 
f 626//1405 628//1405 630//1405 
f 626//1406 630//1406 633//1406 
f 702//1407 698//1407 700//1407 
f 702//1408 694//1408 698//1408 
f 704//1409 694//1409 702//1409 
f 620//1410 621//1410 624//1410 
f 618//1411 626//1411 633//1411 
f 618//1412 620//1412 624//1412 
f 618//1413 624//1413 626//1413 
f 618//1414 633//1414 637//1414 
f 614//1415 694//1415 704//1415 
f 614//1416 618//1416 637//1416 
f 614//1417 615//1417 618//1417 
f 614//1418 641//1418 672//1418 
f 614//1419 637//1419 641//1419 
f 614//1420 672//1420 694//1420 
f 715//1421 712//1421 714//1421 
f 718//1422 712//1422 715//1422 
f 607//1423 610//1423 611//1423 
f 720//1424 710//1424 712//1424 
f 720//1425 712//1425 718//1425 
f 604//1426 607//1426 611//1426 
f 604//1427 606//1427 607//1427 
f 724//1428 706//1428 708//1428 
f 724//1429 708//1429 710//1429 
f 724//1430 720//1430 722//1430 
f 724//1431 710//1431 720//1431 
f 724//1432 704//1432 706//1432 
f 599//1433 604//1433 611//1433 
f 599//1434 602//1434 604//1434 
f 599//1435 611//1435 614//1435 
f 728//1436 724//1436 726//1436 
f 596//1437 599//1437 614//1437 
f 596//1438 598//1438 599//1438 
f 734//1439 728//1439 730//1439 
f 734//1440 730//1440 732//1440 
f 590//1441 592//1441 594//1441 
f 590//1442 594//1442 596//1442 
f 740//1443 736//1443 738//1443 
f 586//1444 614//1444 704//1444 
f 586//1445 724//1445 728//1445 
f 586//1446 588//1446 590//1446 
f 586//1447 596//1447 614//1447 
f 586//1448 704//1448 724//1448 
f 586//1449 590//1449 596//1449 
f 742//1450 734//1450 736//1450 
f 742//1451 736//1451 740//1451 
f 744//1452 728//1452 734//1452 
f 744//1453 734//1453 742//1453 
f 581//1454 583//1454 586//1454 
f 580//1455 581//1455 586//1455 
f 748//1456 744//1456 745//1456 
f 748//1457 728//1457 744//1457 
f 578//1458 586//1458 728//1458 
f 578//1459 580//1459 586//1459 
f 750//1460 578//1460 728//1460 
f 750//1461 728//1461 748//1461 
f 756//1462 752//1462 754//1462 
f 570//1463 572//1463 574//1463 
f 570//1464 574//1464 576//1464 
f 570//1465 576//1465 578//1465 
f 507//1466 752//1466 756//1466 
f 507//1467 750//1467 752//1467 
f 511//1468 507//1468 508//1468 
f 511//1469 508//1469 510//1469 
f 562//1470 570//1470 578//1470 
f 562//1471 563//1471 566//1471 
f 562//1472 566//1472 568//1472 
f 562//1473 568//1473 570//1473 
f 514//1474 507//1474 511//1474 
f 514//1475 750//1475 507//1475 
f 558//1476 560//1476 562//1476 
f 556//1477 562//1477 578//1477 
f 556//1478 558//1478 562//1478 
f 520//1479 514//1479 515//1479 
f 520//1480 515//1480 518//1480 
f 520//1481 750//1481 514//1481 
f 552//1482 554//1482 556//1482 
f 550//1483 552//1483 556//1483 
f 526//1484 521//1484 524//1484 
f 548//1485 550//1485 556//1485 
f 528//1486 520//1486 521//1486 
f 528//1487 521//1487 526//1487 
f 529//1488 750//1488 520//1488 
f 529//1489 520//1489 528//1489 
f 543//1490 578//1490 750//1490 
f 543//1491 546//1491 548//1491 
f 543//1492 556//1492 578//1492 
f 543//1493 548//1493 556//1493 
f 540//1494 542//1494 543//1494 
f 536//1495 529//1495 532//1495 
f 536//1496 532//1496 534//1496 
f 536//1497 750//1497 529//1497 
f 537//1498 543//1498 750//1498 
f 537//1499 540//1499 543//1499 
f 537//1500 750//1500 536//1500 
f 757//1501 758//1501 759//1501 
f 759//1502 758//1502 760//1502 
f 760//1503 761//1503 762//1503 
f 762//1504 761//1504 763//1504 
f 758//1505 761//1505 760//1505 
f 761//1506 764//1506 763//1506 
f 763//1507 765//1507 766//1507 
f 766//1508 765//1508 767//1508 
f 764//1509 765//1509 763//1509 
f 765//1510 768//1510 767//1510 
f 767//1511 769//1511 770//1511 
f 768//1512 769//1512 767//1512 
f 770//1513 771//1513 772//1513 
f 772//1514 771//1514 773//1514 
f 769//1515 771//1515 770//1515 
f 771//1516 774//1516 773//1516 
f 773//1517 775//1517 776//1517 
f 774//1518 775//1518 773//1518 
f 776//1519 777//1519 778//1519 
f 775//1520 777//1520 776//1520 
f 777//1521 779//1521 778//1521 
f 778//1522 779//1522 780//1522 
f 780//1523 779//1523 781//1523 
f 779//1524 782//1524 781//1524 
f 782//1525 783//1525 781//1525 
f 781//1526 783//1526 784//1526 
f 783//1527 785//1527 784//1527 
f 784//1528 785//1528 786//1528 
f 786//1529 787//1529 788//1529 
f 788//1530 787//1530 789//1530 
f 785//1531 787//1531 786//1531 
f 787//1532 790//1532 789//1532 
f 789//1533 791//1533 792//1533 
f 790//1534 791//1534 789//1534 
f 792//1535 793//1535 794//1535 
f 794//1536 793//1536 795//1536 
f 791//1537 793//1537 792//1537 
f 793//1538 796//1538 795//1538 
f 795//1539 797//1539 798//1539 
f 796//1540 797//1540 795//1540 
f 798//1541 799//1541 800//1541 
f 797//1542 799//1542 798//1542 
f 800//1543 801//1543 802//1543 
f 799//1544 801//1544 800//1544 
f 802//1545 803//1545 804//1545 
f 801//1546 803//1546 802//1546 
f 804//1547 805//1547 806//1547 
f 803//1548 805//1548 804//1548 
f 806//1549 807//1549 808//1549 
f 805//1550 807//1550 806//1550 
f 808//1551 809//1551 810//1551 
f 807//1552 809//1552 808//1552 
f 810//1553 811//1553 812//1553 
f 809//1554 811//1554 810//1554 
f 812//1555 813//1555 814//1555 
f 814//1556 813//1556 815//1556 
f 811//1557 813//1557 812//1557 
f 813//1558 816//1558 815//1558 
f 815//1559 817//1559 818//1559 
f 816//1560 817//1560 815//1560 
f 818//1561 819//1561 820//1561 
f 817//1562 819//1562 818//1562 
f 820//1563 821//1563 822//1563 
f 819//1564 821//1564 820//1564 
f 822//1565 823//1565 824//1565 
f 821//1566 823//1566 822//1566 
f 824//1567 825//1567 826//1567 
f 823//1568 825//1568 824//1568 
f 826//1569 827//1569 828//1569 
f 825//1570 827//1570 826//1570 
f 828//1571 829//1571 830//1571 
f 827//1572 829//1572 828//1572 
f 830//1573 831//1573 832//1573 
f 832//1574 831//1574 833//1574 
f 829//1575 831//1575 830//1575 
f 831//1576 834//1576 833//1576 
f 833//1577 834//1577 835//1577 
f 834//1578 836//1578 835//1578 
f 836//1579 837//1579 835//1579 
f 835//1580 837//1580 838//1580 
f 837//1581 839//1581 838//1581 
f 838//1582 839//1582 840//1582 
f 839//1583 841//1583 840//1583 
f 840//1584 841//1584 842//1584 
f 841//1585 843//1585 842//1585 
f 842//1586 843//1586 844//1586 
f 843//1587 845//1587 844//1587 
f 844//1588 845//1588 846//1588 
f 845//1589 847//1589 846//1589 
f 846//1590 847//1590 848//1590 
f 847//1591 849//1591 848//1591 
f 848//1592 849//1592 850//1592 
f 850//1593 849//1593 851//1593 
f 849//1594 852//1594 851//1594 
f 851//1595 853//1595 854//1595 
f 852//1596 853//1596 851//1596 
f 854//1597 855//1597 856//1597 
f 853//1598 855//1598 854//1598 
f 856//1599 857//1599 858//1599 
f 858//1600 857//1600 859//1600 
f 855//1601 857//1601 856//1601 
f 857//1602 860//1602 859//1602 
f 859//1603 861//1603 862//1603 
f 862//1604 861//1604 863//1604 
f 860//1605 861//1605 859//1605 
f 861//1606 864//1606 863//1606 
f 863//1607 865//1607 866//1607 
f 866//1608 865//1608 867//1608 
f 864//1609 865//1609 863//1609 
f 865//1610 868//1610 867//1610 
f 867//1611 869//1611 870//1611 
f 868//1612 869//1612 867//1612 
f 870//1613 871//1613 872//1613 
f 872//1614 871//1614 873//1614 
f 869//1615 871//1615 870//1615 
f 871//1616 874//1616 873//1616 
f 873//1617 875//1617 876//1617 
f 874//1618 875//1618 873//1618 
f 876//1619 877//1619 878//1619 
f 875//1620 877//1620 876//1620 
f 878//1621 879//1621 880//1621 
f 877//1622 879//1622 878//1622 
f 879//1623 881//1623 880//1623 
f 880//1624 881//1624 882//1624 
f 882//1625 881//1625 883//1625 
f 881//1626 884//1626 883//1626 
f 883//1627 884//1627 885//1627 
f 884//1628 886//1628 885//1628 
f 886//1629 887//1629 885//1629 
f 885//1630 887//1630 888//1630 
f 888//1631 887//1631 889//1631 
f 887//1632 890//1632 889//1632 
f 889//1633 890//1633 891//1633 
f 890//1634 892//1634 891//1634 
f 891//1635 892//1635 893//1635 
f 892//1636 894//1636 893//1636 
f 894//1637 895//1637 893//1637 
f 893//1638 895//1638 896//1638 
f 896//1639 895//1639 897//1639 
f 895//1640 898//1640 897//1640 
f 898//1641 899//1641 897//1641 
f 897//1642 899//1642 900//1642 
f 899//1643 901//1643 900//1643 
f 900//1644 901//1644 902//1644 
f 902//1645 901//1645 903//1645 
f 901//1646 904//1646 903//1646 
f 904//1647 905//1647 903//1647 
f 903//1648 905//1648 906//1648 
f 905//1649 907//1649 906//1649 
f 906//1650 907//1650 908//1650 
f 907//1651 909//1651 908//1651 
f 908//1652 909//1652 910//1652 
f 910//1653 909//1653 911//1653 
f 909//1654 912//1654 911//1654 
f 912//1655 913//1655 911//1655 
f 911//1656 913//1656 914//1656 
f 913//1657 915//1657 914//1657 
f 914//1658 915//1658 916//1658 
f 916//1659 915//1659 917//1659 
f 915//1660 918//1660 917//1660 
f 918//1661 919//1661 917//1661 
f 917//1662 919//1662 920//1662 
f 919//1663 921//1663 920//1663 
f 920//1664 921//1664 922//1664 
f 922//1665 923//1665 924//1665 
f 921//1666 923//1666 922//1666 
f 924//1667 923//1667 925//1667 
f 923//1668 926//1668 925//1668 
f 925//1669 927//1669 928//1669 
f 926//1670 927//1670 925//1670 
f 928//1671 929//1671 930//1671 
f 927//1672 929//1672 928//1672 
f 930//1673 931//1673 932//1673 
f 929//1674 931//1674 930//1674 
f 931//1675 933//1675 932//1675 
f 932//1676 933//1676 934//1676 
f 933//1677 935//1677 934//1677 
f 934//1678 935//1678 936//1678 
f 935//1679 937//1679 936//1679 
f 936//1680 937//1680 938//1680 
f 937//1681 939//1681 938//1681 
f 938//1682 939//1682 940//1682 
f 940//1683 939//1683 941//1683 
f 939//1684 942//1684 941//1684 
f 942//1685 943//1685 941//1685 
f 941//1686 943//1686 944//1686 
f 943//1687 945//1687 944//1687 
f 944//1688 945//1688 946//1688 
f 945//1689 947//1689 946//1689 
f 946//1690 947//1690 948//1690 
f 947//1691 949//1691 948//1691 
f 948//1692 949//1692 950//1692 
f 949//1693 951//1693 950//1693 
f 950//1694 951//1694 952//1694 
f 951//1695 953//1695 952//1695 
f 952//1696 953//1696 954//1696 
f 953//1697 955//1697 954//1697 
f 954//1698 955//1698 956//1698 
f 956//1699 957//1699 958//1699 
f 955//1700 957//1700 956//1700 
f 958//1701 959//1701 960//1701 
f 957//1702 959//1702 958//1702 
f 960//1703 961//1703 962//1703 
f 959//1704 961//1704 960//1704 
f 962//1705 963//1705 964//1705 
f 961//1706 963//1706 962//1706 
f 964//1707 965//1707 966//1707 
f 966//1708 965//1708 967//1708 
f 963//1709 965//1709 964//1709 
f 965//1710 968//1710 967//1710 
f 967//1711 969//1711 970//1711 
f 968//1712 969//1712 967//1712 
f 970//1713 971//1713 972//1713 
f 969//1714 971//1714 970//1714 
f 972//1715 973//1715 974//1715 
f 971//1716 973//1716 972//1716 
f 974//1717 975//1717 976//1717 
f 973//1718 975//1718 974//1718 
f 976//1719 977//1719 978//1719 
f 975//1720 977//1720 976//1720 
f 978//1721 979//1721 980//1721 
f 977//1722 979//1722 978//1722 
f 979//1723 981//1723 980//1723 
f 980//1724 981//1724 982//1724 
f 981//1725 983//1725 982//1725 
f 982//1726 983//1726 984//1726 
f 983//1727 985//1727 984//1727 
f 984//1728 985//1728 986//1728 
f 985//1729 987//1729 986//1729 
f 986//1730 987//1730 988//1730 
f 987//1731 989//1731 988//1731 
f 988//1732 989//1732 990//1732 
f 990//1733 991//1733 992//1733 
f 989//1734 991//1734 990//1734 
f 992//1735 993//1735 994//1735 
f 991//1736 993//1736 992//1736 
f 994//1737 995//1737 996//1737 
f 996//1738 995//1738 997//1738 
f 993//1739 995//1739 994//1739 
f 995//1740 998//1740 997//1740 
f 997//1741 999//1741 1000//1741 
f 998//1742 999//1742 997//1742 
f 1000//1743 1001//1743 1002//1743 
f 999//1744 1001//1744 1000//1744 
f 1002//1745 1003//1745 1004//1745 
f 1001//1746 1003//1746 1002//1746 
f 1004//1747 1005//1747 1006//1747 
f 1003//1748 1005//1748 1004//1748 
f 1006//1749 1007//1749 1008//1749 
f 1008//1750 1007//1750 759//1750 
f 1005//1751 1007//1751 1006//1751 
f 1007//1752 757//1752 759//1752 
f 912//1753 909//1753 913//1753 
f 913//1754 909//1754 915//1754 
f 919//1755 923//1755 921//1755 
f 909//1756 905//1756 915//1756 
f 907//1757 905//1757 909//1757 
f 915//1758 905//1758 918//1758 
f 918//1759 905//1759 919//1759 
f 923//1760 927//1760 926//1760 
f 904//1761 901//1761 905//1761 
f 901//1762 899//1762 905//1762 
f 923//1763 931//1763 927//1763 
f 927//1764 931//1764 929//1764 
f 931//1765 935//1765 933//1765 
f 919//1766 894//1766 923//1766 
f 905//1767 894//1767 919//1767 
f 899//1768 894//1768 905//1768 
f 895//1769 894//1769 898//1769 
f 898//1770 894//1770 899//1770 
f 931//1771 937//1771 935//1771 
f 931//1772 939//1772 937//1772 
f 892//1773 890//1773 894//1773 
f 939//1774 943//1774 942//1774 
f 887//1775 886//1775 890//1775 
f 923//1776 945//1776 931//1776 
f 931//1777 945//1777 939//1777 
f 939//1778 945//1778 943//1778 
f 884//1779 881//1779 886//1779 
f 945//1780 949//1780 947//1780 
f 879//1781 877//1781 881//1781 
f 881//1782 877//1782 886//1782 
f 949//1783 953//1783 951//1783 
f 945//1784 953//1784 949//1784 
f 945//1785 955//1785 953//1785 
f 874//1786 871//1786 875//1786 
f 877//1787 869//1787 886//1787 
f 871//1788 869//1788 875//1788 
f 875//1789 869//1789 877//1789 
f 886//1790 869//1790 890//1790 
f 945//1791 865//1791 955//1791 
f 869//1792 865//1792 890//1792 
f 868//1793 865//1793 869//1793 
f 894//1794 865//1794 923//1794 
f 890//1795 865//1795 894//1795 
f 923//1796 865//1796 945//1796 
f 963//1797 968//1797 965//1797 
f 963//1798 969//1798 968//1798 
f 861//1799 860//1799 864//1799 
f 961//1800 971//1800 963//1800 
f 963//1801 971//1801 969//1801 
f 860//1802 855//1802 864//1802 
f 857//1803 855//1803 860//1803 
f 957//1804 975//1804 959//1804 
f 959//1805 975//1805 961//1805 
f 971//1806 975//1806 973//1806 
f 961//1807 975//1807 971//1807 
f 955//1808 975//1808 957//1808 
f 855//1809 852//1809 864//1809 
f 853//1810 852//1810 855//1810 
f 864//1811 852//1811 865//1811 
f 975//1812 979//1812 977//1812 
f 852//1813 847//1813 865//1813 
f 849//1814 847//1814 852//1814 
f 979//1815 985//1815 981//1815 
f 981//1816 985//1816 983//1816 
f 843//1817 841//1817 845//1817 
f 845//1818 841//1818 847//1818 
f 987//1819 991//1819 989//1819 
f 865//1820 837//1820 955//1820 
f 975//1821 837//1821 979//1821 
f 839//1822 837//1822 841//1822 
f 847//1823 837//1823 865//1823 
f 955//1824 837//1824 975//1824 
f 841//1825 837//1825 847//1825 
f 985//1826 993//1826 987//1826 
f 987//1827 993//1827 991//1827 
f 979//1828 995//1828 985//1828 
f 985//1829 995//1829 993//1829 
f 836//1830 834//1830 837//1830 
f 834//1831 831//1831 837//1831 
f 995//1832 999//1832 998//1832 
f 979//1833 999//1833 995//1833 
f 837//1834 829//1834 979//1834 
f 831//1835 829//1835 837//1835 
f 829//1836 1001//1836 979//1836 
f 979//1837 1001//1837 999//1837 
f 1003//1838 1007//1838 1005//1838 
f 823//1839 821//1839 825//1839 
f 825//1840 821//1840 827//1840 
f 827//1841 821//1841 829//1841 
f 1003//1842 757//1842 1007//1842 
f 1001//1843 757//1843 1003//1843 
f 757//1844 764//1844 758//1844 
f 758//1845 764//1845 761//1845 
f 821//1846 813//1846 829//1846 
f 816//1847 813//1847 817//1847 
f 817//1848 813//1848 819//1848 
f 819//1849 813//1849 821//1849 
f 757//1850 765//1850 764//1850 
f 1001//1851 765//1851 757//1851 
f 811//1852 809//1852 813//1852 
f 813//1853 807//1853 829//1853 
f 809//1854 807//1854 813//1854 
f 765//1855 771//1855 768//1855 
f 768//1856 771//1856 769//1856 
f 1001//1857 771//1857 765//1857 
f 805//1858 803//1858 807//1858 
f 803//1859 801//1859 807//1859 
f 774//1860 777//1860 775//1860 
f 801//1861 799//1861 807//1861 
f 771//1862 779//1862 774//1862 
f 774//1863 779//1863 777//1863 
f 1001//1864 782//1864 771//1864 
f 771//1865 782//1865 779//1865 
f 829//1866 796//1866 1001//1866 
f 797//1867 796//1867 799//1867 
f 807//1868 796//1868 829//1868 
f 799//1869 796//1869 807//1869 
f 793//1870 791//1870 796//1870 
f 782//1871 787//1871 783//1871 
f 783//1872 787//1872 785//1872 
f 1001//1873 787//1873 782//1873 
f 796//1874 790//1874 1001//1874 
f 791//1875 790//1875 796//1875 
f 1001//1876 790//1876 787//1876 
f 910//1877 911//1877 914//1877 
f 910//1878 914//1878 916//1878 
f 924//1879 920//1879 922//1879 
f 906//1880 910//1880 916//1880 
f 906//1881 908//1881 910//1881 
f 906//1882 916//1882 917//1882 
f 906//1883 917//1883 920//1883 
f 928//1884 924//1884 925//1884 
f 902//1885 903//1885 906//1885 
f 900//1886 902//1886 906//1886 
f 932//1887 924//1887 928//1887 
f 932//1888 928//1888 930//1888 
f 936//1889 932//1889 934//1889 
f 893//1890 920//1890 924//1890 
f 893//1891 906//1891 920//1891 
f 893//1892 900//1892 906//1892 
f 893//1893 896//1893 897//1893 
f 893//1894 897//1894 900//1894 
f 938//1895 932//1895 936//1895 
f 940//1896 932//1896 938//1896 
f 889//1897 891//1897 893//1897 
f 944//1898 940//1898 941//1898 
f 885//1899 888//1899 889//1899 
f 946//1900 924//1900 932//1900 
f 946//1901 932//1901 940//1901 
f 946//1902 940//1902 944//1902 
f 882//1903 883//1903 885//1903 
f 950//1904 946//1904 948//1904 
f 878//1905 880//1905 882//1905 
f 878//1906 882//1906 885//1906 
f 954//1907 950//1907 952//1907 
f 954//1908 946//1908 950//1908 
f 956//1909 946//1909 954//1909 
f 872//1910 873//1910 876//1910 
f 870//1911 878//1911 885//1911 
f 870//1912 872//1912 876//1912 
f 870//1913 876//1913 878//1913 
f 870//1914 885//1914 889//1914 
f 866//1915 946//1915 956//1915 
f 866//1916 870//1916 889//1916 
f 866//1917 867//1917 870//1917 
f 866//1918 893//1918 924//1918 
f 866//1919 889//1919 893//1919 
f 866//1920 924//1920 946//1920 
f 967//1921 964//1921 966//1921 
f 970//1922 964//1922 967//1922 
f 859//1923 862//1923 863//1923 
f 972//1924 962//1924 964//1924 
f 972//1925 964//1925 970//1925 
f 856//1926 859//1926 863//1926 
f 856//1927 858//1927 859//1927 
f 976//1928 958//1928 960//1928 
f 976//1929 960//1929 962//1929 
f 976//1930 972//1930 974//1930 
f 976//1931 962//1931 972//1931 
f 976//1932 956//1932 958//1932 
f 851//1933 856//1933 863//1933 
f 851//1934 854//1934 856//1934 
f 851//1935 863//1935 866//1935 
f 980//1936 976//1936 978//1936 
f 848//1937 851//1937 866//1937 
f 848//1938 850//1938 851//1938 
f 986//1939 980//1939 982//1939 
f 986//1940 982//1940 984//1940 
f 842//1941 844//1941 846//1941 
f 842//1942 846//1942 848//1942 
f 992//1943 988//1943 990//1943 
f 838//1944 866//1944 956//1944 
f 838//1945 976//1945 980//1945 
f 838//1946 840//1946 842//1946 
f 838//1947 848//1947 866//1947 
f 838//1948 956//1948 976//1948 
f 838//1949 842//1949 848//1949 
f 994//1950 986//1950 988//1950 
f 994//1951 988//1951 992//1951 
f 996//1952 980//1952 986//1952 
f 996//1953 986//1953 994//1953 
f 833//1954 835//1954 838//1954 
f 832//1955 833//1955 838//1955 
f 1000//1956 996//1956 997//1956 
f 1000//1957 980//1957 996//1957 
f 830//1958 838//1958 980//1958 
f 830//1959 832//1959 838//1959 
f 1002//1960 830//1960 980//1960 
f 1002//1961 980//1961 1000//1961 
f 1008//1962 1004//1962 1006//1962 
f 822//1963 824//1963 826//1963 
f 822//1964 826//1964 828//1964 
f 822//1965 828//1965 830//1965 
f 759//1966 1004//1966 1008//1966 
f 759//1967 1002//1967 1004//1967 
f 763//1968 759//1968 760//1968 
f 763//1969 760//1969 762//1969 
f 814//1970 822//1970 830//1970 
f 814//1971 815//1971 818//1971 
f 814//1972 818//1972 820//1972 
f 814//1973 820//1973 822//1973 
f 766//1974 759//1974 763//1974 
f 766//1975 1002//1975 759//1975 
f 810//1976 812//1976 814//1976 
f 808//1977 814//1977 830//1977 
f 808//1978 810//1978 814//1978 
f 772//1979 766//1979 767//1979 
f 772//1980 767//1980 770//1980 
f 772//1981 1002//1981 766//1981 
f 804//1982 806//1982 808//1982 
f 802//1983 804//1983 808//1983 
f 778//1984 773//1984 776//1984 
f 800//1985 802//1985 808//1985 
f 780//1986 772//1986 773//1986 
f 780//1987 773//1987 778//1987 
f 781//1988 1002//1988 772//1988 
f 781//1989 772//1989 780//1989 
f 795//1990 830//1990 1002//1990 
f 795//1991 798//1991 800//1991 
f 795//1992 808//1992 830//1992 
f 795//1993 800//1993 808//1993 
f 792//1994 794//1994 795//1994 
f 788//1995 781//1995 784//1995 
f 788//1996 784//1996 786//1996 
f 788//1997 1002//1997 781//1997 
f 789//1998 795//1998 1002//1998 
f 789//1999 792//1999 795//1999 
f 789//2000 1002//2000 788//2000 
o Type001_Screws_Bottom
usemtl color_727980
v 3403.0 -70.0 591.0
v 3402.987549 -70.0 591.498474
v 3403.0 -80.0 591.0
v 3402.987549 -80.0 591.498474
v 3402.950195 -70.0 591.995667
v 3402.950195 -80.0 591.995667
v 3402.888428 -80.0 592.490417
v 3402.888428 -70.0 592.490417
v 3402.801758 -70.0 592.981445
v 3402.801758 -80.0 592.981445
v 3402.690674 -80.0 593.46759
v 3402.690674 -70.0 593.46759
v 3402.555664 -70.0 593.947571
v 3402.555664 -80.0 593.947571
v 3402.396973 -70.0 594.420227
v 3402.396973 -80.0 594.420227
v 3402.214844 -80.0 594.884338
v 3402.214844 -70.0 594.884338
v 3402.009766 -70.0 595.338867
v 3402.009766 -80.0 595.338867
v 3401.782227 -70.0 595.782532
v 3401.782227 -80.0 595.782532
v 3401.532959 -70.0 596.214355
v 3401.532959 -80.0 596.214355
v 3401.262451 -80.0 596.633179
v 3401.262451 -70.0 596.633179
v 3400.971436 -70.0 597.038025
v 3400.971436 -80.0 597.038025
v 3400.6604 -70.0 597.427856
v 3400.6604 -80.0 597.427856
v 3400.330566 -70.0 597.801758
v 3400.330566 -80.0 597.801758
v 3399.982422 -80.0 598.158691
v 3399.982422 -70.0 598.158691
v 3399.616943 -70.0 598.497803
v 3399.616943 -80.0 598.497803
v 3399.234863 -70.0 598.818298
v 3399.234863 -80.0 598.818298
v 3398.837402 -80.0 599.119385
v 3398.837402 -70.0 599.119385
v 3398.425537 -70.0 599.400269
v 3398.425537 -80.0 599.400269
v 3398.0 -70.0 599.660278
v 3398.0 -80.0 599.660278
v 3397.562012 -70.0 599.898743
v 3397.562012 -80.0 599.898743
v 3397.112793 -70.0 600.115051
v 3397.112793 -80.0 600.115051
v 3396.65332 -70.0 600.308716
v 3396.65332 -80.0 600.308716
v 3396.184814 -70.0 600.479248
v 3396.184814 -80.0 600.479248
v 3395.708496 -70.0 600.626221
v 3395.708496 -80.0 600.626221
v 3395.225098 -70.0 600.749268
v 3395.225098 -80.0 600.749268
v 3394.736572 -70.0 600.848083
v 3394.736572 -80.0 600.848083
v 3394.243408 -80.0 600.922363
v 3394.243408 -70.0 600.922363
v 3393.747314 -70.0 600.972046
v 3393.747314 -80.0 600.972046
v 3393.249268 -70.0 600.996887
v 3393.249268 -80.0 600.996887
v 3392.750732 -70.0 600.996887
v 3392.750732 -80.0 600.996887
v 3392.252686 -70.0 600.972046
v 3392.252686 -80.0 600.972046
v 3391.756592 -70.0 600.922363
v 3391.756592 -80.0 600.922363
v 3391.263428 -70.0 600.848083
v 3391.263428 -80.0 600.848083
v 3390.774902 -70.0 600.749268
v 3390.774902 -80.0 600.749268
v 3390.291504 -70.0 600.626221
v 3390.291504 -80.0 600.626221
v 3389.815186 -80.0 600.479248
v 3389.815186 -70.0 600.479248
v 3389.34668 -80.0 600.308716
v 3389.34668 -70.0 600.308716
v 3388.887207 -70.0 600.115051
v 3388.887207 -80.0 600.115051
v 3388.437988 -70.0 599.898743
v 3388.437988 -80.0 599.898743
v 3388.0 -70.0 599.660278
v 3388.0 -80.0 599.660278
v 3387.574463 -70.0 599.400269
v 3387.574463 -80.0 599.400269
v 3387.162598 -70.0 599.119385
v 3387.162598 -80.0 599.119385
v 3386.765137 -70.0 598.818298
v 3386.765137 -80.0 598.818298
v 3386.383057 -70.0 598.497803
v 3386.383057 -80.0 598.497803
v 3386.017578 -80.0 598.158691
v 3386.017578 -70.0 598.158691
v 3385.669434 -70.0 597.801758
v 3385.669434 -80.0 597.801758
v 3385.3396 -70.0 597.427856
v 3385.3396 -80.0 597.427856
v 3385.028564 -70.0 597.038025
v 3385.028564 -80.0 597.038025
v 3384.737549 -80.0 596.633179
v 3384.737549 -70.0 596.633179
v 3384.467041 -70.0 596.214355
v 3384.467041 -80.0 596.214355
v 3384.217773 -80.0 595.782532
v 3384.217773 -70.0 595.782532
v 3383.990234 -70.0 595.338867
v 3383.990234 -80.0 595.338867
v 3383.785156 -80.0 594.884338
v 3383.785156 -70.0 594.884338
v 3383.603027 -70.0 594.420227
v 3383.603027 -80.0 594.420227
v 3383.444336 -70.0 593.947571
v 3383.444336 -80.0 593.947571
v 3383.309326 -80.0 593.46759
v 3383.309326 -70.0 593.46759
v 3383.198242 -70.0 592.981445
v 3383.198242 -80.0 592.981445
v 3383.111572 -70.0 592.490417
v 3383.111572 -80.0 592.490417
v 3383.049805 -70.0 591.995667
v 3383.049805 -80.0 591.995667
v 3383.012451 -70.0 591.498474
v 3383.012451 -80.0 591.498474
v 3383.0 -80.0 591.0
v 3383.0 -70.0 591.0
v 3383.012451 -80.0 590.501526
v 3383.012451 -70.0 590.501526
v 3383.049805 -70.0 590.004333
v 3383.049805 -80.0 590.004333
v 3383.111572 -80.0 589.509583
v 3383.111572 -70.0 589.509583
v 3383.198242 -80.0 589.018555
v 3383.198242 -70.0 589.018555
v 3383.309326 -80.0 588.53241
v 3383.309326 -70.0 588.53241
v 3383.444336 -70.0 588.052429
v 3383.444336 -80.0 588.052429
v 3383.603027 -80.0 587.579773
v 3383.603027 -70.0 587.579773
v 3383.785156 -70.0 587.115662
v 3383.785156 -80.0 587.115662
v 3383.990234 -70.0 586.661133
v 3383.990234 -80.0 586.661133
v 3384.217773 -80.0 586.217468
v 3384.217773 -70.0 586.217468
v 3384.467041 -70.0 585.785645
v 3384.467041 -80.0 585.785645
v 3384.737549 -70.0 585.366821
v 3384.737549 -80.0 585.366821
v 3385.028564 -70.0 584.961975
v 3385.028564 -80.0 584.961975
v 3385.3396 -80.0 584.572144
v 3385.3396 -70.0 584.572144
v 3385.669434 -70.0 584.198242
v 3385.669434 -80.0 584.198242
v 3386.017578 -70.0 583.841309
v 3386.017578 -80.0 583.841309
v 3386.383057 -80.0 583.502197
v 3386.383057 -70.0 583.502197
v 3386.765137 -70.0 583.181702
v 3386.765137 -80.0 583.181702
v 3387.162598 -70.0 582.880615
v 3387.162598 -80.0 582.880615
v 3387.574463 -70.0 582.599731
v 3387.574463 -80.0 582.599731
v 3388.0 -80.0 582.339722
v 3388.0 -70.0 582.339722
v 3388.437988 -70.0 582.101257
v 3388.437988 -80.0 582.101257
v 3388.887207 -70.0 581.884949
v 3388.887207 -80.0 581.884949
v 3389.34668 -70.0 581.691284
v 3389.34668 -80.0 581.691284
v 3389.815186 -70.0 581.520752
v 3389.815186 -80.0 581.520752
v 3390.291504 -70.0 581.373779
v 3390.291504 -80.0 581.373779
v 3390.774902 -70.0 581.250732
v 3390.774902 -80.0 581.250732
v 3391.263428 -70.0 581.151917
v 3391.263428 -80.0 581.151917
v 3391.756592 -80.0 581.077637
v 3391.756592 -70.0 581.077637
v 3392.252686 -70.0 581.027954
v 3392.252686 -80.0 581.027954
v 3392.750732 -70.0 581.003113
v 3392.750732 -80.0 581.003113
v 3393.249268 -70.0 581.003113
v 3393.249268 -80.0 581.003113
v 3393.747314 -70.0 581.027954
v 3393.747314 -80.0 581.027954
v 3394.243408 -70.0 581.077637
v 3394.243408 -80.0 581.077637
v 3394.736572 -70.0 581.151917
v 3394.736572 -80.0 581.151917
v 3395.225098 -70.0 581.250732
v 3395.225098 -80.0 581.250732
v 3395.708496 -70.0 581.373779
v 3395.708496 -80.0 581.373779
v 3396.184814 -70.0 581.520752
v 3396.184814 -80.0 581.520752
v 3396.65332 -70.0 581.691284
v 3396.65332 -80.0 581.691284
v 3397.112793 -70.0 581.884949
v 3397.112793 -80.0 581.884949
v 3397.562012 -70.0 582.101257
v 3397.562012 -80.0 582.101257
v 3398.0 -80.0 582.339722
v 3398.0 -70.0 582.339722
v 3398.425537 -70.0 582.599731
v 3398.425537 -80.0 582.599731
v 3398.837402 -70.0 582.880615
v 3398.837402 -80.0 582.880615
v 3399.234863 -70.0 583.181702
v 3399.234863 -80.0 583.181702
v 3399.616943 -70.0 583.502197
v 3399.616943 -80.0 583.502197
v 3399.982422 -70.0 583.841309
v 3399.982422 -80.0 583.841309
v 3400.330566 -70.0 584.198242
v 3400.330566 -80.0 584.198242
v 3400.6604 -70.0 584.572144
v 3400.6604 -80.0 584.572144
v 3400.971436 -70.0 584.961975
v 3400.971436 -80.0 584.961975
v 3401.262451 -70.0 585.366821
v 3401.262451 -80.0 585.366821
v 3401.532959 -70.0 585.785645
v 3401.532959 -80.0 585.785645
v 3401.782227 -70.0 586.217468
v 3401.782227 -80.0 586.217468
v 3402.009766 -70.0 586.661133
v 3402.009766 -80.0 586.661133
v 3402.214844 -70.0 587.115662
v 3402.214844 -80.0 587.115662
v 3402.396973 -70.0 587.579773
v 3402.396973 -80.0 587.579773
v 3402.555664 -80.0 588.052429
v 3402.555664 -70.0 588.052429
v 3402.690674 -70.0 588.53241
v 3402.690674 -80.0 588.53241
v 3402.801758 -70.0 589.018555
v 3402.801758 -80.0 589.018555
v 3402.888428 -70.0 589.509583
v 3402.888428 -80.0 589.509583
v 3402.950195 -70.0 590.004333
v 3402.950195 -80.0 590.004333
v 3402.987549 -70.0 590.501526
v 3402.987549 -80.0 590.501526
v 3512.0 -70.0 591.0
v 3511.987549 -70.0 591.498474
v 3512.0 -80.0 591.0
v 3511.987549 -80.0 591.498474
v 3511.950195 -70.0 591.995667
v 3511.950195 -80.0 591.995667
v 3511.888428 -80.0 592.490417
v 3511.888428 -70.0 592.490417
v 3511.801758 -70.0 592.981445
v 3511.801758 -80.0 592.981445
v 3511.690674 -80.0 593.46759
v 3511.690674 -70.0 593.46759
v 3511.555664 -70.0 593.947571
v 3511.555664 -80.0 593.947571
v 3511.396973 -70.0 594.420227
v 3511.396973 -80.0 594.420227
v 3511.214844 -80.0 594.884338
v 3511.214844 -70.0 594.884338
v 3511.009766 -70.0 595.338867
v 3511.009766 -80.0 595.338867
v 3510.782227 -70.0 595.782532
v 3510.782227 -80.0 595.782532
v 3510.532959 -70.0 596.214355
v 3510.532959 -80.0 596.214355
v 3510.262451 -80.0 596.633179
v 3510.262451 -70.0 596.633179
v 3509.971436 -70.0 597.038025
v 3509.971436 -80.0 597.038025
v 3509.6604 -70.0 597.427856
v 3509.6604 -80.0 597.427856
v 3509.330566 -70.0 597.801758
v 3509.330566 -80.0 597.801758
v 3508.982422 -80.0 598.158691
v 3508.982422 -70.0 598.158691
v 3508.616943 -70.0 598.497803
v 3508.616943 -80.0 598.497803
v 3508.234863 -70.0 598.818298
v 3508.234863 -80.0 598.818298
v 3507.837402 -80.0 599.119385
v 3507.837402 -70.0 599.119385
v 3507.425537 -70.0 599.400269
v 3507.425537 -80.0 599.400269
v 3507.0 -70.0 599.660278
v 3507.0 -80.0 599.660278
v 3506.562012 -70.0 599.898743
v 3506.562012 -80.0 599.898743
v 3506.112793 -70.0 600.115051
v 3506.112793 -80.0 600.115051
v 3505.65332 -70.0 600.308716
v 3505.65332 -80.0 600.308716
v 3505.184814 -70.0 600.479248
v 3505.184814 -80.0 600.479248
v 3504.708496 -70.0 600.626221
v 3504.708496 -80.0 600.626221
v 3504.225098 -70.0 600.749268
v 3504.225098 -80.0 600.749268
v 3503.736572 -70.0 600.848083
v 3503.736572 -80.0 600.848083
v 3503.243408 -80.0 600.922363
v 3503.243408 -70.0 600.922363
v 3502.747314 -70.0 600.972046
v 3502.747314 -80.0 600.972046
v 3502.249268 -70.0 600.996887
v 3502.249268 -80.0 600.996887
v 3501.750732 -70.0 600.996887
v 3501.750732 -80.0 600.996887
v 3501.252686 -70.0 600.972046
v 3501.252686 -80.0 600.972046
v 3500.756592 -70.0 600.922363
v 3500.756592 -80.0 600.922363
v 3500.263428 -70.0 600.848083
v 3500.263428 -80.0 600.848083
v 3499.774902 -70.0 600.749268
v 3499.774902 -80.0 600.749268
v 3499.291504 -70.0 600.626221
v 3499.291504 -80.0 600.626221
v 3498.815186 -80.0 600.479248
v 3498.815186 -70.0 600.479248
v 3498.34668 -80.0 600.308716
v 3498.34668 -70.0 600.308716
v 3497.887207 -70.0 600.115051
v 3497.887207 -80.0 600.115051
v 3497.437988 -70.0 599.898743
v 3497.437988 -80.0 599.898743
v 3497.0 -70.0 599.660278
v 3497.0 -80.0 599.660278
v 3496.574463 -70.0 599.400269
v 3496.574463 -80.0 599.400269
v 3496.162598 -70.0 599.119385
v 3496.162598 -80.0 599.119385
v 3495.765137 -70.0 598.818298
v 3495.765137 -80.0 598.818298
v 3495.383057 -70.0 598.497803
v 3495.383057 -80.0 598.497803
v 3495.017578 -80.0 598.158691
v 3495.017578 -70.0 598.158691
v 3494.669434 -70.0 597.801758
v 3494.669434 -80.0 597.801758
v 3494.3396 -70.0 597.427856
v 3494.3396 -80.0 597.427856
v 3494.028564 -70.0 597.038025
v 3494.028564 -80.0 597.038025
v 3493.737549 -80.0 596.633179
v 3493.737549 -70.0 596.633179
v 3493.467041 -70.0 596.214355
v 3493.467041 -80.0 596.214355
v 3493.217773 -80.0 595.782532
v 3493.217773 -70.0 595.782532
v 3492.990234 -70.0 595.338867
v 3492.990234 -80.0 595.338867
v 3492.785156 -80.0 594.884338
v 3492.785156 -70.0 594.884338
v 3492.603027 -70.0 594.420227
v 3492.603027 -80.0 594.420227
v 3492.444336 -70.0 593.947571
v 3492.444336 -80.0 593.947571
v 3492.309326 -80.0 593.46759
v 3492.309326 -70.0 593.46759
v 3492.198242 -70.0 592.981445
v 3492.198242 -80.0 592.981445
v 3492.111572 -70.0 592.490417
v 3492.111572 -80.0 592.490417
v 3492.049805 -70.0 591.995667
v 3492.049805 -80.0 591.995667
v 3492.012451 -70.0 591.498474
v 3492.012451 -80.0 591.498474
v 3492.0 -80.0 591.0
v 3492.0 -70.0 591.0
v 3492.012451 -80.0 590.501526
v 3492.012451 -70.0 590.501526
v 3492.049805 -70.0 590.004333
v 3492.049805 -80.0 590.004333
v 3492.111572 -80.0 589.509583
v 3492.111572 -70.0 589.509583
v 3492.198242 -80.0 589.018555
v 3492.198242 -70.0 589.018555
v 3492.309326 -80.0 588.53241
v 3492.309326 -70.0 588.53241
v 3492.444336 -70.0 588.052429
v 3492.444336 -80.0 588.052429
v 3492.603027 -80.0 587.579773
v 3492.603027 -70.0 587.579773
v 3492.785156 -70.0 587.115662
v 3492.785156 -80.0 587.115662
v 3492.990234 -70.0 586.661133
v 3492.990234 -80.0 586.661133
v 3493.217773 -80.0 586.217468
v 3493.217773 -70.0 586.217468
v 3493.467041 -70.0 585.785645
v 3493.467041 -80.0 585.785645
v 3493.737549 -70.0 585.366821
v 3493.737549 -80.0 585.366821
v 3494.028564 -70.0 584.961975
v 3494.028564 -80.0 584.961975
v 3494.3396 -80.0 584.572144
v 3494.3396 -70.0 584.572144
v 3494.669434 -70.0 584.198242
v 3494.669434 -80.0 584.198242
v 3495.017578 -70.0 583.841309
v 3495.017578 -80.0 583.841309
v 3495.383057 -80.0 583.502197
v 3495.383057 -70.0 583.502197
v 3495.765137 -70.0 583.181702
v 3495.765137 -80.0 583.181702
v 3496.162598 -70.0 582.880615
v 3496.162598 -80.0 582.880615
v 3496.574463 -70.0 582.599731
v 3496.574463 -80.0 582.599731
v 3497.0 -80.0 582.339722
v 3497.0 -70.0 582.339722
v 3497.437988 -70.0 582.101257
v 3497.437988 -80.0 582.101257
v 3497.887207 -70.0 581.884949
v 3497.887207 -80.0 581.884949
v 3498.34668 -70.0 581.691284
v 3498.34668 -80.0 581.691284
v 3498.815186 -70.0 581.520752
v 3498.815186 -80.0 581.520752
v 3499.291504 -70.0 581.373779
v 3499.291504 -80.0 581.373779
v 3499.774902 -70.0 581.250732
v 3499.774902 -80.0 581.250732
v 3500.263428 -70.0 581.151917
v 3500.263428 -80.0 581.151917
v 3500.756592 -80.0 581.077637
v 3500.756592 -70.0 581.077637
v 3501.252686 -70.0 581.027954
v 3501.252686 -80.0 581.027954
v 3501.750732 -70.0 581.003113
v 3501.750732 -80.0 581.003113
v 3502.249268 -70.0 581.003113
v 3502.249268 -80.0 581.003113
v 3502.747314 -70.0 581.027954
v 3502.747314 -80.0 581.027954
v 3503.243408 -70.0 581.077637
v 3503.243408 -80.0 581.077637
v 3503.736572 -70.0 581.151917
v 3503.736572 -80.0 581.151917
v 3504.225098 -70.0 581.250732
v 3504.225098 -80.0 581.250732
v 3504.708496 -70.0 581.373779
v 3504.708496 -80.0 581.373779
v 3505.184814 -70.0 581.520752
v 3505.184814 -80.0 581.520752
v 3505.65332 -70.0 581.691284
v 3505.65332 -80.0 581.691284
v 3506.112793 -70.0 581.884949
v 3506.112793 -80.0 581.884949
v 3506.562012 -70.0 582.101257
v 3506.562012 -80.0 582.101257
v 3507.0 -80.0 582.339722
v 3507.0 -70.0 582.339722
v 3507.425537 -70.0 582.599731
v 3507.425537 -80.0 582.599731
v 3507.837402 -70.0 582.880615
v 3507.837402 -80.0 582.880615
v 3508.234863 -70.0 583.181702
v 3508.234863 -80.0 583.181702
v 3508.616943 -70.0 583.502197
v 3508.616943 -80.0 583.502197
v 3508.982422 -70.0 583.841309
v 3508.982422 -80.0 583.841309
v 3509.330566 -70.0 584.198242
v 3509.330566 -80.0 584.198242
v 3509.6604 -70.0 584.572144
v 3509.6604 -80.0 584.572144
v 3509.971436 -70.0 584.961975
v 3509.971436 -80.0 584.961975
v 3510.262451 -70.0 585.366821
v 3510.262451 -80.0 585.366821
v 3510.532959 -70.0 585.785645
v 3510.532959 -80.0 585.785645
v 3510.782227 -70.0 586.217468
v 3510.782227 -80.0 586.217468
v 3511.009766 -70.0 586.661133
v 3511.009766 -80.0 586.661133
v 3511.214844 -70.0 587.115662
v 3511.214844 -80.0 587.115662
v 3511.396973 -70.0 587.579773
v 3511.396973 -80.0 587.579773
v 3511.555664 -80.0 588.052429
v 3511.555664 -70.0 588.052429
v 3511.690674 -70.0 588.53241
v 3511.690674 -80.0 588.53241
v 3511.801758 -70.0 589.018555
v 3511.801758 -80.0 589.018555
v 3511.888428 -70.0 589.509583
v 3511.888428 -80.0 589.509583
v 3511.950195 -70.0 590.004333
v 3511.950195 -80.0 590.004333
v 3511.987549 -70.0 590.501526
v 3511.987549 -80.0 590.501526
v 3512.0 -70.0 444.0
v 3511.987549 -70.0 444.498444
v 3512.0 -80.0 444.0
v 3511.987549 -80.0 444.498444
v 3511.950195 -70.0 444.995667
v 3511.950195 -80.0 444.995667
v 3511.888428 -80.0 445.490417
v 3511.888428 -70.0 445.490417
v 3511.801758 -70.0 445.981476
v 3511.801758 -80.0 445.981476
v 3511.690674 -80.0 446.46756
v 3511.690674 -70.0 446.46756
v 3511.555664 -70.0 446.94754
v 3511.555664 -80.0 446.94754
v 3511.396973 -70.0 447.420197
v 3511.396973 -80.0 447.420197
v 3511.214844 -80.0 447.884338
v 3511.214844 -70.0 447.884338
v 3511.009766 -70.0 448.338837
v 3511.009766 -80.0 448.338837
v 3510.782227 -70.0 448.782532
v 3510.782227 -80.0 448.782532
v 3510.532959 -70.0 449.214355
v 3510.532959 -80.0 449.214355
v 3510.262451 -80.0 449.633209
v 3510.262451 -70.0 449.633209
v 3509.971436 -70.0 450.038055
v 3509.971436 -80.0 450.038055
v 3509.6604 -70.0 450.427887
v 3509.6604 -80.0 450.427887
v 3509.330566 -70.0 450.801727
v 3509.330566 -80.0 450.801727
v 3508.982422 -80.0 451.158661
v 3508.982422 -70.0 451.158661
v 3508.616943 -70.0 451.497803
v 3508.616943 -80.0 451.497803
v 3508.234863 -70.0 451.818329
v 3508.234863 -80.0 451.818329
v 3507.837402 -80.0 452.119385
v 3507.837402 -70.0 452.119385
v 3507.425537 -70.0 452.400269
v 3507.425537 -80.0 452.400269
v 3507.0 -70.0 452.660248
v 3507.0 -80.0 452.660248
v 3506.562012 -70.0 452.898712
v 3506.562012 -80.0 452.898712
v 3506.112793 -70.0 453.115051
v 3506.112793 -80.0 453.115051
v 3505.65332 -70.0 453.308746
v 3505.65332 -80.0 453.308746
v 3505.184814 -70.0 453.479279
v 3505.184814 -80.0 453.479279
v 3504.708496 -70.0 453.626251
v 3504.708496 -80.0 453.626251
v 3504.225098 -70.0 453.749268
v 3504.225098 -80.0 453.749268
v 3503.736572 -70.0 453.848083
v 3503.736572 -80.0 453.848083
v 3503.243408 -80.0 453.922394
v 3503.243408 -70.0 453.922394
v 3502.747314 -70.0 453.972046
v 3502.747314 -80.0 453.972046
v 3502.249268 -70.0 453.996887
v 3502.249268 -80.0 453.996887
v 3501.750732 -70.0 453.996887
v 3501.750732 -80.0 453.996887
v 3501.252686 -70.0 453.972046
v 3501.252686 -80.0 453.972046
v 3500.756592 -70.0 453.922394
v 3500.756592 -80.0 453.922394
v 3500.263428 -70.0 453.848083
v 3500.263428 -80.0 453.848083
v 3499.774902 -70.0 453.749268
v 3499.774902 -80.0 453.749268
v 3499.291504 -70.0 453.626251
v 3499.291504 -80.0 453.626251
v 3498.815186 -80.0 453.479279
v 3498.815186 -70.0 453.479279
v 3498.34668 -80.0 453.308746
v 3498.34668 -70.0 453.308746
v 3497.887207 -70.0 453.115051
v 3497.887207 -80.0 453.115051
v 3497.437988 -70.0 452.898712
v 3497.437988 -80.0 452.898712
v 3497.0 -70.0 452.660248
v 3497.0 -80.0 452.660248
v 3496.574463 -70.0 452.400269
v 3496.574463 -80.0 452.400269
v 3496.162598 -70.0 452.119385
v 3496.162598 -80.0 452.119385
v 3495.765137 -70.0 451.818329
v 3495.765137 -80.0 451.818329
v 3495.383057 -70.0 451.497803
v 3495.383057 -80.0 451.497803
v 3495.017578 -80.0 451.158661
v 3495.017578 -70.0 451.158661
v 3494.669434 -70.0 450.801727
v 3494.669434 -80.0 450.801727
v 3494.3396 -70.0 450.427887
v 3494.3396 -80.0 450.427887
v 3494.028564 -70.0 450.038055
v 3494.028564 -80.0 450.038055
v 3493.737549 -80.0 449.633209
v 3493.737549 -70.0 449.633209
v 3493.467041 -70.0 449.214355
v 3493.467041 -80.0 449.214355
v 3493.217773 -80.0 448.782532
v 3493.217773 -70.0 448.782532
v 3492.990234 -70.0 448.338837
v 3492.990234 -80.0 448.338837
v 3492.785156 -80.0 447.884338
v 3492.785156 -70.0 447.884338
v 3492.603027 -70.0 447.420197
v 3492.603027 -80.0 447.420197
v 3492.444336 -70.0 446.94754
v 3492.444336 -80.0 446.94754
v 3492.309326 -80.0 446.46756
v 3492.309326 -70.0 446.46756
v 3492.198242 -70.0 445.981476
v 3492.198242 -80.0 445.981476
v 3492.111572 -70.0 445.490417
v 3492.111572 -80.0 445.490417
v 3492.049805 -70.0 444.995667
v 3492.049805 -80.0 444.995667
v 3492.012451 -70.0 444.498444
v 3492.012451 -80.0 444.498444
v 3492.0 -80.0 444.0
v 3492.0 -70.0 444.0
v 3492.012451 -80.0 443.501556
v 3492.012451 -70.0 443.501556
v 3492.049805 -70.0 443.004333
v 3492.049805 -80.0 443.004333
v 3492.111572 -80.0 442.509583
v 3492.111572 -70.0 442.509583
v 3492.198242 -80.0 442.018524
v 3492.198242 -70.0 442.018524
v 3492.309326 -80.0 441.53244
v 3492.309326 -70.0 441.53244
v 3492.444336 -70.0 441.05246
v 3492.444336 -80.0 441.05246
v 3492.603027 -80.0 440.579803
v 3492.603027 -70.0 440.579803
v 3492.785156 -70.0 440.115662
v 3492.785156 -80.0 440.115662
v 3492.990234 -70.0 439.661163
v 3492.990234 -80.0 439.661163
v 3493.217773 -80.0 439.217468
v 3493.217773 -70.0 439.217468
v 3493.467041 -70.0 438.785645
v 3493.467041 -80.0 438.785645
v 3493.737549 -70.0 438.366791
v 3493.737549 -80.0 438.366791
v 3494.028564 -70.0 437.961945
v 3494.028564 -80.0 437.961945
v 3494.3396 -80.0 437.572113
v 3494.3396 -70.0 437.572113
v 3494.669434 -70.0 437.198273
v 3494.669434 -80.0 437.198273
v 3495.017578 -70.0 436.841339
v 3495.017578 -80.0 436.841339
v 3495.383057 -80.0 436.502197
v 3495.383057 -70.0 436.502197
v 3495.765137 -70.0 436.181671
v 3495.765137 -80.0 436.181671
v 3496.162598 -70.0 435.880615
v 3496.162598 -80.0 435.880615
v 3496.574463 -70.0 435.599731
v 3496.574463 -80.0 435.599731
v 3497.0 -80.0 435.339752
v 3497.0 -70.0 435.339752
v 3497.437988 -70.0 435.101288
v 3497.437988 -80.0 435.101288
v 3497.887207 -70.0 434.884949
v 3497.887207 -80.0 434.884949
v 3498.34668 -70.0 434.691254
v 3498.34668 -80.0 434.691254
v 3498.815186 -70.0 434.520721
v 3498.815186 -80.0 434.520721
v 3499.291504 -70.0 434.373749
v 3499.291504 -80.0 434.373749
v 3499.774902 -70.0 434.250732
v 3499.774902 -80.0 434.250732
v 3500.263428 -70.0 434.151917
v 3500.263428 -80.0 434.151917
v 3500.756592 -80.0 434.077606
v 3500.756592 -70.0 434.077606
v 3501.252686 -70.0 434.027954
v 3501.252686 -80.0 434.027954
v 3501.750732 -70.0 434.003113
v 3501.750732 -80.0 434.003113
v 3502.249268 -70.0 434.003113
v 3502.249268 -80.0 434.003113
v 3502.747314 -70.0 434.027954
v 3502.747314 -80.0 434.027954
v 3503.243408 -70.0 434.077606
v 3503.243408 -80.0 434.077606
v 3503.736572 -70.0 434.151917
v 3503.736572 -80.0 434.151917
v 3504.225098 -70.0 434.250732
v 3504.225098 -80.0 434.250732
v 3504.708496 -70.0 434.373749
v 3504.708496 -80.0 434.373749
v 3505.184814 -70.0 434.520721
v 3505.184814 -80.0 434.520721
v 3505.65332 -70.0 434.691254
v 3505.65332 -80.0 434.691254
v 3506.112793 -70.0 434.884949
v 3506.112793 -80.0 434.884949
v 3506.562012 -70.0 435.101288
v 3506.562012 -80.0 435.101288
v 3507.0 -80.0 435.339752
v 3507.0 -70.0 435.339752
v 3507.425537 -70.0 435.599731
v 3507.425537 -80.0 435.599731
v 3507.837402 -70.0 435.880615
v 3507.837402 -80.0 435.880615
v 3508.234863 -70.0 436.181671
v 3508.234863 -80.0 436.181671
v 3508.616943 -70.0 436.502197
v 3508.616943 -80.0 436.502197
v 3508.982422 -70.0 436.841339
v 3508.982422 -80.0 436.841339
v 3509.330566 -70.0 437.198273
v 3509.330566 -80.0 437.198273
v 3509.6604 -70.0 437.572113
v 3509.6604 -80.0 437.572113
v 3509.971436 -70.0 437.961945
v 3509.971436 -80.0 437.961945
v 3510.262451 -70.0 438.366791
v 3510.262451 -80.0 438.366791
v 3510.532959 -70.0 438.785645
v 3510.532959 -80.0 438.785645
v 3510.782227 -70.0 439.217468
v 3510.782227 -80.0 439.217468
v 3511.009766 -70.0 439.661163
v 3511.009766 -80.0 439.661163
v 3511.214844 -70.0 440.115662
v 3511.214844 -80.0 440.115662
v 3511.396973 -70.0 440.579803
v 3511.396973 -80.0 440.579803
v 3511.555664 -80.0 441.05246
v 3511.555664 -70.0 441.05246
v 3511.690674 -70.0 441.53244
v 3511.690674 -80.0 441.53244
v 3511.801758 -70.0 442.018524
v 3511.801758 -80.0 442.018524
v 3511.888428 -70.0 442.509583
v 3511.888428 -80.0 442.509583
v 3511.950195 -70.0 443.004333
v 3511.950195 -80.0 443.004333
v 3511.987549 -70.0 443.501556
v 3511.987549 -80.0 443.501556
v 3403.0 -70.0 444.0
v 3402.987549 -70.0 444.498444
v 3403.0 -80.0 444.0
v 3402.987549 -80.0 444.498444
v 3402.950195 -70.0 444.995667
v 3402.950195 -80.0 444.995667
v 3402.888428 -80.0 445.490417
v 3402.888428 -70.0 445.490417
v 3402.801758 -70.0 445.981476
v 3402.801758 -80.0 445.981476
v 3402.690674 -80.0 446.46756
v 3402.690674 -70.0 446.46756
v 3402.555664 -70.0 446.94754
v 3402.555664 -80.0 446.94754
v 3402.396973 -70.0 447.420197
v 3402.396973 -80.0 447.420197
v 3402.214844 -80.0 447.884338
v 3402.214844 -70.0 447.884338
v 3402.009766 -70.0 448.338837
v 3402.009766 -80.0 448.338837
v 3401.782227 -70.0 448.782532
v 3401.782227 -80.0 448.782532
v 3401.532959 -70.0 449.214355
v 3401.532959 -80.0 449.214355
v 3401.262451 -80.0 449.633209
v 3401.262451 -70.0 449.633209
v 3400.971436 -70.0 450.038055
v 3400.971436 -80.0 450.038055
v 3400.6604 -70.0 450.427887
v 3400.6604 -80.0 450.427887
v 3400.330566 -70.0 450.801727
v 3400.330566 -80.0 450.801727
v 3399.982422 -80.0 451.158661
v 3399.982422 -70.0 451.158661
v 3399.616943 -70.0 451.497803
v 3399.616943 -80.0 451.497803
v 3399.234863 -70.0 451.818329
v 3399.234863 -80.0 451.818329
v 3398.837402 -80.0 452.119385
v 3398.837402 -70.0 452.119385
v 3398.425537 -70.0 452.400269
v 3398.425537 -80.0 452.400269
v 3398.0 -70.0 452.660248
v 3398.0 -80.0 452.660248
v 3397.562012 -70.0 452.898712
v 3397.562012 -80.0 452.898712
v 3397.112793 -70.0 453.115051
v 3397.112793 -80.0 453.115051
v 3396.65332 -70.0 453.308746
v 3396.65332 -80.0 453.308746
v 3396.184814 -70.0 453.479279
v 3396.184814 -80.0 453.479279
v 3395.708496 -70.0 453.626251
v 3395.708496 -80.0 453.626251
v 3395.225098 -70.0 453.749268
v 3395.225098 -80.0 453.749268
v 3394.736572 -70.0 453.848083
v 3394.736572 -80.0 453.848083
v 3394.243408 -80.0 453.922394
v 3394.243408 -70.0 453.922394
v 3393.747314 -70.0 453.972046
v 3393.747314 -80.0 453.972046
v 3393.249268 -70.0 453.996887
v 3393.249268 -80.0 453.996887
v 3392.750732 -70.0 453.996887
v 3392.750732 -80.0 453.996887
v 3392.252686 -70.0 453.972046
v 3392.252686 -80.0 453.972046
v 3391.756592 -70.0 453.922394
v 3391.756592 -80.0 453.922394
v 3391.263428 -70.0 453.848083
v 3391.263428 -80.0 453.848083
v 3390.774902 -70.0 453.749268
v 3390.774902 -80.0 453.749268
v 3390.291504 -70.0 453.626251
v 3390.291504 -80.0 453.626251
v 3389.815186 -80.0 453.479279
v 3389.815186 -70.0 453.479279
v 3389.34668 -80.0 453.308746
v 3389.34668 -70.0 453.308746
v 3388.887207 -70.0 453.115051
v 3388.887207 -80.0 453.115051
v 3388.437988 -70.0 452.898712
v 3388.437988 -80.0 452.898712
v 3388.0 -70.0 452.660248
v 3388.0 -80.0 452.660248
v 3387.574463 -70.0 452.400269
v 3387.574463 -80.0 452.400269
v 3387.162598 -70.0 452.119385
v 3387.162598 -80.0 452.119385
v 3386.765137 -70.0 451.818329
v 3386.765137 -80.0 451.818329
v 3386.383057 -70.0 451.497803
v 3386.383057 -80.0 451.497803
v 3386.017578 -80.0 451.158661
v 3386.017578 -70.0 451.158661
v 3385.669434 -70.0 450.801727
v 3385.669434 -80.0 450.801727
v 3385.3396 -70.0 450.427887
v 3385.3396 -80.0 450.427887
v 3385.028564 -70.0 450.038055
v 3385.028564 -80.0 450.038055
v 3384.737549 -80.0 449.633209
v 3384.737549 -70.0 449.633209
v 3384.467041 -70.0 449.214355
v 3384.467041 -80.0 449.214355
v 3384.217773 -80.0 448.782532
v 3384.217773 -70.0 448.782532
v 3383.990234 -70.0 448.338837
v 3383.990234 -80.0 448.338837
v 3383.785156 -80.0 447.884338
v 3383.785156 -70.0 447.884338
v 3383.603027 -70.0 447.420197
v 3383.603027 -80.0 447.420197
v 3383.444336 -70.0 446.94754
v 3383.444336 -80.0 446.94754
v 3383.309326 -80.0 446.46756
v 3383.309326 -70.0 446.46756
v 3383.198242 -70.0 445.981476
v 3383.198242 -80.0 445.981476
v 3383.111572 -70.0 445.490417
v 3383.111572 -80.0 445.490417
v 3383.049805 -70.0 444.995667
v 3383.049805 -80.0 444.995667
v 3383.012451 -70.0 444.498444
v 3383.012451 -80.0 444.498444
v 3383.0 -80.0 444.0
v 3383.0 -70.0 444.0
v 3383.012451 -80.0 443.501556
v 3383.012451 -70.0 443.501556
v 3383.049805 -70.0 443.004333
v 3383.049805 -80.0 443.004333
v 3383.111572 -80.0 442.509583
v 3383.111572 -70.0 442.509583
v 3383.198242 -80.0 442.018524
v 3383.198242 -70.0 442.018524
v 3383.309326 -80.0 441.53244
v 3383.309326 -70.0 441.53244
v 3383.444336 -70.0 441.05246
v 3383.444336 -80.0 441.05246
v 3383.603027 -80.0 440.579803
v 3383.603027 -70.0 440.579803
v 3383.785156 -70.0 440.115662
v 3383.785156 -80.0 440.115662
v 3383.990234 -70.0 439.661163
v 3383.990234 -80.0 439.661163
v 3384.217773 -80.0 439.217468
v 3384.217773 -70.0 439.217468
v 3384.467041 -70.0 438.785645
v 3384.467041 -80.0 438.785645
v 3384.737549 -70.0 438.366791
v 3384.737549 -80.0 438.366791
v 3385.028564 -70.0 437.961945
v 3385.028564 -80.0 437.961945
v 3385.3396 -80.0 437.572113
v 3385.3396 -70.0 437.572113
v 3385.669434 -70.0 437.198273
v 3385.669434 -80.0 437.198273
v 3386.017578 -70.0 436.841339
v 3386.017578 -80.0 436.841339
v 3386.383057 -80.0 436.502197
v 3386.383057 -70.0 436.502197
v 3386.765137 -70.0 436.181671
v 3386.765137 -80.0 436.181671
v 3387.162598 -70.0 435.880615
v 3387.162598 -80.0 435.880615
v 3387.574463 -70.0 435.599731
v 3387.574463 -80.0 435.599731
v 3388.0 -80.0 435.339752
v 3388.0 -70.0 435.339752
v 3388.437988 -70.0 435.101288
v 3388.437988 -80.0 435.101288
v 3388.887207 -70.0 434.884949
v 3388.887207 -80.0 434.884949
v 3389.34668 -70.0 434.691254
v 3389.34668 -80.0 434.691254
v 3389.815186 -70.0 434.520721
v 3389.815186 -80.0 434.520721
v 3390.291504 -70.0 434.373749
v 3390.291504 -80.0 434.373749
v 3390.774902 -70.0 434.250732
v 3390.774902 -80.0 434.250732
v 3391.263428 -70.0 434.151917
v 3391.263428 -80.0 434.151917
v 3391.756592 -80.0 434.077606
v 3391.756592 -70.0 434.077606
v 3392.252686 -70.0 434.027954
v 3392.252686 -80.0 434.027954
v 3392.750732 -70.0 434.003113
v 3392.750732 -80.0 434.003113
v 3393.249268 -70.0 434.003113
v 3393.249268 -80.0 434.003113
v 3393.747314 -70.0 434.027954
v 3393.747314 -80.0 434.027954
v 3394.243408 -70.0 434.077606
v 3394.243408 -80.0 434.077606
v 3394.736572 -70.0 434.151917
v 3394.736572 -80.0 434.151917
v 3395.225098 -70.0 434.250732
v 3395.225098 -80.0 434.250732
v 3395.708496 -70.0 434.373749
v 3395.708496 -80.0 434.373749
v 3396.184814 -70.0 434.520721
v 3396.184814 -80.0 434.520721
v 3396.65332 -70.0 434.691254
v 3396.65332 -80.0 434.691254
v 3397.112793 -70.0 434.884949
v 3397.112793 -80.0 434.884949
v 3397.562012 -70.0 435.101288
v 3397.562012 -80.0 435.101288
v 3398.0 -80.0 435.339752
v 3398.0 -70.0 435.339752
v 3398.425537 -70.0 435.599731
v 3398.425537 -80.0 435.599731
v 3398.837402 -70.0 435.880615
v 3398.837402 -80.0 435.880615
v 3399.234863 -70.0 436.181671
v 3399.234863 -80.0 436.181671
v 3399.616943 -70.0 436.502197
v 3399.616943 -80.0 436.502197
v 3399.982422 -70.0 436.841339
v 3399.982422 -80.0 436.841339
v 3400.330566 -70.0 437.198273
v 3400.330566 -80.0 437.198273
v 3400.6604 -70.0 437.572113
v 3400.6604 -80.0 437.572113
v 3400.971436 -70.0 437.961945
v 3400.971436 -80.0 437.961945
v 3401.262451 -70.0 438.366791
v 3401.262451 -80.0 438.366791
v 3401.532959 -70.0 438.785645
v 3401.532959 -80.0 438.785645
v 3401.782227 -70.0 439.217468
v 3401.782227 -80.0 439.217468
v 3402.009766 -70.0 439.661163
v 3402.009766 -80.0 439.661163
v 3402.214844 -70.0 440.115662
v 3402.214844 -80.0 440.115662
v 3402.396973 -70.0 440.579803
v 3402.396973 -80.0 440.579803
v 3402.555664 -80.0 441.05246
v 3402.555664 -70.0 441.05246
v 3402.690674 -70.0 441.53244
v 3402.690674 -80.0 441.53244
v 3402.801758 -70.0 442.018524
v 3402.801758 -80.0 442.018524
v 3402.888428 -70.0 442.509583
v 3402.888428 -80.0 442.509583
v 3402.950195 -70.0 443.004333
v 3402.950195 -80.0 443.004333
v 3402.987549 -70.0 443.501556
v 3402.987549 -80.0 443.501556
vn 0.999688 0.0 0.024971
vn 0.999688 0.0 0.024971
vn 0.99719 0.0 0.074918
vn 0.992297 -0.0 0.123884
vn 0.99719 0.0 0.074918
vn 0.992297 0.0 0.123884
vn 0.984777 0.0 0.17382
vn 0.974874 -0.0 0.222758
vn 0.984777 0.0 0.17382
vn 0.974874 0.0 0.222758
vn 0.962643 0.0 0.270774
vn 0.962643 0.0 0.270774
vn 0.947996 0.0 0.318284
vn 0.930888 -0.0 0.365304
vn 0.947996 0.0 0.318284
vn 0.930888 0.0 0.365304
vn 0.911516 0.0 0.411265
vn 0.911516 0.0 0.411265
vn 0.889802 0.0 0.456346
vn 0.889802 0.0 0.456346
vn 0.866065 0.0 0.499931
vn 0.866065 0.0 0.499931
vn 0.840023 -0.0 0.542551
vn 0.840023 0.0 0.542551
vn 0.811985 0.0 0.583679
vn 0.811985 0.0 0.583679
vn 0.78168 0.0 0.62368
vn 0.78168 0.0 0.62368
vn 0.749916 0.0 0.661533
vn 0.715866 -0.0 0.698238
vn 0.749916 0.0 0.661533
vn 0.715866 0.0 0.698238
vn 0.680169 0.0 0.733055
vn 0.680169 0.0 0.733055
vn 0.642661 0.0 0.766151
vn 0.603832 -0.0 0.797112
vn 0.642661 0.0 0.766151
vn 0.603832 0.0 0.797112
vn 0.563428 0.0 0.826165
vn 0.563428 0.0 0.826165
vn 0.521391 0.0 0.853318
vn 0.521391 0.0 0.853318
vn 0.478175 0.0 0.878265
vn 0.478175 0.0 0.878265
vn 0.433845 0.0 0.900988
vn 0.433845 0.0 0.900988
vn 0.388402 0.0 0.92149
vn 0.388402 0.0 0.92149
vn 0.342038 0.0 0.939686
vn 0.342038 0.0 0.939686
vn 0.294843 0.0 0.955546
vn 0.294843 0.0 0.955546
vn 0.246679 0.0 0.969097
vn 0.246679 0.0 0.969097
vn 0.198259 0.0 0.98015
vn 0.148939 -0.0 0.988846
vn 0.198259 0.0 0.98015
vn 0.148939 0.0 0.988846
vn 0.099649 0.0 0.995023
vn 0.099649 0.0 0.995023
vn 0.049816 0.0 0.998758
vn 0.049816 0.0 0.998758
vn 0.0 0.0 1.0
vn 0.0 0.0 1.0
vn -0.049816 0.0 0.998758
vn -0.049816 0.0 0.998758
vn -0.099649 0.0 0.995023
vn -0.099649 0.0 0.995023
vn -0.148939 0.0 0.988846
vn -0.148939 0.0 0.988846
vn -0.198259 0.0 0.98015
vn -0.198259 0.0 0.98015
vn -0.246679 0.0 0.969097
vn -0.294843 0.0 0.955546
vn -0.246679 0.0 0.969097
vn -0.294843 0.0 0.955546
vn -0.342038 0.0 0.939686
vn -0.342038 0.0 0.939686
vn -0.388402 0.0 0.92149
vn -0.388402 0.0 0.92149
vn -0.433845 0.0 0.900988
vn -0.433845 0.0 0.900988
vn -0.478175 0.0 0.878265
vn -0.478175 0.0 0.878265
vn -0.521391 0.0 0.853318
vn -0.521391 0.0 0.853318
vn -0.563428 0.0 0.826165
vn -0.563428 0.0 0.826165
vn -0.603832 0.0 0.797112
vn -0.603832 0.0 0.797112
vn -0.642661 0.0 0.766151
vn -0.642661 0.0 0.766151
vn -0.680169 0.0 0.733055
vn -0.680169 0.0 0.733055
vn -0.715866 0.0 0.698238
vn -0.715866 0.0 0.698238
vn -0.749916 0.0 0.661533
vn -0.749916 0.0 0.661533
vn -0.78168 0.0 0.62368
vn -0.811985 0.0 0.583679
vn -0.78168 0.0 0.62368
vn -0.811985 0.0 0.583679
vn -0.840023 0.0 0.542551
vn -0.866065 0.0 0.499931
vn -0.840023 0.0 0.542551
vn -0.866065 0.0 0.499931
vn -0.889802 0.0 0.456346
vn -0.911516 0.0 0.411265
vn -0.889802 0.0 0.456346
vn -0.911516 0.0 0.411265
vn -0.930888 0.0 0.365304
vn -0.930888 0.0 0.365304
vn -0.947996 0.0 0.318284
vn -0.962643 0.0 0.270774
vn -0.947996 0.0 0.318284
vn -0.962643 0.0 0.270774
vn -0.974874 0.0 0.222758
vn -0.974874 0.0 0.222758
vn -0.984777 0.0 0.17382
vn -0.984777 0.0 0.17382
vn -0.992297 0.0 0.123884
vn -0.992297 0.0 0.123884
vn -0.99719 0.0 0.074918
vn -0.99719 0.0 0.074918
vn -0.999688 0.0 0.024971
vn -0.999688 0.0 0.024971
vn -0.999688 0.0 -0.024971
vn -0.999688 0.0 -0.024971
vn -0.99719 -0.0 -0.074918
vn -0.99719 0.0 -0.074918
vn -0.992297 0.0 -0.123884
vn -0.992297 0.0 -0.123884
vn -0.984777 0.0 -0.17382
vn -0.984777 0.0 -0.17382
vn -0.974874 0.0 -0.222758
vn -0.974874 0.0 -0.222758
vn -0.962643 -0.0 -0.270774
vn -0.962643 0.0 -0.270774
vn -0.947996 0.0 -0.318284
vn -0.947996 0.0 -0.318284
vn -0.930888 -0.0 -0.365304
vn -0.930888 0.0 -0.365304
vn -0.911516 -0.0 -0.411265
vn -0.911516 0.0 -0.411265
vn -0.889802 0.0 -0.456346
vn -0.889802 0.0 -0.456346
vn -0.866065 -0.0 -0.499931
vn -0.866065 0.0 -0.499931
vn -0.840023 -0.0 -0.542551
vn -0.840023 0.0 -0.542551
vn -0.811985 -0.0 -0.583679
vn -0.811985 0.0 -0.583679
vn -0.78168 0.0 -0.62368
vn -0.78168 0.0 -0.62368
vn -0.749916 -0.0 -0.661533
vn -0.749916 0.0 -0.661533
vn -0.715866 -0.0 -0.698238
vn -0.715866 0.0 -0.698238
vn -0.680169 0.0 -0.733055
vn -0.680169 0.0 -0.733055
vn -0.642661 -0.0 -0.766151
vn -0.642661 0.0 -0.766151
vn -0.603832 -0.0 -0.797112
vn -0.603832 0.0 -0.797112
vn -0.563428 0.0 -0.826165
vn -0.563428 -0.0 -0.826165
vn -0.521391 0.0 -0.853318
vn -0.521391 0.0 -0.853318
vn -0.478175 0.0 -0.878265
vn -0.478175 -0.0 -0.878265
vn -0.433845 0.0 -0.900988
vn -0.433845 -0.0 -0.900988
vn -0.388402 0.0 -0.92149
vn -0.388402 -0.0 -0.92149
vn -0.342038 -0.0 -0.939686
vn -0.342038 0.0 -0.939686
vn -0.294843 -0.0 -0.955546
vn -0.294843 0.0 -0.955546
vn -0.246679 -0.0 -0.969097
vn -0.246679 0.0 -0.969097
vn -0.198259 -0.0 -0.98015
vn -0.198259 0.0 -0.98015
vn -0.148939 0.0 -0.988846
vn -0.148939 0.0 -0.988846
vn -0.099649 -0.0 -0.995023
vn -0.099649 0.0 -0.995023
vn -0.049816 -0.0 -0.998758
vn -0.049816 0.0 -0.998758
vn 0.0 0.0 -1.0
vn 0.0 0.0 -1.0
vn 0.049816 0.0 -0.998758
vn 0.049816 0.0 -0.998758
vn 0.099649 0.0 -0.995023
vn 0.099649 0.0 -0.995023
vn 0.148939 0.0 -0.988846
vn 0.148939 0.0 -0.988846
vn 0.198259 0.0 -0.98015
vn 0.198259 0.0 -0.98015
vn 0.246679 0.0 -0.969097
vn 0.246679 0.0 -0.969097
vn 0.294843 0.0 -0.955546
vn 0.294843 0.0 -0.955546
vn 0.342038 0.0 -0.939686
vn 0.342038 0.0 -0.939686
vn 0.388402 0.0 -0.92149
vn 0.388402 0.0 -0.92149
vn 0.433845 0.0 -0.900988
vn 0.478175 0.0 -0.878265
vn 0.433845 0.0 -0.900988
vn 0.478175 0.0 -0.878265
vn 0.521391 0.0 -0.853318
vn 0.521391 0.0 -0.853318
vn 0.563428 0.0 -0.826165
vn 0.563428 0.0 -0.826165
vn 0.603832 0.0 -0.797112
vn 0.603832 0.0 -0.797112
vn 0.642661 0.0 -0.766151
vn 0.642661 0.0 -0.766151
vn 0.680169 0.0 -0.733055
vn 0.680169 0.0 -0.733055
vn 0.715866 0.0 -0.698238
vn 0.715866 0.0 -0.698238
vn 0.749916 0.0 -0.661533
vn 0.749916 0.0 -0.661533
vn 0.78168 0.0 -0.62368
vn 0.78168 0.0 -0.62368
vn 0.811985 0.0 -0.583679
vn 0.811985 0.0 -0.583679
vn 0.840023 0.0 -0.542551
vn 0.840023 0.0 -0.542551
vn 0.866065 0.0 -0.499931
vn 0.866065 0.0 -0.499931
vn 0.889802 0.0 -0.456346
vn 0.889802 0.0 -0.456346
vn 0.911516 0.0 -0.411265
vn 0.911516 0.0 -0.411265
vn 0.930888 0.0 -0.365304
vn 0.947996 0.0 -0.318284
vn 0.930888 0.0 -0.365304
vn 0.947996 0.0 -0.318284
vn 0.962643 0.0 -0.270774
vn 0.962643 0.0 -0.270774
vn 0.974874 0.0 -0.222758
vn 0.974874 0.0 -0.222758
vn 0.984777 0.0 -0.17382
vn 0.984777 0.0 -0.17382
vn 0.992297 0.0 -0.123884
vn 0.992297 0.0 -0.123884
vn 0.99719 0.0 -0.074918
vn 0.999688 0.0 -0.024971
vn 0.99719 0.0 -0.074918
vn 0.999688 0.0 -0.024971
vn -0.0 1.0 -0.0
vn -0.0 1.0 -0.0
vn 0.0 1.0 0.0
vn -0.0 1.0 -0.0
vn -0.0 1.0 -0.0
vn -0.0 1.0 -0.0
vn -0.0 1.0 -0.0
vn 0.0 1.0 0.0
vn -0.0 1.0 -0.0
vn -0.0 1.0 -0.0
vn 0.0 1.0 0.0
vn 0.0 1.0 0.0
vn 0.0 1.0 0.0
vn -0.0 1.0 -0.0
vn -0.0 1.0 -0.0
vn -0.0 1.0 -0.0
vn -0.0 1.0 -0.0
vn -0.0 1.0 -0.0
vn 0.0 1.0 0.0
vn 0.0 1.0 0.0
vn -0.0 1.0 -0.0
vn 0.0 1.0 0.0
vn -0.0 1.0 -0.0
vn 0.0 1.0 0.0
vn 0.0 1.0 0.0
vn 0.0 1.0 0.0
vn -0.0 1.0 0.0
vn 0.0 1.0 0.0
vn -0.0 1.0 0.0
vn -0.0 1.0 0.0
vn 0.0 1.0 0.0
vn 0.0 1.0 0.0
vn 0.0 1.0 0.0
vn -0.0 1.0 0.0
vn -0.0 1.0 0.0
vn -0.0 1.0 0.0
vn -0.0 1.0 0.0
vn -0.0 1.0 0.0
vn 0.0 1.0 -0.0
vn -0.0 1.0 0.0
vn -0.0 1.0 0.0
vn -0.0 1.0 0.0
vn -0.0 1.0 0.0
vn -0.0 1.0 -0.0
vn 0.0 1.0 0.0
vn 0.0 1.0 0.0
vn -0.0 1.0 0.0
vn 0.0 1.0 0.0
vn 0.0 1.0 0.0
vn -0.0 1.0 0.0
vn -0.0 1.0 0.0
vn 0.0 1.0 0.0
vn 0.0 1.0 0.0
vn 0.0 1.0 0.0
vn 0.0 1.0 0.0
vn 0.0 1.0 0.0
vn -0.0 1.0 0.0
vn -0.0 1.0 0.0
vn -0.0 1.0 0.0
vn 0.0 1.0 0.0
vn -0.0 1.0 0.0
vn -0.0 1.0 0.0
vn 0.0 1.0 0.0
vn 0.0 1.0 0.0
vn -0.0 1.0 0.0
vn -0.0 1.0 0.0
vn 0.0 1.0 0.0
vn -0.0 1.0 0.0
vn 0.0 1.0 -0.0
vn -0.0 1.0 0.0
vn -0.0 1.0 0.0
vn 0.0 1.0 -0.0
vn -0.0 1.0 0.0
vn 0.0 1.0 0.0
vn 0.0 1.0 0.0
vn 0.0 1.0 0.0
vn 0.0 1.0 0.0
vn -0.0 1.0 0.0
vn -0.0 1.0 0.0
vn 0.0 1.0 0.0
vn 0.0 1.0 0.0
vn -0.0 1.0 0.0
vn -0.0 1.0 0.0
vn 0.0 1.0 0.0
vn 0.0 1.0 0.0
vn 0.0 1.0 0.0
vn -0.0 1.0 0.0
vn -0.0 1.0 0.0
vn -0.0 1.0 0.0
vn 0.0 1.0 0.0
vn 0.0 1.0 0.0
vn 0.0 1.0 0.0
vn 0.0 1.0 0.0
vn 0.0 1.0 0.0
vn 0.0 1.0 0.0
vn 0.0 1.0 0.0
vn 0.0 1.0 0.0
vn 0.0 1.0 0.0
vn 0.0 1.0 0.0
vn 0.0 1.0 0.0
vn 0.0 1.0 0.0
vn 0.0 1.0 0.0
vn 0.0 1.0 0.0
vn 0.0 1.0 0.0
vn 0.0 1.0 -0.0
vn 0.0 1.0 0.0
vn 0.0 1.0 0.0
vn 0.0 1.0 0.0
vn 0.0 1.0 0.0
vn 0.0 1.0 0.0
vn 0.0 1.0 0.0
vn 0.0 1.0 0.0
vn 0.0 1.0 0.0
vn 0.0 1.0 0.0
vn 0.0 1.0 0.0
vn 0.0 1.0 0.0
vn 0.0 1.0 0.0
vn 0.0 1.0 0.0
vn 0.0 1.0 0.0
vn 0.0 1.0 0.0
vn 0.0 1.0 0.0
vn 0.0 1.0 0.0
vn 0.0 1.0 0.0
vn 0.0 1.0 0.0
vn 0.0 -1.0 0.0
vn 0.0 -1.0 0.0
vn 0.0 -1.0 0.0
vn 0.0 -1.0 0.0
vn 0.0 -1.0 0.0
vn 0.0 -1.0 0.0
vn 0.0 -1.0 0.0
vn 0.0 -1.0 0.0
vn 0.0 -1.0 0.0
vn 0.0 -1.0 0.0
vn 0.0 -1.0 0.0
vn 0.0 -1.0 0.0
vn 0.0 -1.0 0.0
vn 0.0 -1.0 0.0
vn 0.0 -1.0 0.0
vn 0.0 -1.0 0.0
vn 0.0 -1.0 0.0
vn 0.0 -1.0 0.0
vn 0.0 -1.0 0.0
vn 0.0 -1.0 0.0
vn 0.0 -1.0 0.0
vn 0.0 -1.0 0.0
vn 0.0 -1.0 0.0
vn 0.0 -1.0 0.0
vn 0.0 -1.0 0.0
vn 0.0 -1.0 0.0
vn 0.0 -1.0 -0.0
vn 0.0 -1.0 0.0
vn 0.0 -1.0 0.0
vn 0.0 -1.0 0.0
vn 0.0 -1.0 0.0
vn 0.0 -1.0 0.0
vn 0.0 -1.0 0.0
vn 0.0 -1.0 0.0
vn 0.0 -1.0 0.0
vn 0.0 -1.0 0.0
vn 0.0 -1.0 0.0
vn 0.0 -1.0 0.0
vn 0.0 -1.0 0.0
vn 0.0 -1.0 0.0
vn 0.0 -1.0 0.0
vn 0.0 -1.0 -0.0
vn 0.0 -1.0 0.0
vn 0.0 -1.0 0.0
vn 0.0 -1.0 0.0
vn 0.0 -1.0 0.0
vn 0.0 -1.0 0.0
vn 0.0 -1.0 0.0
vn 0.0 -1.0 0.0
vn 0.0 -1.0 0.0
vn 0.0 -1.0 0.0
vn 0.0 -1.0 0.0
vn 0.0 -1.0 0.0
vn 0.0 -1.0 0.0
vn 0.0 -1.0 0.0
vn 0.0 -1.0 0.0
vn 0.0 -1.0 0.0
vn 0.0 -1.0 0.0
vn 0.0 -1.0 0.0
vn 0.0 -1.0 0.0
vn 0.0 -1.0 0.0
vn 0.0 -1.0 0.0
vn 0.0 -1.0 0.0
vn 0.0 -1.0 0.0
vn 0.0 -1.0 0.0
vn 0.0 -1.0 0.0
vn 0.0 -1.0 0.0
vn 0.0 -1.0 -0.0
vn 0.0 -1.0 0.0
vn 0.0 -1.0 0.0
vn 0.0 -1.0 0.0
vn 0.0 -1.0 0.0
vn 0.0 -1.0 0.0
vn 0.0 -1.0 0.0
vn 0.0 -1.0 0.0
vn 0.0 -1.0 0.0
vn 0.0 -1.0 0.0
vn 0.0 -1.0 0.0
vn 0.0 -1.0 0.0
vn 0.0 -1.0 0.0
vn 0.0 -1.0 0.0
vn 0.0 -1.0 -0.0
vn 0.0 -1.0 0.0
vn -0.0 -1.0 0.0
vn 0.0 -1.0 0.0
vn 0.0 -1.0 0.0
vn 0.0 -1.0 0.0
vn 0.0 -1.0 0.0
vn 0.0 -1.0 0.0
vn 0.0 -1.0 0.0
vn 0.0 -1.0 0.0
vn 0.0 -1.0 0.0
vn 0.0 -1.0 0.0
vn -0.0 -1.0 0.0
vn 0.0 -1.0 0.0
vn 0.0 -1.0 0.0
vn 0.0 -1.0 0.0
vn 0.0 -1.0 0.0
vn 0.0 -1.0 0.0
vn 0.0 -1.0 0.0
vn 0.0 -1.0 0.0
vn 0.0 -1.0 0.0
vn 0.0 -1.0 0.0
vn 0.0 -1.0 0.0
vn 0.0 -1.0 0.0
vn 0.0 -1.0 0.0
vn 0.0 -1.0 0.0
vn 0.0 -1.0 0.0
vn 0.0 -1.0 0.0
vn 0.0 -1.0 0.0
vn 0.0 -1.0 0.0
vn 0.0 -1.0 0.0
vn 0.0 -1.0 0.0
vn -0.0 -1.0 -0.0
vn 0.0 -1.0 0.0
vn 0.0 -1.0 0.0
vn 0.0 -1.0 0.0
vn 0.0 -1.0 0.0
vn 0.0 -1.0 0.0
vn 0.0 -1.0 0.0
vn 0.0 -1.0 0.0
vn -0.0 -1.0 -0.0
vn 0.0 -1.0 0.0
vn 0.0 -1.0 0.0
vn 0.999688 0.0 0.024971
vn 0.999688 0.0 0.024971
vn 0.99719 0.0 0.074918
vn 0.992297 -0.0 0.123884
vn 0.99719 0.0 0.074918
vn 0.992297 0.0 0.123884
vn 0.984777 0.0 0.17382
vn 0.974874 -0.0 0.222758
vn 0.984777 0.0 0.17382
vn 0.974874 0.0 0.222758
vn 0.962643 0.0 0.270774
vn 0.962643 0.0 0.270774
vn 0.947996 0.0 0.318284
vn 0.930888 -0.0 0.365304
vn 0.947996 0.0 0.318284
vn 0.930888 0.0 0.365304
vn 0.911516 0.0 0.411265
vn 0.911516 0.0 0.411265
vn 0.889802 0.0 0.456346
vn 0.889802 0.0 0.456346
vn 0.866065 0.0 0.499931
vn 0.866065 0.0 0.499931
vn 0.840023 -0.0 0.542551
vn 0.840023 0.0 0.542551
vn 0.811985 0.0 0.583679
vn 0.811985 0.0 0.583679
vn 0.78168 0.0 0.62368
vn 0.78168 0.0 0.62368
vn 0.749916 0.0 0.661533
vn 0.715866 -0.0 0.698238
vn 0.749916 0.0 0.661533
vn 0.715866 0.0 0.698238
vn 0.680169 0.0 0.733055
vn 0.680169 0.0 0.733055
vn 0.642661 0.0 0.766151
vn 0.603832 -0.0 0.797112
vn 0.642661 0.0 0.766151
vn 0.603832 0.0 0.797112
vn 0.563428 0.0 0.826165
vn 0.563428 0.0 0.826165
vn 0.521391 0.0 0.853318
vn 0.521391 0.0 0.853318
vn 0.478175 0.0 0.878265
vn 0.478175 0.0 0.878265
vn 0.433845 0.0 0.900988
vn 0.433845 0.0 0.900988
vn 0.388402 0.0 0.92149
vn 0.388402 0.0 0.92149
vn 0.342038 0.0 0.939686
vn 0.342038 0.0 0.939686
vn 0.294843 0.0 0.955546
vn 0.294843 0.0 0.955546
vn 0.246679 0.0 0.969097
vn 0.246679 0.0 0.969097
vn 0.198259 0.0 0.98015
vn 0.148939 -0.0 0.988846
vn 0.198259 0.0 0.98015
vn 0.148939 0.0 0.988846
vn 0.099649 0.0 0.995023
vn 0.099649 0.0 0.995023
vn 0.049816 0.0 0.998758
vn 0.049816 0.0 0.998758
vn 0.0 0.0 1.0
vn 0.0 0.0 1.0
vn -0.049816 0.0 0.998758
vn -0.049816 0.0 0.998758
vn -0.099649 0.0 0.995023
vn -0.099649 0.0 0.995023
vn -0.148939 0.0 0.988846
vn -0.148939 0.0 0.988846
vn -0.198259 0.0 0.98015
vn -0.198259 0.0 0.98015
vn -0.246679 0.0 0.969097
vn -0.294843 0.0 0.955546
vn -0.246679 0.0 0.969097
vn -0.294843 0.0 0.955546
vn -0.342038 0.0 0.939686
vn -0.342038 0.0 0.939686
vn -0.388402 0.0 0.92149
vn -0.388402 0.0 0.92149
vn -0.433845 0.0 0.900988
vn -0.433845 0.0 0.900988
vn -0.478175 0.0 0.878265
vn -0.478175 0.0 0.878265
vn -0.521391 0.0 0.853318
vn -0.521391 0.0 0.853318
vn -0.563428 0.0 0.826165
vn -0.563428 0.0 0.826165
vn -0.603832 0.0 0.797112
vn -0.603832 0.0 0.797112
vn -0.642661 0.0 0.766151
vn -0.642661 0.0 0.766151
vn -0.680169 0.0 0.733055
vn -0.680169 0.0 0.733055
vn -0.715866 0.0 0.698238
vn -0.715866 0.0 0.698238
vn -0.749916 0.0 0.661533
vn -0.749916 0.0 0.661533
vn -0.78168 0.0 0.62368
vn -0.811985 0.0 0.583679
vn -0.78168 0.0 0.62368
vn -0.811985 0.0 0.583679
vn -0.840023 0.0 0.542551
vn -0.866065 0.0 0.499931
vn -0.840023 0.0 0.542551
vn -0.866065 0.0 0.499931
vn -0.889802 0.0 0.456346
vn -0.911516 0.0 0.411265
vn -0.889802 0.0 0.456346
vn -0.911516 0.0 0.411265
vn -0.930888 0.0 0.365304
vn -0.930888 0.0 0.365304
vn -0.947996 0.0 0.318284
vn -0.962643 0.0 0.270774
vn -0.947996 0.0 0.318284
vn -0.962643 0.0 0.270774
vn -0.974874 0.0 0.222758
vn -0.974874 0.0 0.222758
vn -0.984777 0.0 0.17382
vn -0.984777 0.0 0.17382
vn -0.992297 0.0 0.123884
vn -0.992297 0.0 0.123884
vn -0.99719 0.0 0.074918
vn -0.99719 0.0 0.074918
vn -0.999688 0.0 0.024971
vn -0.999688 0.0 0.024971
vn -0.999688 0.0 -0.024971
vn -0.999688 0.0 -0.024971
vn -0.99719 -0.0 -0.074918
vn -0.99719 0.0 -0.074918
vn -0.992297 0.0 -0.123884
vn -0.992297 0.0 -0.123884
vn -0.984777 0.0 -0.17382
vn -0.984777 0.0 -0.17382
vn -0.974874 0.0 -0.222758
vn -0.974874 0.0 -0.222758
vn -0.962643 -0.0 -0.270774
vn -0.962643 0.0 -0.270774
vn -0.947996 0.0 -0.318284
vn -0.947996 0.0 -0.318284
vn -0.930888 -0.0 -0.365304
vn -0.930888 0.0 -0.365304
vn -0.911516 -0.0 -0.411265
vn -0.911516 0.0 -0.411265
vn -0.889802 0.0 -0.456346
vn -0.889802 0.0 -0.456346
vn -0.866065 -0.0 -0.499931
vn -0.866065 0.0 -0.499931
vn -0.840023 -0.0 -0.542551
vn -0.840023 0.0 -0.542551
vn -0.811985 -0.0 -0.583679
vn -0.811985 0.0 -0.583679
vn -0.78168 0.0 -0.62368
vn -0.78168 0.0 -0.62368
vn -0.749916 -0.0 -0.661533
vn -0.749916 0.0 -0.661533
vn -0.715866 -0.0 -0.698238
vn -0.715866 0.0 -0.698238
vn -0.680169 0.0 -0.733055
vn -0.680169 0.0 -0.733055
vn -0.642661 -0.0 -0.766151
vn -0.642661 0.0 -0.766151
vn -0.603832 -0.0 -0.797112
vn -0.603832 0.0 -0.797112
vn -0.563428 0.0 -0.826165
vn -0.563428 -0.0 -0.826165
vn -0.521391 0.0 -0.853318
vn -0.521391 0.0 -0.853318
vn -0.478175 0.0 -0.878265
vn -0.478175 -0.0 -0.878265
vn -0.433845 0.0 -0.900988
vn -0.433845 -0.0 -0.900988
vn -0.388402 0.0 -0.92149
vn -0.388402 -0.0 -0.92149
vn -0.342038 -0.0 -0.939686
vn -0.342038 0.0 -0.939686
vn -0.294843 -0.0 -0.955546
vn -0.294843 0.0 -0.955546
vn -0.246679 -0.0 -0.969097
vn -0.246679 0.0 -0.969097
vn -0.198259 -0.0 -0.98015
vn -0.198259 0.0 -0.98015
vn -0.148939 0.0 -0.988846
vn -0.148939 0.0 -0.988846
vn -0.099649 -0.0 -0.995023
vn -0.099649 0.0 -0.995023
vn -0.049816 -0.0 -0.998758
vn -0.049816 0.0 -0.998758
vn 0.0 0.0 -1.0
vn 0.0 0.0 -1.0
vn 0.049816 0.0 -0.998758
vn 0.049816 0.0 -0.998758
vn 0.099649 0.0 -0.995023
vn 0.099649 0.0 -0.995023
vn 0.148939 0.0 -0.988846
vn 0.148939 0.0 -0.988846
vn 0.198259 0.0 -0.98015
vn 0.198259 0.0 -0.98015
vn 0.246679 0.0 -0.969097
vn 0.246679 0.0 -0.969097
vn 0.294843 0.0 -0.955546
vn 0.294843 0.0 -0.955546
vn 0.342038 0.0 -0.939686
vn 0.342038 0.0 -0.939686
vn 0.388402 0.0 -0.92149
vn 0.388402 0.0 -0.92149
vn 0.433845 0.0 -0.900988
vn 0.478175 0.0 -0.878265
vn 0.433845 0.0 -0.900988
vn 0.478175 0.0 -0.878265
vn 0.521391 0.0 -0.853318
vn 0.521391 0.0 -0.853318
vn 0.563428 0.0 -0.826165
vn 0.563428 0.0 -0.826165
vn 0.603832 0.0 -0.797112
vn 0.603832 0.0 -0.797112
vn 0.642661 0.0 -0.766151
vn 0.642661 0.0 -0.766151
vn 0.680169 0.0 -0.733055
vn 0.680169 0.0 -0.733055
vn 0.715866 0.0 -0.698238
vn 0.715866 0.0 -0.698238
vn 0.749916 0.0 -0.661533
vn 0.749916 0.0 -0.661533
vn 0.78168 0.0 -0.62368
vn 0.78168 0.0 -0.62368
vn 0.811985 0.0 -0.583679
vn 0.811985 0.0 -0.583679
vn 0.840023 0.0 -0.542551
vn 0.840023 0.0 -0.542551
vn 0.866065 0.0 -0.499931
vn 0.866065 0.0 -0.499931
vn 0.889802 0.0 -0.456346
vn 0.889802 0.0 -0.456346
vn 0.911516 0.0 -0.411265
vn 0.911516 0.0 -0.411265
vn 0.930888 0.0 -0.365304
vn 0.947996 0.0 -0.318284
vn 0.930888 0.0 -0.365304
vn 0.947996 0.0 -0.318284
vn 0.962643 0.0 -0.270774
vn 0.962643 0.0 -0.270774
vn 0.974874 0.0 -0.222758
vn 0.974874 0.0 -0.222758
vn 0.984777 0.0 -0.17382
vn 0.984777 0.0 -0.17382
vn 0.992297 0.0 -0.123884
vn 0.992297 0.0 -0.123884
vn 0.99719 0.0 -0.074918
vn 0.999688 0.0 -0.024971
vn 0.99719 0.0 -0.074918
vn 0.999688 0.0 -0.024971
vn -0.0 1.0 -0.0
vn -0.0 1.0 -0.0
vn 0.0 1.0 0.0
vn -0.0 1.0 -0.0
vn -0.0 1.0 -0.0
vn -0.0 1.0 -0.0
vn -0.0 1.0 -0.0
vn 0.0 1.0 0.0
vn -0.0 1.0 -0.0
vn -0.0 1.0 -0.0
vn 0.0 1.0 0.0
vn 0.0 1.0 0.0
vn 0.0 1.0 0.0
vn -0.0 1.0 -0.0
vn -0.0 1.0 -0.0
vn -0.0 1.0 -0.0
vn -0.0 1.0 -0.0
vn -0.0 1.0 -0.0
vn 0.0 1.0 0.0
vn 0.0 1.0 0.0
vn -0.0 1.0 -0.0
vn 0.0 1.0 0.0
vn -0.0 1.0 -0.0
vn 0.0 1.0 0.0
vn 0.0 1.0 0.0
vn 0.0 1.0 0.0
vn -0.0 1.0 0.0
vn 0.0 1.0 0.0
vn -0.0 1.0 0.0
vn -0.0 1.0 0.0
vn 0.0 1.0 0.0
vn 0.0 1.0 0.0
vn 0.0 1.0 0.0
vn -0.0 1.0 0.0
vn -0.0 1.0 0.0
vn -0.0 1.0 0.0
vn -0.0 1.0 0.0
vn -0.0 1.0 0.0
vn 0.0 1.0 -0.0
vn -0.0 1.0 0.0
vn -0.0 1.0 0.0
vn -0.0 1.0 0.0
vn -0.0 1.0 0.0
vn -0.0 1.0 -0.0
vn 0.0 1.0 0.0
vn 0.0 1.0 0.0
vn -0.0 1.0 0.0
vn 0.0 1.0 0.0
vn 0.0 1.0 0.0
vn -0.0 1.0 0.0
vn -0.0 1.0 0.0
vn 0.0 1.0 0.0
vn 0.0 1.0 0.0
vn 0.0 1.0 0.0
vn 0.0 1.0 0.0
vn 0.0 1.0 0.0
vn -0.0 1.0 0.0
vn -0.0 1.0 0.0
vn -0.0 1.0 0.0
vn 0.0 1.0 0.0
vn -0.0 1.0 0.0
vn -0.0 1.0 0.0
vn 0.0 1.0 0.0
vn 0.0 1.0 0.0
vn -0.0 1.0 0.0
vn -0.0 1.0 0.0
vn 0.0 1.0 0.0
vn -0.0 1.0 0.0
vn 0.0 1.0 -0.0
vn -0.0 1.0 0.0
vn -0.0 1.0 0.0
vn 0.0 1.0 -0.0
vn -0.0 1.0 0.0
vn 0.0 1.0 0.0
vn 0.0 1.0 0.0
vn 0.0 1.0 0.0
vn 0.0 1.0 0.0
vn -0.0 1.0 0.0
vn -0.0 1.0 0.0
vn 0.0 1.0 0.0
vn 0.0 1.0 0.0
vn -0.0 1.0 0.0
vn -0.0 1.0 0.0
vn 0.0 1.0 0.0
vn 0.0 1.0 0.0
vn 0.0 1.0 0.0
vn -0.0 1.0 0.0
vn -0.0 1.0 0.0
vn -0.0 1.0 0.0
vn 0.0 1.0 0.0
vn 0.0 1.0 0.0
vn 0.0 1.0 0.0
vn 0.0 1.0 0.0
vn 0.0 1.0 0.0
vn 0.0 1.0 0.0
vn 0.0 1.0 0.0
vn 0.0 1.0 0.0
vn 0.0 1.0 0.0
vn 0.0 1.0 0.0
vn 0.0 1.0 0.0
vn 0.0 1.0 0.0
vn 0.0 1.0 0.0
vn 0.0 1.0 0.0
vn 0.0 1.0 0.0
vn 0.0 1.0 -0.0
vn 0.0 1.0 0.0
vn 0.0 1.0 0.0
vn 0.0 1.0 0.0
vn 0.0 1.0 0.0
vn 0.0 1.0 0.0
vn 0.0 1.0 0.0
vn 0.0 1.0 0.0
vn 0.0 1.0 0.0
vn 0.0 1.0 0.0
vn 0.0 1.0 0.0
vn 0.0 1.0 0.0
vn 0.0 1.0 0.0
vn 0.0 1.0 0.0
vn 0.0 1.0 0.0
vn 0.0 1.0 0.0
vn 0.0 1.0 0.0
vn 0.0 1.0 0.0
vn 0.0 1.0 0.0
vn 0.0 1.0 0.0
vn 0.0 -1.0 0.0
vn 0.0 -1.0 0.0
vn 0.0 -1.0 0.0
vn 0.0 -1.0 0.0
vn 0.0 -1.0 0.0
vn 0.0 -1.0 0.0
vn 0.0 -1.0 0.0
vn 0.0 -1.0 0.0
vn 0.0 -1.0 0.0
vn 0.0 -1.0 0.0
vn 0.0 -1.0 0.0
vn 0.0 -1.0 0.0
vn 0.0 -1.0 0.0
vn 0.0 -1.0 0.0
vn 0.0 -1.0 0.0
vn 0.0 -1.0 0.0
vn 0.0 -1.0 0.0
vn 0.0 -1.0 0.0
vn 0.0 -1.0 0.0
vn 0.0 -1.0 0.0
vn 0.0 -1.0 0.0
vn 0.0 -1.0 0.0
vn 0.0 -1.0 0.0
vn 0.0 -1.0 0.0
vn 0.0 -1.0 0.0
vn 0.0 -1.0 0.0
vn 0.0 -1.0 -0.0
vn 0.0 -1.0 0.0
vn 0.0 -1.0 0.0
vn 0.0 -1.0 0.0
vn 0.0 -1.0 0.0
vn 0.0 -1.0 0.0
vn 0.0 -1.0 0.0
vn 0.0 -1.0 0.0
vn 0.0 -1.0 0.0
vn 0.0 -1.0 0.0
vn 0.0 -1.0 0.0
vn 0.0 -1.0 0.0
vn 0.0 -1.0 0.0
vn 0.0 -1.0 0.0
vn 0.0 -1.0 0.0
vn 0.0 -1.0 -0.0
vn 0.0 -1.0 0.0
vn 0.0 -1.0 0.0
vn 0.0 -1.0 0.0
vn 0.0 -1.0 0.0
vn 0.0 -1.0 0.0
vn 0.0 -1.0 0.0
vn 0.0 -1.0 0.0
vn 0.0 -1.0 0.0
vn 0.0 -1.0 0.0
vn 0.0 -1.0 0.0
vn 0.0 -1.0 0.0
vn 0.0 -1.0 0.0
vn 0.0 -1.0 0.0
vn 0.0 -1.0 0.0
vn 0.0 -1.0 0.0
vn 0.0 -1.0 0.0
vn 0.0 -1.0 0.0
vn 0.0 -1.0 0.0
vn 0.0 -1.0 0.0
vn 0.0 -1.0 0.0
vn 0.0 -1.0 0.0
vn 0.0 -1.0 0.0
vn 0.0 -1.0 0.0
vn 0.0 -1.0 0.0
vn 0.0 -1.0 0.0
vn 0.0 -1.0 -0.0
vn 0.0 -1.0 0.0
vn 0.0 -1.0 0.0
vn 0.0 -1.0 0.0
vn 0.0 -1.0 0.0
vn 0.0 -1.0 0.0
vn 0.0 -1.0 0.0
vn 0.0 -1.0 0.0
vn 0.0 -1.0 0.0
vn 0.0 -1.0 0.0
vn 0.0 -1.0 0.0
vn 0.0 -1.0 0.0
vn 0.0 -1.0 0.0
vn 0.0 -1.0 0.0
vn 0.0 -1.0 -0.0
vn 0.0 -1.0 0.0
vn -0.0 -1.0 0.0
vn 0.0 -1.0 0.0
vn 0.0 -1.0 0.0
vn 0.0 -1.0 0.0
vn 0.0 -1.0 0.0
vn 0.0 -1.0 0.0
vn 0.0 -1.0 0.0
vn 0.0 -1.0 0.0
vn 0.0 -1.0 0.0
vn 0.0 -1.0 0.0
vn -0.0 -1.0 0.0
vn 0.0 -1.0 0.0
vn 0.0 -1.0 0.0
vn 0.0 -1.0 0.0
vn 0.0 -1.0 0.0
vn 0.0 -1.0 0.0
vn 0.0 -1.0 0.0
vn 0.0 -1.0 0.0
vn 0.0 -1.0 0.0
vn 0.0 -1.0 0.0
vn 0.0 -1.0 0.0
vn 0.0 -1.0 0.0
vn 0.0 -1.0 0.0
vn 0.0 -1.0 0.0
vn 0.0 -1.0 0.0
vn 0.0 -1.0 0.0
vn 0.0 -1.0 0.0
vn 0.0 -1.0 0.0
vn 0.0 -1.0 0.0
vn 0.0 -1.0 0.0
vn -0.0 -1.0 -0.0
vn 0.0 -1.0 0.0
vn 0.0 -1.0 0.0
vn 0.0 -1.0 0.0
vn 0.0 -1.0 0.0
vn 0.0 -1.0 0.0
vn 0.0 -1.0 0.0
vn 0.0 -1.0 0.0
vn -0.0 -1.0 -0.0
vn 0.0 -1.0 0.0
vn 0.0 -1.0 0.0
vn 0.999688 0.0 0.024972
vn 0.999688 0.0 0.024972
vn 0.99719 0.0 0.074913
vn 0.992297 -0.0 0.123884
vn 0.99719 0.0 0.074913
vn 0.992297 0.0 0.123884
vn 0.984779 0.0 0.17381
vn 0.974868 -0.0 0.222785
vn 0.984779 0.0 0.17381
vn 0.974868 0.0 0.222785
vn 0.962643 0.0 0.270774
vn 0.962643 0.0 0.270774
vn 0.947996 0.0 0.318284
vn 0.930897 -0.0 0.365283
vn 0.947996 0.0 0.318284
vn 0.930897 0.0 0.365283
vn 0.911505 0.0 0.411288
vn 0.911505 0.0 0.411288
vn 0.889815 0.0 0.456322
vn 0.889815 0.0 0.456322
vn 0.866065 0.0 0.499931
vn 0.866065 0.0 0.499931
vn 0.840041 -0.0 0.542523
vn 0.840041 0.0 0.542523
vn 0.811985 0.0 0.583679
vn 0.811985 0.0 0.583679
vn 0.78168 0.0 0.62368
vn 0.78168 0.0 0.62368
vn 0.749863 0.0 0.661593
vn 0.715866 -0.0 0.698238
vn 0.749863 0.0 0.661593
vn 0.715866 0.0 0.698238
vn 0.680202 0.0 0.733025
vn 0.680202 0.0 0.733025
vn 0.642697 0.0 0.766121
vn 0.603793 -0.0 0.797141
vn 0.642697 0.0 0.766121
vn 0.603793 0.0 0.797141
vn 0.563428 0.0 0.826165
vn 0.563428 0.0 0.826165
vn 0.521346 0.0 0.853345
vn 0.521346 0.0 0.853345
vn 0.478175 0.0 0.878265
vn 0.478175 0.0 0.878265
vn 0.433895 0.0 0.900964
vn 0.433895 0.0 0.900964
vn 0.388454 0.0 0.921468
vn 0.388454 0.0 0.921468
vn 0.342038 0.0 0.939686
vn 0.342038 0.0 0.939686
vn 0.294843 0.0 0.955546
vn 0.294843 0.0 0.955546
vn 0.246622 0.0 0.969112
vn 0.246622 0.0 0.969112
vn 0.198259 0.0 0.98015
vn 0.148999 -0.0 0.988837
vn 0.198259 0.0 0.98015
vn 0.148999 0.0 0.988837
vn 0.099589 0.0 0.995029
vn 0.099589 0.0 0.995029
vn 0.049816 0.0 0.998758
vn 0.049816 0.0 0.998758
vn 0.0 0.0 1.0
vn 0.0 0.0 1.0
vn -0.049816 0.0 0.998758
vn -0.049816 0.0 0.998758
vn -0.099589 0.0 0.995029
vn -0.099589 0.0 0.995029
vn -0.148999 0.0 0.988837
vn -0.148999 0.0 0.988837
vn -0.198259 0.0 0.98015
vn -0.198259 0.0 0.98015
vn -0.246622 0.0 0.969112
vn -0.294843 0.0 0.955546
vn -0.246622 0.0 0.969112
vn -0.294843 0.0 0.955546
vn -0.342038 0.0 0.939686
vn -0.342038 0.0 0.939686
vn -0.388454 0.0 0.921468
vn -0.388454 0.0 0.921468
vn -0.433895 0.0 0.900964
vn -0.433895 0.0 0.900964
vn -0.478175 0.0 0.878265
vn -0.478175 0.0 0.878265
vn -0.521346 0.0 0.853345
vn -0.521346 0.0 0.853345
vn -0.563428 0.0 0.826165
vn -0.563428 0.0 0.826165
vn -0.603793 0.0 0.797141
vn -0.603793 0.0 0.797141
vn -0.642697 0.0 0.766121
vn -0.642697 0.0 0.766121
vn -0.680202 0.0 0.733025
vn -0.680202 0.0 0.733025
vn -0.715866 0.0 0.698238
vn -0.715866 0.0 0.698238
vn -0.749863 0.0 0.661593
vn -0.749863 0.0 0.661593
vn -0.78168 0.0 0.62368
vn -0.811985 0.0 0.583679
vn -0.78168 0.0 0.62368
vn -0.811985 0.0 0.583679
vn -0.840041 0.0 0.542523
vn -0.866065 0.0 0.499931
vn -0.840041 0.0 0.542523
vn -0.866065 0.0 0.499931
vn -0.889815 0.0 0.456322
vn -0.911505 0.0 0.411288
vn -0.889815 0.0 0.456322
vn -0.911505 0.0 0.411288
vn -0.930897 0.0 0.365283
vn -0.930897 0.0 0.365283
vn -0.947996 0.0 0.318284
vn -0.962643 0.0 0.270774
vn -0.947996 0.0 0.318284
vn -0.962643 0.0 0.270774
vn -0.974868 0.0 0.222785
vn -0.974868 0.0 0.222785
vn -0.984779 0.0 0.17381
vn -0.984779 0.0 0.17381
vn -0.992297 0.0 0.123884
vn -0.992297 0.0 0.123884
vn -0.99719 0.0 0.074913
vn -0.99719 0.0 0.074913
vn -0.999688 0.0 0.024972
vn -0.999688 0.0 0.024972
vn -0.999688 0.0 -0.024972
vn -0.999688 0.0 -0.024972
vn -0.99719 -0.0 -0.074913
vn -0.99719 0.0 -0.074913
vn -0.992297 0.0 -0.123884
vn -0.992297 0.0 -0.123884
vn -0.984779 0.0 -0.17381
vn -0.984779 0.0 -0.17381
vn -0.974868 0.0 -0.222785
vn -0.974868 0.0 -0.222785
vn -0.962643 -0.0 -0.270774
vn -0.962643 0.0 -0.270774
vn -0.947996 0.0 -0.318284
vn -0.947996 0.0 -0.318284
vn -0.930897 -0.0 -0.365283
vn -0.930897 0.0 -0.365283
vn -0.911505 -0.0 -0.411288
vn -0.911505 0.0 -0.411288
vn -0.889815 0.0 -0.456322
vn -0.889815 0.0 -0.456322
vn -0.866065 -0.0 -0.499931
vn -0.866065 0.0 -0.499931
vn -0.840041 -0.0 -0.542523
vn -0.840041 0.0 -0.542523
vn -0.811985 -0.0 -0.583679
vn -0.811985 0.0 -0.583679
vn -0.78168 0.0 -0.62368
vn -0.78168 0.0 -0.62368
vn -0.749863 -0.0 -0.661593
vn -0.749863 0.0 -0.661593
vn -0.715866 -0.0 -0.698238
vn -0.715866 0.0 -0.698238
vn -0.680202 0.0 -0.733025
vn -0.680202 0.0 -0.733025
vn -0.642697 -0.0 -0.766121
vn -0.642697 0.0 -0.766121
vn -0.603793 -0.0 -0.797141
vn -0.603793 0.0 -0.797141
vn -0.563428 0.0 -0.826165
vn -0.563428 -0.0 -0.826165
vn -0.521346 0.0 -0.853345
vn -0.521346 0.0 -0.853345
vn -0.478175 0.0 -0.878265
vn -0.478175 -0.0 -0.878265
vn -0.433895 0.0 -0.900964
vn -0.433895 -0.0 -0.900964
vn -0.388454 0.0 -0.921468
vn -0.388454 -0.0 -0.921468
vn -0.342038 -0.0 -0.939686
vn -0.342038 0.0 -0.939686
vn -0.294843 -0.0 -0.955546
vn -0.294843 0.0 -0.955546
vn -0.246622 -0.0 -0.969112
vn -0.246622 0.0 -0.969112
vn -0.198259 -0.0 -0.98015
vn -0.198259 0.0 -0.98015
vn -0.148999 0.0 -0.988837
vn -0.148999 0.0 -0.988837
vn -0.099589 -0.0 -0.995029
vn -0.099589 0.0 -0.995029
vn -0.049816 -0.0 -0.998758
vn -0.049816 0.0 -0.998758
vn 0.0 0.0 -1.0
vn 0.0 0.0 -1.0
vn 0.049816 0.0 -0.998758
vn 0.049816 0.0 -0.998758
vn 0.099589 0.0 -0.995029
vn 0.099589 0.0 -0.995029
vn 0.148999 0.0 -0.988837
vn 0.148999 0.0 -0.988837
vn 0.198259 0.0 -0.98015
vn 0.198259 0.0 -0.98015
vn 0.246622 0.0 -0.969112
vn 0.246622 0.0 -0.969112
vn 0.294843 0.0 -0.955546
vn 0.294843 0.0 -0.955546
vn 0.342038 0.0 -0.939686
vn 0.342038 0.0 -0.939686
vn 0.388454 0.0 -0.921468
vn 0.388454 0.0 -0.921468
vn 0.433895 0.0 -0.900964
vn 0.478175 0.0 -0.878265
vn 0.433895 0.0 -0.900964
vn 0.478175 0.0 -0.878265
vn 0.521346 0.0 -0.853345
vn 0.521346 0.0 -0.853345
vn 0.563428 0.0 -0.826165
vn 0.563428 0.0 -0.826165
vn 0.603793 0.0 -0.797141
vn 0.603793 0.0 -0.797141
vn 0.642697 0.0 -0.766121
vn 0.642697 0.0 -0.766121
vn 0.680202 0.0 -0.733025
vn 0.680202 0.0 -0.733025
vn 0.715866 0.0 -0.698238
vn 0.715866 0.0 -0.698238
vn 0.749863 0.0 -0.661593
vn 0.749863 0.0 -0.661593
vn 0.78168 0.0 -0.62368
vn 0.78168 0.0 -0.62368
vn 0.811985 0.0 -0.583679
vn 0.811985 0.0 -0.583679
vn 0.840041 0.0 -0.542523
vn 0.840041 0.0 -0.542523
vn 0.866065 0.0 -0.499931
vn 0.866065 0.0 -0.499931
vn 0.889815 0.0 -0.456322
vn 0.889815 0.0 -0.456322
vn 0.911505 0.0 -0.411288
vn 0.911505 0.0 -0.411288
vn 0.930897 0.0 -0.365283
vn 0.947996 0.0 -0.318284
vn 0.930897 0.0 -0.365283
vn 0.947996 0.0 -0.318284
vn 0.962643 0.0 -0.270774
vn 0.962643 0.0 -0.270774
vn 0.974868 0.0 -0.222785
vn 0.974868 0.0 -0.222785
vn 0.984779 0.0 -0.17381
vn 0.984779 0.0 -0.17381
vn 0.992297 0.0 -0.123884
vn 0.992297 0.0 -0.123884
vn 0.99719 0.0 -0.074913
vn 0.999688 0.0 -0.024972
vn 0.99719 0.0 -0.074913
vn 0.999688 0.0 -0.024972
vn -0.0 1.0 -0.0
vn -0.0 1.0 -0.0
vn 0.0 1.0 0.0
vn -0.0 1.0 -0.0
vn -0.0 1.0 -0.0
vn -0.0 1.0 -0.0
vn -0.0 1.0 -0.0
vn 0.0 1.0 0.0
vn -0.0 1.0 -0.0
vn -0.0 1.0 -0.0
vn 0.0 1.0 0.0
vn 0.0 1.0 0.0
vn 0.0 1.0 0.0
vn -0.0 1.0 -0.0
vn -0.0 1.0 -0.0
vn -0.0 1.0 -0.0
vn -0.0 1.0 -0.0
vn -0.0 1.0 -0.0
vn 0.0 1.0 0.0
vn 0.0 1.0 0.0
vn -0.0 1.0 -0.0
vn 0.0 1.0 0.0
vn -0.0 1.0 -0.0
vn 0.0 1.0 0.0
vn 0.0 1.0 0.0
vn 0.0 1.0 0.0
vn -0.0 1.0 0.0
vn 0.0 1.0 0.0
vn -0.0 1.0 0.0
vn -0.0 1.0 0.0
vn 0.0 1.0 0.0
vn 0.0 1.0 0.0
vn 0.0 1.0 0.0
vn -0.0 1.0 0.0
vn -0.0 1.0 0.0
vn -0.0 1.0 0.0
vn -0.0 1.0 0.0
vn -0.0 1.0 0.0
vn 0.0 1.0 -0.0
vn -0.0 1.0 0.0
vn -0.0 1.0 0.0
vn -0.0 1.0 0.0
vn -0.0 1.0 0.0
vn -0.0 1.0 -0.0
vn 0.0 1.0 0.0
vn 0.0 1.0 0.0
vn -0.0 1.0 0.0
vn 0.0 1.0 0.0
vn 0.0 1.0 0.0
vn -0.0 1.0 0.0
vn -0.0 1.0 0.0
vn 0.0 1.0 0.0
vn 0.0 1.0 0.0
vn 0.0 1.0 0.0
vn 0.0 1.0 0.0
vn 0.0 1.0 0.0
vn -0.0 1.0 0.0
vn -0.0 1.0 0.0
vn -0.0 1.0 0.0
vn 0.0 1.0 0.0
vn -0.0 1.0 0.0
vn -0.0 1.0 0.0
vn 0.0 1.0 0.0
vn 0.0 1.0 0.0
vn -0.0 1.0 0.0
vn -0.0 1.0 0.0
vn 0.0 1.0 0.0
vn -0.0 1.0 0.0
vn 0.0 1.0 -0.0
vn -0.0 1.0 0.0
vn -0.0 1.0 0.0
vn 0.0 1.0 -0.0
vn -0.0 1.0 0.0
vn 0.0 1.0 0.0
vn 0.0 1.0 0.0
vn 0.0 1.0 0.0
vn 0.0 1.0 0.0
vn -0.0 1.0 0.0
vn -0.0 1.0 0.0
vn 0.0 1.0 0.0
vn 0.0 1.0 0.0
vn -0.0 1.0 0.0
vn -0.0 1.0 0.0
vn 0.0 1.0 0.0
vn 0.0 1.0 0.0
vn 0.0 1.0 0.0
vn -0.0 1.0 0.0
vn -0.0 1.0 0.0
vn -0.0 1.0 0.0
vn 0.0 1.0 0.0
vn 0.0 1.0 0.0
vn 0.0 1.0 0.0
vn 0.0 1.0 0.0
vn 0.0 1.0 0.0
vn 0.0 1.0 0.0
vn 0.0 1.0 0.0
vn 0.0 1.0 0.0
vn 0.0 1.0 0.0
vn 0.0 1.0 0.0
vn 0.0 1.0 0.0
vn 0.0 1.0 0.0
vn 0.0 1.0 0.0
vn 0.0 1.0 0.0
vn 0.0 1.0 0.0
vn 0.0 1.0 -0.0
vn 0.0 1.0 0.0
vn 0.0 1.0 0.0
vn 0.0 1.0 0.0
vn 0.0 1.0 0.0
vn 0.0 1.0 0.0
vn 0.0 1.0 0.0
vn 0.0 1.0 0.0
vn 0.0 1.0 0.0
vn 0.0 1.0 0.0
vn 0.0 1.0 0.0
vn 0.0 1.0 0.0
vn 0.0 1.0 0.0
vn 0.0 1.0 0.0
vn 0.0 1.0 0.0
vn 0.0 1.0 0.0
vn 0.0 1.0 0.0
vn 0.0 1.0 0.0
vn 0.0 1.0 0.0
vn 0.0 1.0 0.0
vn 0.0 -1.0 0.0
vn 0.0 -1.0 0.0
vn 0.0 -1.0 0.0
vn 0.0 -1.0 0.0
vn 0.0 -1.0 0.0
vn 0.0 -1.0 0.0
vn 0.0 -1.0 0.0
vn 0.0 -1.0 0.0
vn 0.0 -1.0 0.0
vn 0.0 -1.0 0.0
vn 0.0 -1.0 0.0
vn 0.0 -1.0 0.0
vn 0.0 -1.0 0.0
vn 0.0 -1.0 0.0
vn 0.0 -1.0 0.0
vn 0.0 -1.0 0.0
vn 0.0 -1.0 0.0
vn 0.0 -1.0 0.0
vn 0.0 -1.0 0.0
vn 0.0 -1.0 0.0
vn 0.0 -1.0 0.0
vn 0.0 -1.0 0.0
vn 0.0 -1.0 0.0
vn 0.0 -1.0 0.0
vn 0.0 -1.0 0.0
vn 0.0 -1.0 0.0
vn 0.0 -1.0 -0.0
vn 0.0 -1.0 0.0
vn 0.0 -1.0 0.0
vn 0.0 -1.0 0.0
vn 0.0 -1.0 0.0
vn 0.0 -1.0 0.0
vn 0.0 -1.0 0.0
vn 0.0 -1.0 0.0
vn 0.0 -1.0 0.0
vn 0.0 -1.0 0.0
vn 0.0 -1.0 0.0
vn 0.0 -1.0 0.0
vn 0.0 -1.0 0.0
vn 0.0 -1.0 0.0
vn 0.0 -1.0 0.0
vn 0.0 -1.0 -0.0
vn 0.0 -1.0 0.0
vn 0.0 -1.0 0.0
vn 0.0 -1.0 0.0
vn 0.0 -1.0 0.0
vn 0.0 -1.0 0.0
vn 0.0 -1.0 0.0
vn 0.0 -1.0 0.0
vn 0.0 -1.0 0.0
vn 0.0 -1.0 0.0
vn 0.0 -1.0 0.0
vn 0.0 -1.0 0.0
vn 0.0 -1.0 0.0
vn 0.0 -1.0 0.0
vn 0.0 -1.0 0.0
vn 0.0 -1.0 0.0
vn 0.0 -1.0 0.0
vn 0.0 -1.0 0.0
vn 0.0 -1.0 0.0
vn 0.0 -1.0 0.0
vn 0.0 -1.0 0.0
vn 0.0 -1.0 0.0
vn 0.0 -1.0 0.0
vn 0.0 -1.0 0.0
vn 0.0 -1.0 0.0
vn 0.0 -1.0 0.0
vn 0.0 -1.0 -0.0
vn 0.0 -1.0 0.0
vn 0.0 -1.0 0.0
vn 0.0 -1.0 0.0
vn 0.0 -1.0 0.0
vn 0.0 -1.0 0.0
vn 0.0 -1.0 0.0
vn 0.0 -1.0 0.0
vn 0.0 -1.0 0.0
vn 0.0 -1.0 0.0
vn 0.0 -1.0 0.0
vn 0.0 -1.0 0.0
vn 0.0 -1.0 0.0
vn 0.0 -1.0 0.0
vn 0.0 -1.0 -0.0
vn 0.0 -1.0 0.0
vn -0.0 -1.0 0.0
vn 0.0 -1.0 0.0
vn 0.0 -1.0 0.0
vn 0.0 -1.0 0.0
vn 0.0 -1.0 0.0
vn 0.0 -1.0 0.0
vn 0.0 -1.0 0.0
vn 0.0 -1.0 0.0
vn 0.0 -1.0 0.0
vn 0.0 -1.0 0.0
vn -0.0 -1.0 0.0
vn 0.0 -1.0 0.0
vn 0.0 -1.0 0.0
vn 0.0 -1.0 0.0
vn 0.0 -1.0 0.0
vn 0.0 -1.0 0.0
vn 0.0 -1.0 0.0
vn 0.0 -1.0 0.0
vn 0.0 -1.0 0.0
vn 0.0 -1.0 0.0
vn 0.0 -1.0 0.0
vn 0.0 -1.0 0.0
vn 0.0 -1.0 0.0
vn 0.0 -1.0 0.0
vn 0.0 -1.0 0.0
vn 0.0 -1.0 0.0
vn 0.0 -1.0 0.0
vn 0.0 -1.0 0.0
vn 0.0 -1.0 0.0
vn 0.0 -1.0 0.0
vn -0.0 -1.0 -0.0
vn 0.0 -1.0 0.0
vn 0.0 -1.0 0.0
vn 0.0 -1.0 0.0
vn 0.0 -1.0 0.0
vn 0.0 -1.0 0.0
vn 0.0 -1.0 0.0
vn 0.0 -1.0 0.0
vn -0.0 -1.0 -0.0
vn 0.0 -1.0 0.0
vn 0.0 -1.0 0.0
vn 0.999688 0.0 0.024972
vn 0.999688 0.0 0.024972
vn 0.99719 0.0 0.074913
vn 0.992297 -0.0 0.123884
vn 0.99719 0.0 0.074913
vn 0.992297 0.0 0.123884
vn 0.984779 0.0 0.17381
vn 0.974868 -0.0 0.222785
vn 0.984779 0.0 0.17381
vn 0.974868 0.0 0.222785
vn 0.962643 0.0 0.270774
vn 0.962643 0.0 0.270774
vn 0.947996 0.0 0.318284
vn 0.930897 -0.0 0.365283
vn 0.947996 0.0 0.318284
vn 0.930897 0.0 0.365283
vn 0.911505 0.0 0.411288
vn 0.911505 0.0 0.411288
vn 0.889815 0.0 0.456322
vn 0.889815 0.0 0.456322
vn 0.866065 0.0 0.499931
vn 0.866065 0.0 0.499931
vn 0.840041 -0.0 0.542523
vn 0.840041 0.0 0.542523
vn 0.811985 0.0 0.583679
vn 0.811985 0.0 0.583679
vn 0.78168 0.0 0.62368
vn 0.78168 0.0 0.62368
vn 0.749863 0.0 0.661593
vn 0.715866 -0.0 0.698238
vn 0.749863 0.0 0.661593
vn 0.715866 0.0 0.698238
vn 0.680202 0.0 0.733025
vn 0.680202 0.0 0.733025
vn 0.642697 0.0 0.766121
vn 0.603793 -0.0 0.797141
vn 0.642697 0.0 0.766121
vn 0.603793 0.0 0.797141
vn 0.563428 0.0 0.826165
vn 0.563428 0.0 0.826165
vn 0.521346 0.0 0.853345
vn 0.521346 0.0 0.853345
vn 0.478175 0.0 0.878265
vn 0.478175 0.0 0.878265
vn 0.433895 0.0 0.900964
vn 0.433895 0.0 0.900964
vn 0.388454 0.0 0.921468
vn 0.388454 0.0 0.921468
vn 0.342038 0.0 0.939686
vn 0.342038 0.0 0.939686
vn 0.294843 0.0 0.955546
vn 0.294843 0.0 0.955546
vn 0.246622 0.0 0.969112
vn 0.246622 0.0 0.969112
vn 0.198259 0.0 0.98015
vn 0.148999 -0.0 0.988837
vn 0.198259 0.0 0.98015
vn 0.148999 0.0 0.988837
vn 0.099589 0.0 0.995029
vn 0.099589 0.0 0.995029
vn 0.049816 0.0 0.998758
vn 0.049816 0.0 0.998758
vn 0.0 0.0 1.0
vn 0.0 0.0 1.0
vn -0.049816 0.0 0.998758
vn -0.049816 0.0 0.998758
vn -0.099589 0.0 0.995029
vn -0.099589 0.0 0.995029
vn -0.148999 0.0 0.988837
vn -0.148999 0.0 0.988837
vn -0.198259 0.0 0.98015
vn -0.198259 0.0 0.98015
vn -0.246622 0.0 0.969112
vn -0.294843 0.0 0.955546
vn -0.246622 0.0 0.969112
vn -0.294843 0.0 0.955546
vn -0.342038 0.0 0.939686
vn -0.342038 0.0 0.939686
vn -0.388454 0.0 0.921468
vn -0.388454 0.0 0.921468
vn -0.433895 0.0 0.900964
vn -0.433895 0.0 0.900964
vn -0.478175 0.0 0.878265
vn -0.478175 0.0 0.878265
vn -0.521346 0.0 0.853345
vn -0.521346 0.0 0.853345
vn -0.563428 0.0 0.826165
vn -0.563428 0.0 0.826165
vn -0.603793 0.0 0.797141
vn -0.603793 0.0 0.797141
vn -0.642697 0.0 0.766121
vn -0.642697 0.0 0.766121
vn -0.680202 0.0 0.733025
vn -0.680202 0.0 0.733025
vn -0.715866 0.0 0.698238
vn -0.715866 0.0 0.698238
vn -0.749863 0.0 0.661593
vn -0.749863 0.0 0.661593
vn -0.78168 0.0 0.62368
vn -0.811985 0.0 0.583679
vn -0.78168 0.0 0.62368
vn -0.811985 0.0 0.583679
vn -0.840041 0.0 0.542523
vn -0.866065 0.0 0.499931
vn -0.840041 0.0 0.542523
vn -0.866065 0.0 0.499931
vn -0.889815 0.0 0.456322
vn -0.911505 0.0 0.411288
vn -0.889815 0.0 0.456322
vn -0.911505 0.0 0.411288
vn -0.930897 0.0 0.365283
vn -0.930897 0.0 0.365283
vn -0.947996 0.0 0.318284
vn -0.962643 0.0 0.270774
vn -0.947996 0.0 0.318284
vn -0.962643 0.0 0.270774
vn -0.974868 0.0 0.222785
vn -0.974868 0.0 0.222785
vn -0.984779 0.0 0.17381
vn -0.984779 0.0 0.17381
vn -0.992297 0.0 0.123884
vn -0.992297 0.0 0.123884
vn -0.99719 0.0 0.074913
vn -0.99719 0.0 0.074913
vn -0.999688 0.0 0.024972
vn -0.999688 0.0 0.024972
vn -0.999688 0.0 -0.024972
vn -0.999688 0.0 -0.024972
vn -0.99719 -0.0 -0.074913
vn -0.99719 0.0 -0.074913
vn -0.992297 0.0 -0.123884
vn -0.992297 0.0 -0.123884
vn -0.984779 0.0 -0.17381
vn -0.984779 0.0 -0.17381
vn -0.974868 0.0 -0.222785
vn -0.974868 0.0 -0.222785
vn -0.962643 -0.0 -0.270774
vn -0.962643 0.0 -0.270774
vn -0.947996 0.0 -0.318284
vn -0.947996 0.0 -0.318284
vn -0.930897 -0.0 -0.365283
vn -0.930897 0.0 -0.365283
vn -0.911505 -0.0 -0.411288
vn -0.911505 0.0 -0.411288
vn -0.889815 0.0 -0.456322
vn -0.889815 0.0 -0.456322
vn -0.866065 -0.0 -0.499931
vn -0.866065 0.0 -0.499931
vn -0.840041 -0.0 -0.542523
vn -0.840041 0.0 -0.542523
vn -0.811985 -0.0 -0.583679
vn -0.811985 0.0 -0.583679
vn -0.78168 0.0 -0.62368
vn -0.78168 0.0 -0.62368
vn -0.749863 -0.0 -0.661593
vn -0.749863 0.0 -0.661593
vn -0.715866 -0.0 -0.698238
vn -0.715866 0.0 -0.698238
vn -0.680202 0.0 -0.733025
vn -0.680202 0.0 -0.733025
vn -0.642697 -0.0 -0.766121
vn -0.642697 0.0 -0.766121
vn -0.603793 -0.0 -0.797141
vn -0.603793 0.0 -0.797141
vn -0.563428 0.0 -0.826165
vn -0.563428 -0.0 -0.826165
vn -0.521346 0.0 -0.853345
vn -0.521346 0.0 -0.853345
vn -0.478175 0.0 -0.878265
vn -0.478175 -0.0 -0.878265
vn -0.433895 0.0 -0.900964
vn -0.433895 -0.0 -0.900964
vn -0.388454 0.0 -0.921468
vn -0.388454 -0.0 -0.921468
vn -0.342038 -0.0 -0.939686
vn -0.342038 0.0 -0.939686
vn -0.294843 -0.0 -0.955546
vn -0.294843 0.0 -0.955546
vn -0.246622 -0.0 -0.969112
vn -0.246622 0.0 -0.969112
vn -0.198259 -0.0 -0.98015
vn -0.198259 0.0 -0.98015
vn -0.148999 0.0 -0.988837
vn -0.148999 0.0 -0.988837
vn -0.099589 -0.0 -0.995029
vn -0.099589 0.0 -0.995029
vn -0.049816 -0.0 -0.998758
vn -0.049816 0.0 -0.998758
vn 0.0 0.0 -1.0
vn 0.0 0.0 -1.0
vn 0.049816 0.0 -0.998758
vn 0.049816 0.0 -0.998758
vn 0.099589 0.0 -0.995029
vn 0.099589 0.0 -0.995029
vn 0.148999 0.0 -0.988837
vn 0.148999 0.0 -0.988837
vn 0.198259 0.0 -0.98015
vn 0.198259 0.0 -0.98015
vn 0.246622 0.0 -0.969112
vn 0.246622 0.0 -0.969112
vn 0.294843 0.0 -0.955546
vn 0.294843 0.0 -0.955546
vn 0.342038 0.0 -0.939686
vn 0.342038 0.0 -0.939686
vn 0.388454 0.0 -0.921468
vn 0.388454 0.0 -0.921468
vn 0.433895 0.0 -0.900964
vn 0.478175 0.0 -0.878265
vn 0.433895 0.0 -0.900964
vn 0.478175 0.0 -0.878265
vn 0.521346 0.0 -0.853345
vn 0.521346 0.0 -0.853345
vn 0.563428 0.0 -0.826165
vn 0.563428 0.0 -0.826165
vn 0.603793 0.0 -0.797141
vn 0.603793 0.0 -0.797141
vn 0.642697 0.0 -0.766121
vn 0.642697 0.0 -0.766121
vn 0.680202 0.0 -0.733025
vn 0.680202 0.0 -0.733025
vn 0.715866 0.0 -0.698238
vn 0.715866 0.0 -0.698238
vn 0.749863 0.0 -0.661593
vn 0.749863 0.0 -0.661593
vn 0.78168 0.0 -0.62368
vn 0.78168 0.0 -0.62368
vn 0.811985 0.0 -0.583679
vn 0.811985 0.0 -0.583679
vn 0.840041 0.0 -0.542523
vn 0.840041 0.0 -0.542523
vn 0.866065 0.0 -0.499931
vn 0.866065 0.0 -0.499931
vn 0.889815 0.0 -0.456322
vn 0.889815 0.0 -0.456322
vn 0.911505 0.0 -0.411288
vn 0.911505 0.0 -0.411288
vn 0.930897 0.0 -0.365283
vn 0.947996 0.0 -0.318284
vn 0.930897 0.0 -0.365283
vn 0.947996 0.0 -0.318284
vn 0.962643 0.0 -0.270774
vn 0.962643 0.0 -0.270774
vn 0.974868 0.0 -0.222785
vn 0.974868 0.0 -0.222785
vn 0.984779 0.0 -0.17381
vn 0.984779 0.0 -0.17381
vn 0.992297 0.0 -0.123884
vn 0.992297 0.0 -0.123884
vn 0.99719 0.0 -0.074913
vn 0.999688 0.0 -0.024972
vn 0.99719 0.0 -0.074913
vn 0.999688 0.0 -0.024972
vn -0.0 1.0 -0.0
vn -0.0 1.0 -0.0
vn 0.0 1.0 0.0
vn -0.0 1.0 -0.0
vn -0.0 1.0 -0.0
vn -0.0 1.0 -0.0
vn -0.0 1.0 -0.0
vn 0.0 1.0 0.0
vn -0.0 1.0 -0.0
vn -0.0 1.0 -0.0
vn 0.0 1.0 0.0
vn 0.0 1.0 0.0
vn 0.0 1.0 0.0
vn -0.0 1.0 -0.0
vn -0.0 1.0 -0.0
vn -0.0 1.0 -0.0
vn -0.0 1.0 -0.0
vn -0.0 1.0 -0.0
vn 0.0 1.0 0.0
vn 0.0 1.0 0.0
vn -0.0 1.0 -0.0
vn 0.0 1.0 0.0
vn -0.0 1.0 -0.0
vn 0.0 1.0 0.0
vn 0.0 1.0 0.0
vn 0.0 1.0 0.0
vn -0.0 1.0 0.0
vn 0.0 1.0 0.0
vn -0.0 1.0 0.0
vn -0.0 1.0 0.0
vn 0.0 1.0 0.0
vn 0.0 1.0 0.0
vn 0.0 1.0 0.0
vn -0.0 1.0 0.0
vn -0.0 1.0 0.0
vn -0.0 1.0 0.0
vn -0.0 1.0 0.0
vn -0.0 1.0 0.0
vn 0.0 1.0 -0.0
vn -0.0 1.0 0.0
vn -0.0 1.0 0.0
vn -0.0 1.0 0.0
vn -0.0 1.0 0.0
vn -0.0 1.0 -0.0
vn 0.0 1.0 0.0
vn 0.0 1.0 0.0
vn -0.0 1.0 0.0
vn 0.0 1.0 0.0
vn 0.0 1.0 0.0
vn -0.0 1.0 0.0
vn -0.0 1.0 0.0
vn 0.0 1.0 0.0
vn 0.0 1.0 0.0
vn 0.0 1.0 0.0
vn 0.0 1.0 0.0
vn 0.0 1.0 0.0
vn -0.0 1.0 0.0
vn -0.0 1.0 0.0
vn -0.0 1.0 0.0
vn 0.0 1.0 0.0
vn -0.0 1.0 0.0
vn -0.0 1.0 0.0
vn 0.0 1.0 0.0
vn 0.0 1.0 0.0
vn -0.0 1.0 0.0
vn -0.0 1.0 0.0
vn 0.0 1.0 0.0
vn -0.0 1.0 0.0
vn 0.0 1.0 -0.0
vn -0.0 1.0 0.0
vn -0.0 1.0 0.0
vn 0.0 1.0 -0.0
vn -0.0 1.0 0.0
vn 0.0 1.0 0.0
vn 0.0 1.0 0.0
vn 0.0 1.0 0.0
vn 0.0 1.0 0.0
vn -0.0 1.0 0.0
vn -0.0 1.0 0.0
vn 0.0 1.0 0.0
vn 0.0 1.0 0.0
vn -0.0 1.0 0.0
vn -0.0 1.0 0.0
vn 0.0 1.0 0.0
vn 0.0 1.0 0.0
vn 0.0 1.0 0.0
vn -0.0 1.0 0.0
vn -0.0 1.0 0.0
vn -0.0 1.0 0.0
vn 0.0 1.0 0.0
vn 0.0 1.0 0.0
vn 0.0 1.0 0.0
vn 0.0 1.0 0.0
vn 0.0 1.0 0.0
vn 0.0 1.0 0.0
vn 0.0 1.0 0.0
vn 0.0 1.0 0.0
vn 0.0 1.0 0.0
vn 0.0 1.0 0.0
vn 0.0 1.0 0.0
vn 0.0 1.0 0.0
vn 0.0 1.0 0.0
vn 0.0 1.0 0.0
vn 0.0 1.0 0.0
vn 0.0 1.0 -0.0
vn 0.0 1.0 0.0
vn 0.0 1.0 0.0
vn 0.0 1.0 0.0
vn 0.0 1.0 0.0
vn 0.0 1.0 0.0
vn 0.0 1.0 0.0
vn 0.0 1.0 0.0
vn 0.0 1.0 0.0
vn 0.0 1.0 0.0
vn 0.0 1.0 0.0
vn 0.0 1.0 0.0
vn 0.0 1.0 0.0
vn 0.0 1.0 0.0
vn 0.0 1.0 0.0
vn 0.0 1.0 0.0
vn 0.0 1.0 0.0
vn 0.0 1.0 0.0
vn 0.0 1.0 0.0
vn 0.0 1.0 0.0
vn 0.0 -1.0 0.0
vn 0.0 -1.0 0.0
vn 0.0 -1.0 0.0
vn 0.0 -1.0 0.0
vn 0.0 -1.0 0.0
vn 0.0 -1.0 0.0
vn 0.0 -1.0 0.0
vn 0.0 -1.0 0.0
vn 0.0 -1.0 0.0
vn 0.0 -1.0 0.0
vn 0.0 -1.0 0.0
vn 0.0 -1.0 0.0
vn 0.0 -1.0 0.0
vn 0.0 -1.0 0.0
vn 0.0 -1.0 0.0
vn 0.0 -1.0 0.0
vn 0.0 -1.0 0.0
vn 0.0 -1.0 0.0
vn 0.0 -1.0 0.0
vn 0.0 -1.0 0.0
vn 0.0 -1.0 0.0
vn 0.0 -1.0 0.0
vn 0.0 -1.0 0.0
vn 0.0 -1.0 0.0
vn 0.0 -1.0 0.0
vn 0.0 -1.0 0.0
vn 0.0 -1.0 -0.0
vn 0.0 -1.0 0.0
vn 0.0 -1.0 0.0
vn 0.0 -1.0 0.0
vn 0.0 -1.0 0.0
vn 0.0 -1.0 0.0
vn 0.0 -1.0 0.0
vn 0.0 -1.0 0.0
vn 0.0 -1.0 0.0
vn 0.0 -1.0 0.0
vn 0.0 -1.0 0.0
vn 0.0 -1.0 0.0
vn 0.0 -1.0 0.0
vn 0.0 -1.0 0.0
vn 0.0 -1.0 0.0
vn 0.0 -1.0 -0.0
vn 0.0 -1.0 0.0
vn 0.0 -1.0 0.0
vn 0.0 -1.0 0.0
vn 0.0 -1.0 0.0
vn 0.0 -1.0 0.0
vn 0.0 -1.0 0.0
vn 0.0 -1.0 0.0
vn 0.0 -1.0 0.0
vn 0.0 -1.0 0.0
vn 0.0 -1.0 0.0
vn 0.0 -1.0 0.0
vn 0.0 -1.0 0.0
vn 0.0 -1.0 0.0
vn 0.0 -1.0 0.0
vn 0.0 -1.0 0.0
vn 0.0 -1.0 0.0
vn 0.0 -1.0 0.0
vn 0.0 -1.0 0.0
vn 0.0 -1.0 0.0
vn 0.0 -1.0 0.0
vn 0.0 -1.0 0.0
vn 0.0 -1.0 0.0
vn 0.0 -1.0 0.0
vn 0.0 -1.0 0.0
vn 0.0 -1.0 0.0
vn 0.0 -1.0 -0.0
vn 0.0 -1.0 0.0
vn 0.0 -1.0 0.0
vn 0.0 -1.0 0.0
vn 0.0 -1.0 0.0
vn 0.0 -1.0 0.0
vn 0.0 -1.0 0.0
vn 0.0 -1.0 0.0
vn 0.0 -1.0 0.0
vn 0.0 -1.0 0.0
vn 0.0 -1.0 0.0
vn 0.0 -1.0 0.0
vn 0.0 -1.0 0.0
vn 0.0 -1.0 0.0
vn 0.0 -1.0 -0.0
vn 0.0 -1.0 0.0
vn -0.0 -1.0 0.0
vn 0.0 -1.0 0.0
vn 0.0 -1.0 0.0
vn 0.0 -1.0 0.0
vn 0.0 -1.0 0.0
vn 0.0 -1.0 0.0
vn 0.0 -1.0 0.0
vn 0.0 -1.0 0.0
vn 0.0 -1.0 0.0
vn 0.0 -1.0 0.0
vn -0.0 -1.0 0.0
vn 0.0 -1.0 0.0
vn 0.0 -1.0 0.0
vn 0.0 -1.0 0.0
vn 0.0 -1.0 0.0
vn 0.0 -1.0 0.0
vn 0.0 -1.0 0.0
vn 0.0 -1.0 0.0
vn 0.0 -1.0 0.0
vn 0.0 -1.0 0.0
vn 0.0 -1.0 0.0
vn 0.0 -1.0 0.0
vn 0.0 -1.0 0.0
vn 0.0 -1.0 0.0
vn 0.0 -1.0 0.0
vn 0.0 -1.0 0.0
vn 0.0 -1.0 0.0
vn 0.0 -1.0 0.0
vn 0.0 -1.0 0.0
vn 0.0 -1.0 0.0
vn -0.0 -1.0 -0.0
vn 0.0 -1.0 0.0
vn 0.0 -1.0 0.0
vn 0.0 -1.0 0.0
vn 0.0 -1.0 0.0
vn 0.0 -1.0 0.0
vn 0.0 -1.0 0.0
vn 0.0 -1.0 0.0
vn -0.0 -1.0 -0.0
vn 0.0 -1.0 0.0
vn 0.0 -1.0 0.0
f 1009//2001 1010//2001 1011//2001 
f 1011//2002 1010//2002 1012//2002 
f 1012//2003 1013//2003 1014//2003 
f 1014//2004 1013//2004 1015//2004 
f 1010//2005 1013//2005 1012//2005 
f 1013//2006 1016//2006 1015//2006 
f 1015//2007 1017//2007 1018//2007 
f 1018//2008 1017//2008 1019//2008 
f 1016//2009 1017//2009 1015//2009 
f 1017//2010 1020//2010 1019//2010 
f 1019//2011 1021//2011 1022//2011 
f 1020//2012 1021//2012 1019//2012 
f 1022//2013 1023//2013 1024//2013 
f 1024//2014 1023//2014 1025//2014 
f 1021//2015 1023//2015 1022//2015 
f 1023//2016 1026//2016 1025//2016 
f 1025//2017 1027//2017 1028//2017 
f 1026//2018 1027//2018 1025//2018 
f 1028//2019 1029//2019 1030//2019 
f 1027//2020 1029//2020 1028//2020 
f 1029//2021 1031//2021 1030//2021 
f 1030//2022 1031//2022 1032//2022 
f 1032//2023 1031//2023 1033//2023 
f 1031//2024 1034//2024 1033//2024 
f 1034//2025 1035//2025 1033//2025 
f 1033//2026 1035//2026 1036//2026 
f 1035//2027 1037//2027 1036//2027 
f 1036//2028 1037//2028 1038//2028 
f 1038//2029 1039//2029 1040//2029 
f 1040//2030 1039//2030 1041//2030 
f 1037//2031 1039//2031 1038//2031 
f 1039//2032 1042//2032 1041//2032 
f 1041//2033 1043//2033 1044//2033 
f 1042//2034 1043//2034 1041//2034 
f 1044//2035 1045//2035 1046//2035 
f 1046//2036 1045//2036 1047//2036 
f 1043//2037 1045//2037 1044//2037 
f 1045//2038 1048//2038 1047//2038 
f 1047//2039 1049//2039 1050//2039 
f 1048//2040 1049//2040 1047//2040 
f 1050//2041 1051//2041 1052//2041 
f 1049//2042 1051//2042 1050//2042 
f 1052//2043 1053//2043 1054//2043 
f 1051//2044 1053//2044 1052//2044 
f 1054//2045 1055//2045 1056//2045 
f 1053//2046 1055//2046 1054//2046 
f 1056//2047 1057//2047 1058//2047 
f 1055//2048 1057//2048 1056//2048 
f 1058//2049 1059//2049 1060//2049 
f 1057//2050 1059//2050 1058//2050 
f 1060//2051 1061//2051 1062//2051 
f 1059//2052 1061//2052 1060//2052 
f 1062//2053 1063//2053 1064//2053 
f 1061//2054 1063//2054 1062//2054 
f 1064//2055 1065//2055 1066//2055 
f 1066//2056 1065//2056 1067//2056 
f 1063//2057 1065//2057 1064//2057 
f 1065//2058 1068//2058 1067//2058 
f 1067//2059 1069//2059 1070//2059 
f 1068//2060 1069//2060 1067//2060 
f 1070//2061 1071//2061 1072//2061 
f 1069//2062 1071//2062 1070//2062 
f 1072//2063 1073//2063 1074//2063 
f 1071//2064 1073//2064 1072//2064 
f 1074//2065 1075//2065 1076//2065 
f 1073//2066 1075//2066 1074//2066 
f 1076//2067 1077//2067 1078//2067 
f 1075//2068 1077//2068 1076//2068 
f 1078//2069 1079//2069 1080//2069 
f 1077//2070 1079//2070 1078//2070 
f 1080//2071 1081//2071 1082//2071 
f 1079//2072 1081//2072 1080//2072 
f 1082//2073 1083//2073 1084//2073 
f 1084//2074 1083//2074 1085//2074 
f 1081//2075 1083//2075 1082//2075 
f 1083//2076 1086//2076 1085//2076 
f 1085//2077 1086//2077 1087//2077 
f 1086//2078 1088//2078 1087//2078 
f 1088//2079 1089//2079 1087//2079 
f 1087//2080 1089//2080 1090//2080 
f 1089//2081 1091//2081 1090//2081 
f 1090//2082 1091//2082 1092//2082 
f 1091//2083 1093//2083 1092//2083 
f 1092//2084 1093//2084 1094//2084 
f 1093//2085 1095//2085 1094//2085 
f 1094//2086 1095//2086 1096//2086 
f 1095//2087 1097//2087 1096//2087 
f 1096//2088 1097//2088 1098//2088 
f 1097//2089 1099//2089 1098//2089 
f 1098//2090 1099//2090 1100//2090 
f 1099//2091 1101//2091 1100//2091 
f 1100//2092 1101//2092 1102//2092 
f 1102//2093 1101//2093 1103//2093 
f 1101//2094 1104//2094 1103//2094 
f 1103//2095 1105//2095 1106//2095 
f 1104//2096 1105//2096 1103//2096 
f 1106//2097 1107//2097 1108//2097 
f 1105//2098 1107//2098 1106//2098 
f 1108//2099 1109//2099 1110//2099 
f 1110//2100 1109//2100 1111//2100 
f 1107//2101 1109//2101 1108//2101 
f 1109//2102 1112//2102 1111//2102 
f 1111//2103 1113//2103 1114//2103 
f 1114//2104 1113//2104 1115//2104 
f 1112//2105 1113//2105 1111//2105 
f 1113//2106 1116//2106 1115//2106 
f 1115//2107 1117//2107 1118//2107 
f 1118//2108 1117//2108 1119//2108 
f 1116//2109 1117//2109 1115//2109 
f 1117//2110 1120//2110 1119//2110 
f 1119//2111 1121//2111 1122//2111 
f 1120//2112 1121//2112 1119//2112 
f 1122//2113 1123//2113 1124//2113 
f 1124//2114 1123//2114 1125//2114 
f 1121//2115 1123//2115 1122//2115 
f 1123//2116 1126//2116 1125//2116 
f 1125//2117 1127//2117 1128//2117 
f 1126//2118 1127//2118 1125//2118 
f 1128//2119 1129//2119 1130//2119 
f 1127//2120 1129//2120 1128//2120 
f 1130//2121 1131//2121 1132//2121 
f 1129//2122 1131//2122 1130//2122 
f 1131//2123 1133//2123 1132//2123 
f 1132//2124 1133//2124 1134//2124 
f 1134//2125 1133//2125 1135//2125 
f 1133//2126 1136//2126 1135//2126 
f 1135//2127 1136//2127 1137//2127 
f 1136//2128 1138//2128 1137//2128 
f 1138//2129 1139//2129 1137//2129 
f 1137//2130 1139//2130 1140//2130 
f 1140//2131 1139//2131 1141//2131 
f 1139//2132 1142//2132 1141//2132 
f 1141//2133 1142//2133 1143//2133 
f 1142//2134 1144//2134 1143//2134 
f 1143//2135 1144//2135 1145//2135 
f 1144//2136 1146//2136 1145//2136 
f 1146//2137 1147//2137 1145//2137 
f 1145//2138 1147//2138 1148//2138 
f 1148//2139 1147//2139 1149//2139 
f 1147//2140 1150//2140 1149//2140 
f 1150//2141 1151//2141 1149//2141 
f 1149//2142 1151//2142 1152//2142 
f 1151//2143 1153//2143 1152//2143 
f 1152//2144 1153//2144 1154//2144 
f 1154//2145 1153//2145 1155//2145 
f 1153//2146 1156//2146 1155//2146 
f 1156//2147 1157//2147 1155//2147 
f 1155//2148 1157//2148 1158//2148 
f 1157//2149 1159//2149 1158//2149 
f 1158//2150 1159//2150 1160//2150 
f 1159//2151 1161//2151 1160//2151 
f 1160//2152 1161//2152 1162//2152 
f 1162//2153 1161//2153 1163//2153 
f 1161//2154 1164//2154 1163//2154 
f 1164//2155 1165//2155 1163//2155 
f 1163//2156 1165//2156 1166//2156 
f 1165//2157 1167//2157 1166//2157 
f 1166//2158 1167//2158 1168//2158 
f 1168//2159 1167//2159 1169//2159 
f 1167//2160 1170//2160 1169//2160 
f 1170//2161 1171//2161 1169//2161 
f 1169//2162 1171//2162 1172//2162 
f 1171//2163 1173//2163 1172//2163 
f 1172//2164 1173//2164 1174//2164 
f 1174//2165 1175//2165 1176//2165 
f 1173//2166 1175//2166 1174//2166 
f 1176//2167 1175//2167 1177//2167 
f 1175//2168 1178//2168 1177//2168 
f 1177//2169 1179//2169 1180//2169 
f 1178//2170 1179//2170 1177//2170 
f 1180//2171 1181//2171 1182//2171 
f 1179//2172 1181//2172 1180//2172 
f 1182//2173 1183//2173 1184//2173 
f 1181//2174 1183//2174 1182//2174 
f 1183//2175 1185//2175 1184//2175 
f 1184//2176 1185//2176 1186//2176 
f 1185//2177 1187//2177 1186//2177 
f 1186//2178 1187//2178 1188//2178 
f 1187//2179 1189//2179 1188//2179 
f 1188//2180 1189//2180 1190//2180 
f 1189//2181 1191//2181 1190//2181 
f 1190//2182 1191//2182 1192//2182 
f 1192//2183 1191//2183 1193//2183 
f 1191//2184 1194//2184 1193//2184 
f 1194//2185 1195//2185 1193//2185 
f 1193//2186 1195//2186 1196//2186 
f 1195//2187 1197//2187 1196//2187 
f 1196//2188 1197//2188 1198//2188 
f 1197//2189 1199//2189 1198//2189 
f 1198//2190 1199//2190 1200//2190 
f 1199//2191 1201//2191 1200//2191 
f 1200//2192 1201//2192 1202//2192 
f 1201//2193 1203//2193 1202//2193 
f 1202//2194 1203//2194 1204//2194 
f 1203//2195 1205//2195 1204//2195 
f 1204//2196 1205//2196 1206//2196 
f 1205//2197 1207//2197 1206//2197 
f 1206//2198 1207//2198 1208//2198 
f 1208//2199 1209//2199 1210//2199 
f 1207//2200 1209//2200 1208//2200 
f 1210//2201 1211//2201 1212//2201 
f 1209//2202 1211//2202 1210//2202 
f 1212//2203 1213//2203 1214//2203 
f 1211//2204 1213//2204 1212//2204 
f 1214//2205 1215//2205 1216//2205 
f 1213//2206 1215//2206 1214//2206 
f 1216//2207 1217//2207 1218//2207 
f 1218//2208 1217//2208 1219//2208 
f 1215//2209 1217//2209 1216//2209 
f 1217//2210 1220//2210 1219//2210 
f 1219//2211 1221//2211 1222//2211 
f 1220//2212 1221//2212 1219//2212 
f 1222//2213 1223//2213 1224//2213 
f 1221//2214 1223//2214 1222//2214 
f 1224//2215 1225//2215 1226//2215 
f 1223//2216 1225//2216 1224//2216 
f 1226//2217 1227//2217 1228//2217 
f 1225//2218 1227//2218 1226//2218 
f 1228//2219 1229//2219 1230//2219 
f 1227//2220 1229//2220 1228//2220 
f 1230//2221 1231//2221 1232//2221 
f 1229//2222 1231//2222 1230//2222 
f 1231//2223 1233//2223 1232//2223 
f 1232//2224 1233//2224 1234//2224 
f 1233//2225 1235//2225 1234//2225 
f 1234//2226 1235//2226 1236//2226 
f 1235//2227 1237//2227 1236//2227 
f 1236//2228 1237//2228 1238//2228 
f 1237//2229 1239//2229 1238//2229 
f 1238//2230 1239//2230 1240//2230 
f 1239//2231 1241//2231 1240//2231 
f 1240//2232 1241//2232 1242//2232 
f 1242//2233 1243//2233 1244//2233 
f 1241//2234 1243//2234 1242//2234 
f 1244//2235 1245//2235 1246//2235 
f 1243//2236 1245//2236 1244//2236 
f 1246//2237 1247//2237 1248//2237 
f 1248//2238 1247//2238 1249//2238 
f 1245//2239 1247//2239 1246//2239 
f 1247//2240 1250//2240 1249//2240 
f 1249//2241 1251//2241 1252//2241 
f 1250//2242 1251//2242 1249//2242 
f 1252//2243 1253//2243 1254//2243 
f 1251//2244 1253//2244 1252//2244 
f 1254//2245 1255//2245 1256//2245 
f 1253//2246 1255//2246 1254//2246 
f 1256//2247 1257//2247 1258//2247 
f 1255//2248 1257//2248 1256//2248 
f 1258//2249 1259//2249 1260//2249 
f 1260//2250 1259//2250 1011//2250 
f 1257//2251 1259//2251 1258//2251 
f 1259//2252 1009//2252 1011//2252 
f 1164//2253 1161//2253 1165//2253 
f 1165//2254 1161//2254 1167//2254 
f 1171//2255 1175//2255 1173//2255 
f 1161//2256 1157//2256 1167//2256 
f 1159//2257 1157//2257 1161//2257 
f 1167//2258 1157//2258 1170//2258 
f 1170//2259 1157//2259 1171//2259 
f 1175//2260 1179//2260 1178//2260 
f 1156//2261 1153//2261 1157//2261 
f 1153//2262 1151//2262 1157//2262 
f 1175//2263 1183//2263 1179//2263 
f 1179//2264 1183//2264 1181//2264 
f 1183//2265 1187//2265 1185//2265 
f 1171//2266 1146//2266 1175//2266 
f 1157//2267 1146//2267 1171//2267 
f 1151//2268 1146//2268 1157//2268 
f 1147//2269 1146//2269 1150//2269 
f 1150//2270 1146//2270 1151//2270 
f 1183//2271 1189//2271 1187//2271 
f 1183//2272 1191//2272 1189//2272 
f 1144//2273 1142//2273 1146//2273 
f 1191//2274 1195//2274 1194//2274 
f 1139//2275 1138//2275 1142//2275 
f 1175//2276 1197//2276 1183//2276 
f 1183//2277 1197//2277 1191//2277 
f 1191//2278 1197//2278 1195//2278 
f 1136//2279 1133//2279 1138//2279 
f 1197//2280 1201//2280 1199//2280 
f 1131//2281 1129//2281 1133//2281 
f 1133//2282 1129//2282 1138//2282 
f 1201//2283 1205//2283 1203//2283 
f 1197//2284 1205//2284 1201//2284 
f 1197//2285 1207//2285 1205//2285 
f 1126//2286 1123//2286 1127//2286 
f 1129//2287 1121//2287 1138//2287 
f 1123//2288 1121//2288 1127//2288 
f 1127//2289 1121//2289 1129//2289 
f 1138//2290 1121//2290 1142//2290 
f 1197//2291 1117//2291 1207//2291 
f 1121//2292 1117//2292 1142//2292 
f 1120//2293 1117//2293 1121//2293 
f 1146//2294 1117//2294 1175//2294 
f 1142//2295 1117//2295 1146//2295 
f 1175//2296 1117//2296 1197//2296 
f 1215//2297 1220//2297 1217//2297 
f 1215//2298 1221//2298 1220//2298 
f 1113//2299 1112//2299 1116//2299 
f 1213//2300 1223//2300 1215//2300 
f 1215//2301 1223//2301 1221//2301 
f 1112//2302 1107//2302 1116//2302 
f 1109//2303 1107//2303 1112//2303 
f 1209//2304 1227//2304 1211//2304 
f 1211//2305 1227//2305 1213//2305 
f 1223//2306 1227//2306 1225//2306 
f 1213//2307 1227//2307 1223//2307 
f 1207//2308 1227//2308 1209//2308 
f 1107//2309 1104//2309 1116//2309 
f 1105//2310 1104//2310 1107//2310 
f 1116//2311 1104//2311 1117//2311 
f 1227//2312 1231//2312 1229//2312 
f 1104//2313 1099//2313 1117//2313 
f 1101//2314 1099//2314 1104//2314 
f 1231//2315 1237//2315 1233//2315 
f 1233//2316 1237//2316 1235//2316 
f 1095//2317 1093//2317 1097//2317 
f 1097//2318 1093//2318 1099//2318 
f 1239//2319 1243//2319 1241//2319 
f 1117//2320 1089//2320 1207//2320 
f 1227//2321 1089//2321 1231//2321 
f 1091//2322 1089//2322 1093//2322 
f 1099//2323 1089//2323 1117//2323 
f 1207//2324 1089//2324 1227//2324 
f 1093//2325 1089//2325 1099//2325 
f 1237//2326 1245//2326 1239//2326 
f 1239//2327 1245//2327 1243//2327 
f 1231//2328 1247//2328 1237//2328 
f 1237//2329 1247//2329 1245//2329 
f 1088//2330 1086//2330 1089//2330 
f 1086//2331 1083//2331 1089//2331 
f 1247//2332 1251//2332 1250//2332 
f 1231//2333 1251//2333 1247//2333 
f 1089//2334 1081//2334 1231//2334 
f 1083//2335 1081//2335 1089//2335 
f 1081//2336 1253//2336 1231//2336 
f 1231//2337 1253//2337 1251//2337 
f 1255//2338 1259//2338 1257//2338 
f 1075//2339 1073//2339 1077//2339 
f 1077//2340 1073//2340 1079//2340 
f 1079//2341 1073//2341 1081//2341 
f 1255//2342 1009//2342 1259//2342 
f 1253//2343 1009//2343 1255//2343 
f 1009//2344 1016//2344 1010//2344 
f 1010//2345 1016//2345 1013//2345 
f 1073//2346 1065//2346 1081//2346 
f 1068//2347 1065//2347 1069//2347 
f 1069//2348 1065//2348 1071//2348 
f 1071//2349 1065//2349 1073//2349 
f 1009//2350 1017//2350 1016//2350 
f 1253//2351 1017//2351 1009//2351 
f 1063//2352 1061//2352 1065//2352 
f 1065//2353 1059//2353 1081//2353 
f 1061//2354 1059//2354 1065//2354 
f 1017//2355 1023//2355 1020//2355 
f 1020//2356 1023//2356 1021//2356 
f 1253//2357 1023//2357 1017//2357 
f 1057//2358 1055//2358 1059//2358 
f 1055//2359 1053//2359 1059//2359 
f 1026//2360 1029//2360 1027//2360 
f 1053//2361 1051//2361 1059//2361 
f 1023//2362 1031//2362 1026//2362 
f 1026//2363 1031//2363 1029//2363 
f 1253//2364 1034//2364 1023//2364 
f 1023//2365 1034//2365 1031//2365 
f 1081//2366 1048//2366 1253//2366 
f 1049//2367 1048//2367 1051//2367 
f 1059//2368 1048//2368 1081//2368 
f 1051//2369 1048//2369 1059//2369 
f 1045//2370 1043//2370 1048//2370 
f 1034//2371 1039//2371 1035//2371 
f 1035//2372 1039//2372 1037//2372 
f 1253//2373 1039//2373 1034//2373 
f 1048//2374 1042//2374 1253//2374 
f 1043//2375 1042//2375 1048//2375 
f 1253//2376 1042//2376 1039//2376 
f 1162//2377 1163//2377 1166//2377 
f 1162//2378 1166//2378 1168//2378 
f 1176//2379 1172//2379 1174//2379 
f 1158//2380 1162//2380 1168//2380 
f 1158//2381 1160//2381 1162//2381 
f 1158//2382 1168//2382 1169//2382 
f 1158//2383 1169//2383 1172//2383 
f 1180//2384 1176//2384 1177//2384 
f 1154//2385 1155//2385 1158//2385 
f 1152//2386 1154//2386 1158//2386 
f 1184//2387 1176//2387 1180//2387 
f 1184//2388 1180//2388 1182//2388 
f 1188//2389 1184//2389 1186//2389 
f 1145//2390 1172//2390 1176//2390 
f 1145//2391 1158//2391 1172//2391 
f 1145//2392 1152//2392 1158//2392 
f 1145//2393 1148//2393 1149//2393 
f 1145//2394 1149//2394 1152//2394 
f 1190//2395 1184//2395 1188//2395 
f 1192//2396 1184//2396 1190//2396 
f 1141//2397 1143//2397 1145//2397 
f 1196//2398 1192//2398 1193//2398 
f 1137//2399 1140//2399 1141//2399 
f 1198//2400 1176//2400 1184//2400 
f 1198//2401 1184//2401 1192//2401 
f 1198//2402 1192//2402 1196//2402 
f 1134//2403 1135//2403 1137//2403 
f 1202//2404 1198//2404 1200//2404 
f 1130//2405 1132//2405 1134//2405 
f 1130//2406 1134//2406 1137//2406 
f 1206//2407 1202//2407 1204//2407 
f 1206//2408 1198//2408 1202//2408 
f 1208//2409 1198//2409 1206//2409 
f 1124//2410 1125//2410 1128//2410 
f 1122//2411 1130//2411 1137//2411 
f 1122//2412 1124//2412 1128//2412 
f 1122//2413 1128//2413 1130//2413 
f 1122//2414 1137//2414 1141//2414 
f 1118//2415 1198//2415 1208//2415 
f 1118//2416 1122//2416 1141//2416 
f 1118//2417 1119//2417 1122//2417 
f 1118//2418 1145//2418 1176//2418 
f 1118//2419 1141//2419 1145//2419 
f 1118//2420 1176//2420 1198//2420 
f 1219//2421 1216//2421 1218//2421 
f 1222//2422 1216//2422 1219//2422 
f 1111//2423 1114//2423 1115//2423 
f 1224//2424 1214//2424 1216//2424 
f 1224//2425 1216//2425 1222//2425 
f 1108//2426 1111//2426 1115//2426 
f 1108//2427 1110//2427 1111//2427 
f 1228//2428 1210//2428 1212//2428 
f 1228//2429 1212//2429 1214//2429 
f 1228//2430 1224//2430 1226//2430 
f 1228//2431 1214//2431 1224//2431 
f 1228//2432 1208//2432 1210//2432 
f 1103//2433 1108//2433 1115//2433 
f 1103//2434 1106//2434 1108//2434 
f 1103//2435 1115//2435 1118//2435 
f 1232//2436 1228//2436 1230//2436 
f 1100//2437 1103//2437 1118//2437 
f 1100//2438 1102//2438 1103//2438 
f 1238//2439 1232//2439 1234//2439 
f 1238//2440 1234//2440 1236//2440 
f 1094//2441 1096//2441 1098//2441 
f 1094//2442 1098//2442 1100//2442 
f 1244//2443 1240//2443 1242//2443 
f 1090//2444 1118//2444 1208//2444 
f 1090//2445 1228//2445 1232//2445 
f 1090//2446 1092//2446 1094//2446 
f 1090//2447 1100//2447 1118//2447 
f 1090//2448 1208//2448 1228//2448 
f 1090//2449 1094//2449 1100//2449 
f 1246//2450 1238//2450 1240//2450 
f 1246//2451 1240//2451 1244//2451 
f 1248//2452 1232//2452 1238//2452 
f 1248//2453 1238//2453 1246//2453 
f 1085//2454 1087//2454 1090//2454 
f 1084//2455 1085//2455 1090//2455 
f 1252//2456 1248//2456 1249//2456 
f 1252//2457 1232//2457 1248//2457 
f 1082//2458 1090//2458 1232//2458 
f 1082//2459 1084//2459 1090//2459 
f 1254//2460 1082//2460 1232//2460 
f 1254//2461 1232//2461 1252//2461 
f 1260//2462 1256//2462 1258//2462 
f 1074//2463 1076//2463 1078//2463 
f 1074//2464 1078//2464 1080//2464 
f 1074//2465 1080//2465 1082//2465 
f 1011//2466 1256//2466 1260//2466 
f 1011//2467 1254//2467 1256//2467 
f 1015//2468 1011//2468 1012//2468 
f 1015//2469 1012//2469 1014//2469 
f 1066//2470 1074//2470 1082//2470 
f 1066//2471 1067//2471 1070//2471 
f 1066//2472 1070//2472 1072//2472 
f 1066//2473 1072//2473 1074//2473 
f 1018//2474 1011//2474 1015//2474 
f 1018//2475 1254//2475 1011//2475 
f 1062//2476 1064//2476 1066//2476 
f 1060//2477 1066//2477 1082//2477 
f 1060//2478 1062//2478 1066//2478 
f 1024//2479 1018//2479 1019//2479 
f 1024//2480 1019//2480 1022//2480 
f 1024//2481 1254//2481 1018//2481 
f 1056//2482 1058//2482 1060//2482 
f 1054//2483 1056//2483 1060//2483 
f 1030//2484 1025//2484 1028//2484 
f 1052//2485 1054//2485 1060//2485 
f 1032//2486 1024//2486 1025//2486 
f 1032//2487 1025//2487 1030//2487 
f 1033//2488 1254//2488 1024//2488 
f 1033//2489 1024//2489 1032//2489 
f 1047//2490 1082//2490 1254//2490 
f 1047//2491 1050//2491 1052//2491 
f 1047//2492 1060//2492 1082//2492 
f 1047//2493 1052//2493 1060//2493 
f 1044//2494 1046//2494 1047//2494 
f 1040//2495 1033//2495 1036//2495 
f 1040//2496 1036//2496 1038//2496 
f 1040//2497 1254//2497 1033//2497 
f 1041//2498 1047//2498 1254//2498 
f 1041//2499 1044//2499 1047//2499 
f 1041//2500 1254//2500 1040//2500 
f 1261//2501 1262//2501 1263//2501 
f 1263//2502 1262//2502 1264//2502 
f 1264//2503 1265//2503 1266//2503 
f 1266//2504 1265//2504 1267//2504 
f 1262//2505 1265//2505 1264//2505 
f 1265//2506 1268//2506 1267//2506 
f 1267//2507 1269//2507 1270//2507 
f 1270//2508 1269//2508 1271//2508 
f 1268//2509 1269//2509 1267//2509 
f 1269//2510 1272//2510 1271//2510 
f 1271//2511 1273//2511 1274//2511 
f 1272//2512 1273//2512 1271//2512 
f 1274//2513 1275//2513 1276//2513 
f 1276//2514 1275//2514 1277//2514 
f 1273//2515 1275//2515 1274//2515 
f 1275//2516 1278//2516 1277//2516 
f 1277//2517 1279//2517 1280//2517 
f 1278//2518 1279//2518 1277//2518 
f 1280//2519 1281//2519 1282//2519 
f 1279//2520 1281//2520 1280//2520 
f 1281//2521 1283//2521 1282//2521 
f 1282//2522 1283//2522 1284//2522 
f 1284//2523 1283//2523 1285//2523 
f 1283//2524 1286//2524 1285//2524 
f 1286//2525 1287//2525 1285//2525 
f 1285//2526 1287//2526 1288//2526 
f 1287//2527 1289//2527 1288//2527 
f 1288//2528 1289//2528 1290//2528 
f 1290//2529 1291//2529 1292//2529 
f 1292//2530 1291//2530 1293//2530 
f 1289//2531 1291//2531 1290//2531 
f 1291//2532 1294//2532 1293//2532 
f 1293//2533 1295//2533 1296//2533 
f 1294//2534 1295//2534 1293//2534 
f 1296//2535 1297//2535 1298//2535 
f 1298//2536 1297//2536 1299//2536 
f 1295//2537 1297//2537 1296//2537 
f 1297//2538 1300//2538 1299//2538 
f 1299//2539 1301//2539 1302//2539 
f 1300//2540 1301//2540 1299//2540 
f 1302//2541 1303//2541 1304//2541 
f 1301//2542 1303//2542 1302//2542 
f 1304//2543 1305//2543 1306//2543 
f 1303//2544 1305//2544 1304//2544 
f 1306//2545 1307//2545 1308//2545 
f 1305//2546 1307//2546 1306//2546 
f 1308//2547 1309//2547 1310//2547 
f 1307//2548 1309//2548 1308//2548 
f 1310//2549 1311//2549 1312//2549 
f 1309//2550 1311//2550 1310//2550 
f 1312//2551 1313//2551 1314//2551 
f 1311//2552 1313//2552 1312//2552 
f 1314//2553 1315//2553 1316//2553 
f 1313//2554 1315//2554 1314//2554 
f 1316//2555 1317//2555 1318//2555 
f 1318//2556 1317//2556 1319//2556 
f 1315//2557 1317//2557 1316//2557 
f 1317//2558 1320//2558 1319//2558 
f 1319//2559 1321//2559 1322//2559 
f 1320//2560 1321//2560 1319//2560 
f 1322//2561 1323//2561 1324//2561 
f 1321//2562 1323//2562 1322//2562 
f 1324//2563 1325//2563 1326//2563 
f 1323//2564 1325//2564 1324//2564 
f 1326//2565 1327//2565 1328//2565 
f 1325//2566 1327//2566 1326//2566 
f 1328//2567 1329//2567 1330//2567 
f 1327//2568 1329//2568 1328//2568 
f 1330//2569 1331//2569 1332//2569 
f 1329//2570 1331//2570 1330//2570 
f 1332//2571 1333//2571 1334//2571 
f 1331//2572 1333//2572 1332//2572 
f 1334//2573 1335//2573 1336//2573 
f 1336//2574 1335//2574 1337//2574 
f 1333//2575 1335//2575 1334//2575 
f 1335//2576 1338//2576 1337//2576 
f 1337//2577 1338//2577 1339//2577 
f 1338//2578 1340//2578 1339//2578 
f 1340//2579 1341//2579 1339//2579 
f 1339//2580 1341//2580 1342//2580 
f 1341//2581 1343//2581 1342//2581 
f 1342//2582 1343//2582 1344//2582 
f 1343//2583 1345//2583 1344//2583 
f 1344//2584 1345//2584 1346//2584 
f 1345//2585 1347//2585 1346//2585 
f 1346//2586 1347//2586 1348//2586 
f 1347//2587 1349//2587 1348//2587 
f 1348//2588 1349//2588 1350//2588 
f 1349//2589 1351//2589 1350//2589 
f 1350//2590 1351//2590 1352//2590 
f 1351//2591 1353//2591 1352//2591 
f 1352//2592 1353//2592 1354//2592 
f 1354//2593 1353//2593 1355//2593 
f 1353//2594 1356//2594 1355//2594 
f 1355//2595 1357//2595 1358//2595 
f 1356//2596 1357//2596 1355//2596 
f 1358//2597 1359//2597 1360//2597 
f 1357//2598 1359//2598 1358//2598 
f 1360//2599 1361//2599 1362//2599 
f 1362//2600 1361//2600 1363//2600 
f 1359//2601 1361//2601 1360//2601 
f 1361//2602 1364//2602 1363//2602 
f 1363//2603 1365//2603 1366//2603 
f 1366//2604 1365//2604 1367//2604 
f 1364//2605 1365//2605 1363//2605 
f 1365//2606 1368//2606 1367//2606 
f 1367//2607 1369//2607 1370//2607 
f 1370//2608 1369//2608 1371//2608 
f 1368//2609 1369//2609 1367//2609 
f 1369//2610 1372//2610 1371//2610 
f 1371//2611 1373//2611 1374//2611 
f 1372//2612 1373//2612 1371//2612 
f 1374//2613 1375//2613 1376//2613 
f 1376//2614 1375//2614 1377//2614 
f 1373//2615 1375//2615 1374//2615 
f 1375//2616 1378//2616 1377//2616 
f 1377//2617 1379//2617 1380//2617 
f 1378//2618 1379//2618 1377//2618 
f 1380//2619 1381//2619 1382//2619 
f 1379//2620 1381//2620 1380//2620 
f 1382//2621 1383//2621 1384//2621 
f 1381//2622 1383//2622 1382//2622 
f 1383//2623 1385//2623 1384//2623 
f 1384//2624 1385//2624 1386//2624 
f 1386//2625 1385//2625 1387//2625 
f 1385//2626 1388//2626 1387//2626 
f 1387//2627 1388//2627 1389//2627 
f 1388//2628 1390//2628 1389//2628 
f 1390//2629 1391//2629 1389//2629 
f 1389//2630 1391//2630 1392//2630 
f 1392//2631 1391//2631 1393//2631 
f 1391//2632 1394//2632 1393//2632 
f 1393//2633 1394//2633 1395//2633 
f 1394//2634 1396//2634 1395//2634 
f 1395//2635 1396//2635 1397//2635 
f 1396//2636 1398//2636 1397//2636 
f 1398//2637 1399//2637 1397//2637 
f 1397//2638 1399//2638 1400//2638 
f 1400//2639 1399//2639 1401//2639 
f 1399//2640 1402//2640 1401//2640 
f 1402//2641 1403//2641 1401//2641 
f 1401//2642 1403//2642 1404//2642 
f 1403//2643 1405//2643 1404//2643 
f 1404//2644 1405//2644 1406//2644 
f 1406//2645 1405//2645 1407//2645 
f 1405//2646 1408//2646 1407//2646 
f 1408//2647 1409//2647 1407//2647 
f 1407//2648 1409//2648 1410//2648 
f 1409//2649 1411//2649 1410//2649 
f 1410//2650 1411//2650 1412//2650 
f 1411//2651 1413//2651 1412//2651 
f 1412//2652 1413//2652 1414//2652 
f 1414//2653 1413//2653 1415//2653 
f 1413//2654 1416//2654 1415//2654 
f 1416//2655 1417//2655 1415//2655 
f 1415//2656 1417//2656 1418//2656 
f 1417//2657 1419//2657 1418//2657 
f 1418//2658 1419//2658 1420//2658 
f 1420//2659 1419//2659 1421//2659 
f 1419//2660 1422//2660 1421//2660 
f 1422//2661 1423//2661 1421//2661 
f 1421//2662 1423//2662 1424//2662 
f 1423//2663 1425//2663 1424//2663 
f 1424//2664 1425//2664 1426//2664 
f 1426//2665 1427//2665 1428//2665 
f 1425//2666 1427//2666 1426//2666 
f 1428//2667 1427//2667 1429//2667 
f 1427//2668 1430//2668 1429//2668 
f 1429//2669 1431//2669 1432//2669 
f 1430//2670 1431//2670 1429//2670 
f 1432//2671 1433//2671 1434//2671 
f 1431//2672 1433//2672 1432//2672 
f 1434//2673 1435//2673 1436//2673 
f 1433//2674 1435//2674 1434//2674 
f 1435//2675 1437//2675 1436//2675 
f 1436//2676 1437//2676 1438//2676 
f 1437//2677 1439//2677 1438//2677 
f 1438//2678 1439//2678 1440//2678 
f 1439//2679 1441//2679 1440//2679 
f 1440//2680 1441//2680 1442//2680 
f 1441//2681 1443//2681 1442//2681 
f 1442//2682 1443//2682 1444//2682 
f 1444//2683 1443//2683 1445//2683 
f 1443//2684 1446//2684 1445//2684 
f 1446//2685 1447//2685 1445//2685 
f 1445//2686 1447//2686 1448//2686 
f 1447//2687 1449//2687 1448//2687 
f 1448//2688 1449//2688 1450//2688 
f 1449//2689 1451//2689 1450//2689 
f 1450//2690 1451//2690 1452//2690 
f 1451//2691 1453//2691 1452//2691 
f 1452//2692 1453//2692 1454//2692 
f 1453//2693 1455//2693 1454//2693 
f 1454//2694 1455//2694 1456//2694 
f 1455//2695 1457//2695 1456//2695 
f 1456//2696 1457//2696 1458//2696 
f 1457//2697 1459//2697 1458//2697 
f 1458//2698 1459//2698 1460//2698 
f 1460//2699 1461//2699 1462//2699 
f 1459//2700 1461//2700 1460//2700 
f 1462//2701 1463//2701 1464//2701 
f 1461//2702 1463//2702 1462//2702 
f 1464//2703 1465//2703 1466//2703 
f 1463//2704 1465//2704 1464//2704 
f 1466//2705 1467//2705 1468//2705 
f 1465//2706 1467//2706 1466//2706 
f 1468//2707 1469//2707 1470//2707 
f 1470//2708 1469//2708 1471//2708 
f 1467//2709 1469//2709 1468//2709 
f 1469//2710 1472//2710 1471//2710 
f 1471//2711 1473//2711 1474//2711 
f 1472//2712 1473//2712 1471//2712 
f 1474//2713 1475//2713 1476//2713 
f 1473//2714 1475//2714 1474//2714 
f 1476//2715 1477//2715 1478//2715 
f 1475//2716 1477//2716 1476//2716 
f 1478//2717 1479//2717 1480//2717 
f 1477//2718 1479//2718 1478//2718 
f 1480//2719 1481//2719 1482//2719 
f 1479//2720 1481//2720 1480//2720 
f 1482//2721 1483//2721 1484//2721 
f 1481//2722 1483//2722 1482//2722 
f 1483//2723 1485//2723 1484//2723 
f 1484//2724 1485//2724 1486//2724 
f 1485//2725 1487//2725 1486//2725 
f 1486//2726 1487//2726 1488//2726 
f 1487//2727 1489//2727 1488//2727 
f 1488//2728 1489//2728 1490//2728 
f 1489//2729 1491//2729 1490//2729 
f 1490//2730 1491//2730 1492//2730 
f 1491//2731 1493//2731 1492//2731 
f 1492//2732 1493//2732 1494//2732 
f 1494//2733 1495//2733 1496//2733 
f 1493//2734 1495//2734 1494//2734 
f 1496//2735 1497//2735 1498//2735 
f 1495//2736 1497//2736 1496//2736 
f 1498//2737 1499//2737 1500//2737 
f 1500//2738 1499//2738 1501//2738 
f 1497//2739 1499//2739 1498//2739 
f 1499//2740 1502//2740 1501//2740 
f 1501//2741 1503//2741 1504//2741 
f 1502//2742 1503//2742 1501//2742 
f 1504//2743 1505//2743 1506//2743 
f 1503//2744 1505//2744 1504//2744 
f 1506//2745 1507//2745 1508//2745 
f 1505//2746 1507//2746 1506//2746 
f 1508//2747 1509//2747 1510//2747 
f 1507//2748 1509//2748 1508//2748 
f 1510//2749 1511//2749 1512//2749 
f 1512//2750 1511//2750 1263//2750 
f 1509//2751 1511//2751 1510//2751 
f 1511//2752 1261//2752 1263//2752 
f 1416//2753 1413//2753 1417//2753 
f 1417//2754 1413//2754 1419//2754 
f 1423//2755 1427//2755 1425//2755 
f 1413//2756 1409//2756 1419//2756 
f 1411//2757 1409//2757 1413//2757 
f 1419//2758 1409//2758 1422//2758 
f 1422//2759 1409//2759 1423//2759 
f 1427//2760 1431//2760 1430//2760 
f 1408//2761 1405//2761 1409//2761 
f 1405//2762 1403//2762 1409//2762 
f 1427//2763 1435//2763 1431//2763 
f 1431//2764 1435//2764 1433//2764 
f 1435//2765 1439//2765 1437//2765 
f 1423//2766 1398//2766 1427//2766 
f 1409//2767 1398//2767 1423//2767 
f 1403//2768 1398//2768 1409//2768 
f 1399//2769 1398//2769 1402//2769 
f 1402//2770 1398//2770 1403//2770 
f 1435//2771 1441//2771 1439//2771 
f 1435//2772 1443//2772 1441//2772 
f 1396//2773 1394//2773 1398//2773 
f 1443//2774 1447//2774 1446//2774 
f 1391//2775 1390//2775 1394//2775 
f 1427//2776 1449//2776 1435//2776 
f 1435//2777 1449//2777 1443//2777 
f 1443//2778 1449//2778 1447//2778 
f 1388//2779 1385//2779 1390//2779 
f 1449//2780 1453//2780 1451//2780 
f 1383//2781 1381//2781 1385//2781 
f 1385//2782 1381//2782 1390//2782 
f 1453//2783 1457//2783 1455//2783 
f 1449//2784 1457//2784 1453//2784 
f 1449//2785 1459//2785 1457//2785 
f 1378//2786 1375//2786 1379//2786 
f 1381//2787 1373//2787 1390//2787 
f 1375//2788 1373//2788 1379//2788 
f 1379//2789 1373//2789 1381//2789 
f 1390//2790 1373//2790 1394//2790 
f 1449//2791 1369//2791 1459//2791 
f 1373//2792 1369//2792 1394//2792 
f 1372//2793 1369//2793 1373//2793 
f 1398//2794 1369//2794 1427//2794 
f 1394//2795 1369//2795 1398//2795 
f 1427//2796 1369//2796 1449//2796 
f 1467//2797 1472//2797 1469//2797 
f 1467//2798 1473//2798 1472//2798 
f 1365//2799 1364//2799 1368//2799 
f 1465//2800 1475//2800 1467//2800 
f 1467//2801 1475//2801 1473//2801 
f 1364//2802 1359//2802 1368//2802 
f 1361//2803 1359//2803 1364//2803 
f 1461//2804 1479//2804 1463//2804 
f 1463//2805 1479//2805 1465//2805 
f 1475//2806 1479//2806 1477//2806 
f 1465//2807 1479//2807 1475//2807 
f 1459//2808 1479//2808 1461//2808 
f 1359//2809 1356//2809 1368//2809 
f 1357//2810 1356//2810 1359//2810 
f 1368//2811 1356//2811 1369//2811 
f 1479//2812 1483//2812 1481//2812 
f 1356//2813 1351//2813 1369//2813 
f 1353//2814 1351//2814 1356//2814 
f 1483//2815 1489//2815 1485//2815 
f 1485//2816 1489//2816 1487//2816 
f 1347//2817 1345//2817 1349//2817 
f 1349//2818 1345//2818 1351//2818 
f 1491//2819 1495//2819 1493//2819 
f 1369//2820 1341//2820 1459//2820 
f 1479//2821 1341//2821 1483//2821 
f 1343//2822 1341//2822 1345//2822 
f 1351//2823 1341//2823 1369//2823 
f 1459//2824 1341//2824 1479//2824 
f 1345//2825 1341//2825 1351//2825 
f 1489//2826 1497//2826 1491//2826 
f 1491//2827 1497//2827 1495//2827 
f 1483//2828 1499//2828 1489//2828 
f 1489//2829 1499//2829 1497//2829 
f 1340//2830 1338//2830 1341//2830 
f 1338//2831 1335//2831 1341//2831 
f 1499//2832 1503//2832 1502//2832 
f 1483//2833 1503//2833 1499//2833 
f 1341//2834 1333//2834 1483//2834 
f 1335//2835 1333//2835 1341//2835 
f 1333//2836 1505//2836 1483//2836 
f 1483//2837 1505//2837 1503//2837 
f 1507//2838 1511//2838 1509//2838 
f 1327//2839 1325//2839 1329//2839 
f 1329//2840 1325//2840 1331//2840 
f 1331//2841 1325//2841 1333//2841 
f 1507//2842 1261//2842 1511//2842 
f 1505//2843 1261//2843 1507//2843 
f 1261//2844 1268//2844 1262//2844 
f 1262//2845 1268//2845 1265//2845 
f 1325//2846 1317//2846 1333//2846 
f 1320//2847 1317//2847 1321//2847 
f 1321//2848 1317//2848 1323//2848 
f 1323//2849 1317//2849 1325//2849 
f 1261//2850 1269//2850 1268//2850 
f 1505//2851 1269//2851 1261//2851 
f 1315//2852 1313//2852 1317//2852 
f 1317//2853 1311//2853 1333//2853 
f 1313//2854 1311//2854 1317//2854 
f 1269//2855 1275//2855 1272//2855 
f 1272//2856 1275//2856 1273//2856 
f 1505//2857 1275//2857 1269//2857 
f 1309//2858 1307//2858 1311//2858 
f 1307//2859 1305//2859 1311//2859 
f 1278//2860 1281//2860 1279//2860 
f 1305//2861 1303//2861 1311//2861 
f 1275//2862 1283//2862 1278//2862 
f 1278//2863 1283//2863 1281//2863 
f 1505//2864 1286//2864 1275//2864 
f 1275//2865 1286//2865 1283//2865 
f 1333//2866 1300//2866 1505//2866 
f 1301//2867 1300//2867 1303//2867 
f 1311//2868 1300//2868 1333//2868 
f 1303//2869 1300//2869 1311//2869 
f 1297//2870 1295//2870 1300//2870 
f 1286//2871 1291//2871 1287//2871 
f 1287//2872 1291//2872 1289//2872 
f 1505//2873 1291//2873 1286//2873 
f 1300//2874 1294//2874 1505//2874 
f 1295//2875 1294//2875 1300//2875 
f 1505//2876 1294//2876 1291//2876 
f 1414//2877 1415//2877 1418//2877 
f 1414//2878 1418//2878 1420//2878 
f 1428//2879 1424//2879 1426//2879 
f 1410//2880 1414//2880 1420//2880 
f 1410//2881 1412//2881 1414//2881 
f 1410//2882 1420//2882 1421//2882 
f 1410//2883 1421//2883 1424//2883 
f 1432//2884 1428//2884 1429//2884 
f 1406//2885 1407//2885 1410//2885 
f 1404//2886 1406//2886 1410//2886 
f 1436//2887 1428//2887 1432//2887 
f 1436//2888 1432//2888 1434//2888 
f 1440//2889 1436//2889 1438//2889 
f 1397//2890 1424//2890 1428//2890 
f 1397//2891 1410//2891 1424//2891 
f 1397//2892 1404//2892 1410//2892 
f 1397//2893 1400//2893 1401//2893 
f 1397//2894 1401//2894 1404//2894 
f 1442//2895 1436//2895 1440//2895 
f 1444//2896 1436//2896 1442//2896 
f 1393//2897 1395//2897 1397//2897 
f 1448//2898 1444//2898 1445//2898 
f 1389//2899 1392//2899 1393//2899 
f 1450//2900 1428//2900 1436//2900 
f 1450//2901 1436//2901 1444//2901 
f 1450//2902 1444//2902 1448//2902 
f 1386//2903 1387//2903 1389//2903 
f 1454//2904 1450//2904 1452//2904 
f 1382//2905 1384//2905 1386//2905 
f 1382//2906 1386//2906 1389//2906 
f 1458//2907 1454//2907 1456//2907 
f 1458//2908 1450//2908 1454//2908 
f 1460//2909 1450//2909 1458//2909 
f 1376//2910 1377//2910 1380//2910 
f 1374//2911 1382//2911 1389//2911 
f 1374//2912 1376//2912 1380//2912 
f 1374//2913 1380//2913 1382//2913 
f 1374//2914 1389//2914 1393//2914 
f 1370//2915 1450//2915 1460//2915 
f 1370//2916 1374//2916 1393//2916 
f 1370//2917 1371//2917 1374//2917 
f 1370//2918 1397//2918 1428//2918 
f 1370//2919 1393//2919 1397//2919 
f 1370//2920 1428//2920 1450//2920 
f 1471//2921 1468//2921 1470//2921 
f 1474//2922 1468//2922 1471//2922 
f 1363//2923 1366//2923 1367//2923 
f 1476//2924 1466//2924 1468//2924 
f 1476//2925 1468//2925 1474//2925 
f 1360//2926 1363//2926 1367//2926 
f 1360//2927 1362//2927 1363//2927 
f 1480//2928 1462//2928 1464//2928 
f 1480//2929 1464//2929 1466//2929 
f 1480//2930 1476//2930 1478//2930 
f 1480//2931 1466//2931 1476//2931 
f 1480//2932 1460//2932 1462//2932 
f 1355//2933 1360//2933 1367//2933 
f 1355//2934 1358//2934 1360//2934 
f 1355//2935 1367//2935 1370//2935 
f 1484//2936 1480//2936 1482//2936 
f 1352//2937 1355//2937 1370//2937 
f 1352//2938 1354//2938 1355//2938 
f 1490//2939 1484//2939 1486//2939 
f 1490//2940 1486//2940 1488//2940 
f 1346//2941 1348//2941 1350//2941 
f 1346//2942 1350//2942 1352//2942 
f 1496//2943 1492//2943 1494//2943 
f 1342//2944 1370//2944 1460//2944 
f 1342//2945 1480//2945 1484//2945 
f 1342//2946 1344//2946 1346//2946 
f 1342//2947 1352//2947 1370//2947 
f 1342//2948 1460//2948 1480//2948 
f 1342//2949 1346//2949 1352//2949 
f 1498//2950 1490//2950 1492//2950 
f 1498//2951 1492//2951 1496//2951 
f 1500//2952 1484//2952 1490//2952 
f 1500//2953 1490//2953 1498//2953 
f 1337//2954 1339//2954 1342//2954 
f 1336//2955 1337//2955 1342//2955 
f 1504//2956 1500//2956 1501//2956 
f 1504//2957 1484//2957 1500//2957 
f 1334//2958 1342//2958 1484//2958 
f 1334//2959 1336//2959 1342//2959 
f 1506//2960 1334//2960 1484//2960 
f 1506//2961 1484//2961 1504//2961 
f 1512//2962 1508//2962 1510//2962 
f 1326//2963 1328//2963 1330//2963 
f 1326//2964 1330//2964 1332//2964 
f 1326//2965 1332//2965 1334//2965 
f 1263//2966 1508//2966 1512//2966 
f 1263//2967 1506//2967 1508//2967 
f 1267//2968 1263//2968 1264//2968 
f 1267//2969 1264//2969 1266//2969 
f 1318//2970 1326//2970 1334//2970 
f 1318//2971 1319//2971 1322//2971 
f 1318//2972 1322//2972 1324//2972 
f 1318//2973 1324//2973 1326//2973 
f 1270//2974 1263//2974 1267//2974 
f 1270//2975 1506//2975 1263//2975 
f 1314//2976 1316//2976 1318//2976 
f 1312//2977 1318//2977 1334//2977 
f 1312//2978 1314//2978 1318//2978 
f 1276//2979 1270//2979 1271//2979 
f 1276//2980 1271//2980 1274//2980 
f 1276//2981 1506//2981 1270//2981 
f 1308//2982 1310//2982 1312//2982 
f 1306//2983 1308//2983 1312//2983 
f 1282//2984 1277//2984 1280//2984 
f 1304//2985 1306//2985 1312//2985 
f 1284//2986 1276//2986 1277//2986 
f 1284//2987 1277//2987 1282//2987 
f 1285//2988 1506//2988 1276//2988 
f 1285//2989 1276//2989 1284//2989 
f 1299//2990 1334//2990 1506//2990 
f 1299//2991 1302//2991 1304//2991 
f 1299//2992 1312//2992 1334//2992 
f 1299//2993 1304//2993 1312//2993 
f 1296//2994 1298//2994 1299//2994 
f 1292//2995 1285//2995 1288//2995 
f 1292//2996 1288//2996 1290//2996 
f 1292//2997 1506//2997 1285//2997 
f 1293//2998 1299//2998 1506//2998 
f 1293//2999 1296//2999 1299//2999 
f 1293//3000 1506//3000 1292//3000 
f 1513//3001 1514//3001 1515//3001 
f 1515//3002 1514//3002 1516//3002 
f 1516//3003 1517//3003 1518//3003 
f 1518//3004 1517//3004 1519//3004 
f 1514//3005 1517//3005 1516//3005 
f 1517//3006 1520//3006 1519//3006 
f 1519//3007 1521//3007 1522//3007 
f 1522//3008 1521//3008 1523//3008 
f 1520//3009 1521//3009 1519//3009 
f 1521//3010 1524//3010 1523//3010 
f 1523//3011 1525//3011 1526//3011 
f 1524//3012 1525//3012 1523//3012 
f 1526//3013 1527//3013 1528//3013 
f 1528//3014 1527//3014 1529//3014 
f 1525//3015 1527//3015 1526//3015 
f 1527//3016 1530//3016 1529//3016 
f 1529//3017 1531//3017 1532//3017 
f 1530//3018 1531//3018 1529//3018 
f 1532//3019 1533//3019 1534//3019 
f 1531//3020 1533//3020 1532//3020 
f 1533//3021 1535//3021 1534//3021 
f 1534//3022 1535//3022 1536//3022 
f 1536//3023 1535//3023 1537//3023 
f 1535//3024 1538//3024 1537//3024 
f 1538//3025 1539//3025 1537//3025 
f 1537//3026 1539//3026 1540//3026 
f 1539//3027 1541//3027 1540//3027 
f 1540//3028 1541//3028 1542//3028 
f 1542//3029 1543//3029 1544//3029 
f 1544//3030 1543//3030 1545//3030 
f 1541//3031 1543//3031 1542//3031 
f 1543//3032 1546//3032 1545//3032 
f 1545//3033 1547//3033 1548//3033 
f 1546//3034 1547//3034 1545//3034 
f 1548//3035 1549//3035 1550//3035 
f 1550//3036 1549//3036 1551//3036 
f 1547//3037 1549//3037 1548//3037 
f 1549//3038 1552//3038 1551//3038 
f 1551//3039 1553//3039 1554//3039 
f 1552//3040 1553//3040 1551//3040 
f 1554//3041 1555//3041 1556//3041 
f 1553//3042 1555//3042 1554//3042 
f 1556//3043 1557//3043 1558//3043 
f 1555//3044 1557//3044 1556//3044 
f 1558//3045 1559//3045 1560//3045 
f 1557//3046 1559//3046 1558//3046 
f 1560//3047 1561//3047 1562//3047 
f 1559//3048 1561//3048 1560//3048 
f 1562//3049 1563//3049 1564//3049 
f 1561//3050 1563//3050 1562//3050 
f 1564//3051 1565//3051 1566//3051 
f 1563//3052 1565//3052 1564//3052 
f 1566//3053 1567//3053 1568//3053 
f 1565//3054 1567//3054 1566//3054 
f 1568//3055 1569//3055 1570//3055 
f 1570//3056 1569//3056 1571//3056 
f 1567//3057 1569//3057 1568//3057 
f 1569//3058 1572//3058 1571//3058 
f 1571//3059 1573//3059 1574//3059 
f 1572//3060 1573//3060 1571//3060 
f 1574//3061 1575//3061 1576//3061 
f 1573//3062 1575//3062 1574//3062 
f 1576//3063 1577//3063 1578//3063 
f 1575//3064 1577//3064 1576//3064 
f 1578//3065 1579//3065 1580//3065 
f 1577//3066 1579//3066 1578//3066 
f 1580//3067 1581//3067 1582//3067 
f 1579//3068 1581//3068 1580//3068 
f 1582//3069 1583//3069 1584//3069 
f 1581//3070 1583//3070 1582//3070 
f 1584//3071 1585//3071 1586//3071 
f 1583//3072 1585//3072 1584//3072 
f 1586//3073 1587//3073 1588//3073 
f 1588//3074 1587//3074 1589//3074 
f 1585//3075 1587//3075 1586//3075 
f 1587//3076 1590//3076 1589//3076 
f 1589//3077 1590//3077 1591//3077 
f 1590//3078 1592//3078 1591//3078 
f 1592//3079 1593//3079 1591//3079 
f 1591//3080 1593//3080 1594//3080 
f 1593//3081 1595//3081 1594//3081 
f 1594//3082 1595//3082 1596//3082 
f 1595//3083 1597//3083 1596//3083 
f 1596//3084 1597//3084 1598//3084 
f 1597//3085 1599//3085 1598//3085 
f 1598//3086 1599//3086 1600//3086 
f 1599//3087 1601//3087 1600//3087 
f 1600//3088 1601//3088 1602//3088 
f 1601//3089 1603//3089 1602//3089 
f 1602//3090 1603//3090 1604//3090 
f 1603//3091 1605//3091 1604//3091 
f 1604//3092 1605//3092 1606//3092 
f 1606//3093 1605//3093 1607//3093 
f 1605//3094 1608//3094 1607//3094 
f 1607//3095 1609//3095 1610//3095 
f 1608//3096 1609//3096 1607//3096 
f 1610//3097 1611//3097 1612//3097 
f 1609//3098 1611//3098 1610//3098 
f 1612//3099 1613//3099 1614//3099 
f 1614//3100 1613//3100 1615//3100 
f 1611//3101 1613//3101 1612//3101 
f 1613//3102 1616//3102 1615//3102 
f 1615//3103 1617//3103 1618//3103 
f 1618//3104 1617//3104 1619//3104 
f 1616//3105 1617//3105 1615//3105 
f 1617//3106 1620//3106 1619//3106 
f 1619//3107 1621//3107 1622//3107 
f 1622//3108 1621//3108 1623//3108 
f 1620//3109 1621//3109 1619//3109 
f 1621//3110 1624//3110 1623//3110 
f 1623//3111 1625//3111 1626//3111 
f 1624//3112 1625//3112 1623//3112 
f 1626//3113 1627//3113 1628//3113 
f 1628//3114 1627//3114 1629//3114 
f 1625//3115 1627//3115 1626//3115 
f 1627//3116 1630//3116 1629//3116 
f 1629//3117 1631//3117 1632//3117 
f 1630//3118 1631//3118 1629//3118 
f 1632//3119 1633//3119 1634//3119 
f 1631//3120 1633//3120 1632//3120 
f 1634//3121 1635//3121 1636//3121 
f 1633//3122 1635//3122 1634//3122 
f 1635//3123 1637//3123 1636//3123 
f 1636//3124 1637//3124 1638//3124 
f 1638//3125 1637//3125 1639//3125 
f 1637//3126 1640//3126 1639//3126 
f 1639//3127 1640//3127 1641//3127 
f 1640//3128 1642//3128 1641//3128 
f 1642//3129 1643//3129 1641//3129 
f 1641//3130 1643//3130 1644//3130 
f 1644//3131 1643//3131 1645//3131 
f 1643//3132 1646//3132 1645//3132 
f 1645//3133 1646//3133 1647//3133 
f 1646//3134 1648//3134 1647//3134 
f 1647//3135 1648//3135 1649//3135 
f 1648//3136 1650//3136 1649//3136 
f 1650//3137 1651//3137 1649//3137 
f 1649//3138 1651//3138 1652//3138 
f 1652//3139 1651//3139 1653//3139 
f 1651//3140 1654//3140 1653//3140 
f 1654//3141 1655//3141 1653//3141 
f 1653//3142 1655//3142 1656//3142 
f 1655//3143 1657//3143 1656//3143 
f 1656//3144 1657//3144 1658//3144 
f 1658//3145 1657//3145 1659//3145 
f 1657//3146 1660//3146 1659//3146 
f 1660//3147 1661//3147 1659//3147 
f 1659//3148 1661//3148 1662//3148 
f 1661//3149 1663//3149 1662//3149 
f 1662//3150 1663//3150 1664//3150 
f 1663//3151 1665//3151 1664//3151 
f 1664//3152 1665//3152 1666//3152 
f 1666//3153 1665//3153 1667//3153 
f 1665//3154 1668//3154 1667//3154 
f 1668//3155 1669//3155 1667//3155 
f 1667//3156 1669//3156 1670//3156 
f 1669//3157 1671//3157 1670//3157 
f 1670//3158 1671//3158 1672//3158 
f 1672//3159 1671//3159 1673//3159 
f 1671//3160 1674//3160 1673//3160 
f 1674//3161 1675//3161 1673//3161 
f 1673//3162 1675//3162 1676//3162 
f 1675//3163 1677//3163 1676//3163 
f 1676//3164 1677//3164 1678//3164 
f 1678//3165 1679//3165 1680//3165 
f 1677//3166 1679//3166 1678//3166 
f 1680//3167 1679//3167 1681//3167 
f 1679//3168 1682//3168 1681//3168 
f 1681//3169 1683//3169 1684//3169 
f 1682//3170 1683//3170 1681//3170 
f 1684//3171 1685//3171 1686//3171 
f 1683//3172 1685//3172 1684//3172 
f 1686//3173 1687//3173 1688//3173 
f 1685//3174 1687//3174 1686//3174 
f 1687//3175 1689//3175 1688//3175 
f 1688//3176 1689//3176 1690//3176 
f 1689//3177 1691//3177 1690//3177 
f 1690//3178 1691//3178 1692//3178 
f 1691//3179 1693//3179 1692//3179 
f 1692//3180 1693//3180 1694//3180 
f 1693//3181 1695//3181 1694//3181 
f 1694//3182 1695//3182 1696//3182 
f 1696//3183 1695//3183 1697//3183 
f 1695//3184 1698//3184 1697//3184 
f 1698//3185 1699//3185 1697//3185 
f 1697//3186 1699//3186 1700//3186 
f 1699//3187 1701//3187 1700//3187 
f 1700//3188 1701//3188 1702//3188 
f 1701//3189 1703//3189 1702//3189 
f 1702//3190 1703//3190 1704//3190 
f 1703//3191 1705//3191 1704//3191 
f 1704//3192 1705//3192 1706//3192 
f 1705//3193 1707//3193 1706//3193 
f 1706//3194 1707//3194 1708//3194 
f 1707//3195 1709//3195 1708//3195 
f 1708//3196 1709//3196 1710//3196 
f 1709//3197 1711//3197 1710//3197 
f 1710//3198 1711//3198 1712//3198 
f 1712//3199 1713//3199 1714//3199 
f 1711//3200 1713//3200 1712//3200 
f 1714//3201 1715//3201 1716//3201 
f 1713//3202 1715//3202 1714//3202 
f 1716//3203 1717//3203 1718//3203 
f 1715//3204 1717//3204 1716//3204 
f 1718//3205 1719//3205 1720//3205 
f 1717//3206 1719//3206 1718//3206 
f 1720//3207 1721//3207 1722//3207 
f 1722//3208 1721//3208 1723//3208 
f 1719//3209 1721//3209 1720//3209 
f 1721//3210 1724//3210 1723//3210 
f 1723//3211 1725//3211 1726//3211 
f 1724//3212 1725//3212 1723//3212 
f 1726//3213 1727//3213 1728//3213 
f 1725//3214 1727//3214 1726//3214 
f 1728//3215 1729//3215 1730//3215 
f 1727//3216 1729//3216 1728//3216 
f 1730//3217 1731//3217 1732//3217 
f 1729//3218 1731//3218 1730//3218 
f 1732//3219 1733//3219 1734//3219 
f 1731//3220 1733//3220 1732//3220 
f 1734//3221 1735//3221 1736//3221 
f 1733//3222 1735//3222 1734//3222 
f 1735//3223 1737//3223 1736//3223 
f 1736//3224 1737//3224 1738//3224 
f 1737//3225 1739//3225 1738//3225 
f 1738//3226 1739//3226 1740//3226 
f 1739//3227 1741//3227 1740//3227 
f 1740//3228 1741//3228 1742//3228 
f 1741//3229 1743//3229 1742//3229 
f 1742//3230 1743//3230 1744//3230 
f 1743//3231 1745//3231 1744//3231 
f 1744//3232 1745//3232 1746//3232 
f 1746//3233 1747//3233 1748//3233 
f 1745//3234 1747//3234 1746//3234 
f 1748//3235 1749//3235 1750//3235 
f 1747//3236 1749//3236 1748//3236 
f 1750//3237 1751//3237 1752//3237 
f 1752//3238 1751//3238 1753//3238 
f 1749//3239 1751//3239 1750//3239 
f 1751//3240 1754//3240 1753//3240 
f 1753//3241 1755//3241 1756//3241 
f 1754//3242 1755//3242 1753//3242 
f 1756//3243 1757//3243 1758//3243 
f 1755//3244 1757//3244 1756//3244 
f 1758//3245 1759//3245 1760//3245 
f 1757//3246 1759//3246 1758//3246 
f 1760//3247 1761//3247 1762//3247 
f 1759//3248 1761//3248 1760//3248 
f 1762//3249 1763//3249 1764//3249 
f 1764//3250 1763//3250 1515//3250 
f 1761//3251 1763//3251 1762//3251 
f 1763//3252 1513//3252 1515//3252 
f 1668//3253 1665//3253 1669//3253 
f 1669//3254 1665//3254 1671//3254 
f 1675//3255 1679//3255 1677//3255 
f 1665//3256 1661//3256 1671//3256 
f 1663//3257 1661//3257 1665//3257 
f 1671//3258 1661//3258 1674//3258 
f 1674//3259 1661//3259 1675//3259 
f 1679//3260 1683//3260 1682//3260 
f 1660//3261 1657//3261 1661//3261 
f 1657//3262 1655//3262 1661//3262 
f 1679//3263 1687//3263 1683//3263 
f 1683//3264 1687//3264 1685//3264 
f 1687//3265 1691//3265 1689//3265 
f 1675//3266 1650//3266 1679//3266 
f 1661//3267 1650//3267 1675//3267 
f 1655//3268 1650//3268 1661//3268 
f 1651//3269 1650//3269 1654//3269 
f 1654//3270 1650//3270 1655//3270 
f 1687//3271 1693//3271 1691//3271 
f 1687//3272 1695//3272 1693//3272 
f 1648//3273 1646//3273 1650//3273 
f 1695//3274 1699//3274 1698//3274 
f 1643//3275 1642//3275 1646//3275 
f 1679//3276 1701//3276 1687//3276 
f 1687//3277 1701//3277 1695//3277 
f 1695//3278 1701//3278 1699//3278 
f 1640//3279 1637//3279 1642//3279 
f 1701//3280 1705//3280 1703//3280 
f 1635//3281 1633//3281 1637//3281 
f 1637//3282 1633//3282 1642//3282 
f 1705//3283 1709//3283 1707//3283 
f 1701//3284 1709//3284 1705//3284 
f 1701//3285 1711//3285 1709//3285 
f 1630//3286 1627//3286 1631//3286 
f 1633//3287 1625//3287 1642//3287 
f 1627//3288 1625//3288 1631//3288 
f 1631//3289 1625//3289 1633//3289 
f 1642//3290 1625//3290 1646//3290 
f 1701//3291 1621//3291 1711//3291 
f 1625//3292 1621//3292 1646//3292 
f 1624//3293 1621//3293 1625//3293 
f 1650//3294 1621//3294 1679//3294 
f 1646//3295 1621//3295 1650//3295 
f 1679//3296 1621//3296 1701//3296 
f 1719//3297 1724//3297 1721//3297 
f 1719//3298 1725//3298 1724//3298 
f 1617//3299 1616//3299 1620//3299 
f 1717//3300 1727//3300 1719//3300 
f 1719//3301 1727//3301 1725//3301 
f 1616//3302 1611//3302 1620//3302 
f 1613//3303 1611//3303 1616//3303 
f 1713//3304 1731//3304 1715//3304 
f 1715//3305 1731//3305 1717//3305 
f 1727//3306 1731//3306 1729//3306 
f 1717//3307 1731//3307 1727//3307 
f 1711//3308 1731//3308 1713//3308 
f 1611//3309 1608//3309 1620//3309 
f 1609//3310 1608//3310 1611//3310 
f 1620//3311 1608//3311 1621//3311 
f 1731//3312 1735//3312 1733//3312 
f 1608//3313 1603//3313 1621//3313 
f 1605//3314 1603//3314 1608//3314 
f 1735//3315 1741//3315 1737//3315 
f 1737//3316 1741//3316 1739//3316 
f 1599//3317 1597//3317 1601//3317 
f 1601//3318 1597//3318 1603//3318 
f 1743//3319 1747//3319 1745//3319 
f 1621//3320 1593//3320 1711//3320 
f 1731//3321 1593//3321 1735//3321 
f 1595//3322 1593//3322 1597//3322 
f 1603//3323 1593//3323 1621//3323 
f 1711//3324 1593//3324 1731//3324 
f 1597//3325 1593//3325 1603//3325 
f 1741//3326 1749//3326 1743//3326 
f 1743//3327 1749//3327 1747//3327 
f 1735//3328 1751//3328 1741//3328 
f 1741//3329 1751//3329 1749//3329 
f 1592//3330 1590//3330 1593//3330 
f 1590//3331 1587//3331 1593//3331 
f 1751//3332 1755//3332 1754//3332 
f 1735//3333 1755//3333 1751//3333 
f 1593//3334 1585//3334 1735//3334 
f 1587//3335 1585//3335 1593//3335 
f 1585//3336 1757//3336 1735//3336 
f 1735//3337 1757//3337 1755//3337 
f 1759//3338 1763//3338 1761//3338 
f 1579//3339 1577//3339 1581//3339 
f 1581//3340 1577//3340 1583//3340 
f 1583//3341 1577//3341 1585//3341 
f 1759//3342 1513//3342 1763//3342 
f 1757//3343 1513//3343 1759//3343 
f 1513//3344 1520//3344 1514//3344 
f 1514//3345 1520//3345 1517//3345 
f 1577//3346 1569//3346 1585//3346 
f 1572//3347 1569//3347 1573//3347 
f 1573//3348 1569//3348 1575//3348 
f 1575//3349 1569//3349 1577//3349 
f 1513//3350 1521//3350 1520//3350 
f 1757//3351 1521//3351 1513//3351 
f 1567//3352 1565//3352 1569//3352 
f 1569//3353 1563//3353 1585//3353 
f 1565//3354 1563//3354 1569//3354 
f 1521//3355 1527//3355 1524//3355 
f 1524//3356 1527//3356 1525//3356 
f 1757//3357 1527//3357 1521//3357 
f 1561//3358 1559//3358 1563//3358 
f 1559//3359 1557//3359 1563//3359 
f 1530//3360 1533//3360 1531//3360 
f 1557//3361 1555//3361 1563//3361 
f 1527//3362 1535//3362 1530//3362 
f 1530//3363 1535//3363 1533//3363 
f 1757//3364 1538//3364 1527//3364 
f 1527//3365 1538//3365 1535//3365 
f 1585//3366 1552//3366 1757//3366 
f 1553//3367 1552//3367 1555//3367 
f 1563//3368 1552//3368 1585//3368 
f 1555//3369 1552//3369 1563//3369 
f 1549//3370 1547//3370 1552//3370 
f 1538//3371 1543//3371 1539//3371 
f 1539//3372 1543//3372 1541//3372 
f 1757//3373 1543//3373 1538//3373 
f 1552//3374 1546//3374 1757//3374 
f 1547//3375 1546//3375 1552//3375 
f 1757//3376 1546//3376 1543//3376 
f 1666//3377 1667//3377 1670//3377 
f 1666//3378 1670//3378 1672//3378 
f 1680//3379 1676//3379 1678//3379 
f 1662//3380 1666//3380 1672//3380 
f 1662//3381 1664//3381 1666//3381 
f 1662//3382 1672//3382 1673//3382 
f 1662//3383 1673//3383 1676//3383 
f 1684//3384 1680//3384 1681//3384 
f 1658//3385 1659//3385 1662//3385 
f 1656//3386 1658//3386 1662//3386 
f 1688//3387 1680//3387 1684//3387 
f 1688//3388 1684//3388 1686//3388 
f 1692//3389 1688//3389 1690//3389 
f 1649//3390 1676//3390 1680//3390 
f 1649//3391 1662//3391 1676//3391 
f 1649//3392 1656//3392 1662//3392 
f 1649//3393 1652//3393 1653//3393 
f 1649//3394 1653//3394 1656//3394 
f 1694//3395 1688//3395 1692//3395 
f 1696//3396 1688//3396 1694//3396 
f 1645//3397 1647//3397 1649//3397 
f 1700//3398 1696//3398 1697//3398 
f 1641//3399 1644//3399 1645//3399 
f 1702//3400 1680//3400 1688//3400 
f 1702//3401 1688//3401 1696//3401 
f 1702//3402 1696//3402 1700//3402 
f 1638//3403 1639//3403 1641//3403 
f 1706//3404 1702//3404 1704//3404 
f 1634//3405 1636//3405 1638//3405 
f 1634//3406 1638//3406 1641//3406 
f 1710//3407 1706//3407 1708//3407 
f 1710//3408 1702//3408 1706//3408 
f 1712//3409 1702//3409 1710//3409 
f 1628//3410 1629//3410 1632//3410 
f 1626//3411 1634//3411 1641//3411 
f 1626//3412 1628//3412 1632//3412 
f 1626//3413 1632//3413 1634//3413 
f 1626//3414 1641//3414 1645//3414 
f 1622//3415 1702//3415 1712//3415 
f 1622//3416 1626//3416 1645//3416 
f 1622//3417 1623//3417 1626//3417 
f 1622//3418 1649//3418 1680//3418 
f 1622//3419 1645//3419 1649//3419 
f 1622//3420 1680//3420 1702//3420 
f 1723//3421 1720//3421 1722//3421 
f 1726//3422 1720//3422 1723//3422 
f 1615//3423 1618//3423 1619//3423 
f 1728//3424 1718//3424 1720//3424 
f 1728//3425 1720//3425 1726//3425 
f 1612//3426 1615//3426 1619//3426 
f 1612//3427 1614//3427 1615//3427 
f 1732//3428 1714//3428 1716//3428 
f 1732//3429 1716//3429 1718//3429 
f 1732//3430 1728//3430 1730//3430 
f 1732//3431 1718//3431 1728//3431 
f 1732//3432 1712//3432 1714//3432 
f 1607//3433 1612//3433 1619//3433 
f 1607//3434 1610//3434 1612//3434 
f 1607//3435 1619//3435 1622//3435 
f 1736//3436 1732//3436 1734//3436 
f 1604//3437 1607//3437 1622//3437 
f 1604//3438 1606//3438 1607//3438 
f 1742//3439 1736//3439 1738//3439 
f 1742//3440 1738//3440 1740//3440 
f 1598//3441 1600//3441 1602//3441 
f 1598//3442 1602//3442 1604//3442 
f 1748//3443 1744//3443 1746//3443 
f 1594//3444 1622//3444 1712//3444 
f 1594//3445 1732//3445 1736//3445 
f 1594//3446 1596//3446 1598//3446 
f 1594//3447 1604//3447 1622//3447 
f 1594//3448 1712//3448 1732//3448 
f 1594//3449 1598//3449 1604//3449 
f 1750//3450 1742//3450 1744//3450 
f 1750//3451 1744//3451 1748//3451 
f 1752//3452 1736//3452 1742//3452 
f 1752//3453 1742//3453 1750//3453 
f 1589//3454 1591//3454 1594//3454 
f 1588//3455 1589//3455 1594//3455 
f 1756//3456 1752//3456 1753//3456 
f 1756//3457 1736//3457 1752//3457 
f 1586//3458 1594//3458 1736//3458 
f 1586//3459 1588//3459 1594//3459 
f 1758//3460 1586//3460 1736//3460 
f 1758//3461 1736//3461 1756//3461 
f 1764//3462 1760//3462 1762//3462 
f 1578//3463 1580//3463 1582//3463 
f 1578//3464 1582//3464 1584//3464 
f 1578//3465 1584//3465 1586//3465 
f 1515//3466 1760//3466 1764//3466 
f 1515//3467 1758//3467 1760//3467 
f 1519//3468 1515//3468 1516//3468 
f 1519//3469 1516//3469 1518//3469 
f 1570//3470 1578//3470 1586//3470 
f 1570//3471 1571//3471 1574//3471 
f 1570//3472 1574//3472 1576//3472 
f 1570//3473 1576//3473 1578//3473 
f 1522//3474 1515//3474 1519//3474 
f 1522//3475 1758//3475 1515//3475 
f 1566//3476 1568//3476 1570//3476 
f 1564//3477 1570//3477 1586//3477 
f 1564//3478 1566//3478 1570//3478 
f 1528//3479 1522//3479 1523//3479 
f 1528//3480 1523//3480 1526//3480 
f 1528//3481 1758//3481 1522//3481 
f 1560//3482 1562//3482 1564//3482 
f 1558//3483 1560//3483 1564//3483 
f 1534//3484 1529//3484 1532//3484 
f 1556//3485 1558//3485 1564//3485 
f 1536//3486 1528//3486 1529//3486 
f 1536//3487 1529//3487 1534//3487 
f 1537//3488 1758//3488 1528//3488 
f 1537//3489 1528//3489 1536//3489 
f 1551//3490 1586//3490 1758//3490 
f 1551//3491 1554//3491 1556//3491 
f 1551//3492 1564//3492 1586//3492 
f 1551//3493 1556//3493 1564//3493 
f 1548//3494 1550//3494 1551//3494 
f 1544//3495 1537//3495 1540//3495 
f 1544//3496 1540//3496 1542//3496 
f 1544//3497 1758//3497 1537//3497 
f 1545//3498 1551//3498 1758//3498 
f 1545//3499 1548//3499 1551//3499 
f 1545//3500 1758//3500 1544//3500 
f 1765//3501 1766//3501 1767//3501 
f 1767//3502 1766//3502 1768//3502 
f 1768//3503 1769//3503 1770//3503 
f 1770//3504 1769//3504 1771//3504 
f 1766//3505 1769//3505 1768//3505 
f 1769//3506 1772//3506 1771//3506 
f 1771//3507 1773//3507 1774//3507 
f 1774//3508 1773//3508 1775//3508 
f 1772//3509 1773//3509 1771//3509 
f 1773//3510 1776//3510 1775//3510 
f 1775//3511 1777//3511 1778//3511 
f 1776//3512 1777//3512 1775//3512 
f 1778//3513 1779//3513 1780//3513 
f 1780//3514 1779//3514 1781//3514 
f 1777//3515 1779//3515 1778//3515 
f 1779//3516 1782//3516 1781//3516 
f 1781//3517 1783//3517 1784//3517 
f 1782//3518 1783//3518 1781//3518 
f 1784//3519 1785//3519 1786//3519 
f 1783//3520 1785//3520 1784//3520 
f 1785//3521 1787//3521 1786//3521 
f 1786//3522 1787//3522 1788//3522 
f 1788//3523 1787//3523 1789//3523 
f 1787//3524 1790//3524 1789//3524 
f 1790//3525 1791//3525 1789//3525 
f 1789//3526 1791//3526 1792//3526 
f 1791//3527 1793//3527 1792//3527 
f 1792//3528 1793//3528 1794//3528 
f 1794//3529 1795//3529 1796//3529 
f 1796//3530 1795//3530 1797//3530 
f 1793//3531 1795//3531 1794//3531 
f 1795//3532 1798//3532 1797//3532 
f 1797//3533 1799//3533 1800//3533 
f 1798//3534 1799//3534 1797//3534 
f 1800//3535 1801//3535 1802//3535 
f 1802//3536 1801//3536 1803//3536 
f 1799//3537 1801//3537 1800//3537 
f 1801//3538 1804//3538 1803//3538 
f 1803//3539 1805//3539 1806//3539 
f 1804//3540 1805//3540 1803//3540 
f 1806//3541 1807//3541 1808//3541 
f 1805//3542 1807//3542 1806//3542 
f 1808//3543 1809//3543 1810//3543 
f 1807//3544 1809//3544 1808//3544 
f 1810//3545 1811//3545 1812//3545 
f 1809//3546 1811//3546 1810//3546 
f 1812//3547 1813//3547 1814//3547 
f 1811//3548 1813//3548 1812//3548 
f 1814//3549 1815//3549 1816//3549 
f 1813//3550 1815//3550 1814//3550 
f 1816//3551 1817//3551 1818//3551 
f 1815//3552 1817//3552 1816//3552 
f 1818//3553 1819//3553 1820//3553 
f 1817//3554 1819//3554 1818//3554 
f 1820//3555 1821//3555 1822//3555 
f 1822//3556 1821//3556 1823//3556 
f 1819//3557 1821//3557 1820//3557 
f 1821//3558 1824//3558 1823//3558 
f 1823//3559 1825//3559 1826//3559 
f 1824//3560 1825//3560 1823//3560 
f 1826//3561 1827//3561 1828//3561 
f 1825//3562 1827//3562 1826//3562 
f 1828//3563 1829//3563 1830//3563 
f 1827//3564 1829//3564 1828//3564 
f 1830//3565 1831//3565 1832//3565 
f 1829//3566 1831//3566 1830//3566 
f 1832//3567 1833//3567 1834//3567 
f 1831//3568 1833//3568 1832//3568 
f 1834//3569 1835//3569 1836//3569 
f 1833//3570 1835//3570 1834//3570 
f 1836//3571 1837//3571 1838//3571 
f 1835//3572 1837//3572 1836//3572 
f 1838//3573 1839//3573 1840//3573 
f 1840//3574 1839//3574 1841//3574 
f 1837//3575 1839//3575 1838//3575 
f 1839//3576 1842//3576 1841//3576 
f 1841//3577 1842//3577 1843//3577 
f 1842//3578 1844//3578 1843//3578 
f 1844//3579 1845//3579 1843//3579 
f 1843//3580 1845//3580 1846//3580 
f 1845//3581 1847//3581 1846//3581 
f 1846//3582 1847//3582 1848//3582 
f 1847//3583 1849//3583 1848//3583 
f 1848//3584 1849//3584 1850//3584 
f 1849//3585 1851//3585 1850//3585 
f 1850//3586 1851//3586 1852//3586 
f 1851//3587 1853//3587 1852//3587 
f 1852//3588 1853//3588 1854//3588 
f 1853//3589 1855//3589 1854//3589 
f 1854//3590 1855//3590 1856//3590 
f 1855//3591 1857//3591 1856//3591 
f 1856//3592 1857//3592 1858//3592 
f 1858//3593 1857//3593 1859//3593 
f 1857//3594 1860//3594 1859//3594 
f 1859//3595 1861//3595 1862//3595 
f 1860//3596 1861//3596 1859//3596 
f 1862//3597 1863//3597 1864//3597 
f 1861//3598 1863//3598 1862//3598 
f 1864//3599 1865//3599 1866//3599 
f 1866//3600 1865//3600 1867//3600 
f 1863//3601 1865//3601 1864//3601 
f 1865//3602 1868//3602 1867//3602 
f 1867//3603 1869//3603 1870//3603 
f 1870//3604 1869//3604 1871//3604 
f 1868//3605 1869//3605 1867//3605 
f 1869//3606 1872//3606 1871//3606 
f 1871//3607 1873//3607 1874//3607 
f 1874//3608 1873//3608 1875//3608 
f 1872//3609 1873//3609 1871//3609 
f 1873//3610 1876//3610 1875//3610 
f 1875//3611 1877//3611 1878//3611 
f 1876//3612 1877//3612 1875//3612 
f 1878//3613 1879//3613 1880//3613 
f 1880//3614 1879//3614 1881//3614 
f 1877//3615 1879//3615 1878//3615 
f 1879//3616 1882//3616 1881//3616 
f 1881//3617 1883//3617 1884//3617 
f 1882//3618 1883//3618 1881//3618 
f 1884//3619 1885//3619 1886//3619 
f 1883//3620 1885//3620 1884//3620 
f 1886//3621 1887//3621 1888//3621 
f 1885//3622 1887//3622 1886//3622 
f 1887//3623 1889//3623 1888//3623 
f 1888//3624 1889//3624 1890//3624 
f 1890//3625 1889//3625 1891//3625 
f 1889//3626 1892//3626 1891//3626 
f 1891//3627 1892//3627 1893//3627 
f 1892//3628 1894//3628 1893//3628 
f 1894//3629 1895//3629 1893//3629 
f 1893//3630 1895//3630 1896//3630 
f 1896//3631 1895//3631 1897//3631 
f 1895//3632 1898//3632 1897//3632 
f 1897//3633 1898//3633 1899//3633 
f 1898//3634 1900//3634 1899//3634 
f 1899//3635 1900//3635 1901//3635 
f 1900//3636 1902//3636 1901//3636 
f 1902//3637 1903//3637 1901//3637 
f 1901//3638 1903//3638 1904//3638 
f 1904//3639 1903//3639 1905//3639 
f 1903//3640 1906//3640 1905//3640 
f 1906//3641 1907//3641 1905//3641 
f 1905//3642 1907//3642 1908//3642 
f 1907//3643 1909//3643 1908//3643 
f 1908//3644 1909//3644 1910//3644 
f 1910//3645 1909//3645 1911//3645 
f 1909//3646 1912//3646 1911//3646 
f 1912//3647 1913//3647 1911//3647 
f 1911//3648 1913//3648 1914//3648 
f 1913//3649 1915//3649 1914//3649 
f 1914//3650 1915//3650 1916//3650 
f 1915//3651 1917//3651 1916//3651 
f 1916//3652 1917//3652 1918//3652 
f 1918//3653 1917//3653 1919//3653 
f 1917//3654 1920//3654 1919//3654 
f 1920//3655 1921//3655 1919//3655 
f 1919//3656 1921//3656 1922//3656 
f 1921//3657 1923//3657 1922//3657 
f 1922//3658 1923//3658 1924//3658 
f 1924//3659 1923//3659 1925//3659 
f 1923//3660 1926//3660 1925//3660 
f 1926//3661 1927//3661 1925//3661 
f 1925//3662 1927//3662 1928//3662 
f 1927//3663 1929//3663 1928//3663 
f 1928//3664 1929//3664 1930//3664 
f 1930//3665 1931//3665 1932//3665 
f 1929//3666 1931//3666 1930//3666 
f 1932//3667 1931//3667 1933//3667 
f 1931//3668 1934//3668 1933//3668 
f 1933//3669 1935//3669 1936//3669 
f 1934//3670 1935//3670 1933//3670 
f 1936//3671 1937//3671 1938//3671 
f 1935//3672 1937//3672 1936//3672 
f 1938//3673 1939//3673 1940//3673 
f 1937//3674 1939//3674 1938//3674 
f 1939//3675 1941//3675 1940//3675 
f 1940//3676 1941//3676 1942//3676 
f 1941//3677 1943//3677 1942//3677 
f 1942//3678 1943//3678 1944//3678 
f 1943//3679 1945//3679 1944//3679 
f 1944//3680 1945//3680 1946//3680 
f 1945//3681 1947//3681 1946//3681 
f 1946//3682 1947//3682 1948//3682 
f 1948//3683 1947//3683 1949//3683 
f 1947//3684 1950//3684 1949//3684 
f 1950//3685 1951//3685 1949//3685 
f 1949//3686 1951//3686 1952//3686 
f 1951//3687 1953//3687 1952//3687 
f 1952//3688 1953//3688 1954//3688 
f 1953//3689 1955//3689 1954//3689 
f 1954//3690 1955//3690 1956//3690 
f 1955//3691 1957//3691 1956//3691 
f 1956//3692 1957//3692 1958//3692 
f 1957//3693 1959//3693 1958//3693 
f 1958//3694 1959//3694 1960//3694 
f 1959//3695 1961//3695 1960//3695 
f 1960//3696 1961//3696 1962//3696 
f 1961//3697 1963//3697 1962//3697 
f 1962//3698 1963//3698 1964//3698 
f 1964//3699 1965//3699 1966//3699 
f 1963//3700 1965//3700 1964//3700 
f 1966//3701 1967//3701 1968//3701 
f 1965//3702 1967//3702 1966//3702 
f 1968//3703 1969//3703 1970//3703 
f 1967//3704 1969//3704 1968//3704 
f 1970//3705 1971//3705 1972//3705 
f 1969//3706 1971//3706 1970//3706 
f 1972//3707 1973//3707 1974//3707 
f 1974//3708 1973//3708 1975//3708 
f 1971//3709 1973//3709 1972//3709 
f 1973//3710 1976//3710 1975//3710 
f 1975//3711 1977//3711 1978//3711 
f 1976//3712 1977//3712 1975//3712 
f 1978//3713 1979//3713 1980//3713 
f 1977//3714 1979//3714 1978//3714 
f 1980//3715 1981//3715 1982//3715 
f 1979//3716 1981//3716 1980//3716 
f 1982//3717 1983//3717 1984//3717 
f 1981//3718 1983//3718 1982//3718 
f 1984//3719 1985//3719 1986//3719 
f 1983//3720 1985//3720 1984//3720 
f 1986//3721 1987//3721 1988//3721 
f 1985//3722 1987//3722 1986//3722 
f 1987//3723 1989//3723 1988//3723 
f 1988//3724 1989//3724 1990//3724 
f 1989//3725 1991//3725 1990//3725 
f 1990//3726 1991//3726 1992//3726 
f 1991//3727 1993//3727 1992//3727 
f 1992//3728 1993//3728 1994//3728 
f 1993//3729 1995//3729 1994//3729 
f 1994//3730 1995//3730 1996//3730 
f 1995//3731 1997//3731 1996//3731 
f 1996//3732 1997//3732 1998//3732 
f 1998//3733 1999//3733 2000//3733 
f 1997//3734 1999//3734 1998//3734 
f 2000//3735 2001//3735 2002//3735 
f 1999//3736 2001//3736 2000//3736 
f 2002//3737 2003//3737 2004//3737 
f 2004//3738 2003//3738 2005//3738 
f 2001//3739 2003//3739 2002//3739 
f 2003//3740 2006//3740 2005//3740 
f 2005//3741 2007//3741 2008//3741 
f 2006//3742 2007//3742 2005//3742 
f 2008//3743 2009//3743 2010//3743 
f 2007//3744 2009//3744 2008//3744 
f 2010//3745 2011//3745 2012//3745 
f 2009//3746 2011//3746 2010//3746 
f 2012//3747 2013//3747 2014//3747 
f 2011//3748 2013//3748 2012//3748 
f 2014//3749 2015//3749 2016//3749 
f 2016//3750 2015//3750 1767//3750 
f 2013//3751 2015//3751 2014//3751 
f 2015//3752 1765//3752 1767//3752 
f 1920//3753 1917//3753 1921//3753 
f 1921//3754 1917//3754 1923//3754 
f 1927//3755 1931//3755 1929//3755 
f 1917//3756 1913//3756 1923//3756 
f 1915//3757 1913//3757 1917//3757 
f 1923//3758 1913//3758 1926//3758 
f 1926//3759 1913//3759 1927//3759 
f 1931//3760 1935//3760 1934//3760 
f 1912//3761 1909//3761 1913//3761 
f 1909//3762 1907//3762 1913//3762 
f 1931//3763 1939//3763 1935//3763 
f 1935//3764 1939//3764 1937//3764 
f 1939//3765 1943//3765 1941//3765 
f 1927//3766 1902//3766 1931//3766 
f 1913//3767 1902//3767 1927//3767 
f 1907//3768 1902//3768 1913//3768 
f 1903//3769 1902//3769 1906//3769 
f 1906//3770 1902//3770 1907//3770 
f 1939//3771 1945//3771 1943//3771 
f 1939//3772 1947//3772 1945//3772 
f 1900//3773 1898//3773 1902//3773 
f 1947//3774 1951//3774 1950//3774 
f 1895//3775 1894//3775 1898//3775 
f 1931//3776 1953//3776 1939//3776 
f 1939//3777 1953//3777 1947//3777 
f 1947//3778 1953//3778 1951//3778 
f 1892//3779 1889//3779 1894//3779 
f 1953//3780 1957//3780 1955//3780 
f 1887//3781 1885//3781 1889//3781 
f 1889//3782 1885//3782 1894//3782 
f 1957//3783 1961//3783 1959//3783 
f 1953//3784 1961//3784 1957//3784 
f 1953//3785 1963//3785 1961//3785 
f 1882//3786 1879//3786 1883//3786 
f 1885//3787 1877//3787 1894//3787 
f 1879//3788 1877//3788 1883//3788 
f 1883//3789 1877//3789 1885//3789 
f 1894//3790 1877//3790 1898//3790 
f 1953//3791 1873//3791 1963//3791 
f 1877//3792 1873//3792 1898//3792 
f 1876//3793 1873//3793 1877//3793 
f 1902//3794 1873//3794 1931//3794 
f 1898//3795 1873//3795 1902//3795 
f 1931//3796 1873//3796 1953//3796 
f 1971//3797 1976//3797 1973//3797 
f 1971//3798 1977//3798 1976//3798 
f 1869//3799 1868//3799 1872//3799 
f 1969//3800 1979//3800 1971//3800 
f 1971//3801 1979//3801 1977//3801 
f 1868//3802 1863//3802 1872//3802 
f 1865//3803 1863//3803 1868//3803 
f 1965//3804 1983//3804 1967//3804 
f 1967//3805 1983//3805 1969//3805 
f 1979//3806 1983//3806 1981//3806 
f 1969//3807 1983//3807 1979//3807 
f 1963//3808 1983//3808 1965//3808 
f 1863//3809 1860//3809 1872//3809 
f 1861//3810 1860//3810 1863//3810 
f 1872//3811 1860//3811 1873//3811 
f 1983//3812 1987//3812 1985//3812 
f 1860//3813 1855//3813 1873//3813 
f 1857//3814 1855//3814 1860//3814 
f 1987//3815 1993//3815 1989//3815 
f 1989//3816 1993//3816 1991//3816 
f 1851//3817 1849//3817 1853//3817 
f 1853//3818 1849//3818 1855//3818 
f 1995//3819 1999//3819 1997//3819 
f 1873//3820 1845//3820 1963//3820 
f 1983//3821 1845//3821 1987//3821 
f 1847//3822 1845//3822 1849//3822 
f 1855//3823 1845//3823 1873//3823 
f 1963//3824 1845//3824 1983//3824 
f 1849//3825 1845//3825 1855//3825 
f 1993//3826 2001//3826 1995//3826 
f 1995//3827 2001//3827 1999//3827 
f 1987//3828 2003//3828 1993//3828 
f 1993//3829 2003//3829 2001//3829 
f 1844//3830 1842//3830 1845//3830 
f 1842//3831 1839//3831 1845//3831 
f 2003//3832 2007//3832 2006//3832 
f 1987//3833 2007//3833 2003//3833 
f 1845//3834 1837//3834 1987//3834 
f 1839//3835 1837//3835 1845//3835 
f 1837//3836 2009//3836 1987//3836 
f 1987//3837 2009//3837 2007//3837 
f 2011//3838 2015//3838 2013//3838 
f 1831//3839 1829//3839 1833//3839 
f 1833//3840 1829//3840 1835//3840 
f 1835//3841 1829//3841 1837//3841 
f 2011//3842 1765//3842 2015//3842 
f 2009//3843 1765//3843 2011//3843 
f 1765//3844 1772//3844 1766//3844 
f 1766//3845 1772//3845 1769//3845 
f 1829//3846 1821//3846 1837//3846 
f 1824//3847 1821//3847 1825//3847 
f 1825//3848 1821//3848 1827//3848 
f 1827//3849 1821//3849 1829//3849 
f 1765//3850 1773//3850 1772//3850 
f 2009//3851 1773//3851 1765//3851 
f 1819//3852 1817//3852 1821//3852 
f 1821//3853 1815//3853 1837//3853 
f 1817//3854 1815//3854 1821//3854 
f 1773//3855 1779//3855 1776//3855 
f 1776//3856 1779//3856 1777//3856 
f 2009//3857 1779//3857 1773//3857 
f 1813//3858 1811//3858 1815//3858 
f 1811//3859 1809//3859 1815//3859 
f 1782//3860 1785//3860 1783//3860 
f 1809//3861 1807//3861 1815//3861 
f 1779//3862 1787//3862 1782//3862 
f 1782//3863 1787//3863 1785//3863 
f 2009//3864 1790//3864 1779//3864 
f 1779//3865 1790//3865 1787//3865 
f 1837//3866 1804//3866 2009//3866 
f 1805//3867 1804//3867 1807//3867 
f 1815//3868 1804//3868 1837//3868 
f 1807//3869 1804//3869 1815//3869 
f 1801//3870 1799//3870 1804//3870 
f 1790//3871 1795//3871 1791//3871 
f 1791//3872 1795//3872 1793//3872 
f 2009//3873 1795//3873 1790//3873 
f 1804//3874 1798//3874 2009//3874 
f 1799//3875 1798//3875 1804//3875 
f 2009//3876 1798//3876 1795//3876 
f 1918//3877 1919//3877 1922//3877 
f 1918//3878 1922//3878 1924//3878 
f 1932//3879 1928//3879 1930//3879 
f 1914//3880 1918//3880 1924//3880 
f 1914//3881 1916//3881 1918//3881 
f 1914//3882 1924//3882 1925//3882 
f 1914//3883 1925//3883 1928//3883 
f 1936//3884 1932//3884 1933//3884 
f 1910//3885 1911//3885 1914//3885 
f 1908//3886 1910//3886 1914//3886 
f 1940//3887 1932//3887 1936//3887 
f 1940//3888 1936//3888 1938//3888 
f 1944//3889 1940//3889 1942//3889 
f 1901//3890 1928//3890 1932//3890 
f 1901//3891 1914//3891 1928//3891 
f 1901//3892 1908//3892 1914//3892 
f 1901//3893 1904//3893 1905//3893 
f 1901//3894 1905//3894 1908//3894 
f 1946//3895 1940//3895 1944//3895 
f 1948//3896 1940//3896 1946//3896 
f 1897//3897 1899//3897 1901//3897 
f 1952//3898 1948//3898 1949//3898 
f 1893//3899 1896//3899 1897//3899 
f 1954//3900 1932//3900 1940//3900 
f 1954//3901 1940//3901 1948//3901 
f 1954//3902 1948//3902 1952//3902 
f 1890//3903 1891//3903 1893//3903 
f 1958//3904 1954//3904 1956//3904 
f 1886//3905 1888//3905 1890//3905 
f 1886//3906 1890//3906 1893//3906 
f 1962//3907 1958//3907 1960//3907 
f 1962//3908 1954//3908 1958//3908 
f 1964//3909 1954//3909 1962//3909 
f 1880//3910 1881//3910 1884//3910 
f 1878//3911 1886//3911 1893//3911 
f 1878//3912 1880//3912 1884//3912 
f 1878//3913 1884//3913 1886//3913 
f 1878//3914 1893//3914 1897//3914 
f 1874//3915 1954//3915 1964//3915 
f 1874//3916 1878//3916 1897//3916 
f 1874//3917 1875//3917 1878//3917 
f 1874//3918 1901//3918 1932//3918 
f 1874//3919 1897//3919 1901//3919 
f 1874//3920 1932//3920 1954//3920 
f 1975//3921 1972//3921 1974//3921 
f 1978//3922 1972//3922 1975//3922 
f 1867//3923 1870//3923 1871//3923 
f 1980//3924 1970//3924 1972//3924 
f 1980//3925 1972//3925 1978//3925 
f 1864//3926 1867//3926 1871//3926 
f 1864//3927 1866//3927 1867//3927 
f 1984//3928 1966//3928 1968//3928 
f 1984//3929 1968//3929 1970//3929 
f 1984//3930 1980//3930 1982//3930 
f 1984//3931 1970//3931 1980//3931 
f 1984//3932 1964//3932 1966//3932 
f 1859//3933 1864//3933 1871//3933 
f 1859//3934 1862//3934 1864//3934 
f 1859//3935 1871//3935 1874//3935 
f 1988//3936 1984//3936 1986//3936 
f 1856//3937 1859//3937 1874//3937 
f 1856//3938 1858//3938 1859//3938 
f 1994//3939 1988//3939 1990//3939 
f 1994//3940 1990//3940 1992//3940 
f 1850//3941 1852//3941 1854//3941 
f 1850//3942 1854//3942 1856//3942 
f 2000//3943 1996//3943 1998//3943 
f 1846//3944 1874//3944 1964//3944 
f 1846//3945 1984//3945 1988//3945 
f 1846//3946 1848//3946 1850//3946 
f 1846//3947 1856//3947 1874//3947 
f 1846//3948 1964//3948 1984//3948 
f 1846//3949 1850//3949 1856//3949 
f 2002//3950 1994//3950 1996//3950 
f 2002//3951 1996//3951 2000//3951 
f 2004//3952 1988//3952 1994//3952 
f 2004//3953 1994//3953 2002//3953 
f 1841//3954 1843//3954 1846//3954 
f 1840//3955 1841//3955 1846//3955 
f 2008//3956 2004//3956 2005//3956 
f 2008//3957 1988//3957 2004//3957 
f 1838//3958 1846//3958 1988//3958 
f 1838//3959 1840//3959 1846//3959 
f 2010//3960 1838//3960 1988//3960 
f 2010//3961 1988//3961 2008//3961 
f 2016//3962 2012//3962 2014//3962 
f 1830//3963 1832//3963 1834//3963 
f 1830//3964 1834//3964 1836//3964 
f 1830//3965 1836//3965 1838//3965 
f 1767//3966 2012//3966 2016//3966 
f 1767//3967 2010//3967 2012//3967 
f 1771//3968 1767//3968 1768//3968 
f 1771//3969 1768//3969 1770//3969 
f 1822//3970 1830//3970 1838//3970 
f 1822//3971 1823//3971 1826//3971 
f 1822//3972 1826//3972 1828//3972 
f 1822//3973 1828//3973 1830//3973 
f 1774//3974 1767//3974 1771//3974 
f 1774//3975 2010//3975 1767//3975 
f 1818//3976 1820//3976 1822//3976 
f 1816//3977 1822//3977 1838//3977 
f 1816//3978 1818//3978 1822//3978 
f 1780//3979 1774//3979 1775//3979 
f 1780//3980 1775//3980 1778//3980 
f 1780//3981 2010//3981 1774//3981 
f 1812//3982 1814//3982 1816//3982 
f 1810//3983 1812//3983 1816//3983 
f 1786//3984 1781//3984 1784//3984 
f 1808//3985 1810//3985 1816//3985 
f 1788//3986 1780//3986 1781//3986 
f 1788//3987 1781//3987 1786//3987 
f 1789//3988 2010//3988 1780//3988 
f 1789//3989 1780//3989 1788//3989 
f 1803//3990 1838//3990 2010//3990 
f 1803//3991 1806//3991 1808//3991 
f 1803//3992 1816//3992 1838//3992 
f 1803//3993 1808//3993 1816//3993 
f 1800//3994 1802//3994 1803//3994 
f 1796//3995 1789//3995 1792//3995 
f 1796//3996 1792//3996 1794//3996 
f 1796//3997 2010//3997 1789//3997 
f 1797//3998 1803//3998 2010//3998 
f 1797//3999 1800//3999 1803//3999 
f 1797//4000 2010//4000 1796//4000 
o Type001_Screws_Bracket_Flat
usemtl color_727980
v 3403.0 -1.0 1277.0
v 3402.987549 -1.498459 1277.0
v 3403.0 -1.0 1217.0
v 3402.987549 -1.498459 1217.0
v 3402.950195 -1.995678 1277.0
v 3402.950195 -1.995678 1217.0
v 3402.888428 -2.490423 1277.0
v 3402.888428 -2.490423 1217.0
v 3402.801758 -2.981462 1217.0
v 3402.801758 -2.981462 1277.0
v 3402.690674 -3.467574 1217.0
v 3402.690674 -3.467574 1277.0
v 3402.555664 -3.947552 1277.0
v 3402.555664 -3.947552 1217.0
v 3402.396973 -4.420201 1217.0
v 3402.396973 -4.420201 1277.0
v 3402.214844 -4.884348 1217.0
v 3402.214844 -4.884348 1277.0
v 3402.009766 -5.338838 1277.0
v 3402.009766 -5.338838 1217.0
v 3401.782227 -5.78254 1277.0
v 3401.782227 -5.78254 1217.0
v 3401.532959 -6.214352 1277.0
v 3401.532959 -6.214352 1217.0
v 3401.262451 -6.633201 1277.0
v 3401.262451 -6.633201 1217.0
v 3400.971436 -7.038044 1217.0
v 3400.971436 -7.038044 1277.0
v 3400.6604 -7.427876 1277.0
v 3400.6604 -7.427876 1217.0
v 3400.330566 -7.801727 1277.0
v 3400.330566 -7.801727 1217.0
v 3399.982422 -8.158669 1277.0
v 3399.982422 -8.158669 1217.0
v 3399.616943 -8.497812 1277.0
v 3399.616943 -8.497812 1217.0
v 3399.234863 -8.818315 1217.0
v 3399.234863 -8.818315 1277.0
v 3398.837402 -9.11938 1277.0
v 3398.837402 -9.11938 1217.0
v 3398.425537 -9.400259 1217.0
v 3398.425537 -9.400259 1277.0
v 3398.0 -9.660254 1277.0
v 3398.0 -9.660254 1217.0
v 3397.562012 -9.898718 1217.0
v 3397.562012 -9.898718 1277.0
v 3397.112793 -10.115059 1217.0
v 3397.112793 -10.115059 1277.0
v 3396.65332 -10.308738 1277.0
v 3396.65332 -10.308738 1217.0
v 3396.184814 -10.479274 1217.0
v 3396.184814 -10.479274 1277.0
v 3395.708496 -10.626243 1277.0
v 3395.708496 -10.626243 1217.0
v 3395.225098 -10.749279 1277.0
v 3395.225098 -10.749279 1217.0
v 3394.736572 -10.848078 1277.0
v 3394.736572 -10.848078 1217.0
v 3394.243408 -10.922392 1217.0
v 3394.243408 -10.922392 1277.0
v 3393.747314 -10.972038 1277.0
v 3393.747314 -10.972038 1217.0
v 3393.249268 -10.996892 1277.0
v 3393.249268 -10.996892 1217.0
v 3392.750732 -10.996892 1277.0
v 3392.750732 -10.996892 1217.0
v 3392.252686 -10.972038 1277.0
v 3392.252686 -10.972038 1217.0
v 3391.756592 -10.922392 1277.0
v 3391.756592 -10.922392 1217.0
v 3391.263428 -10.848078 1217.0
v 3391.263428 -10.848078 1277.0
v 3390.774902 -10.749279 1217.0
v 3390.774902 -10.749279 1277.0
v 3390.291504 -10.626243 1277.0
v 3390.291504 -10.626243 1217.0
v 3389.815186 -10.479274 1277.0
v 3389.815186 -10.479274 1217.0
v 3389.34668 -10.308738 1277.0
v 3389.34668 -10.308738 1217.0
v 3388.887207 -10.115059 1277.0
v 3388.887207 -10.115059 1217.0
v 3388.437988 -9.898718 1277.0
v 3388.437988 -9.898718 1217.0
v 3388.0 -9.660254 1277.0
v 3388.0 -9.660254 1217.0
v 3387.574463 -9.400259 1217.0
v 3387.574463 -9.400259 1277.0
v 3387.162598 -9.11938 1277.0
v 3387.162598 -9.11938 1217.0
v 3386.765137 -8.818315 1277.0
v 3386.765137 -8.818315 1217.0
v 3386.383057 -8.497812 1217.0
v 3386.383057 -8.497812 1277.0
v 3386.017578 -8.158669 1277.0
v 3386.017578 -8.158669 1217.0
v 3385.669434 -7.801727 1277.0
v 3385.669434 -7.801727 1217.0
v 3385.3396 -7.427876 1217.0
v 3385.3396 -7.427876 1277.0
v 3385.028564 -7.038044 1277.0
v 3385.028564 -7.038044 1217.0
v 3384.737549 -6.633201 1277.0
v 3384.737549 -6.633201 1217.0
v 3384.467041 -6.214352 1217.0
v 3384.467041 -6.214352 1277.0
v 3384.217773 -5.78254 1277.0
v 3384.217773 -5.78254 1217.0
v 3383.990234 -5.338838 1277.0
v 3383.990234 -5.338838 1217.0
v 3383.785156 -4.884348 1277.0
v 3383.785156 -4.884348 1217.0
v 3383.603027 -4.420201 1217.0
v 3383.603027 -4.420201 1277.0
v 3383.444336 -3.947552 1277.0
v 3383.444336 -3.947552 1217.0
v 3383.309326 -3.467574 1277.0
v 3383.309326 -3.467574 1217.0
v 3383.198242 -2.981462 1217.0
v 3383.198242 -2.981462 1277.0
v 3383.111572 -2.490423 1277.0
v 3383.111572 -2.490423 1217.0
v 3383.049805 -1.995678 1277.0
v 3383.049805 -1.995678 1217.0
v 3383.012451 -1.498459 1217.0
v 3383.012451 -1.498459 1277.0
v 3383.0 -1.0 1277.0
v 3383.0 -1.0 1217.0
v 3383.012451 -0.501541 1277.0
v 3383.012451 -0.501541 1217.0
v 3383.049805 -0.004322 1217.0
v 3383.049805 -0.004322 1277.0
v 3383.111572 0.490423 1277.0
v 3383.111572 0.490423 1217.0
v 3383.198242 0.981461 1217.0
v 3383.198242 0.981461 1277.0
v 3383.309326 1.467574 1277.0
v 3383.309326 1.467574 1217.0
v 3383.444336 1.947552 1217.0
v 3383.444336 1.947552 1277.0
v 3383.603027 2.420202 1277.0
v 3383.603027 2.420202 1217.0
v 3383.785156 2.884348 1277.0
v 3383.785156 2.884348 1217.0
v 3383.990234 3.338837 1277.0
v 3383.990234 3.338837 1217.0
v 3384.217773 3.78254 1277.0
v 3384.217773 3.78254 1217.0
v 3384.467041 4.214352 1277.0
v 3384.467041 4.214352 1217.0
v 3384.737549 4.633201 1217.0
v 3384.737549 4.633201 1277.0
v 3385.028564 5.038044 1277.0
v 3385.028564 5.038044 1217.0
v 3385.3396 5.427876 1277.0
v 3385.3396 5.427876 1217.0
v 3385.669434 5.801727 1217.0
v 3385.669434 5.801727 1277.0
v 3386.017578 6.158669 1277.0
v 3386.017578 6.158669 1217.0
v 3386.383057 6.497812 1277.0
v 3386.383057 6.497812 1217.0
v 3386.765137 6.818315 1217.0
v 3386.765137 6.818315 1277.0
v 3387.162598 7.11938 1277.0
v 3387.162598 7.11938 1217.0
v 3387.574463 7.400259 1277.0
v 3387.574463 7.400259 1217.0
v 3388.0 7.660254 1217.0
v 3388.0 7.660254 1277.0
v 3388.437988 7.898718 1277.0
v 3388.437988 7.898718 1217.0
v 3388.887207 8.115059 1217.0
v 3388.887207 8.115059 1277.0
v 3389.34668 8.308738 1277.0
v 3389.34668 8.308738 1217.0
v 3389.815186 8.479274 1277.0
v 3389.815186 8.479274 1217.0
v 3390.291504 8.626243 1277.0
v 3390.291504 8.626243 1217.0
v 3390.774902 8.749279 1277.0
v 3390.774902 8.749279 1217.0
v 3391.263428 8.848078 1277.0
v 3391.263428 8.848078 1217.0
v 3391.756592 8.922392 1217.0
v 3391.756592 8.922392 1277.0
v 3392.252686 8.972038 1277.0
v 3392.252686 8.972038 1217.0
v 3392.750732 8.996892 1277.0
v 3392.750732 8.996892 1217.0
v 3393.249268 8.996892 1277.0
v 3393.249268 8.996892 1217.0
v 3393.747314 8.972038 1217.0
v 3393.747314 8.972038 1277.0
v 3394.243408 8.922392 1277.0
v 3394.243408 8.922392 1217.0
v 3394.736572 8.848078 1217.0
v 3394.736572 8.848078 1277.0
v 3395.225098 8.749279 1277.0
v 3395.225098 8.749279 1217.0
v 3395.708496 8.626243 1277.0
v 3395.708496 8.626243 1217.0
v 3396.184814 8.479274 1217.0
v 3396.184814 8.479274 1277.0
v 3396.65332 8.308738 1217.0
v 3396.65332 8.308738 1277.0
v 3397.112793 8.115059 1277.0
v 3397.112793 8.115059 1217.0
v 3397.562012 7.898718 1277.0
v 3397.562012 7.898718 1217.0
v 3398.0 7.660254 1277.0
v 3398.0 7.660254 1217.0
v 3398.425537 7.400259 1277.0
v 3398.425537 7.400259 1217.0
v 3398.837402 7.11938 1277.0
v 3398.837402 7.11938 1217.0
v 3399.234863 6.818315 1277.0
v 3399.234863 6.818315 1217.0
v 3399.616943 6.497812 1217.0
v 3399.616943 6.497812 1277.0
v 3399.982422 6.158669 1277.0
v 3399.982422 6.158669 1217.0
v 3400.330566 5.801727 1277.0
v 3400.330566 5.801727 1217.0
v 3400.6604 5.427876 1217.0
v 3400.6604 5.427876 1277.0
v 3400.971436 5.038044 1217.0
v 3400.971436 5.038044 1277.0
v 3401.262451 4.633201 1277.0
v 3401.262451 4.633201 1217.0
v 3401.532959 4.214352 1217.0
v 3401.532959 4.214352 1277.0
v 3401.782227 3.78254 1277.0
v 3401.782227 3.78254 1217.0
v 3402.009766 3.338837 1277.0
v 3402.009766 3.338837 1217.0
v 3402.214844 2.884348 1217.0
v 3402.214844 2.884348 1277.0
v 3402.396973 2.420202 1277.0
v 3402.396973 2.420202 1217.0
v 3402.555664 1.947552 1277.0
v 3402.555664 1.947552 1217.0
v 3402.690674 1.467574 1277.0
v 3402.690674 1.467574 1217.0
v 3402.801758 0.981461 1217.0
v 3402.801758 0.981461 1277.0
v 3402.888428 0.490423 1277.0
v 3402.888428 0.490423 1217.0
v 3402.950195 -0.004322 1277.0
v 3402.950195 -0.004322 1217.0
v 3402.987549 -0.501541 1277.0
v 3402.987549 -0.501541 1217.0
v 3512.0 -1.0 1277.0
v 3511.987549 -1.498459 1277.0
v 3512.0 -1.0 1217.0
v 3511.987549 -1.498459 1217.0
v 3511.950195 -1.995678 1277.0
v 3511.950195 -1.995678 1217.0
v 3511.888428 -2.490423 1277.0
v 3511.888428 -2.490423 1217.0
v 3511.801758 -2.981462 1217.0
v 3511.801758 -2.981462 1277.0
v 3511.690674 -3.467574 1217.0
v 3511.690674 -3.467574 1277.0
v 3511.555664 -3.947552 1277.0
v 3511.555664 -3.947552 1217.0
v 3511.396973 -4.420201 1217.0
v 3511.396973 -4.420201 1277.0
v 3511.214844 -4.884348 1217.0
v 3511.214844 -4.884348 1277.0
v 3511.009766 -5.338838 1277.0
v 3511.009766 -5.338838 1217.0
v 3510.782227 -5.78254 1277.0
v 3510.782227 -5.78254 1217.0
v 3510.532959 -6.214352 1277.0
v 3510.532959 -6.214352 1217.0
v 3510.262451 -6.633201 1277.0
v 3510.262451 -6.633201 1217.0
v 3509.971436 -7.038044 1217.0
v 3509.971436 -7.038044 1277.0
v 3509.6604 -7.427876 1277.0
v 3509.6604 -7.427876 1217.0
v 3509.330566 -7.801727 1277.0
v 3509.330566 -7.801727 1217.0
v 3508.982422 -8.158669 1277.0
v 3508.982422 -8.158669 1217.0
v 3508.616943 -8.497812 1277.0
v 3508.616943 -8.497812 1217.0
v 3508.234863 -8.818315 1217.0
v 3508.234863 -8.818315 1277.0
v 3507.837402 -9.11938 1277.0
v 3507.837402 -9.11938 1217.0
v 3507.425537 -9.400259 1217.0
v 3507.425537 -9.400259 1277.0
v 3507.0 -9.660254 1277.0
v 3507.0 -9.660254 1217.0
v 3506.562012 -9.898718 1217.0
v 3506.562012 -9.898718 1277.0
v 3506.112793 -10.115059 1217.0
v 3506.112793 -10.115059 1277.0
v 3505.65332 -10.308738 1277.0
v 3505.65332 -10.308738 1217.0
v 3505.184814 -10.479274 1217.0
v 3505.184814 -10.479274 1277.0
v 3504.708496 -10.626243 1277.0
v 3504.708496 -10.626243 1217.0
v 3504.225098 -10.749279 1277.0
v 3504.225098 -10.749279 1217.0
v 3503.736572 -10.848078 1277.0
v 3503.736572 -10.848078 1217.0
v 3503.243408 -10.922392 1217.0
v 3503.243408 -10.922392 1277.0
v 3502.747314 -10.972038 1277.0
v 3502.747314 -10.972038 1217.0
v 3502.249268 -10.996892 1277.0
v 3502.249268 -10.996892 1217.0
v 3501.750732 -10.996892 1277.0
v 3501.750732 -10.996892 1217.0
v 3501.252686 -10.972038 1277.0
v 3501.252686 -10.972038 1217.0
v 3500.756592 -10.922392 1277.0
v 3500.756592 -10.922392 1217.0
v 3500.263428 -10.848078 1217.0
v 3500.263428 -10.848078 1277.0
v 3499.774902 -10.749279 1217.0
v 3499.774902 -10.749279 1277.0
v 3499.291504 -10.626243 1277.0
v 3499.291504 -10.626243 1217.0
v 3498.815186 -10.479274 1277.0
v 3498.815186 -10.479274 1217.0
v 3498.34668 -10.308738 1277.0
v 3498.34668 -10.308738 1217.0
v 3497.887207 -10.115059 1277.0
v 3497.887207 -10.115059 1217.0
v 3497.437988 -9.898718 1277.0
v 3497.437988 -9.898718 1217.0
v 3497.0 -9.660254 1277.0
v 3497.0 -9.660254 1217.0
v 3496.574463 -9.400259 1217.0
v 3496.574463 -9.400259 1277.0
v 3496.162598 -9.11938 1277.0
v 3496.162598 -9.11938 1217.0
v 3495.765137 -8.818315 1277.0
v 3495.765137 -8.818315 1217.0
v 3495.383057 -8.497812 1217.0
v 3495.383057 -8.497812 1277.0
v 3495.017578 -8.158669 1277.0
v 3495.017578 -8.158669 1217.0
v 3494.669434 -7.801727 1277.0
v 3494.669434 -7.801727 1217.0
v 3494.3396 -7.427876 1217.0
v 3494.3396 -7.427876 1277.0
v 3494.028564 -7.038044 1277.0
v 3494.028564 -7.038044 1217.0
v 3493.737549 -6.633201 1277.0
v 3493.737549 -6.633201 1217.0
v 3493.467041 -6.214352 1217.0
v 3493.467041 -6.214352 1277.0
v 3493.217773 -5.78254 1277.0
v 3493.217773 -5.78254 1217.0
v 3492.990234 -5.338838 1277.0
v 3492.990234 -5.338838 1217.0
v 3492.785156 -4.884348 1277.0
v 3492.785156 -4.884348 1217.0
v 3492.603027 -4.420201 1217.0
v 3492.603027 -4.420201 1277.0
v 3492.444336 -3.947552 1277.0
v 3492.444336 -3.947552 1217.0
v 3492.309326 -3.467574 1277.0
v 3492.309326 -3.467574 1217.0
v 3492.198242 -2.981462 1217.0
v 3492.198242 -2.981462 1277.0
v 3492.111572 -2.490423 1277.0
v 3492.111572 -2.490423 1217.0
v 3492.049805 -1.995678 1277.0
v 3492.049805 -1.995678 1217.0
v 3492.012451 -1.498459 1217.0
v 3492.012451 -1.498459 1277.0
v 3492.0 -1.0 1277.0
v 3492.0 -1.0 1217.0
v 3492.012451 -0.501541 1277.0
v 3492.012451 -0.501541 1217.0
v 3492.049805 -0.004322 1217.0
v 3492.049805 -0.004322 1277.0
v 3492.111572 0.490423 1277.0
v 3492.111572 0.490423 1217.0
v 3492.198242 0.981461 1217.0
v 3492.198242 0.981461 1277.0
v 3492.309326 1.467574 1277.0
v 3492.309326 1.467574 1217.0
v 3492.444336 1.947552 1217.0
v 3492.444336 1.947552 1277.0
v 3492.603027 2.420202 1277.0
v 3492.603027 2.420202 1217.0
v 3492.785156 2.884348 1277.0
v 3492.785156 2.884348 1217.0
v 3492.990234 3.338837 1277.0
v 3492.990234 3.338837 1217.0
v 3493.217773 3.78254 1277.0
v 3493.217773 3.78254 1217.0
v 3493.467041 4.214352 1277.0
v 3493.467041 4.214352 1217.0
v 3493.737549 4.633201 1217.0
v 3493.737549 4.633201 1277.0
v 3494.028564 5.038044 1277.0
v 3494.028564 5.038044 1217.0
v 3494.3396 5.427876 1277.0
v 3494.3396 5.427876 1217.0
v 3494.669434 5.801727 1217.0
v 3494.669434 5.801727 1277.0
v 3495.017578 6.158669 1277.0
v 3495.017578 6.158669 1217.0
v 3495.383057 6.497812 1277.0
v 3495.383057 6.497812 1217.0
v 3495.765137 6.818315 1217.0
v 3495.765137 6.818315 1277.0
v 3496.162598 7.11938 1277.0
v 3496.162598 7.11938 1217.0
v 3496.574463 7.400259 1277.0
v 3496.574463 7.400259 1217.0
v 3497.0 7.660254 1217.0
v 3497.0 7.660254 1277.0
v 3497.437988 7.898718 1277.0
v 3497.437988 7.898718 1217.0
v 3497.887207 8.115059 1217.0
v 3497.887207 8.115059 1277.0
v 3498.34668 8.308738 1277.0
v 3498.34668 8.308738 1217.0
v 3498.815186 8.479274 1277.0
v 3498.815186 8.479274 1217.0
v 3499.291504 8.626243 1277.0
v 3499.291504 8.626243 1217.0
v 3499.774902 8.749279 1277.0
v 3499.774902 8.749279 1217.0
v 3500.263428 8.848078 1277.0
v 3500.263428 8.848078 1217.0
v 3500.756592 8.922392 1217.0
v 3500.756592 8.922392 1277.0
v 3501.252686 8.972038 1277.0
v 3501.252686 8.972038 1217.0
v 3501.750732 8.996892 1277.0
v 3501.750732 8.996892 1217.0
v 3502.249268 8.996892 1277.0
v 3502.249268 8.996892 1217.0
v 3502.747314 8.972038 1217.0
v 3502.747314 8.972038 1277.0
v 3503.243408 8.922392 1277.0
v 3503.243408 8.922392 1217.0
v 3503.736572 8.848078 1217.0
v 3503.736572 8.848078 1277.0
v 3504.225098 8.749279 1277.0
v 3504.225098 8.749279 1217.0
v 3504.708496 8.626243 1277.0
v 3504.708496 8.626243 1217.0
v 3505.184814 8.479274 1217.0
v 3505.184814 8.479274 1277.0
v 3505.65332 8.308738 1217.0
v 3505.65332 8.308738 1277.0
v 3506.112793 8.115059 1277.0
v 3506.112793 8.115059 1217.0
v 3506.562012 7.898718 1277.0
v 3506.562012 7.898718 1217.0
v 3507.0 7.660254 1277.0
v 3507.0 7.660254 1217.0
v 3507.425537 7.400259 1277.0
v 3507.425537 7.400259 1217.0
v 3507.837402 7.11938 1277.0
v 3507.837402 7.11938 1217.0
v 3508.234863 6.818315 1277.0
v 3508.234863 6.818315 1217.0
v 3508.616943 6.497812 1217.0
v 3508.616943 6.497812 1277.0
v 3508.982422 6.158669 1277.0
v 3508.982422 6.158669 1217.0
v 3509.330566 5.801727 1277.0
v 3509.330566 5.801727 1217.0
v 3509.6604 5.427876 1217.0
v 3509.6604 5.427876 1277.0
v 3509.971436 5.038044 1217.0
v 3509.971436 5.038044 1277.0
v 3510.262451 4.633201 1277.0
v 3510.262451 4.633201 1217.0
v 3510.532959 4.214352 1217.0
v 3510.532959 4.214352 1277.0
v 3510.782227 3.78254 1277.0
v 3510.782227 3.78254 1217.0
v 3511.009766 3.338837 1277.0
v 3511.009766 3.338837 1217.0
v 3511.214844 2.884348 1217.0
v 3511.214844 2.884348 1277.0
v 3511.396973 2.420202 1277.0
v 3511.396973 2.420202 1217.0
v 3511.555664 1.947552 1277.0
v 3511.555664 1.947552 1217.0
v 3511.690674 1.467574 1277.0
v 3511.690674 1.467574 1217.0
v 3511.801758 0.981461 1217.0
v 3511.801758 0.981461 1277.0
v 3511.888428 0.490423 1277.0
v 3511.888428 0.490423 1217.0
v 3511.950195 -0.004322 1277.0
v 3511.950195 -0.004322 1217.0
v 3511.987549 -0.501541 1277.0
v 3511.987549 -0.501541 1217.0
v 3512.0 116.0 1277.0
v 3511.987549 115.501541 1277.0
v 3512.0 116.0 1217.0
v 3511.987549 115.501541 1217.0
v 3511.950195 115.004318 1277.0
v 3511.950195 115.004318 1217.0
v 3511.888428 114.509575 1277.0
v 3511.888428 114.509575 1217.0
v 3511.801758 114.018539 1217.0
v 3511.801758 114.018539 1277.0
v 3511.690674 113.532425 1217.0
v 3511.690674 113.532425 1277.0
v 3511.555664 113.052444 1277.0
v 3511.555664 113.052444 1217.0
v 3511.396973 112.579796 1217.0
v 3511.396973 112.579796 1277.0
v 3511.214844 112.115654 1217.0
v 3511.214844 112.115654 1277.0
v 3511.009766 111.661163 1277.0
v 3511.009766 111.661163 1217.0
v 3510.782227 111.217461 1277.0
v 3510.782227 111.217461 1217.0
v 3510.532959 110.785645 1277.0
v 3510.532959 110.785645 1217.0
v 3510.262451 110.366798 1277.0
v 3510.262451 110.366798 1217.0
v 3509.971436 109.961952 1217.0
v 3509.971436 109.961952 1277.0
v 3509.6604 109.572121 1277.0
v 3509.6604 109.572121 1217.0
v 3509.330566 109.198273 1277.0
v 3509.330566 109.198273 1217.0
v 3508.982422 108.841331 1277.0
v 3508.982422 108.841331 1217.0
v 3508.616943 108.50219 1277.0
v 3508.616943 108.50219 1217.0
v 3508.234863 108.181686 1217.0
v 3508.234863 108.181686 1277.0
v 3507.837402 107.880623 1277.0
v 3507.837402 107.880623 1217.0
v 3507.425537 107.599739 1217.0
v 3507.425537 107.599739 1277.0
v 3507.0 107.339745 1277.0
v 3507.0 107.339745 1217.0
v 3506.562012 107.10128 1217.0
v 3506.562012 107.10128 1277.0
v 3506.112793 106.884941 1217.0
v 3506.112793 106.884941 1277.0
v 3505.65332 106.691261 1277.0
v 3505.65332 106.691261 1217.0
v 3505.184814 106.520729 1217.0
v 3505.184814 106.520729 1277.0
v 3504.708496 106.373756 1277.0
v 3504.708496 106.373756 1217.0
v 3504.225098 106.250717 1277.0
v 3504.225098 106.250717 1217.0
v 3503.736572 106.151924 1277.0
v 3503.736572 106.151924 1217.0
v 3503.243408 106.077606 1217.0
v 3503.243408 106.077606 1277.0
v 3502.747314 106.027962 1277.0
v 3502.747314 106.027962 1217.0
v 3502.249268 106.003105 1277.0
v 3502.249268 106.003105 1217.0
v 3501.750732 106.003105 1277.0
v 3501.750732 106.003105 1217.0
v 3501.252686 106.027962 1277.0
v 3501.252686 106.027962 1217.0
v 3500.756592 106.077606 1277.0
v 3500.756592 106.077606 1217.0
v 3500.263428 106.151924 1217.0
v 3500.263428 106.151924 1277.0
v 3499.774902 106.250717 1217.0
v 3499.774902 106.250717 1277.0
v 3499.291504 106.373756 1277.0
v 3499.291504 106.373756 1217.0
v 3498.815186 106.520729 1277.0
v 3498.815186 106.520729 1217.0
v 3498.34668 106.691261 1277.0
v 3498.34668 106.691261 1217.0
v 3497.887207 106.884941 1277.0
v 3497.887207 106.884941 1217.0
v 3497.437988 107.10128 1277.0
v 3497.437988 107.10128 1217.0
v 3497.0 107.339745 1277.0
v 3497.0 107.339745 1217.0
v 3496.574463 107.599739 1217.0
v 3496.574463 107.599739 1277.0
v 3496.162598 107.880623 1277.0
v 3496.162598 107.880623 1217.0
v 3495.765137 108.181686 1277.0
v 3495.765137 108.181686 1217.0
v 3495.383057 108.50219 1217.0
v 3495.383057 108.50219 1277.0
v 3495.017578 108.841331 1277.0
v 3495.017578 108.841331 1217.0
v 3494.669434 109.198273 1277.0
v 3494.669434 109.198273 1217.0
v 3494.3396 109.572121 1217.0
v 3494.3396 109.572121 1277.0
v 3494.028564 109.961952 1277.0
v 3494.028564 109.961952 1217.0
v 3493.737549 110.366798 1277.0
v 3493.737549 110.366798 1217.0
v 3493.467041 110.785645 1217.0
v 3493.467041 110.785645 1277.0
v 3493.217773 111.217461 1277.0
v 3493.217773 111.217461 1217.0
v 3492.990234 111.661163 1277.0
v 3492.990234 111.661163 1217.0
v 3492.785156 112.115654 1277.0
v 3492.785156 112.115654 1217.0
v 3492.603027 112.579796 1217.0
v 3492.603027 112.579796 1277.0
v 3492.444336 113.052444 1277.0
v 3492.444336 113.052444 1217.0
v 3492.309326 113.532425 1277.0
v 3492.309326 113.532425 1217.0
v 3492.198242 114.018539 1217.0
v 3492.198242 114.018539 1277.0
v 3492.111572 114.509575 1277.0
v 3492.111572 114.509575 1217.0
v 3492.049805 115.004318 1277.0
v 3492.049805 115.004318 1217.0
v 3492.012451 115.501541 1217.0
v 3492.012451 115.501541 1277.0
v 3492.0 116.0 1277.0
v 3492.0 116.0 1217.0
v 3492.012451 116.498459 1277.0
v 3492.012451 116.498459 1217.0
v 3492.049805 116.995682 1217.0
v 3492.049805 116.995682 1277.0
v 3492.111572 117.490425 1277.0
v 3492.111572 117.490425 1217.0
v 3492.198242 117.981461 1217.0
v 3492.198242 117.981461 1277.0
v 3492.309326 118.467575 1277.0
v 3492.309326 118.467575 1217.0
v 3492.444336 118.947556 1217.0
v 3492.444336 118.947556 1277.0
v 3492.603027 119.420204 1277.0
v 3492.603027 119.420204 1217.0
v 3492.785156 119.884346 1277.0
v 3492.785156 119.884346 1217.0
v 3492.990234 120.338837 1277.0
v 3492.990234 120.338837 1217.0
v 3493.217773 120.782539 1277.0
v 3493.217773 120.782539 1217.0
v 3493.467041 121.214355 1277.0
v 3493.467041 121.214355 1217.0
v 3493.737549 121.633202 1217.0
v 3493.737549 121.633202 1277.0
v 3494.028564 122.038048 1277.0
v 3494.028564 122.038048 1217.0
v 3494.3396 122.427879 1277.0
v 3494.3396 122.427879 1217.0
v 3494.669434 122.801727 1217.0
v 3494.669434 122.801727 1277.0
v 3495.017578 123.158669 1277.0
v 3495.017578 123.158669 1217.0
v 3495.383057 123.49781 1277.0
v 3495.383057 123.49781 1217.0
v 3495.765137 123.818314 1217.0
v 3495.765137 123.818314 1277.0
v 3496.162598 124.119377 1277.0
v 3496.162598 124.119377 1217.0
v 3496.574463 124.400261 1277.0
v 3496.574463 124.400261 1217.0
v 3497.0 124.660255 1217.0
v 3497.0 124.660255 1277.0
v 3497.437988 124.89872 1277.0
v 3497.437988 124.89872 1217.0
v 3497.887207 125.115059 1217.0
v 3497.887207 125.115059 1277.0
v 3498.34668 125.308739 1277.0
v 3498.34668 125.308739 1217.0
v 3498.815186 125.479271 1277.0
v 3498.815186 125.479271 1217.0
v 3499.291504 125.626244 1277.0
v 3499.291504 125.626244 1217.0
v 3499.774902 125.749283 1277.0
v 3499.774902 125.749283 1217.0
v 3500.263428 125.848076 1277.0
v 3500.263428 125.848076 1217.0
v 3500.756592 125.922394 1217.0
v 3500.756592 125.922394 1277.0
v 3501.252686 125.972038 1277.0
v 3501.252686 125.972038 1217.0
v 3501.750732 125.996895 1277.0
v 3501.750732 125.996895 1217.0
v 3502.249268 125.996895 1277.0
v 3502.249268 125.996895 1217.0
v 3502.747314 125.972038 1217.0
v 3502.747314 125.972038 1277.0
v 3503.243408 125.922394 1277.0
v 3503.243408 125.922394 1217.0
v 3503.736572 125.848076 1217.0
v 3503.736572 125.848076 1277.0
v 3504.225098 125.749283 1277.0
v 3504.225098 125.749283 1217.0
v 3504.708496 125.626244 1277.0
v 3504.708496 125.626244 1217.0
v 3505.184814 125.479271 1217.0
v 3505.184814 125.479271 1277.0
v 3505.65332 125.308739 1217.0
v 3505.65332 125.308739 1277.0
v 3506.112793 125.115059 1277.0
v 3506.112793 125.115059 1217.0
v 3506.562012 124.89872 1277.0
v 3506.562012 124.89872 1217.0
v 3507.0 124.660255 1277.0
v 3507.0 124.660255 1217.0
v 3507.425537 124.400261 1277.0
v 3507.425537 124.400261 1217.0
v 3507.837402 124.119377 1277.0
v 3507.837402 124.119377 1217.0
v 3508.234863 123.818314 1277.0
v 3508.234863 123.818314 1217.0
v 3508.616943 123.49781 1217.0
v 3508.616943 123.49781 1277.0
v 3508.982422 123.158669 1277.0
v 3508.982422 123.158669 1217.0
v 3509.330566 122.801727 1277.0
v 3509.330566 122.801727 1217.0
v 3509.6604 122.427879 1217.0
v 3509.6604 122.427879 1277.0
v 3509.971436 122.038048 1217.0
v 3509.971436 122.038048 1277.0
v 3510.262451 121.633202 1277.0
v 3510.262451 121.633202 1217.0
v 3510.532959 121.214355 1217.0
v 3510.532959 121.214355 1277.0
v 3510.782227 120.782539 1277.0
v 3510.782227 120.782539 1217.0
v 3511.009766 120.338837 1277.0
v 3511.009766 120.338837 1217.0
v 3511.214844 119.884346 1217.0
v 3511.214844 119.884346 1277.0
v 3511.396973 119.420204 1277.0
v 3511.396973 119.420204 1217.0
v 3511.555664 118.947556 1277.0
v 3511.555664 118.947556 1217.0
v 3511.690674 118.467575 1277.0
v 3511.690674 118.467575 1217.0
v 3511.801758 117.981461 1217.0
v 3511.801758 117.981461 1277.0
v 3511.888428 117.490425 1277.0
v 3511.888428 117.490425 1217.0
v 3511.950195 116.995682 1277.0
v 3511.950195 116.995682 1217.0
v 3511.987549 116.498459 1277.0
v 3511.987549 116.498459 1217.0
v 3403.0 116.0 1277.0
v 3402.987549 115.501541 1277.0
v 3403.0 116.0 1217.0
v 3402.987549 115.501541 1217.0
v 3402.950195 115.004318 1277.0
v 3402.950195 115.004318 1217.0
v 3402.888428 114.509575 1277.0
v 3402.888428 114.509575 1217.0
v 3402.801758 114.018539 1217.0
v 3402.801758 114.018539 1277.0
v 3402.690674 113.532425 1217.0
v 3402.690674 113.532425 1277.0
v 3402.555664 113.052444 1277.0
v 3402.555664 113.052444 1217.0
v 3402.396973 112.579796 1217.0
v 3402.396973 112.579796 1277.0
v 3402.214844 112.115654 1217.0
v 3402.214844 112.115654 1277.0
v 3402.009766 111.661163 1277.0
v 3402.009766 111.661163 1217.0
v 3401.782227 111.217461 1277.0
v 3401.782227 111.217461 1217.0
v 3401.532959 110.785645 1277.0
v 3401.532959 110.785645 1217.0
v 3401.262451 110.366798 1277.0
v 3401.262451 110.366798 1217.0
v 3400.971436 109.961952 1217.0
v 3400.971436 109.961952 1277.0
v 3400.6604 109.572121 1277.0
v 3400.6604 109.572121 1217.0
v 3400.330566 109.198273 1277.0
v 3400.330566 109.198273 1217.0
v 3399.982422 108.841331 1277.0
v 3399.982422 108.841331 1217.0
v 3399.616943 108.50219 1277.0
v 3399.616943 108.50219 1217.0
v 3399.234863 108.181686 1217.0
v 3399.234863 108.181686 1277.0
v 3398.837402 107.880623 1277.0
v 3398.837402 107.880623 1217.0
v 3398.425537 107.599739 1217.0
v 3398.425537 107.599739 1277.0
v 3398.0 107.339745 1277.0
v 3398.0 107.339745 1217.0
v 3397.562012 107.10128 1217.0
v 3397.562012 107.10128 1277.0
v 3397.112793 106.884941 1217.0
v 3397.112793 106.884941 1277.0
v 3396.65332 106.691261 1277.0
v 3396.65332 106.691261 1217.0
v 3396.184814 106.520729 1217.0
v 3396.184814 106.520729 1277.0
v 3395.708496 106.373756 1277.0
v 3395.708496 106.373756 1217.0
v 3395.225098 106.250717 1277.0
v 3395.225098 106.250717 1217.0
v 3394.736572 106.151924 1277.0
v 3394.736572 106.151924 1217.0
v 3394.243408 106.077606 1217.0
v 3394.243408 106.077606 1277.0
v 3393.747314 106.027962 1277.0
v 3393.747314 106.027962 1217.0
v 3393.249268 106.003105 1277.0
v 3393.249268 106.003105 1217.0
v 3392.750732 106.003105 1277.0
v 3392.750732 106.003105 1217.0
v 3392.252686 106.027962 1277.0
v 3392.252686 106.027962 1217.0
v 3391.756592 106.077606 1277.0
v 3391.756592 106.077606 1217.0
v 3391.263428 106.151924 1217.0
v 3391.263428 106.151924 1277.0
v 3390.774902 106.250717 1217.0
v 3390.774902 106.250717 1277.0
v 3390.291504 106.373756 1277.0
v 3390.291504 106.373756 1217.0
v 3389.815186 106.520729 1277.0
v 3389.815186 106.520729 1217.0
v 3389.34668 106.691261 1277.0
v 3389.34668 106.691261 1217.0
v 3388.887207 106.884941 1277.0
v 3388.887207 106.884941 1217.0
v 3388.437988 107.10128 1277.0
v 3388.437988 107.10128 1217.0
v 3388.0 107.339745 1277.0
v 3388.0 107.339745 1217.0
v 3387.574463 107.599739 1217.0
v 3387.574463 107.599739 1277.0
v 3387.162598 107.880623 1277.0
v 3387.162598 107.880623 1217.0
v 3386.765137 108.181686 1277.0
v 3386.765137 108.181686 1217.0
v 3386.383057 108.50219 1217.0
v 3386.383057 108.50219 1277.0
v 3386.017578 108.841331 1277.0
v 3386.017578 108.841331 1217.0
v 3385.669434 109.198273 1277.0
v 3385.669434 109.198273 1217.0
v 3385.3396 109.572121 1217.0
v 3385.3396 109.572121 1277.0
v 3385.028564 109.961952 1277.0
v 3385.028564 109.961952 1217.0
v 3384.737549 110.366798 1277.0
v 3384.737549 110.366798 1217.0
v 3384.467041 110.785645 1217.0
v 3384.467041 110.785645 1277.0
v 3384.217773 111.217461 1277.0
v 3384.217773 111.217461 1217.0
v 3383.990234 111.661163 1277.0
v 3383.990234 111.661163 1217.0
v 3383.785156 112.115654 1277.0
v 3383.785156 112.115654 1217.0
v 3383.603027 112.579796 1217.0
v 3383.603027 112.579796 1277.0
v 3383.444336 113.052444 1277.0
v 3383.444336 113.052444 1217.0
v 3383.309326 113.532425 1277.0
v 3383.309326 113.532425 1217.0
v 3383.198242 114.018539 1217.0
v 3383.198242 114.018539 1277.0
v 3383.111572 114.509575 1277.0
v 3383.111572 114.509575 1217.0
v 3383.049805 115.004318 1277.0
v 3383.049805 115.004318 1217.0
v 3383.012451 115.501541 1217.0
v 3383.012451 115.501541 1277.0
v 3383.0 116.0 1277.0
v 3383.0 116.0 1217.0
v 3383.012451 116.498459 1277.0
v 3383.012451 116.498459 1217.0
v 3383.049805 116.995682 1217.0
v 3383.049805 116.995682 1277.0
v 3383.111572 117.490425 1277.0
v 3383.111572 117.490425 1217.0
v 3383.198242 117.981461 1217.0
v 3383.198242 117.981461 1277.0
v 3383.309326 118.467575 1277.0
v 3383.309326 118.467575 1217.0
v 3383.444336 118.947556 1217.0
v 3383.444336 118.947556 1277.0
v 3383.603027 119.420204 1277.0
v 3383.603027 119.420204 1217.0
v 3383.785156 119.884346 1277.0
v 3383.785156 119.884346 1217.0
v 3383.990234 120.338837 1277.0
v 3383.990234 120.338837 1217.0
v 3384.217773 120.782539 1277.0
v 3384.217773 120.782539 1217.0
v 3384.467041 121.214355 1277.0
v 3384.467041 121.214355 1217.0
v 3384.737549 121.633202 1217.0
v 3384.737549 121.633202 1277.0
v 3385.028564 122.038048 1277.0
v 3385.028564 122.038048 1217.0
v 3385.3396 122.427879 1277.0
v 3385.3396 122.427879 1217.0
v 3385.669434 122.801727 1217.0
v 3385.669434 122.801727 1277.0
v 3386.017578 123.158669 1277.0
v 3386.017578 123.158669 1217.0
v 3386.383057 123.49781 1277.0
v 3386.383057 123.49781 1217.0
v 3386.765137 123.818314 1217.0
v 3386.765137 123.818314 1277.0
v 3387.162598 124.119377 1277.0
v 3387.162598 124.119377 1217.0
v 3387.574463 124.400261 1277.0
v 3387.574463 124.400261 1217.0
v 3388.0 124.660255 1217.0
v 3388.0 124.660255 1277.0
v 3388.437988 124.89872 1277.0
v 3388.437988 124.89872 1217.0
v 3388.887207 125.115059 1217.0
v 3388.887207 125.115059 1277.0
v 3389.34668 125.308739 1277.0
v 3389.34668 125.308739 1217.0
v 3389.815186 125.479271 1277.0
v 3389.815186 125.479271 1217.0
v 3390.291504 125.626244 1277.0
v 3390.291504 125.626244 1217.0
v 3390.774902 125.749283 1277.0
v 3390.774902 125.749283 1217.0
v 3391.263428 125.848076 1277.0
v 3391.263428 125.848076 1217.0
v 3391.756592 125.922394 1217.0
v 3391.756592 125.922394 1277.0
v 3392.252686 125.972038 1277.0
v 3392.252686 125.972038 1217.0
v 3392.750732 125.996895 1277.0
v 3392.750732 125.996895 1217.0
v 3393.249268 125.996895 1277.0
v 3393.249268 125.996895 1217.0
v 3393.747314 125.972038 1217.0
v 3393.747314 125.972038 1277.0
v 3394.243408 125.922394 1277.0
v 3394.243408 125.922394 1217.0
v 3394.736572 125.848076 1217.0
v 3394.736572 125.848076 1277.0
v 3395.225098 125.749283 1277.0
v 3395.225098 125.749283 1217.0
v 3395.708496 125.626244 1277.0
v 3395.708496 125.626244 1217.0
v 3396.184814 125.479271 1217.0
v 3396.184814 125.479271 1277.0
v 3396.65332 125.308739 1217.0
v 3396.65332 125.308739 1277.0
v 3397.112793 125.115059 1277.0
v 3397.112793 125.115059 1217.0
v 3397.562012 124.89872 1277.0
v 3397.562012 124.89872 1217.0
v 3398.0 124.660255 1277.0
v 3398.0 124.660255 1217.0
v 3398.425537 124.400261 1277.0
v 3398.425537 124.400261 1217.0
v 3398.837402 124.119377 1277.0
v 3398.837402 124.119377 1217.0
v 3399.234863 123.818314 1277.0
v 3399.234863 123.818314 1217.0
v 3399.616943 123.49781 1217.0
v 3399.616943 123.49781 1277.0
v 3399.982422 123.158669 1277.0
v 3399.982422 123.158669 1217.0
v 3400.330566 122.801727 1277.0
v 3400.330566 122.801727 1217.0
v 3400.6604 122.427879 1217.0
v 3400.6604 122.427879 1277.0
v 3400.971436 122.038048 1217.0
v 3400.971436 122.038048 1277.0
v 3401.262451 121.633202 1277.0
v 3401.262451 121.633202 1217.0
v 3401.532959 121.214355 1217.0
v 3401.532959 121.214355 1277.0
v 3401.782227 120.782539 1277.0
v 3401.782227 120.782539 1217.0
v 3402.009766 120.338837 1277.0
v 3402.009766 120.338837 1217.0
v 3402.214844 119.884346 1217.0
v 3402.214844 119.884346 1277.0
v 3402.396973 119.420204 1277.0
v 3402.396973 119.420204 1217.0
v 3402.555664 118.947556 1277.0
v 3402.555664 118.947556 1217.0
v 3402.690674 118.467575 1277.0
v 3402.690674 118.467575 1217.0
v 3402.801758 117.981461 1217.0
v 3402.801758 117.981461 1277.0
v 3402.888428 117.490425 1277.0
v 3402.888428 117.490425 1217.0
v 3402.950195 116.995682 1277.0
v 3402.950195 116.995682 1217.0
v 3402.987549 116.498459 1277.0
v 3402.987549 116.498459 1217.0
vn 0.999688 -0.024972 0.0
vn 0.999688 -0.024972 0.0
vn 0.99719 -0.074914 0.0
vn 0.99719 -0.074914 0.0
vn 0.992296 -0.123886 0.0
vn 0.984778 -0.173816 0.0
vn 0.992296 -0.123886 0.0
vn 0.97487 -0.222773 0.0
vn 0.984778 -0.173816 0.0
vn 0.97487 -0.222773 0.0
vn 0.962643 -0.270775 0.0
vn 0.947994 -0.318288 0.0
vn 0.962643 -0.270775 0.0
vn 0.930898 -0.36528 0.0
vn 0.947994 -0.318288 0.0
vn 0.930898 -0.36528 0.0
vn 0.911502 -0.411295 0.0
vn 0.911502 -0.411295 0.0
vn 0.889818 -0.456316 0.0
vn 0.889818 -0.456316 0.0
vn 0.86606 -0.499941 0.0
vn 0.86606 -0.499941 0.0
vn 0.840038 -0.542527 0.0
vn 0.840038 -0.542527 0.0
vn 0.811983 -0.583682 0.0
vn 0.811983 -0.583682 0.0
vn 0.78168 -0.623679 0.0
vn 0.78168 -0.623679 0.0
vn 0.749872 -0.661582 0.0
vn 0.749872 -0.661582 0.0
vn 0.715873 -0.698231 0.0
vn 0.715873 -0.698231 0.0
vn 0.680204 -0.733023 0.0
vn 0.642669 -0.766144 0.0
vn 0.680204 -0.733023 0.0
vn 0.642669 -0.766144 0.0
vn 0.603805 -0.797132 0.0
vn 0.603805 -0.797132 0.0
vn 0.563421 -0.82617 0.0
vn 0.563421 -0.82617 0.0
vn 0.52137 -0.853331 0.0
vn 0.478173 -0.878266 0.0
vn 0.52137 -0.853331 0.0
vn 0.433898 -0.900962 0.0
vn 0.478173 -0.878266 0.0
vn 0.433898 -0.900962 0.0
vn 0.388426 -0.92148 0.0
vn 0.342045 -0.939684 0.0
vn 0.388426 -0.92148 0.0
vn 0.342045 -0.939684 0.0
vn 0.294836 -0.955548 0.0
vn 0.294836 -0.955548 0.0
vn 0.24666 -0.969102 0.0
vn 0.24666 -0.969102 0.0
vn 0.198226 -0.980156 0.0
vn 0.149006 -0.988836 0.0
vn 0.198226 -0.980156 0.0
vn 0.149006 -0.988836 0.0
vn 0.099577 -0.99503 0.0
vn 0.099577 -0.99503 0.0
vn 0.04984 -0.998757 0.0
vn 0.04984 -0.998757 0.0
vn 0.0 -1.0 0.0
vn -0.0 -1.0 -0.0
vn -0.04984 -0.998757 0.0
vn -0.04984 -0.998757 -0.0
vn -0.099577 -0.99503 0.0
vn -0.149006 -0.988836 0.0
vn -0.099577 -0.99503 -0.0
vn -0.198226 -0.980156 0.0
vn -0.149006 -0.988836 0.0
vn -0.198226 -0.980156 0.0
vn -0.24666 -0.969102 -0.0
vn -0.24666 -0.969102 0.0
vn -0.294836 -0.955548 -0.0
vn -0.294836 -0.955548 0.0
vn -0.342045 -0.939684 -0.0
vn -0.342045 -0.939684 0.0
vn -0.388426 -0.92148 -0.0
vn -0.388426 -0.92148 0.0
vn -0.433898 -0.900962 -0.0
vn -0.433898 -0.900962 0.0
vn -0.478173 -0.878266 -0.0
vn -0.478173 -0.878266 0.0
vn -0.52137 -0.853331 0.0
vn -0.52137 -0.853331 0.0
vn -0.563421 -0.82617 -0.0
vn -0.563421 -0.82617 0.0
vn -0.603805 -0.797132 -0.0
vn -0.603805 -0.797132 0.0
vn -0.642669 -0.766144 0.0
vn -0.642669 -0.766144 0.0
vn -0.680204 -0.733023 -0.0
vn -0.680204 -0.733023 0.0
vn -0.715873 -0.698231 0.0
vn -0.715873 -0.698231 -0.0
vn -0.749872 -0.661582 0.0
vn -0.749872 -0.661582 0.0
vn -0.78168 -0.623679 -0.0
vn -0.78168 -0.623679 0.0
vn -0.811983 -0.583682 0.0
vn -0.840038 -0.542527 0.0
vn -0.811983 -0.583682 -0.0
vn -0.840038 -0.542527 0.0
vn -0.86606 -0.499941 0.0
vn -0.86606 -0.499941 -0.0
vn -0.889818 -0.456316 0.0
vn -0.889818 -0.456316 -0.0
vn -0.911502 -0.411295 0.0
vn -0.930898 -0.36528 0.0
vn -0.911502 -0.411295 -0.0
vn -0.930898 -0.36528 0.0
vn -0.947994 -0.318288 0.0
vn -0.947994 -0.318288 -0.0
vn -0.962643 -0.270775 0.0
vn -0.97487 -0.222773 0.0
vn -0.962643 -0.270775 -0.0
vn -0.97487 -0.222773 0.0
vn -0.984778 -0.173816 0.0
vn -0.984778 -0.173816 -0.0
vn -0.992296 -0.123886 0.0
vn -0.99719 -0.074914 0.0
vn -0.992296 -0.123886 -0.0
vn -0.99719 -0.074914 0.0
vn -0.999688 -0.024972 -0.0
vn -0.999688 -0.024972 0.0
vn -0.999688 0.024972 0.0
vn -0.999688 0.024972 0.0
vn -0.99719 0.074914 0.0
vn -0.99719 0.074914 0.0
vn -0.992296 0.123886 0.0
vn -0.992296 0.123886 0.0
vn -0.984778 0.173817 0.0
vn -0.984778 0.173817 0.0
vn -0.97487 0.222772 0.0
vn -0.97487 0.222772 0.0
vn -0.962643 0.270775 0.0
vn -0.962643 0.270775 0.0
vn -0.947994 0.318288 0.0
vn -0.947994 0.318288 0.0
vn -0.930898 0.36528 0.0
vn -0.930898 0.36528 0.0
vn -0.911502 0.411295 0.0
vn -0.911502 0.411295 0.0
vn -0.889818 0.456316 0.0
vn -0.889818 0.456316 0.0
vn -0.86606 0.499941 0.0
vn -0.86606 0.499941 0.0
vn -0.840038 0.542527 0.0
vn -0.840038 0.542527 0.0
vn -0.811983 0.583682 0.0
vn -0.811983 0.583682 0.0
vn -0.78168 0.623679 0.0
vn -0.78168 0.623679 0.0
vn -0.749872 0.661582 0.0
vn -0.749872 0.661582 0.0
vn -0.715873 0.698231 0.0
vn -0.715873 0.698231 0.0
vn -0.680204 0.733023 0.0
vn -0.680204 0.733023 0.0
vn -0.64267 0.766143 0.0
vn -0.64267 0.766143 0.0
vn -0.603804 0.797132 0.0
vn -0.603804 0.797132 0.0
vn -0.563421 0.82617 0.0
vn -0.563421 0.82617 0.0
vn -0.521369 0.853331 0.0
vn -0.521369 0.853331 0.0
vn -0.478174 0.878265 0.0
vn -0.433898 0.900962 0.0
vn -0.478174 0.878265 0.0
vn -0.433898 0.900962 0.0
vn -0.388426 0.92148 0.0
vn -0.388426 0.92148 0.0
vn -0.342045 0.939684 0.0
vn -0.342045 0.939684 0.0
vn -0.294836 0.955548 0.0
vn -0.294836 0.955548 0.0
vn -0.24666 0.969102 0.0
vn -0.24666 0.969102 0.0
vn -0.198226 0.980156 0.0
vn -0.198226 0.980156 0.0
vn -0.149006 0.988836 0.0
vn -0.149006 0.988836 0.0
vn -0.099577 0.99503 0.0
vn -0.099577 0.99503 0.0
vn -0.04984 0.998757 0.0
vn -0.04984 0.998757 0.0
vn -0.0 1.0 0.0
vn 0.0 1.0 0.0
vn 0.04984 0.998757 -0.0
vn 0.04984 0.998757 0.0
vn 0.099577 0.99503 0.0
vn 0.099577 0.99503 0.0
vn 0.149006 0.988836 -0.0
vn 0.149006 0.988836 0.0
vn 0.198226 0.980156 0.0
vn 0.198226 0.980156 0.0
vn 0.24666 0.969102 0.0
vn 0.294836 0.955548 -0.0
vn 0.24666 0.969102 0.0
vn 0.342045 0.939684 -0.0
vn 0.294836 0.955548 0.0
vn 0.342045 0.939684 0.0
vn 0.388426 0.92148 0.0
vn 0.388426 0.92148 0.0
vn 0.433898 0.900962 0.0
vn 0.433898 0.900962 0.0
vn 0.478174 0.878265 0.0
vn 0.478174 0.878265 0.0
vn 0.521369 0.853331 0.0
vn 0.521369 0.853331 0.0
vn 0.563421 0.82617 0.0
vn 0.563421 0.82617 0.0
vn 0.603804 0.797132 0.0
vn 0.64267 0.766143 -0.0
vn 0.603804 0.797132 0.0
vn 0.64267 0.766143 0.0
vn 0.680204 0.733023 0.0
vn 0.680204 0.733023 0.0
vn 0.715873 0.698231 0.0
vn 0.749872 0.661582 -0.0
vn 0.715873 0.698231 0.0
vn 0.78168 0.623679 -0.0
vn 0.749872 0.661582 0.0
vn 0.78168 0.623679 0.0
vn 0.811983 0.583682 0.0
vn 0.811983 0.583682 0.0
vn 0.840038 0.542527 -0.0
vn 0.840038 0.542527 0.0
vn 0.86606 0.499941 0.0
vn 0.86606 0.499941 0.0
vn 0.889818 0.456316 0.0
vn 0.889818 0.456316 0.0
vn 0.911502 0.411295 -0.0
vn 0.911502 0.411295 0.0
vn 0.930898 0.36528 0.0
vn 0.930898 0.36528 0.0
vn 0.947994 0.318288 0.0
vn 0.947994 0.318288 0.0
vn 0.962643 0.270775 0.0
vn 0.97487 0.222772 -0.0
vn 0.962643 0.270775 0.0
vn 0.97487 0.222772 0.0
vn 0.984778 0.173817 0.0
vn 0.984778 0.173817 0.0
vn 0.992296 0.123886 0.0
vn 0.992296 0.123886 0.0
vn 0.99719 0.074914 0.0
vn 0.99719 0.074914 0.0
vn 0.999688 0.024972 0.0
vn 0.999688 0.024972 0.0
vn 0.0 0.0 1.0
vn -0.0 0.0 1.0
vn -0.0 0.0 1.0
vn 0.0 0.0 1.0
vn -0.0 0.0 1.0
vn -0.0 0.0 1.0
vn 0.0 0.0 1.0
vn -0.0 0.0 1.0
vn 0.0 0.0 1.0
vn 0.0 0.0 1.0
vn 0.0 0.0 1.0
vn -0.0 0.0 1.0
vn -0.0 0.0 1.0
vn -0.0 0.0 1.0
vn -0.0 0.0 1.0
vn -0.0 0.0 1.0
vn -0.0 0.0 1.0
vn 0.0 0.0 1.0
vn 0.0 0.0 1.0
vn 0.0 0.0 1.0
vn -0.0 0.0 1.0
vn -0.0 0.0 1.0
vn -0.0 0.0 1.0
vn -0.0 0.0 1.0
vn -0.0 0.0 1.0
vn 0.0 0.0 1.0
vn 0.0 0.0 1.0
vn 0.0 0.0 1.0
vn 0.0 0.0 1.0
vn 0.0 0.0 1.0
vn -0.0 0.0 1.0
vn -0.0 0.0 1.0
vn 0.0 0.0 1.0
vn 0.0 0.0 1.0
vn -0.0 -0.0 1.0
vn -0.0 -0.0 1.0
vn -0.0 -0.0 1.0
vn 0.0 0.0 1.0
vn -0.0 -0.0 1.0
vn -0.0 -0.0 1.0
vn -0.0 0.0 1.0
vn -0.0 0.0 1.0
vn 0.0 0.0 1.0
vn 0.0 0.0 1.0
vn 0.0 0.0 1.0
vn -0.0 -0.0 1.0
vn 0.0 0.0 1.0
vn 0.0 0.0 1.0
vn 0.0 0.0 1.0
vn -0.0 -0.0 1.0
vn -0.0 -0.0 1.0
vn -0.0 -0.0 1.0
vn 0.0 0.0 1.0
vn 0.0 0.0 1.0
vn 0.0 0.0 1.0
vn 0.0 0.0 1.0
vn -0.0 -0.0 1.0
vn 0.0 0.0 1.0
vn 0.0 0.0 1.0
vn -0.0 -0.0 1.0
vn -0.0 -0.0 1.0
vn -0.0 -0.0 1.0
vn -0.0 -0.0 1.0
vn -0.0 -0.0 1.0
vn 0.0 0.0 1.0
vn 0.0 0.0 1.0
vn 0.0 0.0 1.0
vn -0.0 -0.0 1.0
vn -0.0 -0.0 1.0
vn 0.0 0.0 1.0
vn 0.0 0.0 1.0
vn -0.0 -0.0 1.0
vn -0.0 -0.0 1.0
vn 0.0 0.0 1.0
vn 0.0 0.0 1.0
vn -0.0 -0.0 1.0
vn -0.0 -0.0 1.0
vn -0.0 -0.0 1.0
vn -0.0 -0.0 1.0
vn -0.0 -0.0 1.0
vn 0.0 0.0 1.0
vn 0.0 0.0 1.0
vn 0.0 0.0 1.0
vn -0.0 -0.0 1.0
vn -0.0 -0.0 1.0
vn 0.0 0.0 1.0
vn 0.0 0.0 1.0
vn -0.0 -0.0 1.0
vn 0.0 -0.0 1.0
vn 0.0 0.0 1.0
vn 0.0 0.0 1.0
vn 0.0 -0.0 1.0
vn 0.0 0.0 1.0
vn 0.0 0.0 1.0
vn 0.0 -0.0 1.0
vn 0.0 0.0 1.0
vn 0.0 0.0 1.0
vn 0.0 -0.0 1.0
vn 0.0 -0.0 1.0
vn 0.0 0.0 1.0
vn 0.0 0.0 1.0
vn 0.0 -0.0 1.0
vn 0.0 -0.0 1.0
vn 0.0 0.0 1.0
vn 0.0 0.0 1.0
vn 0.0 -0.0 1.0
vn 0.0 -0.0 1.0
vn 0.0 0.0 1.0
vn 0.0 -0.0 1.0
vn 0.0 -0.0 1.0
vn 0.0 0.0 1.0
vn 0.0 0.0 1.0
vn 0.0 -0.0 1.0
vn 0.0 0.0 1.0
vn 0.0 0.0 1.0
vn 0.0 -0.0 1.0
vn 0.0 0.0 1.0
vn 0.0 0.0 1.0
vn 0.0 0.0 1.0
vn 0.0 -0.0 1.0
vn 0.0 -0.0 1.0
vn 0.0 0.0 1.0
vn 0.0 0.0 1.0
vn 0.0 0.0 1.0
vn 0.0 0.0 -1.0
vn 0.0 0.0 -1.0
vn 0.0 0.0 -1.0
vn 0.0 0.0 -1.0
vn 0.0 0.0 -1.0
vn 0.0 0.0 -1.0
vn 0.0 0.0 -1.0
vn 0.0 0.0 -1.0
vn 0.0 0.0 -1.0
vn 0.0 0.0 -1.0
vn 0.0 0.0 -1.0
vn 0.0 0.0 -1.0
vn 0.0 0.0 -1.0
vn 0.0 0.0 -1.0
vn 0.0 0.0 -1.0
vn 0.0 0.0 -1.0
vn 0.0 0.0 -1.0
vn 0.0 0.0 -1.0
vn 0.0 0.0 -1.0
vn 0.0 0.0 -1.0
vn 0.0 0.0 -1.0
vn 0.0 0.0 -1.0
vn 0.0 0.0 -1.0
vn 0.0 0.0 -1.0
vn 0.0 0.0 -1.0
vn -0.0 0.0 -1.0
vn 0.0 0.0 -1.0
vn 0.0 0.0 -1.0
vn 0.0 0.0 -1.0
vn 0.0 0.0 -1.0
vn 0.0 0.0 -1.0
vn 0.0 0.0 -1.0
vn 0.0 0.0 -1.0
vn 0.0 0.0 -1.0
vn 0.0 0.0 -1.0
vn 0.0 0.0 -1.0
vn 0.0 0.0 -1.0
vn 0.0 0.0 -1.0
vn 0.0 0.0 -1.0
vn 0.0 0.0 -1.0
vn 0.0 0.0 -1.0
vn 0.0 0.0 -1.0
vn 0.0 0.0 -1.0
vn 0.0 0.0 -1.0
vn 0.0 0.0 -1.0
vn 0.0 0.0 -1.0
vn 0.0 0.0 -1.0
vn 0.0 0.0 -1.0
vn 0.0 0.0 -1.0
vn 0.0 0.0 -1.0
vn 0.0 0.0 -1.0
vn 0.0 0.0 -1.0
vn 0.0 0.0 -1.0
vn 0.0 0.0 -1.0
vn 0.0 0.0 -1.0
vn -0.0 0.0 -1.0
vn 0.0 0.0 -1.0
vn 0.0 0.0 -1.0
vn 0.0 0.0 -1.0
vn 0.0 0.0 -1.0
vn 0.0 0.0 -1.0
vn 0.0 0.0 -1.0
vn 0.0 0.0 -1.0
vn 0.0 0.0 -1.0
vn 0.0 0.0 -1.0
vn 0.0 0.0 -1.0
vn 0.0 0.0 -1.0
vn 0.0 0.0 -1.0
vn 0.0 0.0 -1.0
vn 0.0 0.0 -1.0
vn 0.0 0.0 -1.0
vn 0.0 0.0 -1.0
vn 0.0 0.0 -1.0
vn 0.0 0.0 -1.0
vn 0.0 0.0 -1.0
vn 0.0 0.0 -1.0
vn 0.0 0.0 -1.0
vn 0.0 0.0 -1.0
vn 0.0 0.0 -1.0
vn 0.0 0.0 -1.0
vn 0.0 0.0 -1.0
vn 0.0 0.0 -1.0
vn 0.0 0.0 -1.0
vn 0.0 0.0 -1.0
vn 0.0 0.0 -1.0
vn 0.0 0.0 -1.0
vn 0.0 0.0 -1.0
vn 0.0 0.0 -1.0
vn 0.0 0.0 -1.0
vn 0.0 0.0 -1.0
vn 0.0 0.0 -1.0
vn 0.0 0.0 -1.0
vn -0.0 0.0 -1.0
vn 0.0 0.0 -1.0
vn 0.0 0.0 -1.0
vn 0.0 0.0 -1.0
vn -0.0 0.0 -1.0
vn 0.0 0.0 -1.0
vn 0.0 0.0 -1.0
vn 0.0 0.0 -1.0
vn 0.0 0.0 -1.0
vn 0.0 0.0 -1.0
vn 0.0 0.0 -1.0
vn 0.0 0.0 -1.0
vn 0.0 0.0 -1.0
vn 0.0 0.0 -1.0
vn 0.0 0.0 -1.0
vn 0.0 0.0 -1.0
vn 0.0 0.0 -1.0
vn 0.0 0.0 -1.0
vn 0.0 0.0 -1.0
vn 0.0 0.0 -1.0
vn 0.0 0.0 -1.0
vn 0.0 0.0 -1.0
vn -0.0 0.0 -1.0
vn 0.0 0.0 -1.0
vn 0.0 0.0 -1.0
vn 0.0 0.0 -1.0
vn 0.0 0.0 -1.0
vn 0.0 0.0 -1.0
vn 0.0 0.0 -1.0
vn 0.0 0.0 -1.0
vn -0.0 0.0 -1.0
vn 0.0 0.0 -1.0
vn 0.999688 -0.024972 0.0
vn 0.999688 -0.024972 0.0
vn 0.99719 -0.074914 0.0
vn 0.99719 -0.074914 0.0
vn 0.992296 -0.123886 0.0
vn 0.984778 -0.173816 0.0
vn 0.992296 -0.123886 0.0
vn 0.97487 -0.222773 0.0
vn 0.984778 -0.173816 0.0
vn 0.97487 -0.222773 0.0
vn 0.962643 -0.270775 0.0
vn 0.947994 -0.318288 0.0
vn 0.962643 -0.270775 0.0
vn 0.930898 -0.36528 0.0
vn 0.947994 -0.318288 0.0
vn 0.930898 -0.36528 0.0
vn 0.911502 -0.411295 0.0
vn 0.911502 -0.411295 0.0
vn 0.889818 -0.456316 0.0
vn 0.889818 -0.456316 0.0
vn 0.86606 -0.499941 0.0
vn 0.86606 -0.499941 0.0
vn 0.840038 -0.542527 0.0
vn 0.840038 -0.542527 0.0
vn 0.811983 -0.583682 0.0
vn 0.811983 -0.583682 0.0
vn 0.78168 -0.623679 0.0
vn 0.78168 -0.623679 0.0
vn 0.749872 -0.661582 0.0
vn 0.749872 -0.661582 0.0
vn 0.715873 -0.698231 0.0
vn 0.715873 -0.698231 0.0
vn 0.680204 -0.733023 0.0
vn 0.642669 -0.766144 0.0
vn 0.680204 -0.733023 0.0
vn 0.642669 -0.766144 0.0
vn 0.603805 -0.797132 0.0
vn 0.603805 -0.797132 0.0
vn 0.563421 -0.82617 0.0
vn 0.563421 -0.82617 0.0
vn 0.52137 -0.853331 0.0
vn 0.478173 -0.878266 0.0
vn 0.52137 -0.853331 0.0
vn 0.433898 -0.900962 0.0
vn 0.478173 -0.878266 0.0
vn 0.433898 -0.900962 0.0
vn 0.388426 -0.92148 0.0
vn 0.342045 -0.939684 0.0
vn 0.388426 -0.92148 0.0
vn 0.342045 -0.939684 0.0
vn 0.294836 -0.955548 0.0
vn 0.294836 -0.955548 0.0
vn 0.24666 -0.969102 0.0
vn 0.24666 -0.969102 0.0
vn 0.198226 -0.980156 0.0
vn 0.149006 -0.988836 0.0
vn 0.198226 -0.980156 0.0
vn 0.149006 -0.988836 0.0
vn 0.099577 -0.99503 0.0
vn 0.099577 -0.99503 0.0
vn 0.04984 -0.998757 0.0
vn 0.04984 -0.998757 0.0
vn 0.0 -1.0 0.0
vn -0.0 -1.0 -0.0
vn -0.04984 -0.998757 0.0
vn -0.04984 -0.998757 -0.0
vn -0.099577 -0.99503 0.0
vn -0.149006 -0.988836 0.0
vn -0.099577 -0.99503 -0.0
vn -0.198226 -0.980156 0.0
vn -0.149006 -0.988836 0.0
vn -0.198226 -0.980156 0.0
vn -0.24666 -0.969102 -0.0
vn -0.24666 -0.969102 0.0
vn -0.294836 -0.955548 -0.0
vn -0.294836 -0.955548 0.0
vn -0.342045 -0.939684 -0.0
vn -0.342045 -0.939684 0.0
vn -0.388426 -0.92148 -0.0
vn -0.388426 -0.92148 0.0
vn -0.433898 -0.900962 -0.0
vn -0.433898 -0.900962 0.0
vn -0.478173 -0.878266 -0.0
vn -0.478173 -0.878266 0.0
vn -0.52137 -0.853331 0.0
vn -0.52137 -0.853331 0.0
vn -0.563421 -0.82617 -0.0
vn -0.563421 -0.82617 0.0
vn -0.603805 -0.797132 -0.0
vn -0.603805 -0.797132 0.0
vn -0.642669 -0.766144 0.0
vn -0.642669 -0.766144 0.0
vn -0.680204 -0.733023 -0.0
vn -0.680204 -0.733023 0.0
vn -0.715873 -0.698231 0.0
vn -0.715873 -0.698231 -0.0
vn -0.749872 -0.661582 0.0
vn -0.749872 -0.661582 0.0
vn -0.78168 -0.623679 -0.0
vn -0.78168 -0.623679 0.0
vn -0.811983 -0.583682 0.0
vn -0.840038 -0.542527 0.0
vn -0.811983 -0.583682 -0.0
vn -0.840038 -0.542527 0.0
vn -0.86606 -0.499941 0.0
vn -0.86606 -0.499941 -0.0
vn -0.889818 -0.456316 0.0
vn -0.889818 -0.456316 -0.0
vn -0.911502 -0.411295 0.0
vn -0.930898 -0.36528 0.0
vn -0.911502 -0.411295 -0.0
vn -0.930898 -0.36528 0.0
vn -0.947994 -0.318288 0.0
vn -0.947994 -0.318288 -0.0
vn -0.962643 -0.270775 0.0
vn -0.97487 -0.222773 0.0
vn -0.962643 -0.270775 -0.0
vn -0.97487 -0.222773 0.0
vn -0.984778 -0.173816 0.0
vn -0.984778 -0.173816 -0.0
vn -0.992296 -0.123886 0.0
vn -0.99719 -0.074914 0.0
vn -0.992296 -0.123886 -0.0
vn -0.99719 -0.074914 0.0
vn -0.999688 -0.024972 -0.0
vn -0.999688 -0.024972 0.0
vn -0.999688 0.024972 0.0
vn -0.999688 0.024972 0.0
vn -0.99719 0.074914 0.0
vn -0.99719 0.074914 0.0
vn -0.992296 0.123886 0.0
vn -0.992296 0.123886 0.0
vn -0.984778 0.173817 0.0
vn -0.984778 0.173817 0.0
vn -0.97487 0.222772 0.0
vn -0.97487 0.222772 0.0
vn -0.962643 0.270775 0.0
vn -0.962643 0.270775 0.0
vn -0.947994 0.318288 0.0
vn -0.947994 0.318288 0.0
vn -0.930898 0.36528 0.0
vn -0.930898 0.36528 0.0
vn -0.911502 0.411295 0.0
vn -0.911502 0.411295 0.0
vn -0.889818 0.456316 0.0
vn -0.889818 0.456316 0.0
vn -0.86606 0.499941 0.0
vn -0.86606 0.499941 0.0
vn -0.840038 0.542527 0.0
vn -0.840038 0.542527 0.0
vn -0.811983 0.583682 0.0
vn -0.811983 0.583682 0.0
vn -0.78168 0.623679 0.0
vn -0.78168 0.623679 0.0
vn -0.749872 0.661582 0.0
vn -0.749872 0.661582 0.0
vn -0.715873 0.698231 0.0
vn -0.715873 0.698231 0.0
vn -0.680204 0.733023 0.0
vn -0.680204 0.733023 0.0
vn -0.64267 0.766143 0.0
vn -0.64267 0.766143 0.0
vn -0.603804 0.797132 0.0
vn -0.603804 0.797132 0.0
vn -0.563421 0.82617 0.0
vn -0.563421 0.82617 0.0
vn -0.521369 0.853331 0.0
vn -0.521369 0.853331 0.0
vn -0.478174 0.878265 0.0
vn -0.433898 0.900962 0.0
vn -0.478174 0.878265 0.0
vn -0.433898 0.900962 0.0
vn -0.388426 0.92148 0.0
vn -0.388426 0.92148 0.0
vn -0.342045 0.939684 0.0
vn -0.342045 0.939684 0.0
vn -0.294836 0.955548 0.0
vn -0.294836 0.955548 0.0
vn -0.24666 0.969102 0.0
vn -0.24666 0.969102 0.0
vn -0.198226 0.980156 0.0
vn -0.198226 0.980156 0.0
vn -0.149006 0.988836 0.0
vn -0.149006 0.988836 0.0
vn -0.099577 0.99503 0.0
vn -0.099577 0.99503 0.0
vn -0.04984 0.998757 0.0
vn -0.04984 0.998757 0.0
vn -0.0 1.0 0.0
vn 0.0 1.0 0.0
vn 0.04984 0.998757 -0.0
vn 0.04984 0.998757 0.0
vn 0.099577 0.99503 0.0
vn 0.099577 0.99503 0.0
vn 0.149006 0.988836 -0.0
vn 0.149006 0.988836 0.0
vn 0.198226 0.980156 0.0
vn 0.198226 0.980156 0.0
vn 0.24666 0.969102 0.0
vn 0.294836 0.955548 -0.0
vn 0.24666 0.969102 0.0
vn 0.342045 0.939684 -0.0
vn 0.294836 0.955548 0.0
vn 0.342045 0.939684 0.0
vn 0.388426 0.92148 0.0
vn 0.388426 0.92148 0.0
vn 0.433898 0.900962 0.0
vn 0.433898 0.900962 0.0
vn 0.478174 0.878265 0.0
vn 0.478174 0.878265 0.0
vn 0.521369 0.853331 0.0
vn 0.521369 0.853331 0.0
vn 0.563421 0.82617 0.0
vn 0.563421 0.82617 0.0
vn 0.603804 0.797132 0.0
vn 0.64267 0.766143 -0.0
vn 0.603804 0.797132 0.0
vn 0.64267 0.766143 0.0
vn 0.680204 0.733023 0.0
vn 0.680204 0.733023 0.0
vn 0.715873 0.698231 0.0
vn 0.749872 0.661582 -0.0
vn 0.715873 0.698231 0.0
vn 0.78168 0.623679 -0.0
vn 0.749872 0.661582 0.0
vn 0.78168 0.623679 0.0
vn 0.811983 0.583682 0.0
vn 0.811983 0.583682 0.0
vn 0.840038 0.542527 -0.0
vn 0.840038 0.542527 0.0
vn 0.86606 0.499941 0.0
vn 0.86606 0.499941 0.0
vn 0.889818 0.456316 0.0
vn 0.889818 0.456316 0.0
vn 0.911502 0.411295 -0.0
vn 0.911502 0.411295 0.0
vn 0.930898 0.36528 0.0
vn 0.930898 0.36528 0.0
vn 0.947994 0.318288 0.0
vn 0.947994 0.318288 0.0
vn 0.962643 0.270775 0.0
vn 0.97487 0.222772 -0.0
vn 0.962643 0.270775 0.0
vn 0.97487 0.222772 0.0
vn 0.984778 0.173817 0.0
vn 0.984778 0.173817 0.0
vn 0.992296 0.123886 0.0
vn 0.992296 0.123886 0.0
vn 0.99719 0.074914 0.0
vn 0.99719 0.074914 0.0
vn 0.999688 0.024972 0.0
vn 0.999688 0.024972 0.0
vn 0.0 0.0 1.0
vn -0.0 0.0 1.0
vn -0.0 0.0 1.0
vn 0.0 0.0 1.0
vn -0.0 0.0 1.0
vn -0.0 0.0 1.0
vn 0.0 0.0 1.0
vn -0.0 0.0 1.0
vn 0.0 0.0 1.0
vn 0.0 0.0 1.0
vn 0.0 0.0 1.0
vn -0.0 0.0 1.0
vn -0.0 0.0 1.0
vn -0.0 0.0 1.0
vn -0.0 0.0 1.0
vn -0.0 0.0 1.0
vn -0.0 0.0 1.0
vn 0.0 0.0 1.0
vn 0.0 0.0 1.0
vn 0.0 0.0 1.0
vn -0.0 0.0 1.0
vn -0.0 0.0 1.0
vn -0.0 0.0 1.0
vn -0.0 0.0 1.0
vn -0.0 0.0 1.0
vn 0.0 0.0 1.0
vn 0.0 0.0 1.0
vn 0.0 0.0 1.0
vn 0.0 0.0 1.0
vn 0.0 0.0 1.0
vn -0.0 0.0 1.0
vn -0.0 0.0 1.0
vn 0.0 0.0 1.0
vn 0.0 0.0 1.0
vn -0.0 -0.0 1.0
vn -0.0 -0.0 1.0
vn -0.0 -0.0 1.0
vn 0.0 0.0 1.0
vn -0.0 -0.0 1.0
vn -0.0 -0.0 1.0
vn -0.0 0.0 1.0
vn -0.0 0.0 1.0
vn 0.0 0.0 1.0
vn 0.0 0.0 1.0
vn 0.0 0.0 1.0
vn -0.0 -0.0 1.0
vn 0.0 0.0 1.0
vn 0.0 0.0 1.0
vn 0.0 0.0 1.0
vn -0.0 -0.0 1.0
vn -0.0 -0.0 1.0
vn -0.0 -0.0 1.0
vn 0.0 0.0 1.0
vn 0.0 0.0 1.0
vn 0.0 0.0 1.0
vn 0.0 0.0 1.0
vn -0.0 -0.0 1.0
vn 0.0 0.0 1.0
vn 0.0 0.0 1.0
vn -0.0 -0.0 1.0
vn -0.0 -0.0 1.0
vn -0.0 -0.0 1.0
vn -0.0 -0.0 1.0
vn -0.0 -0.0 1.0
vn 0.0 0.0 1.0
vn 0.0 0.0 1.0
vn 0.0 0.0 1.0
vn -0.0 -0.0 1.0
vn -0.0 -0.0 1.0
vn 0.0 0.0 1.0
vn 0.0 0.0 1.0
vn -0.0 -0.0 1.0
vn -0.0 -0.0 1.0
vn 0.0 0.0 1.0
vn 0.0 0.0 1.0
vn -0.0 -0.0 1.0
vn -0.0 -0.0 1.0
vn -0.0 -0.0 1.0
vn -0.0 -0.0 1.0
vn -0.0 -0.0 1.0
vn 0.0 0.0 1.0
vn 0.0 0.0 1.0
vn 0.0 0.0 1.0
vn -0.0 -0.0 1.0
vn -0.0 -0.0 1.0
vn 0.0 0.0 1.0
vn 0.0 0.0 1.0
vn -0.0 -0.0 1.0
vn 0.0 -0.0 1.0
vn 0.0 0.0 1.0
vn 0.0 0.0 1.0
vn 0.0 -0.0 1.0
vn 0.0 0.0 1.0
vn 0.0 0.0 1.0
vn 0.0 -0.0 1.0
vn 0.0 0.0 1.0
vn 0.0 0.0 1.0
vn 0.0 -0.0 1.0
vn 0.0 -0.0 1.0
vn 0.0 0.0 1.0
vn 0.0 0.0 1.0
vn 0.0 -0.0 1.0
vn 0.0 -0.0 1.0
vn 0.0 0.0 1.0
vn 0.0 0.0 1.0
vn 0.0 -0.0 1.0
vn 0.0 -0.0 1.0
vn 0.0 0.0 1.0
vn 0.0 -0.0 1.0
vn 0.0 -0.0 1.0
vn 0.0 0.0 1.0
vn 0.0 0.0 1.0
vn 0.0 -0.0 1.0
vn 0.0 0.0 1.0
vn 0.0 0.0 1.0
vn 0.0 -0.0 1.0
vn 0.0 0.0 1.0
vn 0.0 0.0 1.0
vn 0.0 0.0 1.0
vn 0.0 -0.0 1.0
vn 0.0 -0.0 1.0
vn 0.0 0.0 1.0
vn 0.0 0.0 1.0
vn 0.0 0.0 1.0
vn 0.0 0.0 -1.0
vn 0.0 0.0 -1.0
vn 0.0 0.0 -1.0
vn 0.0 0.0 -1.0
vn 0.0 0.0 -1.0
vn 0.0 0.0 -1.0
vn 0.0 0.0 -1.0
vn 0.0 0.0 -1.0
vn 0.0 0.0 -1.0
vn 0.0 0.0 -1.0
vn 0.0 0.0 -1.0
vn 0.0 0.0 -1.0
vn 0.0 0.0 -1.0
vn 0.0 0.0 -1.0
vn 0.0 0.0 -1.0
vn 0.0 0.0 -1.0
vn 0.0 0.0 -1.0
vn 0.0 0.0 -1.0
vn 0.0 0.0 -1.0
vn 0.0 0.0 -1.0
vn 0.0 0.0 -1.0
vn 0.0 0.0 -1.0
vn 0.0 0.0 -1.0
vn 0.0 0.0 -1.0
vn 0.0 0.0 -1.0
vn -0.0 0.0 -1.0
vn 0.0 0.0 -1.0
vn 0.0 0.0 -1.0
vn 0.0 0.0 -1.0
vn 0.0 0.0 -1.0
vn 0.0 0.0 -1.0
vn 0.0 0.0 -1.0
vn 0.0 0.0 -1.0
vn 0.0 0.0 -1.0
vn 0.0 0.0 -1.0
vn 0.0 0.0 -1.0
vn 0.0 0.0 -1.0
vn 0.0 0.0 -1.0
vn 0.0 0.0 -1.0
vn 0.0 0.0 -1.0
vn 0.0 0.0 -1.0
vn 0.0 0.0 -1.0
vn 0.0 0.0 -1.0
vn 0.0 0.0 -1.0
vn 0.0 0.0 -1.0
vn 0.0 0.0 -1.0
vn 0.0 0.0 -1.0
vn 0.0 0.0 -1.0
vn 0.0 0.0 -1.0
vn 0.0 0.0 -1.0
vn 0.0 0.0 -1.0
vn 0.0 0.0 -1.0
vn 0.0 0.0 -1.0
vn 0.0 0.0 -1.0
vn 0.0 0.0 -1.0
vn -0.0 0.0 -1.0
vn 0.0 0.0 -1.0
vn 0.0 0.0 -1.0
vn 0.0 0.0 -1.0
vn 0.0 0.0 -1.0
vn 0.0 0.0 -1.0
vn 0.0 0.0 -1.0
vn 0.0 0.0 -1.0
vn 0.0 0.0 -1.0
vn 0.0 0.0 -1.0
vn 0.0 0.0 -1.0
vn 0.0 0.0 -1.0
vn 0.0 0.0 -1.0
vn 0.0 0.0 -1.0
vn 0.0 0.0 -1.0
vn 0.0 0.0 -1.0
vn 0.0 0.0 -1.0
vn 0.0 0.0 -1.0
vn 0.0 0.0 -1.0
vn 0.0 0.0 -1.0
vn 0.0 0.0 -1.0
vn 0.0 0.0 -1.0
vn 0.0 0.0 -1.0
vn 0.0 0.0 -1.0
vn 0.0 0.0 -1.0
vn 0.0 0.0 -1.0
vn 0.0 0.0 -1.0
vn 0.0 0.0 -1.0
vn 0.0 0.0 -1.0
vn 0.0 0.0 -1.0
vn 0.0 0.0 -1.0
vn 0.0 0.0 -1.0
vn 0.0 0.0 -1.0
vn 0.0 0.0 -1.0
vn 0.0 0.0 -1.0
vn 0.0 0.0 -1.0
vn 0.0 0.0 -1.0
vn -0.0 0.0 -1.0
vn 0.0 0.0 -1.0
vn 0.0 0.0 -1.0
vn 0.0 0.0 -1.0
vn -0.0 0.0 -1.0
vn 0.0 0.0 -1.0
vn 0.0 0.0 -1.0
vn 0.0 0.0 -1.0
vn 0.0 0.0 -1.0
vn 0.0 0.0 -1.0
vn 0.0 0.0 -1.0
vn 0.0 0.0 -1.0
vn 0.0 0.0 -1.0
vn 0.0 0.0 -1.0
vn 0.0 0.0 -1.0
vn 0.0 0.0 -1.0
vn 0.0 0.0 -1.0
vn 0.0 0.0 -1.0
vn 0.0 0.0 -1.0
vn 0.0 0.0 -1.0
vn 0.0 0.0 -1.0
vn 0.0 0.0 -1.0
vn -0.0 0.0 -1.0
vn 0.0 0.0 -1.0
vn 0.0 0.0 -1.0
vn 0.0 0.0 -1.0
vn 0.0 0.0 -1.0
vn 0.0 0.0 -1.0
vn 0.0 0.0 -1.0
vn 0.0 0.0 -1.0
vn -0.0 0.0 -1.0
vn 0.0 0.0 -1.0
vn 0.999688 -0.024972 0.0
vn 0.999688 -0.024972 0.0
vn 0.99719 -0.074913 0.0
vn 0.99719 -0.074913 0.0
vn 0.992296 -0.123886 0.0
vn 0.984778 -0.173818 0.0
vn 0.992296 -0.123886 0.0
vn 0.974871 -0.222772 0.0
vn 0.984778 -0.173818 0.0
vn 0.974871 -0.222772 0.0
vn 0.962643 -0.270774 0.0
vn 0.947994 -0.318288 0.0
vn 0.962643 -0.270774 0.0
vn 0.930896 -0.365283 0.0
vn 0.947994 -0.318288 0.0
vn 0.930896 -0.365283 0.0
vn 0.911503 -0.411294 0.0
vn 0.911503 -0.411294 0.0
vn 0.889818 -0.456315 0.0
vn 0.889818 -0.456315 0.0
vn 0.866061 -0.499937 0.0
vn 0.866061 -0.499937 0.0
vn 0.840037 -0.54253 0.0
vn 0.840037 -0.54253 0.0
vn 0.811985 -0.583679 0.0
vn 0.811985 -0.583679 0.0
vn 0.78168 -0.62368 0.0
vn 0.78168 -0.62368 0.0
vn 0.74987 -0.661586 0.0
vn 0.74987 -0.661586 0.0
vn 0.715873 -0.698231 0.0
vn 0.715873 -0.698231 0.0
vn 0.680202 -0.733024 0.0
vn 0.64267 -0.766143 0.0
vn 0.680202 -0.733024 0.0
vn 0.64267 -0.766143 0.0
vn 0.603803 -0.797134 0.0
vn 0.603803 -0.797134 0.0
vn 0.563428 -0.826165 0.0
vn 0.563428 -0.826165 0.0
vn 0.521368 -0.853332 0.0
vn 0.478175 -0.878265 0.0
vn 0.521368 -0.853332 0.0
vn 0.433895 -0.900964 0.0
vn 0.478175 -0.878265 0.0
vn 0.433895 -0.900964 0.0
vn 0.388428 -0.921479 0.0
vn 0.342038 -0.939686 0.0
vn 0.388428 -0.921479 0.0
vn 0.342038 -0.939686 0.0
vn 0.294843 -0.955546 0.0
vn 0.294843 -0.955546 0.0
vn 0.246665 -0.969101 0.0
vn 0.246665 -0.969101 0.0
vn 0.198215 -0.980159 0.0
vn 0.149014 -0.988835 0.0
vn 0.198215 -0.980159 0.0
vn 0.149014 -0.988835 0.0
vn 0.099573 -0.99503 0.0
vn 0.099573 -0.99503 0.0
vn 0.049846 -0.998757 0.0
vn 0.049846 -0.998757 0.0
vn 0.0 -1.0 0.0
vn -0.0 -1.0 -0.0
vn -0.049846 -0.998757 0.0
vn -0.049846 -0.998757 -0.0
vn -0.099573 -0.99503 0.0
vn -0.149014 -0.988835 0.0
vn -0.099573 -0.99503 -0.0
vn -0.198215 -0.980159 0.0
vn -0.149014 -0.988835 0.0
vn -0.198215 -0.980159 0.0
vn -0.246665 -0.969101 -0.0
vn -0.246665 -0.969101 0.0
vn -0.294843 -0.955546 -0.0
vn -0.294843 -0.955546 0.0
vn -0.342038 -0.939686 -0.0
vn -0.342038 -0.939686 0.0
vn -0.388428 -0.921479 -0.0
vn -0.388428 -0.921479 0.0
vn -0.433895 -0.900964 -0.0
vn -0.433895 -0.900964 0.0
vn -0.478175 -0.878265 -0.0
vn -0.478175 -0.878265 0.0
vn -0.521368 -0.853332 0.0
vn -0.521368 -0.853332 0.0
vn -0.563428 -0.826165 -0.0
vn -0.563428 -0.826165 0.0
vn -0.603803 -0.797134 -0.0
vn -0.603803 -0.797134 0.0
vn -0.64267 -0.766143 0.0
vn -0.64267 -0.766143 0.0
vn -0.680202 -0.733024 -0.0
vn -0.680202 -0.733024 0.0
vn -0.715873 -0.698231 0.0
vn -0.715873 -0.698231 -0.0
vn -0.74987 -0.661586 0.0
vn -0.74987 -0.661586 0.0
vn -0.78168 -0.62368 -0.0
vn -0.78168 -0.62368 0.0
vn -0.811985 -0.583679 0.0
vn -0.840037 -0.54253 0.0
vn -0.811985 -0.583679 -0.0
vn -0.840037 -0.54253 0.0
vn -0.866061 -0.499937 0.0
vn -0.866061 -0.499937 -0.0
vn -0.889818 -0.456315 0.0
vn -0.889818 -0.456315 -0.0
vn -0.911503 -0.411294 0.0
vn -0.930896 -0.365283 0.0
vn -0.911503 -0.411294 -0.0
vn -0.930896 -0.365283 0.0
vn -0.947994 -0.318288 0.0
vn -0.947994 -0.318288 -0.0
vn -0.962643 -0.270774 0.0
vn -0.974871 -0.222772 0.0
vn -0.962643 -0.270774 -0.0
vn -0.974871 -0.222772 0.0
vn -0.984778 -0.173818 0.0
vn -0.984778 -0.173818 -0.0
vn -0.992296 -0.123886 0.0
vn -0.99719 -0.074913 0.0
vn -0.992296 -0.123886 -0.0
vn -0.99719 -0.074913 0.0
vn -0.999688 -0.024972 -0.0
vn -0.999688 -0.024972 0.0
vn -0.999688 0.024972 0.0
vn -0.999688 0.024972 0.0
vn -0.99719 0.074913 0.0
vn -0.99719 0.074913 0.0
vn -0.992296 0.123886 0.0
vn -0.992296 0.123886 0.0
vn -0.984778 0.173818 0.0
vn -0.984778 0.173818 0.0
vn -0.974871 0.222772 0.0
vn -0.974871 0.222772 0.0
vn -0.962643 0.270774 0.0
vn -0.962643 0.270774 0.0
vn -0.947994 0.318288 0.0
vn -0.947994 0.318288 0.0
vn -0.930896 0.365283 0.0
vn -0.930896 0.365283 0.0
vn -0.911503 0.411294 0.0
vn -0.911503 0.411294 0.0
vn -0.889818 0.456315 0.0
vn -0.889818 0.456315 0.0
vn -0.866061 0.499937 0.0
vn -0.866061 0.499937 0.0
vn -0.840037 0.54253 0.0
vn -0.840037 0.54253 0.0
vn -0.811985 0.583679 0.0
vn -0.811985 0.583679 0.0
vn -0.78168 0.62368 0.0
vn -0.78168 0.62368 0.0
vn -0.74987 0.661586 0.0
vn -0.74987 0.661586 0.0
vn -0.715873 0.698231 0.0
vn -0.715873 0.698231 0.0
vn -0.680202 0.733024 0.0
vn -0.680202 0.733024 0.0
vn -0.64267 0.766143 0.0
vn -0.64267 0.766143 0.0
vn -0.603803 0.797134 0.0
vn -0.603803 0.797134 0.0
vn -0.563428 0.826165 0.0
vn -0.563428 0.826165 0.0
vn -0.521368 0.853332 0.0
vn -0.521368 0.853332 0.0
vn -0.478175 0.878265 0.0
vn -0.433895 0.900964 0.0
vn -0.478175 0.878265 0.0
vn -0.433895 0.900964 0.0
vn -0.388428 0.921479 0.0
vn -0.388428 0.921479 0.0
vn -0.342038 0.939686 0.0
vn -0.342038 0.939686 0.0
vn -0.294843 0.955546 0.0
vn -0.294843 0.955546 0.0
vn -0.246665 0.969101 0.0
vn -0.246665 0.969101 0.0
vn -0.198215 0.980159 0.0
vn -0.198215 0.980159 0.0
vn -0.149014 0.988835 0.0
vn -0.149014 0.988835 0.0
vn -0.099573 0.99503 0.0
vn -0.099573 0.99503 0.0
vn -0.049846 0.998757 0.0
vn -0.049846 0.998757 0.0
vn -0.0 1.0 0.0
vn 0.0 1.0 0.0
vn 0.049846 0.998757 -0.0
vn 0.049846 0.998757 0.0
vn 0.099573 0.99503 0.0
vn 0.099573 0.99503 0.0
vn 0.149014 0.988835 -0.0
vn 0.149014 0.988835 0.0
vn 0.198215 0.980159 0.0
vn 0.198215 0.980159 0.0
vn 0.246665 0.969101 0.0
vn 0.294843 0.955546 -0.0
vn 0.246665 0.969101 0.0
vn 0.342038 0.939686 -0.0
vn 0.294843 0.955546 0.0
vn 0.342038 0.939686 0.0
vn 0.388428 0.921479 0.0
vn 0.388428 0.921479 0.0
vn 0.433895 0.900964 0.0
vn 0.433895 0.900964 0.0
vn 0.478175 0.878265 0.0
vn 0.478175 0.878265 0.0
vn 0.521368 0.853332 0.0
vn 0.521368 0.853332 0.0
vn 0.563428 0.826165 0.0
vn 0.563428 0.826165 0.0
vn 0.603803 0.797134 0.0
vn 0.64267 0.766143 -0.0
vn 0.603803 0.797134 0.0
vn 0.64267 0.766143 0.0
vn 0.680202 0.733024 0.0
vn 0.680202 0.733024 0.0
vn 0.715873 0.698231 0.0
vn 0.74987 0.661586 -0.0
vn 0.715873 0.698231 0.0
vn 0.78168 0.62368 -0.0
vn 0.74987 0.661586 0.0
vn 0.78168 0.62368 0.0
vn 0.811985 0.583679 0.0
vn 0.811985 0.583679 0.0
vn 0.840037 0.54253 -0.0
vn 0.840037 0.54253 0.0
vn 0.866061 0.499937 0.0
vn 0.866061 0.499937 0.0
vn 0.889818 0.456315 0.0
vn 0.889818 0.456315 0.0
vn 0.911503 0.411294 -0.0
vn 0.911503 0.411294 0.0
vn 0.930896 0.365283 0.0
vn 0.930896 0.365283 0.0
vn 0.947994 0.318288 0.0
vn 0.947994 0.318288 0.0
vn 0.962643 0.270774 0.0
vn 0.974871 0.222772 -0.0
vn 0.962643 0.270774 0.0
vn 0.974871 0.222772 0.0
vn 0.984778 0.173818 0.0
vn 0.984778 0.173818 0.0
vn 0.992296 0.123886 0.0
vn 0.992296 0.123886 0.0
vn 0.99719 0.074913 0.0
vn 0.99719 0.074913 0.0
vn 0.999688 0.024972 0.0
vn 0.999688 0.024972 0.0
vn 0.0 0.0 1.0
vn -0.0 0.0 1.0
vn -0.0 0.0 1.0
vn 0.0 0.0 1.0
vn -0.0 0.0 1.0
vn -0.0 0.0 1.0
vn -0.0 0.0 1.0
vn -0.0 0.0 1.0
vn 0.0 0.0 1.0
vn 0.0 0.0 1.0
vn 0.0 0.0 1.0
vn 0.0 0.0 1.0
vn -0.0 0.0 1.0
vn -0.0 0.0 1.0
vn -0.0 0.0 1.0
vn -0.0 0.0 1.0
vn -0.0 0.0 1.0
vn 0.0 0.0 1.0
vn 0.0 0.0 1.0
vn 0.0 0.0 1.0
vn -0.0 0.0 1.0
vn 0.0 0.0 1.0
vn -0.0 0.0 1.0
vn 0.0 0.0 1.0
vn -0.0 0.0 1.0
vn -0.0 0.0 1.0
vn -0.0 -0.0 1.0
vn 0.0 0.0 1.0
vn 0.0 0.0 1.0
vn 0.0 0.0 1.0
vn 0.0 0.0 1.0
vn 0.0 0.0 1.0
vn 0.0 0.0 1.0
vn -0.0 0.0 1.0
vn -0.0 -0.0 1.0
vn -0.0 -0.0 1.0
vn -0.0 0.0 1.0
vn -0.0 0.0 1.0
vn -0.0 0.0 1.0
vn -0.0 -0.0 1.0
vn 0.0 0.0 1.0
vn 0.0 0.0 1.0
vn 0.0 0.0 1.0
vn -0.0 -0.0 1.0
vn 0.0 0.0 1.0
vn -0.0 0.0 1.0
vn 0.0 0.0 1.0
vn -0.0 -0.0 1.0
vn -0.0 -0.0 1.0
vn 0.0 0.0 1.0
vn 0.0 0.0 1.0
vn 0.0 0.0 1.0
vn -0.0 -0.0 1.0
vn -0.0 -0.0 1.0
vn 0.0 0.0 1.0
vn 0.0 0.0 1.0
vn -0.0 -0.0 1.0
vn -0.0 -0.0 1.0
vn -0.0 -0.0 1.0
vn 0.0 0.0 1.0
vn 0.0 0.0 1.0
vn -0.0 -0.0 1.0
vn 0.0 0.0 1.0
vn 0.0 0.0 1.0
vn -0.0 -0.0 1.0
vn 0.0 0.0 1.0
vn -0.0 -0.0 1.0
vn -0.0 -0.0 1.0
vn -0.0 -0.0 1.0
vn -0.0 -0.0 1.0
vn 0.0 0.0 1.0
vn 0.0 0.0 1.0
vn 0.0 0.0 1.0
vn 0.0 0.0 1.0
vn -0.0 -0.0 1.0
vn 0.0 0.0 1.0
vn -0.0 -0.0 1.0
vn 0.0 0.0 1.0
vn 0.0 0.0 1.0
vn -0.0 -0.0 1.0
vn -0.0 -0.0 1.0
vn 0.0 0.0 1.0
vn 0.0 0.0 1.0
vn -0.0 -0.0 1.0
vn -0.0 -0.0 1.0
vn -0.0 -0.0 1.0
vn -0.0 -0.0 1.0
vn -0.0 -0.0 1.0
vn 0.0 0.0 1.0
vn 0.0 0.0 1.0
vn 0.0 0.0 1.0
vn 0.0 0.0 1.0
vn 0.0 0.0 1.0
vn 0.0 -0.0 1.0
vn 0.0 -0.0 1.0
vn 0.0 0.0 1.0
vn 0.0 -0.0 1.0
vn 0.0 -0.0 1.0
vn 0.0 -0.0 1.0
vn 0.0 -0.0 1.0
vn 0.0 0.0 1.0
vn 0.0 0.0 1.0
vn 0.0 0.0 1.0
vn 0.0 -0.0 1.0
vn 0.0 0.0 1.0
vn 0.0 0.0 1.0
vn 0.0 -0.0 1.0
vn 0.0 -0.0 1.0
vn 0.0 0.0 1.0
vn 0.0 0.0 1.0
vn 0.0 0.0 1.0
vn 0.0 -0.0 1.0
vn 0.0 -0.0 1.0
vn 0.0 -0.0 1.0
vn 0.0 0.0 1.0
vn 0.0 0.0 1.0
vn 0.0 0.0 1.0
vn 0.0 -0.0 1.0
vn -0.0 0.0 1.0
vn 0.0 0.0 1.0
vn 0.0 -0.0 1.0
vn 0.0 -0.0 1.0
vn 0.0 -0.0 1.0
vn 0.0 0.0 1.0
vn 0.0 0.0 -1.0
vn 0.0 0.0 -1.0
vn 0.0 0.0 -1.0
vn 0.0 0.0 -1.0
vn 0.0 0.0 -1.0
vn 0.0 0.0 -1.0
vn 0.0 0.0 -1.0
vn 0.0 0.0 -1.0
vn 0.0 0.0 -1.0
vn 0.0 0.0 -1.0
vn 0.0 0.0 -1.0
vn 0.0 0.0 -1.0
vn 0.0 0.0 -1.0
vn 0.0 0.0 -1.0
vn 0.0 0.0 -1.0
vn 0.0 0.0 -1.0
vn 0.0 0.0 -1.0
vn 0.0 0.0 -1.0
vn 0.0 0.0 -1.0
vn 0.0 0.0 -1.0
vn 0.0 0.0 -1.0
vn 0.0 0.0 -1.0
vn 0.0 0.0 -1.0
vn 0.0 0.0 -1.0
vn 0.0 0.0 -1.0
vn 0.0 0.0 -1.0
vn 0.0 0.0 -1.0
vn 0.0 0.0 -1.0
vn 0.0 0.0 -1.0
vn -0.0 0.0 -1.0
vn 0.0 0.0 -1.0
vn 0.0 0.0 -1.0
vn 0.0 0.0 -1.0
vn 0.0 0.0 -1.0
vn 0.0 0.0 -1.0
vn 0.0 0.0 -1.0
vn 0.0 0.0 -1.0
vn 0.0 0.0 -1.0
vn 0.0 0.0 -1.0
vn 0.0 0.0 -1.0
vn 0.0 0.0 -1.0
vn 0.0 0.0 -1.0
vn 0.0 0.0 -1.0
vn 0.0 0.0 -1.0
vn 0.0 0.0 -1.0
vn 0.0 0.0 -1.0
vn 0.0 0.0 -1.0
vn 0.0 0.0 -1.0
vn 0.0 0.0 -1.0
vn 0.0 0.0 -1.0
vn 0.0 0.0 -1.0
vn 0.0 0.0 -1.0
vn 0.0 0.0 -1.0
vn 0.0 0.0 -1.0
vn 0.0 0.0 -1.0
vn 0.0 0.0 -1.0
vn 0.0 0.0 -1.0
vn 0.0 0.0 -1.0
vn 0.0 0.0 -1.0
vn 0.0 0.0 -1.0
vn 0.0 0.0 -1.0
vn 0.0 0.0 -1.0
vn 0.0 0.0 -1.0
vn 0.0 0.0 -1.0
vn 0.0 0.0 -1.0
vn 0.0 0.0 -1.0
vn 0.0 0.0 -1.0
vn 0.0 0.0 -1.0
vn 0.0 0.0 -1.0
vn 0.0 0.0 -1.0
vn 0.0 0.0 -1.0
vn 0.0 0.0 -1.0
vn 0.0 0.0 -1.0
vn 0.0 0.0 -1.0
vn 0.0 0.0 -1.0
vn 0.0 0.0 -1.0
vn 0.0 0.0 -1.0
vn 0.0 0.0 -1.0
vn 0.0 0.0 -1.0
vn 0.0 0.0 -1.0
vn 0.0 0.0 -1.0
vn 0.0 0.0 -1.0
vn 0.0 0.0 -1.0
vn 0.0 0.0 -1.0
vn 0.0 0.0 -1.0
vn 0.0 0.0 -1.0
vn 0.0 0.0 -1.0
vn 0.0 0.0 -1.0
vn 0.0 0.0 -1.0
vn -0.0 0.0 -1.0
vn 0.0 0.0 -1.0
vn 0.0 0.0 -1.0
vn 0.0 0.0 -1.0
vn 0.0 0.0 -1.0
vn 0.0 0.0 -1.0
vn 0.0 0.0 -1.0
vn 0.0 0.0 -1.0
vn 0.0 0.0 -1.0
vn 0.0 0.0 -1.0
vn 0.0 0.0 -1.0
vn 0.0 0.0 -1.0
vn 0.0 0.0 -1.0
vn 0.0 0.0 -1.0
vn 0.0 0.0 -1.0
vn 0.0 0.0 -1.0
vn 0.0 0.0 -1.0
vn 0.0 0.0 -1.0
vn 0.0 0.0 -1.0
vn 0.0 0.0 -1.0
vn 0.0 0.0 -1.0
vn 0.0 0.0 -1.0
vn 0.0 0.0 -1.0
vn 0.0 0.0 -1.0
vn 0.0 0.0 -1.0
vn 0.0 0.0 -1.0
vn 0.0 0.0 -1.0
vn 0.0 0.0 -1.0
vn -0.0 0.0 -1.0
vn 0.0 0.0 -1.0
vn 0.0 0.0 -1.0
vn 0.0 0.0 -1.0
vn 0.0 0.0 -1.0
vn 0.0 0.0 -1.0
vn 0.0 0.0 -1.0
vn 0.999688 -0.024972 0.0
vn 0.999688 -0.024972 0.0
vn 0.99719 -0.074913 0.0
vn 0.99719 -0.074913 0.0
vn 0.992296 -0.123886 0.0
vn 0.984778 -0.173818 0.0
vn 0.992296 -0.123886 0.0
vn 0.974871 -0.222772 0.0
vn 0.984778 -0.173818 0.0
vn 0.974871 -0.222772 0.0
vn 0.962643 -0.270774 0.0
vn 0.947994 -0.318288 0.0
vn 0.962643 -0.270774 0.0
vn 0.930896 -0.365283 0.0
vn 0.947994 -0.318288 0.0
vn 0.930896 -0.365283 0.0
vn 0.911503 -0.411294 0.0
vn 0.911503 -0.411294 0.0
vn 0.889818 -0.456315 0.0
vn 0.889818 -0.456315 0.0
vn 0.866061 -0.499937 0.0
vn 0.866061 -0.499937 0.0
vn 0.840037 -0.54253 0.0
vn 0.840037 -0.54253 0.0
vn 0.811985 -0.583679 0.0
vn 0.811985 -0.583679 0.0
vn 0.78168 -0.62368 0.0
vn 0.78168 -0.62368 0.0
vn 0.74987 -0.661586 0.0
vn 0.74987 -0.661586 0.0
vn 0.715873 -0.698231 0.0
vn 0.715873 -0.698231 0.0
vn 0.680202 -0.733024 0.0
vn 0.64267 -0.766143 0.0
vn 0.680202 -0.733024 0.0
vn 0.64267 -0.766143 0.0
vn 0.603803 -0.797134 0.0
vn 0.603803 -0.797134 0.0
vn 0.563428 -0.826165 0.0
vn 0.563428 -0.826165 0.0
vn 0.521368 -0.853332 0.0
vn 0.478175 -0.878265 0.0
vn 0.521368 -0.853332 0.0
vn 0.433895 -0.900964 0.0
vn 0.478175 -0.878265 0.0
vn 0.433895 -0.900964 0.0
vn 0.388428 -0.921479 0.0
vn 0.342038 -0.939686 0.0
vn 0.388428 -0.921479 0.0
vn 0.342038 -0.939686 0.0
vn 0.294843 -0.955546 0.0
vn 0.294843 -0.955546 0.0
vn 0.246665 -0.969101 0.0
vn 0.246665 -0.969101 0.0
vn 0.198215 -0.980159 0.0
vn 0.149014 -0.988835 0.0
vn 0.198215 -0.980159 0.0
vn 0.149014 -0.988835 0.0
vn 0.099573 -0.99503 0.0
vn 0.099573 -0.99503 0.0
vn 0.049846 -0.998757 0.0
vn 0.049846 -0.998757 0.0
vn 0.0 -1.0 0.0
vn -0.0 -1.0 -0.0
vn -0.049846 -0.998757 0.0
vn -0.049846 -0.998757 -0.0
vn -0.099573 -0.99503 0.0
vn -0.149014 -0.988835 0.0
vn -0.099573 -0.99503 -0.0
vn -0.198215 -0.980159 0.0
vn -0.149014 -0.988835 0.0
vn -0.198215 -0.980159 0.0
vn -0.246665 -0.969101 -0.0
vn -0.246665 -0.969101 0.0
vn -0.294843 -0.955546 -0.0
vn -0.294843 -0.955546 0.0
vn -0.342038 -0.939686 -0.0
vn -0.342038 -0.939686 0.0
vn -0.388428 -0.921479 -0.0
vn -0.388428 -0.921479 0.0
vn -0.433895 -0.900964 -0.0
vn -0.433895 -0.900964 0.0
vn -0.478175 -0.878265 -0.0
vn -0.478175 -0.878265 0.0
vn -0.521368 -0.853332 0.0
vn -0.521368 -0.853332 0.0
vn -0.563428 -0.826165 -0.0
vn -0.563428 -0.826165 0.0
vn -0.603803 -0.797134 -0.0
vn -0.603803 -0.797134 0.0
vn -0.64267 -0.766143 0.0
vn -0.64267 -0.766143 0.0
vn -0.680202 -0.733024 -0.0
vn -0.680202 -0.733024 0.0
vn -0.715873 -0.698231 0.0
vn -0.715873 -0.698231 -0.0
vn -0.74987 -0.661586 0.0
vn -0.74987 -0.661586 0.0
vn -0.78168 -0.62368 -0.0
vn -0.78168 -0.62368 0.0
vn -0.811985 -0.583679 0.0
vn -0.840037 -0.54253 0.0
vn -0.811985 -0.583679 -0.0
vn -0.840037 -0.54253 0.0
vn -0.866061 -0.499937 0.0
vn -0.866061 -0.499937 -0.0
vn -0.889818 -0.456315 0.0
vn -0.889818 -0.456315 -0.0
vn -0.911503 -0.411294 0.0
vn -0.930896 -0.365283 0.0
vn -0.911503 -0.411294 -0.0
vn -0.930896 -0.365283 0.0
vn -0.947994 -0.318288 0.0
vn -0.947994 -0.318288 -0.0
vn -0.962643 -0.270774 0.0
vn -0.974871 -0.222772 0.0
vn -0.962643 -0.270774 -0.0
vn -0.974871 -0.222772 0.0
vn -0.984778 -0.173818 0.0
vn -0.984778 -0.173818 -0.0
vn -0.992296 -0.123886 0.0
vn -0.99719 -0.074913 0.0
vn -0.992296 -0.123886 -0.0
vn -0.99719 -0.074913 0.0
vn -0.999688 -0.024972 -0.0
vn -0.999688 -0.024972 0.0
vn -0.999688 0.024972 0.0
vn -0.999688 0.024972 0.0
vn -0.99719 0.074913 0.0
vn -0.99719 0.074913 0.0
vn -0.992296 0.123886 0.0
vn -0.992296 0.123886 0.0
vn -0.984778 0.173818 0.0
vn -0.984778 0.173818 0.0
vn -0.974871 0.222772 0.0
vn -0.974871 0.222772 0.0
vn -0.962643 0.270774 0.0
vn -0.962643 0.270774 0.0
vn -0.947994 0.318288 0.0
vn -0.947994 0.318288 0.0
vn -0.930896 0.365283 0.0
vn -0.930896 0.365283 0.0
vn -0.911503 0.411294 0.0
vn -0.911503 0.411294 0.0
vn -0.889818 0.456315 0.0
vn -0.889818 0.456315 0.0
vn -0.866061 0.499937 0.0
vn -0.866061 0.499937 0.0
vn -0.840037 0.54253 0.0
vn -0.840037 0.54253 0.0
vn -0.811985 0.583679 0.0
vn -0.811985 0.583679 0.0
vn -0.78168 0.62368 0.0
vn -0.78168 0.62368 0.0
vn -0.74987 0.661586 0.0
vn -0.74987 0.661586 0.0
vn -0.715873 0.698231 0.0
vn -0.715873 0.698231 0.0
vn -0.680202 0.733024 0.0
vn -0.680202 0.733024 0.0
vn -0.64267 0.766143 0.0
vn -0.64267 0.766143 0.0
vn -0.603803 0.797134 0.0
vn -0.603803 0.797134 0.0
vn -0.563428 0.826165 0.0
vn -0.563428 0.826165 0.0
vn -0.521368 0.853332 0.0
vn -0.521368 0.853332 0.0
vn -0.478175 0.878265 0.0
vn -0.433895 0.900964 0.0
vn -0.478175 0.878265 0.0
vn -0.433895 0.900964 0.0
vn -0.388428 0.921479 0.0
vn -0.388428 0.921479 0.0
vn -0.342038 0.939686 0.0
vn -0.342038 0.939686 0.0
vn -0.294843 0.955546 0.0
vn -0.294843 0.955546 0.0
vn -0.246665 0.969101 0.0
vn -0.246665 0.969101 0.0
vn -0.198215 0.980159 0.0
vn -0.198215 0.980159 0.0
vn -0.149014 0.988835 0.0
vn -0.149014 0.988835 0.0
vn -0.099573 0.99503 0.0
vn -0.099573 0.99503 0.0
vn -0.049846 0.998757 0.0
vn -0.049846 0.998757 0.0
vn -0.0 1.0 0.0
vn 0.0 1.0 0.0
vn 0.049846 0.998757 -0.0
vn 0.049846 0.998757 0.0
vn 0.099573 0.99503 0.0
vn 0.099573 0.99503 0.0
vn 0.149014 0.988835 -0.0
vn 0.149014 0.988835 0.0
vn 0.198215 0.980159 0.0
vn 0.198215 0.980159 0.0
vn 0.246665 0.969101 0.0
vn 0.294843 0.955546 -0.0
vn 0.246665 0.969101 0.0
vn 0.342038 0.939686 -0.0
vn 0.294843 0.955546 0.0
vn 0.342038 0.939686 0.0
vn 0.388428 0.921479 0.0
vn 0.388428 0.921479 0.0
vn 0.433895 0.900964 0.0
vn 0.433895 0.900964 0.0
vn 0.478175 0.878265 0.0
vn 0.478175 0.878265 0.0
vn 0.521368 0.853332 0.0
vn 0.521368 0.853332 0.0
vn 0.563428 0.826165 0.0
vn 0.563428 0.826165 0.0
vn 0.603803 0.797134 0.0
vn 0.64267 0.766143 -0.0
vn 0.603803 0.797134 0.0
vn 0.64267 0.766143 0.0
vn 0.680202 0.733024 0.0
vn 0.680202 0.733024 0.0
vn 0.715873 0.698231 0.0
vn 0.74987 0.661586 -0.0
vn 0.715873 0.698231 0.0
vn 0.78168 0.62368 -0.0
vn 0.74987 0.661586 0.0
vn 0.78168 0.62368 0.0
vn 0.811985 0.583679 0.0
vn 0.811985 0.583679 0.0
vn 0.840037 0.54253 -0.0
vn 0.840037 0.54253 0.0
vn 0.866061 0.499937 0.0
vn 0.866061 0.499937 0.0
vn 0.889818 0.456315 0.0
vn 0.889818 0.456315 0.0
vn 0.911503 0.411294 -0.0
vn 0.911503 0.411294 0.0
vn 0.930896 0.365283 0.0
vn 0.930896 0.365283 0.0
vn 0.947994 0.318288 0.0
vn 0.947994 0.318288 0.0
vn 0.962643 0.270774 0.0
vn 0.974871 0.222772 -0.0
vn 0.962643 0.270774 0.0
vn 0.974871 0.222772 0.0
vn 0.984778 0.173818 0.0
vn 0.984778 0.173818 0.0
vn 0.992296 0.123886 0.0
vn 0.992296 0.123886 0.0
vn 0.99719 0.074913 0.0
vn 0.99719 0.074913 0.0
vn 0.999688 0.024972 0.0
vn 0.999688 0.024972 0.0
vn 0.0 0.0 1.0
vn -0.0 0.0 1.0
vn -0.0 0.0 1.0
vn 0.0 0.0 1.0
vn -0.0 0.0 1.0
vn -0.0 0.0 1.0
vn -0.0 0.0 1.0
vn -0.0 0.0 1.0
vn 0.0 0.0 1.0
vn 0.0 0.0 1.0
vn 0.0 0.0 1.0
vn 0.0 0.0 1.0
vn -0.0 0.0 1.0
vn -0.0 0.0 1.0
vn -0.0 0.0 1.0
vn -0.0 0.0 1.0
vn -0.0 0.0 1.0
vn 0.0 0.0 1.0
vn 0.0 0.0 1.0
vn 0.0 0.0 1.0
vn -0.0 0.0 1.0
vn 0.0 0.0 1.0
vn -0.0 0.0 1.0
vn 0.0 0.0 1.0
vn -0.0 0.0 1.0
vn -0.0 0.0 1.0
vn -0.0 -0.0 1.0
vn 0.0 0.0 1.0
vn 0.0 0.0 1.0
vn 0.0 0.0 1.0
vn 0.0 0.0 1.0
vn 0.0 0.0 1.0
vn 0.0 0.0 1.0
vn -0.0 0.0 1.0
vn -0.0 -0.0 1.0
vn -0.0 -0.0 1.0
vn -0.0 0.0 1.0
vn -0.0 0.0 1.0
vn -0.0 0.0 1.0
vn -0.0 -0.0 1.0
vn 0.0 0.0 1.0
vn 0.0 0.0 1.0
vn 0.0 0.0 1.0
vn -0.0 -0.0 1.0
vn 0.0 0.0 1.0
vn -0.0 0.0 1.0
vn 0.0 0.0 1.0
vn -0.0 -0.0 1.0
vn -0.0 -0.0 1.0
vn 0.0 0.0 1.0
vn 0.0 0.0 1.0
vn 0.0 0.0 1.0
vn -0.0 -0.0 1.0
vn -0.0 -0.0 1.0
vn 0.0 0.0 1.0
vn 0.0 0.0 1.0
vn -0.0 -0.0 1.0
vn -0.0 -0.0 1.0
vn -0.0 -0.0 1.0
vn 0.0 0.0 1.0
vn 0.0 0.0 1.0
vn -0.0 -0.0 1.0
vn 0.0 0.0 1.0
vn 0.0 0.0 1.0
vn -0.0 -0.0 1.0
vn 0.0 0.0 1.0
vn -0.0 -0.0 1.0
vn -0.0 -0.0 1.0
vn -0.0 -0.0 1.0
vn -0.0 -0.0 1.0
vn 0.0 0.0 1.0
vn 0.0 0.0 1.0
vn 0.0 0.0 1.0
vn 0.0 0.0 1.0
vn -0.0 -0.0 1.0
vn 0.0 0.0 1.0
vn -0.0 -0.0 1.0
vn 0.0 0.0 1.0
vn 0.0 0.0 1.0
vn -0.0 -0.0 1.0
vn -0.0 -0.0 1.0
vn 0.0 0.0 1.0
vn 0.0 0.0 1.0
vn -0.0 -0.0 1.0
vn -0.0 -0.0 1.0
vn -0.0 -0.0 1.0
vn -0.0 -0.0 1.0
vn -0.0 -0.0 1.0
vn 0.0 0.0 1.0
vn 0.0 0.0 1.0
vn 0.0 0.0 1.0
vn 0.0 0.0 1.0
vn 0.0 0.0 1.0
vn 0.0 -0.0 1.0
vn 0.0 -0.0 1.0
vn 0.0 0.0 1.0
vn 0.0 -0.0 1.0
vn 0.0 -0.0 1.0
vn 0.0 -0.0 1.0
vn 0.0 -0.0 1.0
vn 0.0 0.0 1.0
vn 0.0 0.0 1.0
vn 0.0 0.0 1.0
vn 0.0 -0.0 1.0
vn 0.0 0.0 1.0
vn 0.0 0.0 1.0
vn 0.0 -0.0 1.0
vn 0.0 -0.0 1.0
vn 0.0 0.0 1.0
vn 0.0 0.0 1.0
vn 0.0 0.0 1.0
vn 0.0 -0.0 1.0
vn 0.0 -0.0 1.0
vn 0.0 -0.0 1.0
vn 0.0 0.0 1.0
vn 0.0 0.0 1.0
vn 0.0 0.0 1.0
vn 0.0 -0.0 1.0
vn -0.0 0.0 1.0
vn 0.0 0.0 1.0
vn 0.0 -0.0 1.0
vn 0.0 -0.0 1.0
vn 0.0 -0.0 1.0
vn 0.0 0.0 1.0
vn 0.0 0.0 -1.0
vn 0.0 0.0 -1.0
vn 0.0 0.0 -1.0
vn 0.0 0.0 -1.0
vn 0.0 0.0 -1.0
vn 0.0 0.0 -1.0
vn 0.0 0.0 -1.0
vn 0.0 0.0 -1.0
vn 0.0 0.0 -1.0
vn 0.0 0.0 -1.0
vn 0.0 0.0 -1.0
vn 0.0 0.0 -1.0
vn 0.0 0.0 -1.0
vn 0.0 0.0 -1.0
vn 0.0 0.0 -1.0
vn 0.0 0.0 -1.0
vn 0.0 0.0 -1.0
vn 0.0 0.0 -1.0
vn 0.0 0.0 -1.0
vn 0.0 0.0 -1.0
vn 0.0 0.0 -1.0
vn 0.0 0.0 -1.0
vn 0.0 0.0 -1.0
vn 0.0 0.0 -1.0
vn 0.0 0.0 -1.0
vn 0.0 0.0 -1.0
vn 0.0 0.0 -1.0
vn 0.0 0.0 -1.0
vn 0.0 0.0 -1.0
vn -0.0 0.0 -1.0
vn 0.0 0.0 -1.0
vn 0.0 0.0 -1.0
vn 0.0 0.0 -1.0
vn 0.0 0.0 -1.0
vn 0.0 0.0 -1.0
vn 0.0 0.0 -1.0
vn 0.0 0.0 -1.0
vn 0.0 0.0 -1.0
vn 0.0 0.0 -1.0
vn 0.0 0.0 -1.0
vn 0.0 0.0 -1.0
vn 0.0 0.0 -1.0
vn 0.0 0.0 -1.0
vn 0.0 0.0 -1.0
vn 0.0 0.0 -1.0
vn 0.0 0.0 -1.0
vn 0.0 0.0 -1.0
vn 0.0 0.0 -1.0
vn 0.0 0.0 -1.0
vn 0.0 0.0 -1.0
vn 0.0 0.0 -1.0
vn 0.0 0.0 -1.0
vn 0.0 0.0 -1.0
vn 0.0 0.0 -1.0
vn 0.0 0.0 -1.0
vn 0.0 0.0 -1.0
vn 0.0 0.0 -1.0
vn 0.0 0.0 -1.0
vn 0.0 0.0 -1.0
vn 0.0 0.0 -1.0
vn 0.0 0.0 -1.0
vn 0.0 0.0 -1.0
vn 0.0 0.0 -1.0
vn 0.0 0.0 -1.0
vn 0.0 0.0 -1.0
vn 0.0 0.0 -1.0
vn 0.0 0.0 -1.0
vn 0.0 0.0 -1.0
vn 0.0 0.0 -1.0
vn 0.0 0.0 -1.0
vn 0.0 0.0 -1.0
vn 0.0 0.0 -1.0
vn 0.0 0.0 -1.0
vn 0.0 0.0 -1.0
vn 0.0 0.0 -1.0
vn 0.0 0.0 -1.0
vn 0.0 0.0 -1.0
vn 0.0 0.0 -1.0
vn 0.0 0.0 -1.0
vn 0.0 0.0 -1.0
vn 0.0 0.0 -1.0
vn 0.0 0.0 -1.0
vn 0.0 0.0 -1.0
vn 0.0 0.0 -1.0
vn 0.0 0.0 -1.0
vn 0.0 0.0 -1.0
vn 0.0 0.0 -1.0
vn 0.0 0.0 -1.0
vn 0.0 0.0 -1.0
vn -0.0 0.0 -1.0
vn 0.0 0.0 -1.0
vn 0.0 0.0 -1.0
vn 0.0 0.0 -1.0
vn 0.0 0.0 -1.0
vn 0.0 0.0 -1.0
vn 0.0 0.0 -1.0
vn 0.0 0.0 -1.0
vn 0.0 0.0 -1.0
vn 0.0 0.0 -1.0
vn 0.0 0.0 -1.0
vn 0.0 0.0 -1.0
vn 0.0 0.0 -1.0
vn 0.0 0.0 -1.0
vn 0.0 0.0 -1.0
vn 0.0 0.0 -1.0
vn 0.0 0.0 -1.0
vn 0.0 0.0 -1.0
vn 0.0 0.0 -1.0
vn 0.0 0.0 -1.0
vn 0.0 0.0 -1.0
vn 0.0 0.0 -1.0
vn 0.0 0.0 -1.0
vn 0.0 0.0 -1.0
vn 0.0 0.0 -1.0
vn 0.0 0.0 -1.0
vn 0.0 0.0 -1.0
vn 0.0 0.0 -1.0
vn -0.0 0.0 -1.0
vn 0.0 0.0 -1.0
vn 0.0 0.0 -1.0
vn 0.0 0.0 -1.0
vn 0.0 0.0 -1.0
vn 0.0 0.0 -1.0
vn 0.0 0.0 -1.0
f 2017//4001 2018//4001 2019//4001 
f 2019//4002 2018//4002 2020//4002 
f 2020//4003 2021//4003 2022//4003 
f 2018//4004 2021//4004 2020//4004 
f 2022//4005 2023//4005 2024//4005 
f 2024//4006 2023//4006 2025//4006 
f 2021//4007 2023//4007 2022//4007 
f 2025//4008 2026//4008 2027//4008 
f 2023//4009 2026//4009 2025//4009 
f 2026//4010 2028//4010 2027//4010 
f 2027//4011 2029//4011 2030//4011 
f 2030//4012 2029//4012 2031//4012 
f 2028//4013 2029//4013 2027//4013 
f 2031//4014 2032//4014 2033//4014 
f 2029//4015 2032//4015 2031//4015 
f 2032//4016 2034//4016 2033//4016 
f 2033//4017 2035//4017 2036//4017 
f 2034//4018 2035//4018 2033//4018 
f 2036//4019 2037//4019 2038//4019 
f 2035//4020 2037//4020 2036//4020 
f 2037//4021 2039//4021 2038//4021 
f 2038//4022 2039//4022 2040//4022 
f 2039//4023 2041//4023 2040//4023 
f 2040//4024 2041//4024 2042//4024 
f 2042//4025 2041//4025 2043//4025 
f 2041//4026 2044//4026 2043//4026 
f 2044//4027 2045//4027 2043//4027 
f 2043//4028 2045//4028 2046//4028 
f 2046//4029 2047//4029 2048//4029 
f 2045//4030 2047//4030 2046//4030 
f 2048//4031 2049//4031 2050//4031 
f 2047//4032 2049//4032 2048//4032 
f 2050//4033 2051//4033 2052//4033 
f 2052//4034 2051//4034 2053//4034 
f 2049//4035 2051//4035 2050//4035 
f 2051//4036 2054//4036 2053//4036 
f 2054//4037 2055//4037 2053//4037 
f 2053//4038 2055//4038 2056//4038 
f 2056//4039 2055//4039 2057//4039 
f 2055//4040 2058//4040 2057//4040 
f 2057//4041 2059//4041 2060//4041 
f 2060//4042 2059//4042 2061//4042 
f 2058//4043 2059//4043 2057//4043 
f 2061//4044 2062//4044 2063//4044 
f 2059//4045 2062//4045 2061//4045 
f 2062//4046 2064//4046 2063//4046 
f 2063//4047 2065//4047 2066//4047 
f 2066//4048 2065//4048 2067//4048 
f 2064//4049 2065//4049 2063//4049 
f 2065//4050 2068//4050 2067//4050 
f 2067//4051 2069//4051 2070//4051 
f 2068//4052 2069//4052 2067//4052 
f 2070//4053 2071//4053 2072//4053 
f 2069//4054 2071//4054 2070//4054 
f 2072//4055 2073//4055 2074//4055 
f 2074//4056 2073//4056 2075//4056 
f 2071//4057 2073//4057 2072//4057 
f 2073//4058 2076//4058 2075//4058 
f 2075//4059 2077//4059 2078//4059 
f 2076//4060 2077//4060 2075//4060 
f 2078//4061 2079//4061 2080//4061 
f 2077//4062 2079//4062 2078//4062 
f 2080//4063 2081//4063 2082//4063 
f 2079//4064 2081//4064 2080//4064 
f 2082//4065 2083//4065 2084//4065 
f 2081//4066 2083//4066 2082//4066 
f 2084//4067 2085//4067 2086//4067 
f 2086//4068 2085//4068 2087//4068 
f 2083//4069 2085//4069 2084//4069 
f 2087//4070 2088//4070 2089//4070 
f 2085//4071 2088//4071 2087//4071 
f 2088//4072 2090//4072 2089//4072 
f 2090//4073 2091//4073 2089//4073 
f 2089//4074 2091//4074 2092//4074 
f 2091//4075 2093//4075 2092//4075 
f 2092//4076 2093//4076 2094//4076 
f 2093//4077 2095//4077 2094//4077 
f 2094//4078 2095//4078 2096//4078 
f 2095//4079 2097//4079 2096//4079 
f 2096//4080 2097//4080 2098//4080 
f 2097//4081 2099//4081 2098//4081 
f 2098//4082 2099//4082 2100//4082 
f 2099//4083 2101//4083 2100//4083 
f 2100//4084 2101//4084 2102//4084 
f 2102//4085 2101//4085 2103//4085 
f 2101//4086 2104//4086 2103//4086 
f 2104//4087 2105//4087 2103//4087 
f 2103//4088 2105//4088 2106//4088 
f 2105//4089 2107//4089 2106//4089 
f 2106//4090 2107//4090 2108//4090 
f 2108//4091 2107//4091 2109//4091 
f 2107//4092 2110//4092 2109//4092 
f 2110//4093 2111//4093 2109//4093 
f 2109//4094 2111//4094 2112//4094 
f 2112//4095 2113//4095 2114//4095 
f 2111//4096 2113//4096 2112//4096 
f 2114//4097 2113//4097 2115//4097 
f 2113//4098 2116//4098 2115//4098 
f 2116//4099 2117//4099 2115//4099 
f 2115//4100 2117//4100 2118//4100 
f 2118//4101 2119//4101 2120//4101 
f 2120//4102 2119//4102 2121//4102 
f 2117//4103 2119//4103 2118//4103 
f 2119//4104 2122//4104 2121//4104 
f 2121//4105 2123//4105 2124//4105 
f 2122//4106 2123//4106 2121//4106 
f 2124//4107 2125//4107 2126//4107 
f 2123//4108 2125//4108 2124//4108 
f 2126//4109 2127//4109 2128//4109 
f 2128//4110 2127//4110 2129//4110 
f 2125//4111 2127//4111 2126//4111 
f 2127//4112 2130//4112 2129//4112 
f 2129//4113 2131//4113 2132//4113 
f 2130//4114 2131//4114 2129//4114 
f 2132//4115 2133//4115 2134//4115 
f 2134//4116 2133//4116 2135//4116 
f 2131//4117 2133//4117 2132//4117 
f 2133//4118 2136//4118 2135//4118 
f 2135//4119 2137//4119 2138//4119 
f 2136//4120 2137//4120 2135//4120 
f 2138//4121 2139//4121 2140//4121 
f 2140//4122 2139//4122 2141//4122 
f 2137//4123 2139//4123 2138//4123 
f 2139//4124 2142//4124 2141//4124 
f 2142//4125 2143//4125 2141//4125 
f 2141//4126 2143//4126 2144//4126 
f 2143//4127 2145//4127 2144//4127 
f 2144//4128 2145//4128 2146//4128 
f 2146//4129 2145//4129 2147//4129 
f 2145//4130 2148//4130 2147//4130 
f 2148//4131 2149//4131 2147//4131 
f 2147//4132 2149//4132 2150//4132 
f 2150//4133 2149//4133 2151//4133 
f 2149//4134 2152//4134 2151//4134 
f 2152//4135 2153//4135 2151//4135 
f 2151//4136 2153//4136 2154//4136 
f 2154//4137 2153//4137 2155//4137 
f 2153//4138 2156//4138 2155//4138 
f 2156//4139 2157//4139 2155//4139 
f 2155//4140 2157//4140 2158//4140 
f 2157//4141 2159//4141 2158//4141 
f 2158//4142 2159//4142 2160//4142 
f 2159//4143 2161//4143 2160//4143 
f 2160//4144 2161//4144 2162//4144 
f 2161//4145 2163//4145 2162//4145 
f 2162//4146 2163//4146 2164//4146 
f 2163//4147 2165//4147 2164//4147 
f 2164//4148 2165//4148 2166//4148 
f 2166//4149 2165//4149 2167//4149 
f 2165//4150 2168//4150 2167//4150 
f 2168//4151 2169//4151 2167//4151 
f 2167//4152 2169//4152 2170//4152 
f 2169//4153 2171//4153 2170//4153 
f 2170//4154 2171//4154 2172//4154 
f 2172//4155 2171//4155 2173//4155 
f 2171//4156 2174//4156 2173//4156 
f 2174//4157 2175//4157 2173//4157 
f 2173//4158 2175//4158 2176//4158 
f 2175//4159 2177//4159 2176//4159 
f 2176//4160 2177//4160 2178//4160 
f 2178//4161 2177//4161 2179//4161 
f 2177//4162 2180//4162 2179//4162 
f 2180//4163 2181//4163 2179//4163 
f 2179//4164 2181//4164 2182//4164 
f 2182//4165 2183//4165 2184//4165 
f 2181//4166 2183//4166 2182//4166 
f 2184//4167 2183//4167 2185//4167 
f 2183//4168 2186//4168 2185//4168 
f 2185//4169 2187//4169 2188//4169 
f 2188//4170 2187//4170 2189//4170 
f 2186//4171 2187//4171 2185//4171 
f 2187//4172 2190//4172 2189//4172 
f 2189//4173 2191//4173 2192//4173 
f 2190//4174 2191//4174 2189//4174 
f 2191//4175 2193//4175 2192//4175 
f 2192//4176 2193//4176 2194//4176 
f 2193//4177 2195//4177 2194//4177 
f 2194//4178 2195//4178 2196//4178 
f 2195//4179 2197//4179 2196//4179 
f 2196//4180 2197//4180 2198//4180 
f 2197//4181 2199//4181 2198//4181 
f 2198//4182 2199//4182 2200//4182 
f 2200//4183 2199//4183 2201//4183 
f 2199//4184 2202//4184 2201//4184 
f 2202//4185 2203//4185 2201//4185 
f 2201//4186 2203//4186 2204//4186 
f 2203//4187 2205//4187 2204//4187 
f 2204//4188 2205//4188 2206//4188 
f 2205//4189 2207//4189 2206//4189 
f 2206//4190 2207//4190 2208//4190 
f 2208//4191 2207//4191 2209//4191 
f 2207//4192 2210//4192 2209//4192 
f 2210//4193 2211//4193 2209//4193 
f 2209//4194 2211//4194 2212//4194 
f 2212//4195 2211//4195 2213//4195 
f 2211//4196 2214//4196 2213//4196 
f 2214//4197 2215//4197 2213//4197 
f 2213//4198 2215//4198 2216//4198 
f 2216//4199 2217//4199 2218//4199 
f 2218//4200 2217//4200 2219//4200 
f 2215//4201 2217//4201 2216//4201 
f 2219//4202 2220//4202 2221//4202 
f 2217//4203 2220//4203 2219//4203 
f 2220//4204 2222//4204 2221//4204 
f 2221//4205 2223//4205 2224//4205 
f 2222//4206 2223//4206 2221//4206 
f 2224//4207 2225//4207 2226//4207 
f 2223//4208 2225//4208 2224//4208 
f 2226//4209 2227//4209 2228//4209 
f 2225//4210 2227//4210 2226//4210 
f 2228//4211 2229//4211 2230//4211 
f 2227//4212 2229//4212 2228//4212 
f 2230//4213 2231//4213 2232//4213 
f 2229//4214 2231//4214 2230//4214 
f 2232//4215 2233//4215 2234//4215 
f 2234//4216 2233//4216 2235//4216 
f 2231//4217 2233//4217 2232//4217 
f 2233//4218 2236//4218 2235//4218 
f 2235//4219 2237//4219 2238//4219 
f 2236//4220 2237//4220 2235//4220 
f 2238//4221 2239//4221 2240//4221 
f 2240//4222 2239//4222 2241//4222 
f 2237//4223 2239//4223 2238//4223 
f 2241//4224 2242//4224 2243//4224 
f 2239//4225 2242//4225 2241//4225 
f 2242//4226 2244//4226 2243//4226 
f 2244//4227 2245//4227 2243//4227 
f 2243//4228 2245//4228 2246//4228 
f 2246//4229 2245//4229 2247//4229 
f 2245//4230 2248//4230 2247//4230 
f 2247//4231 2249//4231 2250//4231 
f 2248//4232 2249//4232 2247//4232 
f 2250//4233 2251//4233 2252//4233 
f 2249//4234 2251//4234 2250//4234 
f 2252//4235 2251//4235 2253//4235 
f 2251//4236 2254//4236 2253//4236 
f 2253//4237 2255//4237 2256//4237 
f 2254//4238 2255//4238 2253//4238 
f 2256//4239 2257//4239 2258//4239 
f 2255//4240 2257//4240 2256//4240 
f 2258//4241 2259//4241 2260//4241 
f 2260//4242 2259//4242 2261//4242 
f 2257//4243 2259//4243 2258//4243 
f 2259//4244 2262//4244 2261//4244 
f 2261//4245 2263//4245 2264//4245 
f 2262//4246 2263//4246 2261//4246 
f 2264//4247 2265//4247 2266//4247 
f 2263//4248 2265//4248 2264//4248 
f 2266//4249 2267//4249 2268//4249 
f 2265//4250 2267//4250 2266//4250 
f 2268//4251 2017//4251 2019//4251 
f 2267//4252 2017//4252 2268//4252 
f 2175//4253 2180//4253 2177//4253 
f 2171//4254 2169//4254 2174//4254 
f 2174//4255 2169//4255 2175//4255 
f 2180//4256 2183//4256 2181//4256 
f 2169//4257 2165//4257 2175//4257 
f 2168//4258 2165//4258 2169//4258 
f 2183//4259 2187//4259 2186//4259 
f 2163//4260 2161//4260 2165//4260 
f 2183//4261 2191//4261 2187//4261 
f 2187//4262 2191//4262 2190//4262 
f 2183//4263 2193//4263 2191//4263 
f 2175//4264 2153//4264 2180//4264 
f 2165//4265 2153//4265 2175//4265 
f 2161//4266 2153//4266 2165//4266 
f 2156//4267 2153//4267 2157//4267 
f 2157//4268 2153//4268 2159//4268 
f 2159//4269 2153//4269 2161//4269 
f 2193//4270 2199//4270 2195//4270 
f 2195//4271 2199//4271 2197//4271 
f 2199//4272 2203//4272 2202//4272 
f 2148//4273 2145//4273 2149//4273 
f 2149//4274 2143//4274 2152//4274 
f 2152//4275 2143//4275 2153//4275 
f 2145//4276 2143//4276 2149//4276 
f 2143//4277 2142//4277 2153//4277 
f 2193//4278 2214//4278 2199//4278 
f 2180//4279 2214//4279 2183//4279 
f 2183//4280 2214//4280 2193//4280 
f 2153//4281 2214//4281 2180//4281 
f 2199//4282 2214//4282 2203//4282 
f 2203//4283 2214//4283 2205//4283 
f 2205//4284 2214//4284 2207//4284 
f 2207//4285 2214//4285 2210//4285 
f 2210//4286 2214//4286 2211//4286 
f 2137//4287 2136//4287 2139//4287 
f 2139//4288 2136//4288 2142//4288 
f 2136//4289 2133//4289 2142//4289 
f 2215//4290 2220//4290 2217//4290 
f 2133//4291 2130//4291 2142//4291 
f 2131//4292 2130//4292 2133//4292 
f 2153//4293 2130//4293 2214//4293 
f 2142//4294 2130//4294 2153//4294 
f 2214//4295 2130//4295 2215//4295 
f 2220//4296 2223//4296 2222//4296 
f 2215//4297 2223//4297 2220//4297 
f 2127//4298 2125//4298 2130//4298 
f 2223//4299 2227//4299 2225//4299 
f 2215//4300 2229//4300 2223//4300 
f 2223//4301 2229//4301 2227//4301 
f 2122//4302 2119//4302 2123//4302 
f 2123//4303 2119//4303 2125//4303 
f 2119//4304 2117//4304 2125//4304 
f 2229//4305 2236//4305 2231//4305 
f 2231//4306 2236//4306 2233//4306 
f 2215//4307 2236//4307 2229//4307 
f 2130//4308 2236//4308 2215//4308 
f 2113//4309 2111//4309 2116//4309 
f 2236//4310 2242//4310 2237//4310 
f 2237//4311 2242//4311 2239//4311 
f 2125//4312 2107//4312 2130//4312 
f 2117//4313 2107//4313 2125//4313 
f 2110//4314 2107//4314 2111//4314 
f 2116//4315 2107//4315 2117//4315 
f 2111//4316 2107//4316 2116//4316 
f 2242//4317 2248//4317 2244//4317 
f 2244//4318 2248//4318 2245//4318 
f 2236//4319 2248//4319 2242//4319 
f 2104//4320 2101//4320 2105//4320 
f 2105//4321 2101//4321 2107//4321 
f 2248//4322 2251//4322 2249//4322 
f 2236//4323 2251//4323 2248//4323 
f 2099//4324 2097//4324 2101//4324 
f 2101//4325 2097//4325 2107//4325 
f 2251//4326 2255//4326 2254//4326 
f 2236//4327 2255//4327 2251//4327 
f 2093//4328 2091//4328 2095//4328 
f 2095//4329 2091//4329 2097//4329 
f 2107//4330 2090//4330 2130//4330 
f 2097//4331 2090//4331 2107//4331 
f 2091//4332 2090//4332 2097//4332 
f 2255//4333 2263//4333 2257//4333 
f 2257//4334 2263//4334 2259//4334 
f 2259//4335 2263//4335 2262//4335 
f 2085//4336 2083//4336 2088//4336 
f 2088//4337 2083//4337 2090//4337 
f 2263//4338 2267//4338 2265//4338 
f 2263//4339 2017//4339 2267//4339 
f 2083//4340 2079//4340 2090//4340 
f 2081//4341 2079//4341 2083//4341 
f 2255//4342 2018//4342 2263//4342 
f 2263//4343 2018//4343 2017//4343 
f 2079//4344 2018//4344 2090//4344 
f 2130//4345 2018//4345 2236//4345 
f 2236//4346 2018//4346 2255//4346 
f 2090//4347 2018//4347 2130//4347 
f 2018//4348 2023//4348 2021//4348 
f 2079//4349 2073//4349 2018//4349 
f 2076//4350 2073//4350 2077//4350 
f 2077//4351 2073//4351 2079//4351 
f 2023//4352 2028//4352 2026//4352 
f 2018//4353 2028//4353 2023//4353 
f 2069//4354 2068//4354 2071//4354 
f 2071//4355 2068//4355 2073//4355 
f 2028//4356 2034//4356 2029//4356 
f 2029//4357 2034//4357 2032//4357 
f 2064//4358 2062//4358 2065//4358 
f 2065//4359 2062//4359 2068//4359 
f 2034//4360 2037//4360 2035//4360 
f 2068//4361 2059//4361 2073//4361 
f 2062//4362 2059//4362 2068//4362 
f 2028//4363 2039//4363 2034//4363 
f 2034//4364 2039//4364 2037//4364 
f 2059//4365 2058//4365 2073//4365 
f 2028//4366 2041//4366 2039//4366 
f 2073//4367 2055//4367 2018//4367 
f 2058//4368 2055//4368 2073//4368 
f 2041//4369 2045//4369 2044//4369 
f 2028//4370 2045//4370 2041//4370 
f 2045//4371 2049//4371 2047//4371 
f 2051//4372 2049//4372 2054//4372 
f 2054//4373 2049//4373 2055//4373 
f 2018//4374 2049//4374 2028//4374 
f 2055//4375 2049//4375 2018//4375 
f 2028//4376 2049//4376 2045//4376 
f 2179//4377 2176//4377 2178//4377 
f 2170//4378 2172//4378 2173//4378 
f 2170//4379 2173//4379 2176//4379 
f 2184//4380 2179//4380 2182//4380 
f 2166//4381 2170//4381 2176//4381 
f 2166//4382 2167//4382 2170//4382 
f 2188//4383 2184//4383 2185//4383 
f 2162//4384 2164//4384 2166//4384 
f 2192//4385 2184//4385 2188//4385 
f 2192//4386 2188//4386 2189//4386 
f 2194//4387 2184//4387 2192//4387 
f 2154//4388 2176//4388 2179//4388 
f 2154//4389 2166//4389 2176//4389 
f 2154//4390 2162//4390 2166//4390 
f 2154//4391 2155//4391 2158//4391 
f 2154//4392 2158//4392 2160//4392 
f 2154//4393 2160//4393 2162//4393 
f 2200//4394 2194//4394 2196//4394 
f 2200//4395 2196//4395 2198//4395 
f 2204//4396 2200//4396 2201//4396 
f 2146//4397 2147//4397 2150//4397 
f 2144//4398 2150//4398 2151//4398 
f 2144//4399 2151//4399 2154//4399 
f 2144//4400 2146//4400 2150//4400 
f 2141//4401 2144//4401 2154//4401 
f 2213//4402 2194//4402 2200//4402 
f 2213//4403 2179//4403 2184//4403 
f 2213//4404 2184//4404 2194//4404 
f 2213//4405 2154//4405 2179//4405 
f 2213//4406 2200//4406 2204//4406 
f 2213//4407 2204//4407 2206//4407 
f 2213//4408 2206//4408 2208//4408 
f 2213//4409 2208//4409 2209//4409 
f 2213//4410 2209//4410 2212//4410 
f 2135//4411 2138//4411 2140//4411 
f 2135//4412 2140//4412 2141//4412 
f 2134//4413 2135//4413 2141//4413 
f 2219//4414 2216//4414 2218//4414 
f 2129//4415 2134//4415 2141//4415 
f 2129//4416 2132//4416 2134//4416 
f 2129//4417 2154//4417 2213//4417 
f 2129//4418 2141//4418 2154//4418 
f 2129//4419 2213//4419 2216//4419 
f 2224//4420 2219//4420 2221//4420 
f 2224//4421 2216//4421 2219//4421 
f 2126//4422 2128//4422 2129//4422 
f 2228//4423 2224//4423 2226//4423 
f 2230//4424 2216//4424 2224//4424 
f 2230//4425 2224//4425 2228//4425 
f 2120//4426 2121//4426 2124//4426 
f 2120//4427 2124//4427 2126//4427 
f 2118//4428 2120//4428 2126//4428 
f 2235//4429 2230//4429 2232//4429 
f 2235//4430 2232//4430 2234//4430 
f 2235//4431 2216//4431 2230//4431 
f 2235//4432 2129//4432 2216//4432 
f 2112//4433 2114//4433 2115//4433 
f 2241//4434 2235//4434 2238//4434 
f 2241//4435 2238//4435 2240//4435 
f 2108//4436 2126//4436 2129//4436 
f 2108//4437 2118//4437 2126//4437 
f 2108//4438 2109//4438 2112//4438 
f 2108//4439 2115//4439 2118//4439 
f 2108//4440 2112//4440 2115//4440 
f 2247//4441 2241//4441 2243//4441 
f 2247//4442 2243//4442 2246//4442 
f 2247//4443 2235//4443 2241//4443 
f 2102//4444 2103//4444 2106//4444 
f 2102//4445 2106//4445 2108//4445 
f 2252//4446 2247//4446 2250//4446 
f 2252//4447 2235//4447 2247//4447 
f 2098//4448 2100//4448 2102//4448 
f 2098//4449 2102//4449 2108//4449 
f 2256//4450 2252//4450 2253//4450 
f 2256//4451 2235//4451 2252//4451 
f 2092//4452 2094//4452 2096//4452 
f 2092//4453 2096//4453 2098//4453 
f 2089//4454 2108//4454 2129//4454 
f 2089//4455 2098//4455 2108//4455 
f 2089//4456 2092//4456 2098//4456 
f 2264//4457 2256//4457 2258//4457 
f 2264//4458 2258//4458 2260//4458 
f 2264//4459 2260//4459 2261//4459 
f 2084//4460 2086//4460 2087//4460 
f 2084//4461 2087//4461 2089//4461 
f 2268//4462 2264//4462 2266//4462 
f 2019//4463 2264//4463 2268//4463 
f 2080//4464 2084//4464 2089//4464 
f 2080//4465 2082//4465 2084//4465 
f 2020//4466 2256//4466 2264//4466 
f 2020//4467 2264//4467 2019//4467 
f 2020//4468 2080//4468 2089//4468 
f 2020//4469 2129//4469 2235//4469 
f 2020//4470 2235//4470 2256//4470 
f 2020//4471 2089//4471 2129//4471 
f 2024//4472 2020//4472 2022//4472 
f 2074//4473 2080//4473 2020//4473 
f 2074//4474 2075//4474 2078//4474 
f 2074//4475 2078//4475 2080//4475 
f 2027//4476 2024//4476 2025//4476 
f 2027//4477 2020//4477 2024//4477 
f 2067//4478 2070//4478 2072//4478 
f 2067//4479 2072//4479 2074//4479 
f 2033//4480 2027//4480 2030//4480 
f 2033//4481 2030//4481 2031//4481 
f 2061//4482 2063//4482 2066//4482 
f 2061//4483 2066//4483 2067//4483 
f 2038//4484 2033//4484 2036//4484 
f 2060//4485 2067//4485 2074//4485 
f 2060//4486 2061//4486 2067//4486 
f 2040//4487 2027//4487 2033//4487 
f 2040//4488 2033//4488 2038//4488 
f 2057//4489 2060//4489 2074//4489 
f 2042//4490 2027//4490 2040//4490 
f 2056//4491 2074//4491 2020//4491 
f 2056//4492 2057//4492 2074//4492 
f 2046//4493 2042//4493 2043//4493 
f 2046//4494 2027//4494 2042//4494 
f 2050//4495 2046//4495 2048//4495 
f 2050//4496 2052//4496 2053//4496 
f 2050//4497 2053//4497 2056//4497 
f 2050//4498 2020//4498 2027//4498 
f 2050//4499 2056//4499 2020//4499 
f 2050//4500 2027//4500 2046//4500 
f 2269//4501 2270//4501 2271//4501 
f 2271//4502 2270//4502 2272//4502 
f 2272//4503 2273//4503 2274//4503 
f 2270//4504 2273//4504 2272//4504 
f 2274//4505 2275//4505 2276//4505 
f 2276//4506 2275//4506 2277//4506 
f 2273//4507 2275//4507 2274//4507 
f 2277//4508 2278//4508 2279//4508 
f 2275//4509 2278//4509 2277//4509 
f 2278//4510 2280//4510 2279//4510 
f 2279//4511 2281//4511 2282//4511 
f 2282//4512 2281//4512 2283//4512 
f 2280//4513 2281//4513 2279//4513 
f 2283//4514 2284//4514 2285//4514 
f 2281//4515 2284//4515 2283//4515 
f 2284//4516 2286//4516 2285//4516 
f 2285//4517 2287//4517 2288//4517 
f 2286//4518 2287//4518 2285//4518 
f 2288//4519 2289//4519 2290//4519 
f 2287//4520 2289//4520 2288//4520 
f 2289//4521 2291//4521 2290//4521 
f 2290//4522 2291//4522 2292//4522 
f 2291//4523 2293//4523 2292//4523 
f 2292//4524 2293//4524 2294//4524 
f 2294//4525 2293//4525 2295//4525 
f 2293//4526 2296//4526 2295//4526 
f 2296//4527 2297//4527 2295//4527 
f 2295//4528 2297//4528 2298//4528 
f 2298//4529 2299//4529 2300//4529 
f 2297//4530 2299//4530 2298//4530 
f 2300//4531 2301//4531 2302//4531 
f 2299//4532 2301//4532 2300//4532 
f 2302//4533 2303//4533 2304//4533 
f 2304//4534 2303//4534 2305//4534 
f 2301//4535 2303//4535 2302//4535 
f 2303//4536 2306//4536 2305//4536 
f 2306//4537 2307//4537 2305//4537 
f 2305//4538 2307//4538 2308//4538 
f 2308//4539 2307//4539 2309//4539 
f 2307//4540 2310//4540 2309//4540 
f 2309//4541 2311//4541 2312//4541 
f 2312//4542 2311//4542 2313//4542 
f 2310//4543 2311//4543 2309//4543 
f 2313//4544 2314//4544 2315//4544 
f 2311//4545 2314//4545 2313//4545 
f 2314//4546 2316//4546 2315//4546 
f 2315//4547 2317//4547 2318//4547 
f 2318//4548 2317//4548 2319//4548 
f 2316//4549 2317//4549 2315//4549 
f 2317//4550 2320//4550 2319//4550 
f 2319//4551 2321//4551 2322//4551 
f 2320//4552 2321//4552 2319//4552 
f 2322//4553 2323//4553 2324//4553 
f 2321//4554 2323//4554 2322//4554 
f 2324//4555 2325//4555 2326//4555 
f 2326//4556 2325//4556 2327//4556 
f 2323//4557 2325//4557 2324//4557 
f 2325//4558 2328//4558 2327//4558 
f 2327//4559 2329//4559 2330//4559 
f 2328//4560 2329//4560 2327//4560 
f 2330//4561 2331//4561 2332//4561 
f 2329//4562 2331//4562 2330//4562 
f 2332//4563 2333//4563 2334//4563 
f 2331//4564 2333//4564 2332//4564 
f 2334//4565 2335//4565 2336//4565 
f 2333//4566 2335//4566 2334//4566 
f 2336//4567 2337//4567 2338//4567 
f 2338//4568 2337//4568 2339//4568 
f 2335//4569 2337//4569 2336//4569 
f 2339//4570 2340//4570 2341//4570 
f 2337//4571 2340//4571 2339//4571 
f 2340//4572 2342//4572 2341//4572 
f 2342//4573 2343//4573 2341//4573 
f 2341//4574 2343//4574 2344//4574 
f 2343//4575 2345//4575 2344//4575 
f 2344//4576 2345//4576 2346//4576 
f 2345//4577 2347//4577 2346//4577 
f 2346//4578 2347//4578 2348//4578 
f 2347//4579 2349//4579 2348//4579 
f 2348//4580 2349//4580 2350//4580 
f 2349//4581 2351//4581 2350//4581 
f 2350//4582 2351//4582 2352//4582 
f 2351//4583 2353//4583 2352//4583 
f 2352//4584 2353//4584 2354//4584 
f 2354//4585 2353//4585 2355//4585 
f 2353//4586 2356//4586 2355//4586 
f 2356//4587 2357//4587 2355//4587 
f 2355//4588 2357//4588 2358//4588 
f 2357//4589 2359//4589 2358//4589 
f 2358//4590 2359//4590 2360//4590 
f 2360//4591 2359//4591 2361//4591 
f 2359//4592 2362//4592 2361//4592 
f 2362//4593 2363//4593 2361//4593 
f 2361//4594 2363//4594 2364//4594 
f 2364//4595 2365//4595 2366//4595 
f 2363//4596 2365//4596 2364//4596 
f 2366//4597 2365//4597 2367//4597 
f 2365//4598 2368//4598 2367//4598 
f 2368//4599 2369//4599 2367//4599 
f 2367//4600 2369//4600 2370//4600 
f 2370//4601 2371//4601 2372//4601 
f 2372//4602 2371//4602 2373//4602 
f 2369//4603 2371//4603 2370//4603 
f 2371//4604 2374//4604 2373//4604 
f 2373//4605 2375//4605 2376//4605 
f 2374//4606 2375//4606 2373//4606 
f 2376//4607 2377//4607 2378//4607 
f 2375//4608 2377//4608 2376//4608 
f 2378//4609 2379//4609 2380//4609 
f 2380//4610 2379//4610 2381//4610 
f 2377//4611 2379//4611 2378//4611 
f 2379//4612 2382//4612 2381//4612 
f 2381//4613 2383//4613 2384//4613 
f 2382//4614 2383//4614 2381//4614 
f 2384//4615 2385//4615 2386//4615 
f 2386//4616 2385//4616 2387//4616 
f 2383//4617 2385//4617 2384//4617 
f 2385//4618 2388//4618 2387//4618 
f 2387//4619 2389//4619 2390//4619 
f 2388//4620 2389//4620 2387//4620 
f 2390//4621 2391//4621 2392//4621 
f 2392//4622 2391//4622 2393//4622 
f 2389//4623 2391//4623 2390//4623 
f 2391//4624 2394//4624 2393//4624 
f 2394//4625 2395//4625 2393//4625 
f 2393//4626 2395//4626 2396//4626 
f 2395//4627 2397//4627 2396//4627 
f 2396//4628 2397//4628 2398//4628 
f 2398//4629 2397//4629 2399//4629 
f 2397//4630 2400//4630 2399//4630 
f 2400//4631 2401//4631 2399//4631 
f 2399//4632 2401//4632 2402//4632 
f 2402//4633 2401//4633 2403//4633 
f 2401//4634 2404//4634 2403//4634 
f 2404//4635 2405//4635 2403//4635 
f 2403//4636 2405//4636 2406//4636 
f 2406//4637 2405//4637 2407//4637 
f 2405//4638 2408//4638 2407//4638 
f 2408//4639 2409//4639 2407//4639 
f 2407//4640 2409//4640 2410//4640 
f 2409//4641 2411//4641 2410//4641 
f 2410//4642 2411//4642 2412//4642 
f 2411//4643 2413//4643 2412//4643 
f 2412//4644 2413//4644 2414//4644 
f 2413//4645 2415//4645 2414//4645 
f 2414//4646 2415//4646 2416//4646 
f 2415//4647 2417//4647 2416//4647 
f 2416//4648 2417//4648 2418//4648 
f 2418//4649 2417//4649 2419//4649 
f 2417//4650 2420//4650 2419//4650 
f 2420//4651 2421//4651 2419//4651 
f 2419//4652 2421//4652 2422//4652 
f 2421//4653 2423//4653 2422//4653 
f 2422//4654 2423//4654 2424//4654 
f 2424//4655 2423//4655 2425//4655 
f 2423//4656 2426//4656 2425//4656 
f 2426//4657 2427//4657 2425//4657 
f 2425//4658 2427//4658 2428//4658 
f 2427//4659 2429//4659 2428//4659 
f 2428//4660 2429//4660 2430//4660 
f 2430//4661 2429//4661 2431//4661 
f 2429//4662 2432//4662 2431//4662 
f 2432//4663 2433//4663 2431//4663 
f 2431//4664 2433//4664 2434//4664 
f 2434//4665 2435//4665 2436//4665 
f 2433//4666 2435//4666 2434//4666 
f 2436//4667 2435//4667 2437//4667 
f 2435//4668 2438//4668 2437//4668 
f 2437//4669 2439//4669 2440//4669 
f 2440//4670 2439//4670 2441//4670 
f 2438//4671 2439//4671 2437//4671 
f 2439//4672 2442//4672 2441//4672 
f 2441//4673 2443//4673 2444//4673 
f 2442//4674 2443//4674 2441//4674 
f 2443//4675 2445//4675 2444//4675 
f 2444//4676 2445//4676 2446//4676 
f 2445//4677 2447//4677 2446//4677 
f 2446//4678 2447//4678 2448//4678 
f 2447//4679 2449//4679 2448//4679 
f 2448//4680 2449//4680 2450//4680 
f 2449//4681 2451//4681 2450//4681 
f 2450//4682 2451//4682 2452//4682 
f 2452//4683 2451//4683 2453//4683 
f 2451//4684 2454//4684 2453//4684 
f 2454//4685 2455//4685 2453//4685 
f 2453//4686 2455//4686 2456//4686 
f 2455//4687 2457//4687 2456//4687 
f 2456//4688 2457//4688 2458//4688 
f 2457//4689 2459//4689 2458//4689 
f 2458//4690 2459//4690 2460//4690 
f 2460//4691 2459//4691 2461//4691 
f 2459//4692 2462//4692 2461//4692 
f 2462//4693 2463//4693 2461//4693 
f 2461//4694 2463//4694 2464//4694 
f 2464//4695 2463//4695 2465//4695 
f 2463//4696 2466//4696 2465//4696 
f 2466//4697 2467//4697 2465//4697 
f 2465//4698 2467//4698 2468//4698 
f 2468//4699 2469//4699 2470//4699 
f 2470//4700 2469//4700 2471//4700 
f 2467//4701 2469//4701 2468//4701 
f 2471//4702 2472//4702 2473//4702 
f 2469//4703 2472//4703 2471//4703 
f 2472//4704 2474//4704 2473//4704 
f 2473//4705 2475//4705 2476//4705 
f 2474//4706 2475//4706 2473//4706 
f 2476//4707 2477//4707 2478//4707 
f 2475//4708 2477//4708 2476//4708 
f 2478//4709 2479//4709 2480//4709 
f 2477//4710 2479//4710 2478//4710 
f 2480//4711 2481//4711 2482//4711 
f 2479//4712 2481//4712 2480//4712 
f 2482//4713 2483//4713 2484//4713 
f 2481//4714 2483//4714 2482//4714 
f 2484//4715 2485//4715 2486//4715 
f 2486//4716 2485//4716 2487//4716 
f 2483//4717 2485//4717 2484//4717 
f 2485//4718 2488//4718 2487//4718 
f 2487//4719 2489//4719 2490//4719 
f 2488//4720 2489//4720 2487//4720 
f 2490//4721 2491//4721 2492//4721 
f 2492//4722 2491//4722 2493//4722 
f 2489//4723 2491//4723 2490//4723 
f 2493//4724 2494//4724 2495//4724 
f 2491//4725 2494//4725 2493//4725 
f 2494//4726 2496//4726 2495//4726 
f 2496//4727 2497//4727 2495//4727 
f 2495//4728 2497//4728 2498//4728 
f 2498//4729 2497//4729 2499//4729 
f 2497//4730 2500//4730 2499//4730 
f 2499//4731 2501//4731 2502//4731 
f 2500//4732 2501//4732 2499//4732 
f 2502//4733 2503//4733 2504//4733 
f 2501//4734 2503//4734 2502//4734 
f 2504//4735 2503//4735 2505//4735 
f 2503//4736 2506//4736 2505//4736 
f 2505//4737 2507//4737 2508//4737 
f 2506//4738 2507//4738 2505//4738 
f 2508//4739 2509//4739 2510//4739 
f 2507//4740 2509//4740 2508//4740 
f 2510//4741 2511//4741 2512//4741 
f 2512//4742 2511//4742 2513//4742 
f 2509//4743 2511//4743 2510//4743 
f 2511//4744 2514//4744 2513//4744 
f 2513//4745 2515//4745 2516//4745 
f 2514//4746 2515//4746 2513//4746 
f 2516//4747 2517//4747 2518//4747 
f 2515//4748 2517//4748 2516//4748 
f 2518//4749 2519//4749 2520//4749 
f 2517//4750 2519//4750 2518//4750 
f 2520//4751 2269//4751 2271//4751 
f 2519//4752 2269//4752 2520//4752 
f 2427//4753 2432//4753 2429//4753 
f 2423//4754 2421//4754 2426//4754 
f 2426//4755 2421//4755 2427//4755 
f 2432//4756 2435//4756 2433//4756 
f 2421//4757 2417//4757 2427//4757 
f 2420//4758 2417//4758 2421//4758 
f 2435//4759 2439//4759 2438//4759 
f 2415//4760 2413//4760 2417//4760 
f 2435//4761 2443//4761 2439//4761 
f 2439//4762 2443//4762 2442//4762 
f 2435//4763 2445//4763 2443//4763 
f 2427//4764 2405//4764 2432//4764 
f 2417//4765 2405//4765 2427//4765 
f 2413//4766 2405//4766 2417//4766 
f 2408//4767 2405//4767 2409//4767 
f 2409//4768 2405//4768 2411//4768 
f 2411//4769 2405//4769 2413//4769 
f 2445//4770 2451//4770 2447//4770 
f 2447//4771 2451//4771 2449//4771 
f 2451//4772 2455//4772 2454//4772 
f 2400//4773 2397//4773 2401//4773 
f 2401//4774 2395//4774 2404//4774 
f 2404//4775 2395//4775 2405//4775 
f 2397//4776 2395//4776 2401//4776 
f 2395//4777 2394//4777 2405//4777 
f 2445//4778 2466//4778 2451//4778 
f 2432//4779 2466//4779 2435//4779 
f 2435//4780 2466//4780 2445//4780 
f 2405//4781 2466//4781 2432//4781 
f 2451//4782 2466//4782 2455//4782 
f 2455//4783 2466//4783 2457//4783 
f 2457//4784 2466//4784 2459//4784 
f 2459//4785 2466//4785 2462//4785 
f 2462//4786 2466//4786 2463//4786 
f 2389//4787 2388//4787 2391//4787 
f 2391//4788 2388//4788 2394//4788 
f 2388//4789 2385//4789 2394//4789 
f 2467//4790 2472//4790 2469//4790 
f 2385//4791 2382//4791 2394//4791 
f 2383//4792 2382//4792 2385//4792 
f 2405//4793 2382//4793 2466//4793 
f 2394//4794 2382//4794 2405//4794 
f 2466//4795 2382//4795 2467//4795 
f 2472//4796 2475//4796 2474//4796 
f 2467//4797 2475//4797 2472//4797 
f 2379//4798 2377//4798 2382//4798 
f 2475//4799 2479//4799 2477//4799 
f 2467//4800 2481//4800 2475//4800 
f 2475//4801 2481//4801 2479//4801 
f 2374//4802 2371//4802 2375//4802 
f 2375//4803 2371//4803 2377//4803 
f 2371//4804 2369//4804 2377//4804 
f 2481//4805 2488//4805 2483//4805 
f 2483//4806 2488//4806 2485//4806 
f 2467//4807 2488//4807 2481//4807 
f 2382//4808 2488//4808 2467//4808 
f 2365//4809 2363//4809 2368//4809 
f 2488//4810 2494//4810 2489//4810 
f 2489//4811 2494//4811 2491//4811 
f 2377//4812 2359//4812 2382//4812 
f 2369//4813 2359//4813 2377//4813 
f 2362//4814 2359//4814 2363//4814 
f 2368//4815 2359//4815 2369//4815 
f 2363//4816 2359//4816 2368//4816 
f 2494//4817 2500//4817 2496//4817 
f 2496//4818 2500//4818 2497//4818 
f 2488//4819 2500//4819 2494//4819 
f 2356//4820 2353//4820 2357//4820 
f 2357//4821 2353//4821 2359//4821 
f 2500//4822 2503//4822 2501//4822 
f 2488//4823 2503//4823 2500//4823 
f 2351//4824 2349//4824 2353//4824 
f 2353//4825 2349//4825 2359//4825 
f 2503//4826 2507//4826 2506//4826 
f 2488//4827 2507//4827 2503//4827 
f 2345//4828 2343//4828 2347//4828 
f 2347//4829 2343//4829 2349//4829 
f 2359//4830 2342//4830 2382//4830 
f 2349//4831 2342//4831 2359//4831 
f 2343//4832 2342//4832 2349//4832 
f 2507//4833 2515//4833 2509//4833 
f 2509//4834 2515//4834 2511//4834 
f 2511//4835 2515//4835 2514//4835 
f 2337//4836 2335//4836 2340//4836 
f 2340//4837 2335//4837 2342//4837 
f 2515//4838 2519//4838 2517//4838 
f 2515//4839 2269//4839 2519//4839 
f 2335//4840 2331//4840 2342//4840 
f 2333//4841 2331//4841 2335//4841 
f 2507//4842 2270//4842 2515//4842 
f 2515//4843 2270//4843 2269//4843 
f 2331//4844 2270//4844 2342//4844 
f 2382//4845 2270//4845 2488//4845 
f 2488//4846 2270//4846 2507//4846 
f 2342//4847 2270//4847 2382//4847 
f 2270//4848 2275//4848 2273//4848 
f 2331//4849 2325//4849 2270//4849 
f 2328//4850 2325//4850 2329//4850 
f 2329//4851 2325//4851 2331//4851 
f 2275//4852 2280//4852 2278//4852 
f 2270//4853 2280//4853 2275//4853 
f 2321//4854 2320//4854 2323//4854 
f 2323//4855 2320//4855 2325//4855 
f 2280//4856 2286//4856 2281//4856 
f 2281//4857 2286//4857 2284//4857 
f 2316//4858 2314//4858 2317//4858 
f 2317//4859 2314//4859 2320//4859 
f 2286//4860 2289//4860 2287//4860 
f 2320//4861 2311//4861 2325//4861 
f 2314//4862 2311//4862 2320//4862 
f 2280//4863 2291//4863 2286//4863 
f 2286//4864 2291//4864 2289//4864 
f 2311//4865 2310//4865 2325//4865 
f 2280//4866 2293//4866 2291//4866 
f 2325//4867 2307//4867 2270//4867 
f 2310//4868 2307//4868 2325//4868 
f 2293//4869 2297//4869 2296//4869 
f 2280//4870 2297//4870 2293//4870 
f 2297//4871 2301//4871 2299//4871 
f 2303//4872 2301//4872 2306//4872 
f 2306//4873 2301//4873 2307//4873 
f 2270//4874 2301//4874 2280//4874 
f 2307//4875 2301//4875 2270//4875 
f 2280//4876 2301//4876 2297//4876 
f 2431//4877 2428//4877 2430//4877 
f 2422//4878 2424//4878 2425//4878 
f 2422//4879 2425//4879 2428//4879 
f 2436//4880 2431//4880 2434//4880 
f 2418//4881 2422//4881 2428//4881 
f 2418//4882 2419//4882 2422//4882 
f 2440//4883 2436//4883 2437//4883 
f 2414//4884 2416//4884 2418//4884 
f 2444//4885 2436//4885 2440//4885 
f 2444//4886 2440//4886 2441//4886 
f 2446//4887 2436//4887 2444//4887 
f 2406//4888 2428//4888 2431//4888 
f 2406//4889 2418//4889 2428//4889 
f 2406//4890 2414//4890 2418//4890 
f 2406//4891 2407//4891 2410//4891 
f 2406//4892 2410//4892 2412//4892 
f 2406//4893 2412//4893 2414//4893 
f 2452//4894 2446//4894 2448//4894 
f 2452//4895 2448//4895 2450//4895 
f 2456//4896 2452//4896 2453//4896 
f 2398//4897 2399//4897 2402//4897 
f 2396//4898 2402//4898 2403//4898 
f 2396//4899 2403//4899 2406//4899 
f 2396//4900 2398//4900 2402//4900 
f 2393//4901 2396//4901 2406//4901 
f 2465//4902 2446//4902 2452//4902 
f 2465//4903 2431//4903 2436//4903 
f 2465//4904 2436//4904 2446//4904 
f 2465//4905 2406//4905 2431//4905 
f 2465//4906 2452//4906 2456//4906 
f 2465//4907 2456//4907 2458//4907 
f 2465//4908 2458//4908 2460//4908 
f 2465//4909 2460//4909 2461//4909 
f 2465//4910 2461//4910 2464//4910 
f 2387//4911 2390//4911 2392//4911 
f 2387//4912 2392//4912 2393//4912 
f 2386//4913 2387//4913 2393//4913 
f 2471//4914 2468//4914 2470//4914 
f 2381//4915 2386//4915 2393//4915 
f 2381//4916 2384//4916 2386//4916 
f 2381//4917 2406//4917 2465//4917 
f 2381//4918 2393//4918 2406//4918 
f 2381//4919 2465//4919 2468//4919 
f 2476//4920 2471//4920 2473//4920 
f 2476//4921 2468//4921 2471//4921 
f 2378//4922 2380//4922 2381//4922 
f 2480//4923 2476//4923 2478//4923 
f 2482//4924 2468//4924 2476//4924 
f 2482//4925 2476//4925 2480//4925 
f 2372//4926 2373//4926 2376//4926 
f 2372//4927 2376//4927 2378//4927 
f 2370//4928 2372//4928 2378//4928 
f 2487//4929 2482//4929 2484//4929 
f 2487//4930 2484//4930 2486//4930 
f 2487//4931 2468//4931 2482//4931 
f 2487//4932 2381//4932 2468//4932 
f 2364//4933 2366//4933 2367//4933 
f 2493//4934 2487//4934 2490//4934 
f 2493//4935 2490//4935 2492//4935 
f 2360//4936 2378//4936 2381//4936 
f 2360//4937 2370//4937 2378//4937 
f 2360//4938 2361//4938 2364//4938 
f 2360//4939 2367//4939 2370//4939 
f 2360//4940 2364//4940 2367//4940 
f 2499//4941 2493//4941 2495//4941 
f 2499//4942 2495//4942 2498//4942 
f 2499//4943 2487//4943 2493//4943 
f 2354//4944 2355//4944 2358//4944 
f 2354//4945 2358//4945 2360//4945 
f 2504//4946 2499//4946 2502//4946 
f 2504//4947 2487//4947 2499//4947 
f 2350//4948 2352//4948 2354//4948 
f 2350//4949 2354//4949 2360//4949 
f 2508//4950 2504//4950 2505//4950 
f 2508//4951 2487//4951 2504//4951 
f 2344//4952 2346//4952 2348//4952 
f 2344//4953 2348//4953 2350//4953 
f 2341//4954 2360//4954 2381//4954 
f 2341//4955 2350//4955 2360//4955 
f 2341//4956 2344//4956 2350//4956 
f 2516//4957 2508//4957 2510//4957 
f 2516//4958 2510//4958 2512//4958 
f 2516//4959 2512//4959 2513//4959 
f 2336//4960 2338//4960 2339//4960 
f 2336//4961 2339//4961 2341//4961 
f 2520//4962 2516//4962 2518//4962 
f 2271//4963 2516//4963 2520//4963 
f 2332//4964 2336//4964 2341//4964 
f 2332//4965 2334//4965 2336//4965 
f 2272//4966 2508//4966 2516//4966 
f 2272//4967 2516//4967 2271//4967 
f 2272//4968 2332//4968 2341//4968 
f 2272//4969 2381//4969 2487//4969 
f 2272//4970 2487//4970 2508//4970 
f 2272//4971 2341//4971 2381//4971 
f 2276//4972 2272//4972 2274//4972 
f 2326//4973 2332//4973 2272//4973 
f 2326//4974 2327//4974 2330//4974 
f 2326//4975 2330//4975 2332//4975 
f 2279//4976 2276//4976 2277//4976 
f 2279//4977 2272//4977 2276//4977 
f 2319//4978 2322//4978 2324//4978 
f 2319//4979 2324//4979 2326//4979 
f 2285//4980 2279//4980 2282//4980 
f 2285//4981 2282//4981 2283//4981 
f 2313//4982 2315//4982 2318//4982 
f 2313//4983 2318//4983 2319//4983 
f 2290//4984 2285//4984 2288//4984 
f 2312//4985 2319//4985 2326//4985 
f 2312//4986 2313//4986 2319//4986 
f 2292//4987 2279//4987 2285//4987 
f 2292//4988 2285//4988 2290//4988 
f 2309//4989 2312//4989 2326//4989 
f 2294//4990 2279//4990 2292//4990 
f 2308//4991 2326//4991 2272//4991 
f 2308//4992 2309//4992 2326//4992 
f 2298//4993 2294//4993 2295//4993 
f 2298//4994 2279//4994 2294//4994 
f 2302//4995 2298//4995 2300//4995 
f 2302//4996 2304//4996 2305//4996 
f 2302//4997 2305//4997 2308//4997 
f 2302//4998 2272//4998 2279//4998 
f 2302//4999 2308//4999 2272//4999 
f 2302//5000 2279//5000 2298//5000 
f 2521//5001 2522//5001 2523//5001 
f 2523//5002 2522//5002 2524//5002 
f 2524//5003 2525//5003 2526//5003 
f 2522//5004 2525//5004 2524//5004 
f 2526//5005 2527//5005 2528//5005 
f 2528//5006 2527//5006 2529//5006 
f 2525//5007 2527//5007 2526//5007 
f 2529//5008 2530//5008 2531//5008 
f 2527//5009 2530//5009 2529//5009 
f 2530//5010 2532//5010 2531//5010 
f 2531//5011 2533//5011 2534//5011 
f 2534//5012 2533//5012 2535//5012 
f 2532//5013 2533//5013 2531//5013 
f 2535//5014 2536//5014 2537//5014 
f 2533//5015 2536//5015 2535//5015 
f 2536//5016 2538//5016 2537//5016 
f 2537//5017 2539//5017 2540//5017 
f 2538//5018 2539//5018 2537//5018 
f 2540//5019 2541//5019 2542//5019 
f 2539//5020 2541//5020 2540//5020 
f 2541//5021 2543//5021 2542//5021 
f 2542//5022 2543//5022 2544//5022 
f 2543//5023 2545//5023 2544//5023 
f 2544//5024 2545//5024 2546//5024 
f 2546//5025 2545//5025 2547//5025 
f 2545//5026 2548//5026 2547//5026 
f 2548//5027 2549//5027 2547//5027 
f 2547//5028 2549//5028 2550//5028 
f 2550//5029 2551//5029 2552//5029 
f 2549//5030 2551//5030 2550//5030 
f 2552//5031 2553//5031 2554//5031 
f 2551//5032 2553//5032 2552//5032 
f 2554//5033 2555//5033 2556//5033 
f 2556//5034 2555//5034 2557//5034 
f 2553//5035 2555//5035 2554//5035 
f 2555//5036 2558//5036 2557//5036 
f 2558//5037 2559//5037 2557//5037 
f 2557//5038 2559//5038 2560//5038 
f 2560//5039 2559//5039 2561//5039 
f 2559//5040 2562//5040 2561//5040 
f 2561//5041 2563//5041 2564//5041 
f 2564//5042 2563//5042 2565//5042 
f 2562//5043 2563//5043 2561//5043 
f 2565//5044 2566//5044 2567//5044 
f 2563//5045 2566//5045 2565//5045 
f 2566//5046 2568//5046 2567//5046 
f 2567//5047 2569//5047 2570//5047 
f 2570//5048 2569//5048 2571//5048 
f 2568//5049 2569//5049 2567//5049 
f 2569//5050 2572//5050 2571//5050 
f 2571//5051 2573//5051 2574//5051 
f 2572//5052 2573//5052 2571//5052 
f 2574//5053 2575//5053 2576//5053 
f 2573//5054 2575//5054 2574//5054 
f 2576//5055 2577//5055 2578//5055 
f 2578//5056 2577//5056 2579//5056 
f 2575//5057 2577//5057 2576//5057 
f 2577//5058 2580//5058 2579//5058 
f 2579//5059 2581//5059 2582//5059 
f 2580//5060 2581//5060 2579//5060 
f 2582//5061 2583//5061 2584//5061 
f 2581//5062 2583//5062 2582//5062 
f 2584//5063 2585//5063 2586//5063 
f 2583//5064 2585//5064 2584//5064 
f 2586//5065 2587//5065 2588//5065 
f 2585//5066 2587//5066 2586//5066 
f 2588//5067 2589//5067 2590//5067 
f 2590//5068 2589//5068 2591//5068 
f 2587//5069 2589//5069 2588//5069 
f 2591//5070 2592//5070 2593//5070 
f 2589//5071 2592//5071 2591//5071 
f 2592//5072 2594//5072 2593//5072 
f 2594//5073 2595//5073 2593//5073 
f 2593//5074 2595//5074 2596//5074 
f 2595//5075 2597//5075 2596//5075 
f 2596//5076 2597//5076 2598//5076 
f 2597//5077 2599//5077 2598//5077 
f 2598//5078 2599//5078 2600//5078 
f 2599//5079 2601//5079 2600//5079 
f 2600//5080 2601//5080 2602//5080 
f 2601//5081 2603//5081 2602//5081 
f 2602//5082 2603//5082 2604//5082 
f 2603//5083 2605//5083 2604//5083 
f 2604//5084 2605//5084 2606//5084 
f 2606//5085 2605//5085 2607//5085 
f 2605//5086 2608//5086 2607//5086 
f 2608//5087 2609//5087 2607//5087 
f 2607//5088 2609//5088 2610//5088 
f 2609//5089 2611//5089 2610//5089 
f 2610//5090 2611//5090 2612//5090 
f 2612//5091 2611//5091 2613//5091 
f 2611//5092 2614//5092 2613//5092 
f 2614//5093 2615//5093 2613//5093 
f 2613//5094 2615//5094 2616//5094 
f 2616//5095 2617//5095 2618//5095 
f 2615//5096 2617//5096 2616//5096 
f 2618//5097 2617//5097 2619//5097 
f 2617//5098 2620//5098 2619//5098 
f 2620//5099 2621//5099 2619//5099 
f 2619//5100 2621//5100 2622//5100 
f 2622//5101 2623//5101 2624//5101 
f 2624//5102 2623//5102 2625//5102 
f 2621//5103 2623//5103 2622//5103 
f 2623//5104 2626//5104 2625//5104 
f 2625//5105 2627//5105 2628//5105 
f 2626//5106 2627//5106 2625//5106 
f 2628//5107 2629//5107 2630//5107 
f 2627//5108 2629//5108 2628//5108 
f 2630//5109 2631//5109 2632//5109 
f 2632//5110 2631//5110 2633//5110 
f 2629//5111 2631//5111 2630//5111 
f 2631//5112 2634//5112 2633//5112 
f 2633//5113 2635//5113 2636//5113 
f 2634//5114 2635//5114 2633//5114 
f 2636//5115 2637//5115 2638//5115 
f 2638//5116 2637//5116 2639//5116 
f 2635//5117 2637//5117 2636//5117 
f 2637//5118 2640//5118 2639//5118 
f 2639//5119 2641//5119 2642//5119 
f 2640//5120 2641//5120 2639//5120 
f 2642//5121 2643//5121 2644//5121 
f 2644//5122 2643//5122 2645//5122 
f 2641//5123 2643//5123 2642//5123 
f 2643//5124 2646//5124 2645//5124 
f 2646//5125 2647//5125 2645//5125 
f 2645//5126 2647//5126 2648//5126 
f 2647//5127 2649//5127 2648//5127 
f 2648//5128 2649//5128 2650//5128 
f 2650//5129 2649//5129 2651//5129 
f 2649//5130 2652//5130 2651//5130 
f 2652//5131 2653//5131 2651//5131 
f 2651//5132 2653//5132 2654//5132 
f 2654//5133 2653//5133 2655//5133 
f 2653//5134 2656//5134 2655//5134 
f 2656//5135 2657//5135 2655//5135 
f 2655//5136 2657//5136 2658//5136 
f 2658//5137 2657//5137 2659//5137 
f 2657//5138 2660//5138 2659//5138 
f 2660//5139 2661//5139 2659//5139 
f 2659//5140 2661//5140 2662//5140 
f 2661//5141 2663//5141 2662//5141 
f 2662//5142 2663//5142 2664//5142 
f 2663//5143 2665//5143 2664//5143 
f 2664//5144 2665//5144 2666//5144 
f 2665//5145 2667//5145 2666//5145 
f 2666//5146 2667//5146 2668//5146 
f 2667//5147 2669//5147 2668//5147 
f 2668//5148 2669//5148 2670//5148 
f 2670//5149 2669//5149 2671//5149 
f 2669//5150 2672//5150 2671//5150 
f 2672//5151 2673//5151 2671//5151 
f 2671//5152 2673//5152 2674//5152 
f 2673//5153 2675//5153 2674//5153 
f 2674//5154 2675//5154 2676//5154 
f 2676//5155 2675//5155 2677//5155 
f 2675//5156 2678//5156 2677//5156 
f 2678//5157 2679//5157 2677//5157 
f 2677//5158 2679//5158 2680//5158 
f 2679//5159 2681//5159 2680//5159 
f 2680//5160 2681//5160 2682//5160 
f 2682//5161 2681//5161 2683//5161 
f 2681//5162 2684//5162 2683//5162 
f 2684//5163 2685//5163 2683//5163 
f 2683//5164 2685//5164 2686//5164 
f 2686//5165 2687//5165 2688//5165 
f 2685//5166 2687//5166 2686//5166 
f 2688//5167 2687//5167 2689//5167 
f 2687//5168 2690//5168 2689//5168 
f 2689//5169 2691//5169 2692//5169 
f 2692//5170 2691//5170 2693//5170 
f 2690//5171 2691//5171 2689//5171 
f 2691//5172 2694//5172 2693//5172 
f 2693//5173 2695//5173 2696//5173 
f 2694//5174 2695//5174 2693//5174 
f 2695//5175 2697//5175 2696//5175 
f 2696//5176 2697//5176 2698//5176 
f 2697//5177 2699//5177 2698//5177 
f 2698//5178 2699//5178 2700//5178 
f 2699//5179 2701//5179 2700//5179 
f 2700//5180 2701//5180 2702//5180 
f 2701//5181 2703//5181 2702//5181 
f 2702//5182 2703//5182 2704//5182 
f 2704//5183 2703//5183 2705//5183 
f 2703//5184 2706//5184 2705//5184 
f 2706//5185 2707//5185 2705//5185 
f 2705//5186 2707//5186 2708//5186 
f 2707//5187 2709//5187 2708//5187 
f 2708//5188 2709//5188 2710//5188 
f 2709//5189 2711//5189 2710//5189 
f 2710//5190 2711//5190 2712//5190 
f 2712//5191 2711//5191 2713//5191 
f 2711//5192 2714//5192 2713//5192 
f 2714//5193 2715//5193 2713//5193 
f 2713//5194 2715//5194 2716//5194 
f 2716//5195 2715//5195 2717//5195 
f 2715//5196 2718//5196 2717//5196 
f 2718//5197 2719//5197 2717//5197 
f 2717//5198 2719//5198 2720//5198 
f 2720//5199 2721//5199 2722//5199 
f 2722//5200 2721//5200 2723//5200 
f 2719//5201 2721//5201 2720//5201 
f 2723//5202 2724//5202 2725//5202 
f 2721//5203 2724//5203 2723//5203 
f 2724//5204 2726//5204 2725//5204 
f 2725//5205 2727//5205 2728//5205 
f 2726//5206 2727//5206 2725//5206 
f 2728//5207 2729//5207 2730//5207 
f 2727//5208 2729//5208 2728//5208 
f 2730//5209 2731//5209 2732//5209 
f 2729//5210 2731//5210 2730//5210 
f 2732//5211 2733//5211 2734//5211 
f 2731//5212 2733//5212 2732//5212 
f 2734//5213 2735//5213 2736//5213 
f 2733//5214 2735//5214 2734//5214 
f 2736//5215 2737//5215 2738//5215 
f 2738//5216 2737//5216 2739//5216 
f 2735//5217 2737//5217 2736//5217 
f 2737//5218 2740//5218 2739//5218 
f 2739//5219 2741//5219 2742//5219 
f 2740//5220 2741//5220 2739//5220 
f 2742//5221 2743//5221 2744//5221 
f 2744//5222 2743//5222 2745//5222 
f 2741//5223 2743//5223 2742//5223 
f 2745//5224 2746//5224 2747//5224 
f 2743//5225 2746//5225 2745//5225 
f 2746//5226 2748//5226 2747//5226 
f 2748//5227 2749//5227 2747//5227 
f 2747//5228 2749//5228 2750//5228 
f 2750//5229 2749//5229 2751//5229 
f 2749//5230 2752//5230 2751//5230 
f 2751//5231 2753//5231 2754//5231 
f 2752//5232 2753//5232 2751//5232 
f 2754//5233 2755//5233 2756//5233 
f 2753//5234 2755//5234 2754//5234 
f 2756//5235 2755//5235 2757//5235 
f 2755//5236 2758//5236 2757//5236 
f 2757//5237 2759//5237 2760//5237 
f 2758//5238 2759//5238 2757//5238 
f 2760//5239 2761//5239 2762//5239 
f 2759//5240 2761//5240 2760//5240 
f 2762//5241 2763//5241 2764//5241 
f 2764//5242 2763//5242 2765//5242 
f 2761//5243 2763//5243 2762//5243 
f 2763//5244 2766//5244 2765//5244 
f 2765//5245 2767//5245 2768//5245 
f 2766//5246 2767//5246 2765//5246 
f 2768//5247 2769//5247 2770//5247 
f 2767//5248 2769//5248 2768//5248 
f 2770//5249 2771//5249 2772//5249 
f 2769//5250 2771//5250 2770//5250 
f 2772//5251 2521//5251 2523//5251 
f 2771//5252 2521//5252 2772//5252 
f 2679//5253 2684//5253 2681//5253 
f 2675//5254 2673//5254 2678//5254 
f 2678//5255 2673//5255 2679//5255 
f 2684//5256 2687//5256 2685//5256 
f 2673//5257 2669//5257 2679//5257 
f 2672//5258 2669//5258 2673//5258 
f 2665//5259 2663//5259 2667//5259 
f 2667//5260 2663//5260 2669//5260 
f 2687//5261 2695//5261 2690//5261 
f 2690//5262 2695//5262 2691//5262 
f 2691//5263 2695//5263 2694//5263 
f 2687//5264 2697//5264 2695//5264 
f 2679//5265 2657//5265 2684//5265 
f 2669//5266 2657//5266 2679//5266 
f 2663//5267 2657//5267 2669//5267 
f 2660//5268 2657//5268 2661//5268 
f 2661//5269 2657//5269 2663//5269 
f 2697//5270 2701//5270 2699//5270 
f 2687//5271 2703//5271 2697//5271 
f 2697//5272 2703//5272 2701//5272 
f 2656//5273 2653//5273 2657//5273 
f 2703//5274 2707//5274 2706//5274 
f 2652//5275 2649//5275 2653//5275 
f 2703//5276 2709//5276 2707//5276 
f 2647//5277 2646//5277 2649//5277 
f 2709//5278 2714//5278 2711//5278 
f 2643//5279 2641//5279 2646//5279 
f 2684//5280 2718//5280 2687//5280 
f 2657//5281 2718//5281 2684//5281 
f 2687//5282 2718//5282 2703//5282 
f 2703//5283 2718//5283 2709//5283 
f 2714//5284 2718//5284 2715//5284 
f 2709//5285 2718//5285 2714//5285 
f 2657//5286 2635//5286 2718//5286 
f 2637//5287 2635//5287 2640//5287 
f 2640//5288 2635//5288 2641//5288 
f 2653//5289 2635//5289 2657//5289 
f 2649//5290 2635//5290 2653//5290 
f 2646//5291 2635//5291 2649//5291 
f 2641//5292 2635//5292 2646//5292 
f 2718//5293 2635//5293 2719//5293 
f 2721//5294 2726//5294 2724//5294 
f 2719//5295 2726//5295 2721//5295 
f 2631//5296 2629//5296 2634//5296 
f 2726//5297 2627//5297 2727//5297 
f 2635//5298 2627//5298 2719//5298 
f 2719//5299 2627//5299 2726//5299 
f 2629//5300 2627//5300 2634//5300 
f 2634//5301 2627//5301 2635//5301 
f 2727//5302 2731//5302 2729//5302 
f 2731//5303 2735//5303 2733//5303 
f 2727//5304 2735//5304 2731//5304 
f 2623//5305 2621//5305 2626//5305 
f 2626//5306 2621//5306 2627//5306 
f 2735//5307 2741//5307 2737//5307 
f 2737//5308 2741//5308 2740//5308 
f 2621//5309 2615//5309 2627//5309 
f 2617//5310 2615//5310 2620//5310 
f 2620//5311 2615//5311 2621//5311 
f 2735//5312 2743//5312 2741//5312 
f 2727//5313 2743//5313 2735//5313 
f 2614//5314 2611//5314 2615//5314 
f 2743//5315 2748//5315 2746//5315 
f 2727//5316 2748//5316 2743//5316 
f 2611//5317 2609//5317 2615//5317 
f 2748//5318 2752//5318 2749//5318 
f 2608//5319 2605//5319 2609//5319 
f 2609//5320 2605//5320 2615//5320 
f 2615//5321 2603//5321 2627//5321 
f 2605//5322 2603//5322 2615//5322 
f 2752//5323 2755//5323 2753//5323 
f 2727//5324 2758//5324 2748//5324 
f 2748//5325 2758//5325 2752//5325 
f 2752//5326 2758//5326 2755//5326 
f 2601//5327 2599//5327 2603//5327 
f 2758//5328 2761//5328 2759//5328 
f 2597//5329 2595//5329 2599//5329 
f 2758//5330 2763//5330 2761//5330 
f 2727//5331 2763//5331 2758//5331 
f 2599//5332 2594//5332 2603//5332 
f 2595//5333 2594//5333 2599//5333 
f 2727//5334 2766//5334 2763//5334 
f 2767//5335 2771//5335 2769//5335 
f 2587//5336 2585//5336 2589//5336 
f 2589//5337 2585//5337 2592//5337 
f 2592//5338 2585//5338 2594//5338 
f 2603//5339 2585//5339 2627//5339 
f 2594//5340 2585//5340 2603//5340 
f 2767//5341 2521//5341 2771//5341 
f 2627//5342 2522//5342 2727//5342 
f 2766//5343 2522//5343 2767//5343 
f 2767//5344 2522//5344 2521//5344 
f 2727//5345 2522//5345 2766//5345 
f 2581//5346 2580//5346 2583//5346 
f 2583//5347 2580//5347 2585//5347 
f 2522//5348 2527//5348 2525//5348 
f 2580//5349 2577//5349 2585//5349 
f 2577//5350 2572//5350 2585//5350 
f 2573//5351 2572//5351 2575//5351 
f 2575//5352 2572//5352 2577//5352 
f 2527//5353 2536//5353 2530//5353 
f 2530//5354 2536//5354 2532//5354 
f 2532//5355 2536//5355 2533//5355 
f 2569//5356 2568//5356 2572//5356 
f 2536//5357 2541//5357 2538//5357 
f 2538//5358 2541//5358 2539//5358 
f 2563//5359 2562//5359 2566//5359 
f 2566//5360 2562//5360 2568//5360 
f 2541//5361 2545//5361 2543//5361 
f 2527//5362 2545//5362 2536//5362 
f 2536//5363 2545//5363 2541//5363 
f 2572//5364 2559//5364 2585//5364 
f 2568//5365 2559//5365 2572//5365 
f 2562//5366 2559//5366 2568//5366 
f 2522//5367 2548//5367 2527//5367 
f 2527//5368 2548//5368 2545//5368 
f 2522//5369 2549//5369 2548//5369 
f 2585//5370 2553//5370 2627//5370 
f 2627//5371 2553//5371 2522//5371 
f 2549//5372 2553//5372 2551//5372 
f 2555//5373 2553//5373 2558//5373 
f 2558//5374 2553//5374 2559//5374 
f 2559//5375 2553//5375 2585//5375 
f 2522//5376 2553//5376 2549//5376 
f 2683//5377 2680//5377 2682//5377 
f 2674//5378 2676//5378 2677//5378 
f 2674//5379 2677//5379 2680//5379 
f 2688//5380 2683//5380 2686//5380 
f 2670//5381 2674//5381 2680//5381 
f 2670//5382 2671//5382 2674//5382 
f 2664//5383 2666//5383 2668//5383 
f 2664//5384 2668//5384 2670//5384 
f 2696//5385 2688//5385 2689//5385 
f 2696//5386 2689//5386 2692//5386 
f 2696//5387 2692//5387 2693//5387 
f 2698//5388 2688//5388 2696//5388 
f 2658//5389 2680//5389 2683//5389 
f 2658//5390 2670//5390 2680//5390 
f 2658//5391 2664//5391 2670//5391 
f 2658//5392 2659//5392 2662//5392 
f 2658//5393 2662//5393 2664//5393 
f 2702//5394 2698//5394 2700//5394 
f 2704//5395 2688//5395 2698//5395 
f 2704//5396 2698//5396 2702//5396 
f 2654//5397 2655//5397 2658//5397 
f 2708//5398 2704//5398 2705//5398 
f 2650//5399 2651//5399 2654//5399 
f 2710//5400 2704//5400 2708//5400 
f 2645//5401 2648//5401 2650//5401 
f 2713//5402 2710//5402 2712//5402 
f 2642//5403 2644//5403 2645//5403 
f 2717//5404 2683//5404 2688//5404 
f 2717//5405 2658//5405 2683//5405 
f 2717//5406 2688//5406 2704//5406 
f 2717//5407 2704//5407 2710//5407 
f 2717//5408 2713//5408 2716//5408 
f 2717//5409 2710//5409 2713//5409 
f 2636//5410 2658//5410 2717//5410 
f 2636//5411 2638//5411 2639//5411 
f 2636//5412 2639//5412 2642//5412 
f 2636//5413 2654//5413 2658//5413 
f 2636//5414 2650//5414 2654//5414 
f 2636//5415 2645//5415 2650//5415 
f 2636//5416 2642//5416 2645//5416 
f 2636//5417 2717//5417 2720//5417 
f 2725//5418 2722//5418 2723//5418 
f 2725//5419 2720//5419 2722//5419 
f 2630//5420 2632//5420 2633//5420 
f 2628//5421 2725//5421 2728//5421 
f 2628//5422 2636//5422 2720//5422 
f 2628//5423 2720//5423 2725//5423 
f 2628//5424 2630//5424 2633//5424 
f 2628//5425 2633//5425 2636//5425 
f 2732//5426 2728//5426 2730//5426 
f 2736//5427 2732//5427 2734//5427 
f 2736//5428 2728//5428 2732//5428 
f 2622//5429 2624//5429 2625//5429 
f 2622//5430 2625//5430 2628//5430 
f 2742//5431 2736//5431 2738//5431 
f 2742//5432 2738//5432 2739//5432 
f 2616//5433 2622//5433 2628//5433 
f 2616//5434 2618//5434 2619//5434 
f 2616//5435 2619//5435 2622//5435 
f 2744//5436 2736//5436 2742//5436 
f 2744//5437 2728//5437 2736//5437 
f 2612//5438 2613//5438 2616//5438 
f 2747//5439 2744//5439 2745//5439 
f 2747//5440 2728//5440 2744//5440 
f 2610//5441 2612//5441 2616//5441 
f 2751//5442 2747//5442 2750//5442 
f 2606//5443 2607//5443 2610//5443 
f 2606//5444 2610//5444 2616//5444 
f 2604//5445 2616//5445 2628//5445 
f 2604//5446 2606//5446 2616//5446 
f 2756//5447 2751//5447 2754//5447 
f 2757//5448 2728//5448 2747//5448 
f 2757//5449 2747//5449 2751//5449 
f 2757//5450 2751//5450 2756//5450 
f 2600//5451 2602//5451 2604//5451 
f 2762//5452 2757//5452 2760//5452 
f 2596//5453 2598//5453 2600//5453 
f 2764//5454 2757//5454 2762//5454 
f 2764//5455 2728//5455 2757//5455 
f 2593//5456 2600//5456 2604//5456 
f 2593//5457 2596//5457 2600//5457 
f 2765//5458 2728//5458 2764//5458 
f 2772//5459 2768//5459 2770//5459 
f 2586//5460 2588//5460 2590//5460 
f 2586//5461 2590//5461 2591//5461 
f 2586//5462 2591//5462 2593//5462 
f 2586//5463 2604//5463 2628//5463 
f 2586//5464 2593//5464 2604//5464 
f 2523//5465 2768//5465 2772//5465 
f 2524//5466 2628//5466 2728//5466 
f 2524//5467 2765//5467 2768//5467 
f 2524//5468 2768//5468 2523//5468 
f 2524//5469 2728//5469 2765//5469 
f 2579//5470 2582//5470 2584//5470 
f 2579//5471 2584//5471 2586//5471 
f 2528//5472 2524//5472 2526//5472 
f 2578//5473 2579//5473 2586//5473 
f 2571//5474 2578//5474 2586//5474 
f 2571//5475 2574//5475 2576//5475 
f 2571//5476 2576//5476 2578//5476 
f 2535//5477 2528//5477 2529//5477 
f 2535//5478 2529//5478 2531//5478 
f 2535//5479 2531//5479 2534//5479 
f 2567//5480 2570//5480 2571//5480 
f 2542//5481 2535//5481 2537//5481 
f 2542//5482 2537//5482 2540//5482 
f 2561//5483 2564//5483 2565//5483 
f 2561//5484 2565//5484 2567//5484 
f 2546//5485 2542//5485 2544//5485 
f 2546//5486 2528//5486 2535//5486 
f 2546//5487 2535//5487 2542//5487 
f 2560//5488 2571//5488 2586//5488 
f 2560//5489 2567//5489 2571//5489 
f 2560//5490 2561//5490 2567//5490 
f 2547//5491 2524//5491 2528//5491 
f 2547//5492 2528//5492 2546//5492 
f 2550//5493 2524//5493 2547//5493 
f 2554//5494 2586//5494 2628//5494 
f 2554//5495 2628//5495 2524//5495 
f 2554//5496 2550//5496 2552//5496 
f 2554//5497 2556//5497 2557//5497 
f 2554//5498 2557//5498 2560//5498 
f 2554//5499 2560//5499 2586//5499 
f 2554//5500 2524//5500 2550//5500 
f 2773//5501 2774//5501 2775//5501 
f 2775//5502 2774//5502 2776//5502 
f 2776//5503 2777//5503 2778//5503 
f 2774//5504 2777//5504 2776//5504 
f 2778//5505 2779//5505 2780//5505 
f 2780//5506 2779//5506 2781//5506 
f 2777//5507 2779//5507 2778//5507 
f 2781//5508 2782//5508 2783//5508 
f 2779//5509 2782//5509 2781//5509 
f 2782//5510 2784//5510 2783//5510 
f 2783//5511 2785//5511 2786//5511 
f 2786//5512 2785//5512 2787//5512 
f 2784//5513 2785//5513 2783//5513 
f 2787//5514 2788//5514 2789//5514 
f 2785//5515 2788//5515 2787//5515 
f 2788//5516 2790//5516 2789//5516 
f 2789//5517 2791//5517 2792//5517 
f 2790//5518 2791//5518 2789//5518 
f 2792//5519 2793//5519 2794//5519 
f 2791//5520 2793//5520 2792//5520 
f 2793//5521 2795//5521 2794//5521 
f 2794//5522 2795//5522 2796//5522 
f 2795//5523 2797//5523 2796//5523 
f 2796//5524 2797//5524 2798//5524 
f 2798//5525 2797//5525 2799//5525 
f 2797//5526 2800//5526 2799//5526 
f 2800//5527 2801//5527 2799//5527 
f 2799//5528 2801//5528 2802//5528 
f 2802//5529 2803//5529 2804//5529 
f 2801//5530 2803//5530 2802//5530 
f 2804//5531 2805//5531 2806//5531 
f 2803//5532 2805//5532 2804//5532 
f 2806//5533 2807//5533 2808//5533 
f 2808//5534 2807//5534 2809//5534 
f 2805//5535 2807//5535 2806//5535 
f 2807//5536 2810//5536 2809//5536 
f 2810//5537 2811//5537 2809//5537 
f 2809//5538 2811//5538 2812//5538 
f 2812//5539 2811//5539 2813//5539 
f 2811//5540 2814//5540 2813//5540 
f 2813//5541 2815//5541 2816//5541 
f 2816//5542 2815//5542 2817//5542 
f 2814//5543 2815//5543 2813//5543 
f 2817//5544 2818//5544 2819//5544 
f 2815//5545 2818//5545 2817//5545 
f 2818//5546 2820//5546 2819//5546 
f 2819//5547 2821//5547 2822//5547 
f 2822//5548 2821//5548 2823//5548 
f 2820//5549 2821//5549 2819//5549 
f 2821//5550 2824//5550 2823//5550 
f 2823//5551 2825//5551 2826//5551 
f 2824//5552 2825//5552 2823//5552 
f 2826//5553 2827//5553 2828//5553 
f 2825//5554 2827//5554 2826//5554 
f 2828//5555 2829//5555 2830//5555 
f 2830//5556 2829//5556 2831//5556 
f 2827//5557 2829//5557 2828//5557 
f 2829//5558 2832//5558 2831//5558 
f 2831//5559 2833//5559 2834//5559 
f 2832//5560 2833//5560 2831//5560 
f 2834//5561 2835//5561 2836//5561 
f 2833//5562 2835//5562 2834//5562 
f 2836//5563 2837//5563 2838//5563 
f 2835//5564 2837//5564 2836//5564 
f 2838//5565 2839//5565 2840//5565 
f 2837//5566 2839//5566 2838//5566 
f 2840//5567 2841//5567 2842//5567 
f 2842//5568 2841//5568 2843//5568 
f 2839//5569 2841//5569 2840//5569 
f 2843//5570 2844//5570 2845//5570 
f 2841//5571 2844//5571 2843//5571 
f 2844//5572 2846//5572 2845//5572 
f 2846//5573 2847//5573 2845//5573 
f 2845//5574 2847//5574 2848//5574 
f 2847//5575 2849//5575 2848//5575 
f 2848//5576 2849//5576 2850//5576 
f 2849//5577 2851//5577 2850//5577 
f 2850//5578 2851//5578 2852//5578 
f 2851//5579 2853//5579 2852//5579 
f 2852//5580 2853//5580 2854//5580 
f 2853//5581 2855//5581 2854//5581 
f 2854//5582 2855//5582 2856//5582 
f 2855//5583 2857//5583 2856//5583 
f 2856//5584 2857//5584 2858//5584 
f 2858//5585 2857//5585 2859//5585 
f 2857//5586 2860//5586 2859//5586 
f 2860//5587 2861//5587 2859//5587 
f 2859//5588 2861//5588 2862//5588 
f 2861//5589 2863//5589 2862//5589 
f 2862//5590 2863//5590 2864//5590 
f 2864//5591 2863//5591 2865//5591 
f 2863//5592 2866//5592 2865//5592 
f 2866//5593 2867//5593 2865//5593 
f 2865//5594 2867//5594 2868//5594 
f 2868//5595 2869//5595 2870//5595 
f 2867//5596 2869//5596 2868//5596 
f 2870//5597 2869//5597 2871//5597 
f 2869//5598 2872//5598 2871//5598 
f 2872//5599 2873//5599 2871//5599 
f 2871//5600 2873//5600 2874//5600 
f 2874//5601 2875//5601 2876//5601 
f 2876//5602 2875//5602 2877//5602 
f 2873//5603 2875//5603 2874//5603 
f 2875//5604 2878//5604 2877//5604 
f 2877//5605 2879//5605 2880//5605 
f 2878//5606 2879//5606 2877//5606 
f 2880//5607 2881//5607 2882//5607 
f 2879//5608 2881//5608 2880//5608 
f 2882//5609 2883//5609 2884//5609 
f 2884//5610 2883//5610 2885//5610 
f 2881//5611 2883//5611 2882//5611 
f 2883//5612 2886//5612 2885//5612 
f 2885//5613 2887//5613 2888//5613 
f 2886//5614 2887//5614 2885//5614 
f 2888//5615 2889//5615 2890//5615 
f 2890//5616 2889//5616 2891//5616 
f 2887//5617 2889//5617 2888//5617 
f 2889//5618 2892//5618 2891//5618 
f 2891//5619 2893//5619 2894//5619 
f 2892//5620 2893//5620 2891//5620 
f 2894//5621 2895//5621 2896//5621 
f 2896//5622 2895//5622 2897//5622 
f 2893//5623 2895//5623 2894//5623 
f 2895//5624 2898//5624 2897//5624 
f 2898//5625 2899//5625 2897//5625 
f 2897//5626 2899//5626 2900//5626 
f 2899//5627 2901//5627 2900//5627 
f 2900//5628 2901//5628 2902//5628 
f 2902//5629 2901//5629 2903//5629 
f 2901//5630 2904//5630 2903//5630 
f 2904//5631 2905//5631 2903//5631 
f 2903//5632 2905//5632 2906//5632 
f 2906//5633 2905//5633 2907//5633 
f 2905//5634 2908//5634 2907//5634 
f 2908//5635 2909//5635 2907//5635 
f 2907//5636 2909//5636 2910//5636 
f 2910//5637 2909//5637 2911//5637 
f 2909//5638 2912//5638 2911//5638 
f 2912//5639 2913//5639 2911//5639 
f 2911//5640 2913//5640 2914//5640 
f 2913//5641 2915//5641 2914//5641 
f 2914//5642 2915//5642 2916//5642 
f 2915//5643 2917//5643 2916//5643 
f 2916//5644 2917//5644 2918//5644 
f 2917//5645 2919//5645 2918//5645 
f 2918//5646 2919//5646 2920//5646 
f 2919//5647 2921//5647 2920//5647 
f 2920//5648 2921//5648 2922//5648 
f 2922//5649 2921//5649 2923//5649 
f 2921//5650 2924//5650 2923//5650 
f 2924//5651 2925//5651 2923//5651 
f 2923//5652 2925//5652 2926//5652 
f 2925//5653 2927//5653 2926//5653 
f 2926//5654 2927//5654 2928//5654 
f 2928//5655 2927//5655 2929//5655 
f 2927//5656 2930//5656 2929//5656 
f 2930//5657 2931//5657 2929//5657 
f 2929//5658 2931//5658 2932//5658 
f 2931//5659 2933//5659 2932//5659 
f 2932//5660 2933//5660 2934//5660 
f 2934//5661 2933//5661 2935//5661 
f 2933//5662 2936//5662 2935//5662 
f 2936//5663 2937//5663 2935//5663 
f 2935//5664 2937//5664 2938//5664 
f 2938//5665 2939//5665 2940//5665 
f 2937//5666 2939//5666 2938//5666 
f 2940//5667 2939//5667 2941//5667 
f 2939//5668 2942//5668 2941//5668 
f 2941//5669 2943//5669 2944//5669 
f 2944//5670 2943//5670 2945//5670 
f 2942//5671 2943//5671 2941//5671 
f 2943//5672 2946//5672 2945//5672 
f 2945//5673 2947//5673 2948//5673 
f 2946//5674 2947//5674 2945//5674 
f 2947//5675 2949//5675 2948//5675 
f 2948//5676 2949//5676 2950//5676 
f 2949//5677 2951//5677 2950//5677 
f 2950//5678 2951//5678 2952//5678 
f 2951//5679 2953//5679 2952//5679 
f 2952//5680 2953//5680 2954//5680 
f 2953//5681 2955//5681 2954//5681 
f 2954//5682 2955//5682 2956//5682 
f 2956//5683 2955//5683 2957//5683 
f 2955//5684 2958//5684 2957//5684 
f 2958//5685 2959//5685 2957//5685 
f 2957//5686 2959//5686 2960//5686 
f 2959//5687 2961//5687 2960//5687 
f 2960//5688 2961//5688 2962//5688 
f 2961//5689 2963//5689 2962//5689 
f 2962//5690 2963//5690 2964//5690 
f 2964//5691 2963//5691 2965//5691 
f 2963//5692 2966//5692 2965//5692 
f 2966//5693 2967//5693 2965//5693 
f 2965//5694 2967//5694 2968//5694 
f 2968//5695 2967//5695 2969//5695 
f 2967//5696 2970//5696 2969//5696 
f 2970//5697 2971//5697 2969//5697 
f 2969//5698 2971//5698 2972//5698 
f 2972//5699 2973//5699 2974//5699 
f 2974//5700 2973//5700 2975//5700 
f 2971//5701 2973//5701 2972//5701 
f 2975//5702 2976//5702 2977//5702 
f 2973//5703 2976//5703 2975//5703 
f 2976//5704 2978//5704 2977//5704 
f 2977//5705 2979//5705 2980//5705 
f 2978//5706 2979//5706 2977//5706 
f 2980//5707 2981//5707 2982//5707 
f 2979//5708 2981//5708 2980//5708 
f 2982//5709 2983//5709 2984//5709 
f 2981//5710 2983//5710 2982//5710 
f 2984//5711 2985//5711 2986//5711 
f 2983//5712 2985//5712 2984//5712 
f 2986//5713 2987//5713 2988//5713 
f 2985//5714 2987//5714 2986//5714 
f 2988//5715 2989//5715 2990//5715 
f 2990//5716 2989//5716 2991//5716 
f 2987//5717 2989//5717 2988//5717 
f 2989//5718 2992//5718 2991//5718 
f 2991//5719 2993//5719 2994//5719 
f 2992//5720 2993//5720 2991//5720 
f 2994//5721 2995//5721 2996//5721 
f 2996//5722 2995//5722 2997//5722 
f 2993//5723 2995//5723 2994//5723 
f 2997//5724 2998//5724 2999//5724 
f 2995//5725 2998//5725 2997//5725 
f 2998//5726 3000//5726 2999//5726 
f 3000//5727 3001//5727 2999//5727 
f 2999//5728 3001//5728 3002//5728 
f 3002//5729 3001//5729 3003//5729 
f 3001//5730 3004//5730 3003//5730 
f 3003//5731 3005//5731 3006//5731 
f 3004//5732 3005//5732 3003//5732 
f 3006//5733 3007//5733 3008//5733 
f 3005//5734 3007//5734 3006//5734 
f 3008//5735 3007//5735 3009//5735 
f 3007//5736 3010//5736 3009//5736 
f 3009//5737 3011//5737 3012//5737 
f 3010//5738 3011//5738 3009//5738 
f 3012//5739 3013//5739 3014//5739 
f 3011//5740 3013//5740 3012//5740 
f 3014//5741 3015//5741 3016//5741 
f 3016//5742 3015//5742 3017//5742 
f 3013//5743 3015//5743 3014//5743 
f 3015//5744 3018//5744 3017//5744 
f 3017//5745 3019//5745 3020//5745 
f 3018//5746 3019//5746 3017//5746 
f 3020//5747 3021//5747 3022//5747 
f 3019//5748 3021//5748 3020//5748 
f 3022//5749 3023//5749 3024//5749 
f 3021//5750 3023//5750 3022//5750 
f 3024//5751 2773//5751 2775//5751 
f 3023//5752 2773//5752 3024//5752 
f 2931//5753 2936//5753 2933//5753 
f 2927//5754 2925//5754 2930//5754 
f 2930//5755 2925//5755 2931//5755 
f 2936//5756 2939//5756 2937//5756 
f 2925//5757 2921//5757 2931//5757 
f 2924//5758 2921//5758 2925//5758 
f 2917//5759 2915//5759 2919//5759 
f 2919//5760 2915//5760 2921//5760 
f 2939//5761 2947//5761 2942//5761 
f 2942//5762 2947//5762 2943//5762 
f 2943//5763 2947//5763 2946//5763 
f 2939//5764 2949//5764 2947//5764 
f 2931//5765 2909//5765 2936//5765 
f 2921//5766 2909//5766 2931//5766 
f 2915//5767 2909//5767 2921//5767 
f 2912//5768 2909//5768 2913//5768 
f 2913//5769 2909//5769 2915//5769 
f 2949//5770 2953//5770 2951//5770 
f 2939//5771 2955//5771 2949//5771 
f 2949//5772 2955//5772 2953//5772 
f 2908//5773 2905//5773 2909//5773 
f 2955//5774 2959//5774 2958//5774 
f 2904//5775 2901//5775 2905//5775 
f 2955//5776 2961//5776 2959//5776 
f 2899//5777 2898//5777 2901//5777 
f 2961//5778 2966//5778 2963//5778 
f 2895//5779 2893//5779 2898//5779 
f 2936//5780 2970//5780 2939//5780 
f 2909//5781 2970//5781 2936//5781 
f 2939//5782 2970//5782 2955//5782 
f 2955//5783 2970//5783 2961//5783 
f 2966//5784 2970//5784 2967//5784 
f 2961//5785 2970//5785 2966//5785 
f 2909//5786 2887//5786 2970//5786 
f 2889//5787 2887//5787 2892//5787 
f 2892//5788 2887//5788 2893//5788 
f 2905//5789 2887//5789 2909//5789 
f 2901//5790 2887//5790 2905//5790 
f 2898//5791 2887//5791 2901//5791 
f 2893//5792 2887//5792 2898//5792 
f 2970//5793 2887//5793 2971//5793 
f 2973//5794 2978//5794 2976//5794 
f 2971//5795 2978//5795 2973//5795 
f 2883//5796 2881//5796 2886//5796 
f 2978//5797 2879//5797 2979//5797 
f 2887//5798 2879//5798 2971//5798 
f 2971//5799 2879//5799 2978//5799 
f 2881//5800 2879//5800 2886//5800 
f 2886//5801 2879//5801 2887//5801 
f 2979//5802 2983//5802 2981//5802 
f 2983//5803 2987//5803 2985//5803 
f 2979//5804 2987//5804 2983//5804 
f 2875//5805 2873//5805 2878//5805 
f 2878//5806 2873//5806 2879//5806 
f 2987//5807 2993//5807 2989//5807 
f 2989//5808 2993//5808 2992//5808 
f 2873//5809 2867//5809 2879//5809 
f 2869//5810 2867//5810 2872//5810 
f 2872//5811 2867//5811 2873//5811 
f 2987//5812 2995//5812 2993//5812 
f 2979//5813 2995//5813 2987//5813 
f 2866//5814 2863//5814 2867//5814 
f 2995//5815 3000//5815 2998//5815 
f 2979//5816 3000//5816 2995//5816 
f 2863//5817 2861//5817 2867//5817 
f 3000//5818 3004//5818 3001//5818 
f 2860//5819 2857//5819 2861//5819 
f 2861//5820 2857//5820 2867//5820 
f 2867//5821 2855//5821 2879//5821 
f 2857//5822 2855//5822 2867//5822 
f 3004//5823 3007//5823 3005//5823 
f 2979//5824 3010//5824 3000//5824 
f 3000//5825 3010//5825 3004//5825 
f 3004//5826 3010//5826 3007//5826 
f 2853//5827 2851//5827 2855//5827 
f 3010//5828 3013//5828 3011//5828 
f 2849//5829 2847//5829 2851//5829 
f 3010//5830 3015//5830 3013//5830 
f 2979//5831 3015//5831 3010//5831 
f 2851//5832 2846//5832 2855//5832 
f 2847//5833 2846//5833 2851//5833 
f 2979//5834 3018//5834 3015//5834 
f 3019//5835 3023//5835 3021//5835 
f 2839//5836 2837//5836 2841//5836 
f 2841//5837 2837//5837 2844//5837 
f 2844//5838 2837//5838 2846//5838 
f 2855//5839 2837//5839 2879//5839 
f 2846//5840 2837//5840 2855//5840 
f 3019//5841 2773//5841 3023//5841 
f 2879//5842 2774//5842 2979//5842 
f 3018//5843 2774//5843 3019//5843 
f 3019//5844 2774//5844 2773//5844 
f 2979//5845 2774//5845 3018//5845 
f 2833//5846 2832//5846 2835//5846 
f 2835//5847 2832//5847 2837//5847 
f 2774//5848 2779//5848 2777//5848 
f 2832//5849 2829//5849 2837//5849 
f 2829//5850 2824//5850 2837//5850 
f 2825//5851 2824//5851 2827//5851 
f 2827//5852 2824//5852 2829//5852 
f 2779//5853 2788//5853 2782//5853 
f 2782//5854 2788//5854 2784//5854 
f 2784//5855 2788//5855 2785//5855 
f 2821//5856 2820//5856 2824//5856 
f 2788//5857 2793//5857 2790//5857 
f 2790//5858 2793//5858 2791//5858 
f 2815//5859 2814//5859 2818//5859 
f 2818//5860 2814//5860 2820//5860 
f 2793//5861 2797//5861 2795//5861 
f 2779//5862 2797//5862 2788//5862 
f 2788//5863 2797//5863 2793//5863 
f 2824//5864 2811//5864 2837//5864 
f 2820//5865 2811//5865 2824//5865 
f 2814//5866 2811//5866 2820//5866 
f 2774//5867 2800//5867 2779//5867 
f 2779//5868 2800//5868 2797//5868 
f 2774//5869 2801//5869 2800//5869 
f 2837//5870 2805//5870 2879//5870 
f 2879//5871 2805//5871 2774//5871 
f 2801//5872 2805//5872 2803//5872 
f 2807//5873 2805//5873 2810//5873 
f 2810//5874 2805//5874 2811//5874 
f 2811//5875 2805//5875 2837//5875 
f 2774//5876 2805//5876 2801//5876 
f 2935//5877 2932//5877 2934//5877 
f 2926//5878 2928//5878 2929//5878 
f 2926//5879 2929//5879 2932//5879 
f 2940//5880 2935//5880 2938//5880 
f 2922//5881 2926//5881 2932//5881 
f 2922//5882 2923//5882 2926//5882 
f 2916//5883 2918//5883 2920//5883 
f 2916//5884 2920//5884 2922//5884 
f 2948//5885 2940//5885 2941//5885 
f 2948//5886 2941//5886 2944//5886 
f 2948//5887 2944//5887 2945//5887 
f 2950//5888 2940//5888 2948//5888 
f 2910//5889 2932//5889 2935//5889 
f 2910//5890 2922//5890 2932//5890 
f 2910//5891 2916//5891 2922//5891 
f 2910//5892 2911//5892 2914//5892 
f 2910//5893 2914//5893 2916//5893 
f 2954//5894 2950//5894 2952//5894 
f 2956//5895 2940//5895 2950//5895 
f 2956//5896 2950//5896 2954//5896 
f 2906//5897 2907//5897 2910//5897 
f 2960//5898 2956//5898 2957//5898 
f 2902//5899 2903//5899 2906//5899 
f 2962//5900 2956//5900 2960//5900 
f 2897//5901 2900//5901 2902//5901 
f 2965//5902 2962//5902 2964//5902 
f 2894//5903 2896//5903 2897//5903 
f 2969//5904 2935//5904 2940//5904 
f 2969//5905 2910//5905 2935//5905 
f 2969//5906 2940//5906 2956//5906 
f 2969//5907 2956//5907 2962//5907 
f 2969//5908 2965//5908 2968//5908 
f 2969//5909 2962//5909 2965//5909 
f 2888//5910 2910//5910 2969//5910 
f 2888//5911 2890//5911 2891//5911 
f 2888//5912 2891//5912 2894//5912 
f 2888//5913 2906//5913 2910//5913 
f 2888//5914 2902//5914 2906//5914 
f 2888//5915 2897//5915 2902//5915 
f 2888//5916 2894//5916 2897//5916 
f 2888//5917 2969//5917 2972//5917 
f 2977//5918 2974//5918 2975//5918 
f 2977//5919 2972//5919 2974//5919 
f 2882//5920 2884//5920 2885//5920 
f 2880//5921 2977//5921 2980//5921 
f 2880//5922 2888//5922 2972//5922 
f 2880//5923 2972//5923 2977//5923 
f 2880//5924 2882//5924 2885//5924 
f 2880//5925 2885//5925 2888//5925 
f 2984//5926 2980//5926 2982//5926 
f 2988//5927 2984//5927 2986//5927 
f 2988//5928 2980//5928 2984//5928 
f 2874//5929 2876//5929 2877//5929 
f 2874//5930 2877//5930 2880//5930 
f 2994//5931 2988//5931 2990//5931 
f 2994//5932 2990//5932 2991//5932 
f 2868//5933 2874//5933 2880//5933 
f 2868//5934 2870//5934 2871//5934 
f 2868//5935 2871//5935 2874//5935 
f 2996//5936 2988//5936 2994//5936 
f 2996//5937 2980//5937 2988//5937 
f 2864//5938 2865//5938 2868//5938 
f 2999//5939 2996//5939 2997//5939 
f 2999//5940 2980//5940 2996//5940 
f 2862//5941 2864//5941 2868//5941 
f 3003//5942 2999//5942 3002//5942 
f 2858//5943 2859//5943 2862//5943 
f 2858//5944 2862//5944 2868//5944 
f 2856//5945 2868//5945 2880//5945 
f 2856//5946 2858//5946 2868//5946 
f 3008//5947 3003//5947 3006//5947 
f 3009//5948 2980//5948 2999//5948 
f 3009//5949 2999//5949 3003//5949 
f 3009//5950 3003//5950 3008//5950 
f 2852//5951 2854//5951 2856//5951 
f 3014//5952 3009//5952 3012//5952 
f 2848//5953 2850//5953 2852//5953 
f 3016//5954 3009//5954 3014//5954 
f 3016//5955 2980//5955 3009//5955 
f 2845//5956 2852//5956 2856//5956 
f 2845//5957 2848//5957 2852//5957 
f 3017//5958 2980//5958 3016//5958 
f 3024//5959 3020//5959 3022//5959 
f 2838//5960 2840//5960 2842//5960 
f 2838//5961 2842//5961 2843//5961 
f 2838//5962 2843//5962 2845//5962 
f 2838//5963 2856//5963 2880//5963 
f 2838//5964 2845//5964 2856//5964 
f 2775//5965 3020//5965 3024//5965 
f 2776//5966 2880//5966 2980//5966 
f 2776//5967 3017//5967 3020//5967 
f 2776//5968 3020//5968 2775//5968 
f 2776//5969 2980//5969 3017//5969 
f 2831//5970 2834//5970 2836//5970 
f 2831//5971 2836//5971 2838//5971 
f 2780//5972 2776//5972 2778//5972 
f 2830//5973 2831//5973 2838//5973 
f 2823//5974 2830//5974 2838//5974 
f 2823//5975 2826//5975 2828//5975 
f 2823//5976 2828//5976 2830//5976 
f 2787//5977 2780//5977 2781//5977 
f 2787//5978 2781//5978 2783//5978 
f 2787//5979 2783//5979 2786//5979 
f 2819//5980 2822//5980 2823//5980 
f 2794//5981 2787//5981 2789//5981 
f 2794//5982 2789//5982 2792//5982 
f 2813//5983 2816//5983 2817//5983 
f 2813//5984 2817//5984 2819//5984 
f 2798//5985 2794//5985 2796//5985 
f 2798//5986 2780//5986 2787//5986 
f 2798//5987 2787//5987 2794//5987 
f 2812//5988 2823//5988 2838//5988 
f 2812//5989 2819//5989 2823//5989 
f 2812//5990 2813//5990 2819//5990 
f 2799//5991 2776//5991 2780//5991 
f 2799//5992 2780//5992 2798//5992 
f 2802//5993 2776//5993 2799//5993 
f 2806//5994 2838//5994 2880//5994 
f 2806//5995 2880//5995 2776//5995 
f 2806//5996 2802//5996 2804//5996 
f 2806//5997 2808//5997 2809//5997 
f 2806//5998 2809//5998 2812//5998 
f 2806//5999 2812//5999 2838//5999 
f 2806//6000 2776//6000 2802//6000 
o Type001_Screws_Bracket_Upright
usemtl color_727980
v 3403.0 -84.0 1413.0
v 3403.0 -24.0 1413.0
v 3402.987549 -84.0 1413.498413
v 3402.987549 -24.0 1413.498413
v 3402.950195 -24.0 1413.995728
v 3402.950195 -84.0 1413.995728
v 3402.888428 -24.0 1414.490479
v 3402.888428 -84.0 1414.490479
v 3402.801758 -84.0 1414.981445
v 3402.801758 -24.0 1414.981445
v 3402.690674 -24.0 1415.467529
v 3402.690674 -84.0 1415.467529
v 3402.555664 -24.0 1415.94751
v 3402.555664 -84.0 1415.94751
v 3402.396973 -24.0 1416.420166
v 3402.396973 -84.0 1416.420166
v 3402.214844 -24.0 1416.884399
v 3402.214844 -84.0 1416.884399
v 3402.009766 -24.0 1417.338867
v 3402.009766 -84.0 1417.338867
v 3401.782227 -84.0 1417.782593
v 3401.782227 -24.0 1417.782593
v 3401.532959 -24.0 1418.214355
v 3401.532959 -84.0 1418.214355
v 3401.262451 -24.0 1418.633179
v 3401.262451 -84.0 1418.633179
v 3400.971436 -84.0 1419.038086
v 3400.971436 -24.0 1419.038086
v 3400.6604 -24.0 1419.427856
v 3400.6604 -84.0 1419.427856
v 3400.330566 -24.0 1419.801758
v 3400.330566 -84.0 1419.801758
v 3399.982422 -24.0 1420.158691
v 3399.982422 -84.0 1420.158691
v 3399.616943 -24.0 1420.497803
v 3399.616943 -84.0 1420.497803
v 3399.234863 -84.0 1420.818359
v 3399.234863 -24.0 1420.818359
v 3398.837402 -24.0 1421.119385
v 3398.837402 -84.0 1421.119385
v 3398.425537 -24.0 1421.400269
v 3398.425537 -84.0 1421.400269
v 3398.0 -24.0 1421.660278
v 3398.0 -84.0 1421.660278
v 3397.562012 -84.0 1421.898682
v 3397.562012 -24.0 1421.898682
v 3397.112793 -84.0 1422.115112
v 3397.112793 -24.0 1422.115112
v 3396.65332 -24.0 1422.308716
v 3396.65332 -84.0 1422.308716
v 3396.184814 -84.0 1422.479248
v 3396.184814 -24.0 1422.479248
v 3395.708496 -24.0 1422.626221
v 3395.708496 -84.0 1422.626221
v 3395.225098 -24.0 1422.749268
v 3395.225098 -84.0 1422.749268
v 3394.736572 -24.0 1422.848022
v 3394.736572 -84.0 1422.848022
v 3394.243408 -24.0 1422.922363
v 3394.243408 -84.0 1422.922363
v 3393.747314 -24.0 1422.972046
v 3393.747314 -84.0 1422.972046
v 3393.249268 -24.0 1422.996948
v 3393.249268 -84.0 1422.996948
v 3392.750732 -24.0 1422.996948
v 3392.750732 -84.0 1422.996948
v 3392.252686 -84.0 1422.972046
v 3392.252686 -24.0 1422.972046
v 3391.756592 -24.0 1422.922363
v 3391.756592 -84.0 1422.922363
v 3391.263428 -24.0 1422.848022
v 3391.263428 -84.0 1422.848022
v 3390.774902 -24.0 1422.749268
v 3390.774902 -84.0 1422.749268
v 3390.291504 -24.0 1422.626221
v 3390.291504 -84.0 1422.626221
v 3389.815186 -24.0 1422.479248
v 3389.815186 -84.0 1422.479248
v 3389.34668 -24.0 1422.308716
v 3389.34668 -84.0 1422.308716
v 3388.887207 -24.0 1422.115112
v 3388.887207 -84.0 1422.115112
v 3388.437988 -24.0 1421.898682
v 3388.437988 -84.0 1421.898682
v 3388.0 -24.0 1421.660278
v 3388.0 -84.0 1421.660278
v 3387.574463 -84.0 1421.400269
v 3387.574463 -24.0 1421.400269
v 3387.162598 -24.0 1421.119385
v 3387.162598 -84.0 1421.119385
v 3386.765137 -24.0 1420.818359
v 3386.765137 -84.0 1420.818359
v 3386.383057 -84.0 1420.497803
v 3386.383057 -24.0 1420.497803
v 3386.017578 -24.0 1420.158691
v 3386.017578 -84.0 1420.158691
v 3385.669434 -24.0 1419.801758
v 3385.669434 -84.0 1419.801758
v 3385.3396 -84.0 1419.427856
v 3385.3396 -24.0 1419.427856
v 3385.028564 -24.0 1419.038086
v 3385.028564 -84.0 1419.038086
v 3384.737549 -24.0 1418.633179
v 3384.737549 -84.0 1418.633179
v 3384.467041 -84.0 1418.214355
v 3384.467041 -24.0 1418.214355
v 3384.217773 -24.0 1417.782593
v 3384.217773 -84.0 1417.782593
v 3383.990234 -24.0 1417.338867
v 3383.990234 -84.0 1417.338867
v 3383.785156 -24.0 1416.884399
v 3383.785156 -84.0 1416.884399
v 3383.603027 -84.0 1416.420166
v 3383.603027 -24.0 1416.420166
v 3383.444336 -24.0 1415.94751
v 3383.444336 -84.0 1415.94751
v 3383.309326 -24.0 1415.467529
v 3383.309326 -84.0 1415.467529
v 3383.198242 -84.0 1414.981445
v 3383.198242 -24.0 1414.981445
v 3383.111572 -24.0 1414.490479
v 3383.111572 -84.0 1414.490479
v 3383.049805 -24.0 1413.995728
v 3383.049805 -84.0 1413.995728
v 3383.012451 -84.0 1413.498413
v 3383.012451 -24.0 1413.498413
v 3383.0 -24.0 1413.0
v 3383.0 -84.0 1413.0
v 3383.012451 -24.0 1412.501587
v 3383.012451 -84.0 1412.501587
v 3383.049805 -24.0 1412.004272
v 3383.049805 -84.0 1412.004272
v 3383.111572 -84.0 1411.509521
v 3383.111572 -24.0 1411.509521
v 3383.198242 -24.0 1411.018555
v 3383.198242 -84.0 1411.018555
v 3383.309326 -24.0 1410.532471
v 3383.309326 -84.0 1410.532471
v 3383.444336 -84.0 1410.05249
v 3383.444336 -24.0 1410.05249
v 3383.603027 -84.0 1409.579834
v 3383.603027 -24.0 1409.579834
v 3383.785156 -24.0 1409.115601
v 3383.785156 -84.0 1409.115601
v 3383.990234 -84.0 1408.661133
v 3383.990234 -24.0 1408.661133
v 3384.217773 -24.0 1408.217407
v 3384.217773 -84.0 1408.217407
v 3384.467041 -24.0 1407.785645
v 3384.467041 -84.0 1407.785645
v 3384.737549 -24.0 1407.366821
v 3384.737549 -84.0 1407.366821
v 3385.028564 -24.0 1406.961914
v 3385.028564 -84.0 1406.961914
v 3385.3396 -84.0 1406.572144
v 3385.3396 -24.0 1406.572144
v 3385.669434 -24.0 1406.198242
v 3385.669434 -84.0 1406.198242
v 3386.017578 -24.0 1405.841309
v 3386.017578 -84.0 1405.841309
v 3386.383057 -24.0 1405.502197
v 3386.383057 -84.0 1405.502197
v 3386.765137 -84.0 1405.181641
v 3386.765137 -24.0 1405.181641
v 3387.162598 -24.0 1404.880615
v 3387.162598 -84.0 1404.880615
v 3387.574463 -84.0 1404.599731
v 3387.574463 -24.0 1404.599731
v 3388.0 -24.0 1404.339722
v 3388.0 -84.0 1404.339722
v 3388.437988 -24.0 1404.101318
v 3388.437988 -84.0 1404.101318
v 3388.887207 -24.0 1403.884888
v 3388.887207 -84.0 1403.884888
v 3389.34668 -84.0 1403.691284
v 3389.34668 -24.0 1403.691284
v 3389.815186 -24.0 1403.520752
v 3389.815186 -84.0 1403.520752
v 3390.291504 -84.0 1403.373779
v 3390.291504 -24.0 1403.373779
v 3390.774902 -24.0 1403.250732
v 3390.774902 -84.0 1403.250732
v 3391.263428 -24.0 1403.151978
v 3391.263428 -84.0 1403.151978
v 3391.756592 -84.0 1403.077637
v 3391.756592 -24.0 1403.077637
v 3392.252686 -24.0 1403.027954
v 3392.252686 -84.0 1403.027954
v 3392.750732 -24.0 1403.003052
v 3392.750732 -84.0 1403.003052
v 3393.249268 -84.0 1403.003052
v 3393.249268 -24.0 1403.003052
v 3393.747314 -84.0 1403.027954
v 3393.747314 -24.0 1403.027954
v 3394.243408 -24.0 1403.077637
v 3394.243408 -84.0 1403.077637
v 3394.736572 -84.0 1403.151978
v 3394.736572 -24.0 1403.151978
v 3395.225098 -84.0 1403.250732
v 3395.225098 -24.0 1403.250732
v 3395.708496 -84.0 1403.373779
v 3395.708496 -24.0 1403.373779
v 3396.184814 -24.0 1403.520752
v 3396.184814 -84.0 1403.520752
v 3396.65332 -24.0 1403.691284
v 3396.65332 -84.0 1403.691284
v 3397.112793 -84.0 1403.884888
v 3397.112793 -24.0 1403.884888
v 3397.562012 -84.0 1404.101318
v 3397.562012 -24.0 1404.101318
v 3398.0 -24.0 1404.339722
v 3398.0 -84.0 1404.339722
v 3398.425537 -24.0 1404.599731
v 3398.425537 -84.0 1404.599731
v 3398.837402 -24.0 1404.880615
v 3398.837402 -84.0 1404.880615
v 3399.234863 -24.0 1405.181641
v 3399.234863 -84.0 1405.181641
v 3399.616943 -84.0 1405.502197
v 3399.616943 -24.0 1405.502197
v 3399.982422 -24.0 1405.841309
v 3399.982422 -84.0 1405.841309
v 3400.330566 -24.0 1406.198242
v 3400.330566 -84.0 1406.198242
v 3400.6604 -84.0 1406.572144
v 3400.6604 -24.0 1406.572144
v 3400.971436 -84.0 1406.961914
v 3400.971436 -24.0 1406.961914
v 3401.262451 -24.0 1407.366821
v 3401.262451 -84.0 1407.366821
v 3401.532959 -24.0 1407.785645
v 3401.532959 -84.0 1407.785645
v 3401.782227 -24.0 1408.217407
v 3401.782227 -84.0 1408.217407
v 3402.009766 -24.0 1408.661133
v 3402.009766 -84.0 1408.661133
v 3402.214844 -84.0 1409.115601
v 3402.214844 -24.0 1409.115601
v 3402.396973 -24.0 1409.579834
v 3402.396973 -84.0 1409.579834
v 3402.555664 -24.0 1410.05249
v 3402.555664 -84.0 1410.05249
v 3402.690674 -24.0 1410.532471
v 3402.690674 -84.0 1410.532471
v 3402.801758 -24.0 1411.018555
v 3402.801758 -84.0 1411.018555
v 3402.888428 -24.0 1411.509521
v 3402.888428 -84.0 1411.509521
v 3402.950195 -24.0 1412.004272
v 3402.950195 -84.0 1412.004272
v 3402.987549 -24.0 1412.501587
v 3402.987549 -84.0 1412.501587
v 3512.0 -84.0 1413.0
v 3512.0 -24.0 1413.0
v 3511.987549 -84.0 1413.498413
v 3511.987549 -24.0 1413.498413
v 3511.950195 -24.0 1413.995728
v 3511.950195 -84.0 1413.995728
v 3511.888428 -24.0 1414.490479
v 3511.888428 -84.0 1414.490479
v 3511.801758 -84.0 1414.981445
v 3511.801758 -24.0 1414.981445
v 3511.690674 -24.0 1415.467529
v 3511.690674 -84.0 1415.467529
v 3511.555664 -24.0 1415.94751
v 3511.555664 -84.0 1415.94751
v 3511.396973 -24.0 1416.420166
v 3511.396973 -84.0 1416.420166
v 3511.214844 -24.0 1416.884399
v 3511.214844 -84.0 1416.884399
v 3511.009766 -24.0 1417.338867
v 3511.009766 -84.0 1417.338867
v 3510.782227 -84.0 1417.782593
v 3510.782227 -24.0 1417.782593
v 3510.532959 -24.0 1418.214355
v 3510.532959 -84.0 1418.214355
v 3510.262451 -24.0 1418.633179
v 3510.262451 -84.0 1418.633179
v 3509.971436 -84.0 1419.038086
v 3509.971436 -24.0 1419.038086
v 3509.6604 -24.0 1419.427856
v 3509.6604 -84.0 1419.427856
v 3509.330566 -24.0 1419.801758
v 3509.330566 -84.0 1419.801758
v 3508.982422 -24.0 1420.158691
v 3508.982422 -84.0 1420.158691
v 3508.616943 -24.0 1420.497803
v 3508.616943 -84.0 1420.497803
v 3508.234863 -84.0 1420.818359
v 3508.234863 -24.0 1420.818359
v 3507.837402 -24.0 1421.119385
v 3507.837402 -84.0 1421.119385
v 3507.425537 -24.0 1421.400269
v 3507.425537 -84.0 1421.400269
v 3507.0 -24.0 1421.660278
v 3507.0 -84.0 1421.660278
v 3506.562012 -84.0 1421.898682
v 3506.562012 -24.0 1421.898682
v 3506.112793 -84.0 1422.115112
v 3506.112793 -24.0 1422.115112
v 3505.65332 -24.0 1422.308716
v 3505.65332 -84.0 1422.308716
v 3505.184814 -84.0 1422.479248
v 3505.184814 -24.0 1422.479248
v 3504.708496 -24.0 1422.626221
v 3504.708496 -84.0 1422.626221
v 3504.225098 -24.0 1422.749268
v 3504.225098 -84.0 1422.749268
v 3503.736572 -24.0 1422.848022
v 3503.736572 -84.0 1422.848022
v 3503.243408 -24.0 1422.922363
v 3503.243408 -84.0 1422.922363
v 3502.747314 -24.0 1422.972046
v 3502.747314 -84.0 1422.972046
v 3502.249268 -24.0 1422.996948
v 3502.249268 -84.0 1422.996948
v 3501.750732 -24.0 1422.996948
v 3501.750732 -84.0 1422.996948
v 3501.252686 -84.0 1422.972046
v 3501.252686 -24.0 1422.972046
v 3500.756592 -24.0 1422.922363
v 3500.756592 -84.0 1422.922363
v 3500.263428 -24.0 1422.848022
v 3500.263428 -84.0 1422.848022
v 3499.774902 -24.0 1422.749268
v 3499.774902 -84.0 1422.749268
v 3499.291504 -24.0 1422.626221
v 3499.291504 -84.0 1422.626221
v 3498.815186 -24.0 1422.479248
v 3498.815186 -84.0 1422.479248
v 3498.34668 -24.0 1422.308716
v 3498.34668 -84.0 1422.308716
v 3497.887207 -24.0 1422.115112
v 3497.887207 -84.0 1422.115112
v 3497.437988 -24.0 1421.898682
v 3497.437988 -84.0 1421.898682
v 3497.0 -24.0 1421.660278
v 3497.0 -84.0 1421.660278
v 3496.574463 -84.0 1421.400269
v 3496.574463 -24.0 1421.400269
v 3496.162598 -24.0 1421.119385
v 3496.162598 -84.0 1421.119385
v 3495.765137 -24.0 1420.818359
v 3495.765137 -84.0 1420.818359
v 3495.383057 -84.0 1420.497803
v 3495.383057 -24.0 1420.497803
v 3495.017578 -24.0 1420.158691
v 3495.017578 -84.0 1420.158691
v 3494.669434 -24.0 1419.801758
v 3494.669434 -84.0 1419.801758
v 3494.3396 -84.0 1419.427856
v 3494.3396 -24.0 1419.427856
v 3494.028564 -24.0 1419.038086
v 3494.028564 -84.0 1419.038086
v 3493.737549 -24.0 1418.633179
v 3493.737549 -84.0 1418.633179
v 3493.467041 -84.0 1418.214355
v 3493.467041 -24.0 1418.214355
v 3493.217773 -24.0 1417.782593
v 3493.217773 -84.0 1417.782593
v 3492.990234 -24.0 1417.338867
v 3492.990234 -84.0 1417.338867
v 3492.785156 -24.0 1416.884399
v 3492.785156 -84.0 1416.884399
v 3492.603027 -84.0 1416.420166
v 3492.603027 -24.0 1416.420166
v 3492.444336 -24.0 1415.94751
v 3492.444336 -84.0 1415.94751
v 3492.309326 -24.0 1415.467529
v 3492.309326 -84.0 1415.467529
v 3492.198242 -84.0 1414.981445
v 3492.198242 -24.0 1414.981445
v 3492.111572 -24.0 1414.490479
v 3492.111572 -84.0 1414.490479
v 3492.049805 -24.0 1413.995728
v 3492.049805 -84.0 1413.995728
v 3492.012451 -84.0 1413.498413
v 3492.012451 -24.0 1413.498413
v 3492.0 -24.0 1413.0
v 3492.0 -84.0 1413.0
v 3492.012451 -24.0 1412.501587
v 3492.012451 -84.0 1412.501587
v 3492.049805 -24.0 1412.004272
v 3492.049805 -84.0 1412.004272
v 3492.111572 -84.0 1411.509521
v 3492.111572 -24.0 1411.509521
v 3492.198242 -24.0 1411.018555
v 3492.198242 -84.0 1411.018555
v 3492.309326 -24.0 1410.532471
v 3492.309326 -84.0 1410.532471
v 3492.444336 -84.0 1410.05249
v 3492.444336 -24.0 1410.05249
v 3492.603027 -84.0 1409.579834
v 3492.603027 -24.0 1409.579834
v 3492.785156 -24.0 1409.115601
v 3492.785156 -84.0 1409.115601
v 3492.990234 -84.0 1408.661133
v 3492.990234 -24.0 1408.661133
v 3493.217773 -24.0 1408.217407
v 3493.217773 -84.0 1408.217407
v 3493.467041 -24.0 1407.785645
v 3493.467041 -84.0 1407.785645
v 3493.737549 -24.0 1407.366821
v 3493.737549 -84.0 1407.366821
v 3494.028564 -24.0 1406.961914
v 3494.028564 -84.0 1406.961914
v 3494.3396 -84.0 1406.572144
v 3494.3396 -24.0 1406.572144
v 3494.669434 -24.0 1406.198242
v 3494.669434 -84.0 1406.198242
v 3495.017578 -24.0 1405.841309
v 3495.017578 -84.0 1405.841309
v 3495.383057 -24.0 1405.502197
v 3495.383057 -84.0 1405.502197
v 3495.765137 -84.0 1405.181641
v 3495.765137 -24.0 1405.181641
v 3496.162598 -24.0 1404.880615
v 3496.162598 -84.0 1404.880615
v 3496.574463 -84.0 1404.599731
v 3496.574463 -24.0 1404.599731
v 3497.0 -24.0 1404.339722
v 3497.0 -84.0 1404.339722
v 3497.437988 -24.0 1404.101318
v 3497.437988 -84.0 1404.101318
v 3497.887207 -24.0 1403.884888
v 3497.887207 -84.0 1403.884888
v 3498.34668 -84.0 1403.691284
v 3498.34668 -24.0 1403.691284
v 3498.815186 -24.0 1403.520752
v 3498.815186 -84.0 1403.520752
v 3499.291504 -84.0 1403.373779
v 3499.291504 -24.0 1403.373779
v 3499.774902 -24.0 1403.250732
v 3499.774902 -84.0 1403.250732
v 3500.263428 -24.0 1403.151978
v 3500.263428 -84.0 1403.151978
v 3500.756592 -84.0 1403.077637
v 3500.756592 -24.0 1403.077637
v 3501.252686 -24.0 1403.027954
v 3501.252686 -84.0 1403.027954
v 3501.750732 -24.0 1403.003052
v 3501.750732 -84.0 1403.003052
v 3502.249268 -84.0 1403.003052
v 3502.249268 -24.0 1403.003052
v 3502.747314 -84.0 1403.027954
v 3502.747314 -24.0 1403.027954
v 3503.243408 -24.0 1403.077637
v 3503.243408 -84.0 1403.077637
v 3503.736572 -84.0 1403.151978
v 3503.736572 -24.0 1403.151978
v 3504.225098 -84.0 1403.250732
v 3504.225098 -24.0 1403.250732
v 3504.708496 -84.0 1403.373779
v 3504.708496 -24.0 1403.373779
v 3505.184814 -24.0 1403.520752
v 3505.184814 -84.0 1403.520752
v 3505.65332 -24.0 1403.691284
v 3505.65332 -84.0 1403.691284
v 3506.112793 -84.0 1403.884888
v 3506.112793 -24.0 1403.884888
v 3506.562012 -84.0 1404.101318
v 3506.562012 -24.0 1404.101318
v 3507.0 -24.0 1404.339722
v 3507.0 -84.0 1404.339722
v 3507.425537 -24.0 1404.599731
v 3507.425537 -84.0 1404.599731
v 3507.837402 -24.0 1404.880615
v 3507.837402 -84.0 1404.880615
v 3508.234863 -24.0 1405.181641
v 3508.234863 -84.0 1405.181641
v 3508.616943 -84.0 1405.502197
v 3508.616943 -24.0 1405.502197
v 3508.982422 -24.0 1405.841309
v 3508.982422 -84.0 1405.841309
v 3509.330566 -24.0 1406.198242
v 3509.330566 -84.0 1406.198242
v 3509.6604 -84.0 1406.572144
v 3509.6604 -24.0 1406.572144
v 3509.971436 -84.0 1406.961914
v 3509.971436 -24.0 1406.961914
v 3510.262451 -24.0 1407.366821
v 3510.262451 -84.0 1407.366821
v 3510.532959 -24.0 1407.785645
v 3510.532959 -84.0 1407.785645
v 3510.782227 -24.0 1408.217407
v 3510.782227 -84.0 1408.217407
v 3511.009766 -24.0 1408.661133
v 3511.009766 -84.0 1408.661133
v 3511.214844 -84.0 1409.115601
v 3511.214844 -24.0 1409.115601
v 3511.396973 -24.0 1409.579834
v 3511.396973 -84.0 1409.579834
v 3511.555664 -24.0 1410.05249
v 3511.555664 -84.0 1410.05249
v 3511.690674 -24.0 1410.532471
v 3511.690674 -84.0 1410.532471
v 3511.801758 -24.0 1411.018555
v 3511.801758 -84.0 1411.018555
v 3511.888428 -24.0 1411.509521
v 3511.888428 -84.0 1411.509521
v 3511.950195 -24.0 1412.004272
v 3511.950195 -84.0 1412.004272
v 3511.987549 -24.0 1412.501587
v 3511.987549 -84.0 1412.501587
v 3512.0 -84.0 1296.0
v 3512.0 -24.0 1296.0
v 3511.987549 -84.0 1296.498413
v 3511.987549 -24.0 1296.498413
v 3511.950195 -24.0 1296.995728
v 3511.950195 -84.0 1296.995728
v 3511.888428 -24.0 1297.490479
v 3511.888428 -84.0 1297.490479
v 3511.801758 -84.0 1297.981445
v 3511.801758 -24.0 1297.981445
v 3511.690674 -24.0 1298.467529
v 3511.690674 -84.0 1298.467529
v 3511.555664 -24.0 1298.94751
v 3511.555664 -84.0 1298.94751
v 3511.396973 -24.0 1299.420166
v 3511.396973 -84.0 1299.420166
v 3511.214844 -24.0 1299.884399
v 3511.214844 -84.0 1299.884399
v 3511.009766 -24.0 1300.338867
v 3511.009766 -84.0 1300.338867
v 3510.782227 -84.0 1300.782593
v 3510.782227 -24.0 1300.782593
v 3510.532959 -24.0 1301.214355
v 3510.532959 -84.0 1301.214355
v 3510.262451 -24.0 1301.633179
v 3510.262451 -84.0 1301.633179
v 3509.971436 -84.0 1302.038086
v 3509.971436 -24.0 1302.038086
v 3509.6604 -24.0 1302.427856
v 3509.6604 -84.0 1302.427856
v 3509.330566 -24.0 1302.801758
v 3509.330566 -84.0 1302.801758
v 3508.982422 -24.0 1303.158691
v 3508.982422 -84.0 1303.158691
v 3508.616943 -24.0 1303.497803
v 3508.616943 -84.0 1303.497803
v 3508.234863 -84.0 1303.818359
v 3508.234863 -24.0 1303.818359
v 3507.837402 -24.0 1304.119385
v 3507.837402 -84.0 1304.119385
v 3507.425537 -24.0 1304.400269
v 3507.425537 -84.0 1304.400269
v 3507.0 -24.0 1304.660278
v 3507.0 -84.0 1304.660278
v 3506.562012 -84.0 1304.898682
v 3506.562012 -24.0 1304.898682
v 3506.112793 -84.0 1305.115112
v 3506.112793 -24.0 1305.115112
v 3505.65332 -24.0 1305.308716
v 3505.65332 -84.0 1305.308716
v 3505.184814 -84.0 1305.479248
v 3505.184814 -24.0 1305.479248
v 3504.708496 -24.0 1305.626221
v 3504.708496 -84.0 1305.626221
v 3504.225098 -24.0 1305.749268
v 3504.225098 -84.0 1305.749268
v 3503.736572 -24.0 1305.848022
v 3503.736572 -84.0 1305.848022
v 3503.243408 -24.0 1305.922363
v 3503.243408 -84.0 1305.922363
v 3502.747314 -24.0 1305.972046
v 3502.747314 -84.0 1305.972046
v 3502.249268 -24.0 1305.996948
v 3502.249268 -84.0 1305.996948
v 3501.750732 -24.0 1305.996948
v 3501.750732 -84.0 1305.996948
v 3501.252686 -84.0 1305.972046
v 3501.252686 -24.0 1305.972046
v 3500.756592 -24.0 1305.922363
v 3500.756592 -84.0 1305.922363
v 3500.263428 -24.0 1305.848022
v 3500.263428 -84.0 1305.848022
v 3499.774902 -24.0 1305.749268
v 3499.774902 -84.0 1305.749268
v 3499.291504 -24.0 1305.626221
v 3499.291504 -84.0 1305.626221
v 3498.815186 -24.0 1305.479248
v 3498.815186 -84.0 1305.479248
v 3498.34668 -24.0 1305.308716
v 3498.34668 -84.0 1305.308716
v 3497.887207 -24.0 1305.115112
v 3497.887207 -84.0 1305.115112
v 3497.437988 -24.0 1304.898682
v 3497.437988 -84.0 1304.898682
v 3497.0 -24.0 1304.660278
v 3497.0 -84.0 1304.660278
v 3496.574463 -84.0 1304.400269
v 3496.574463 -24.0 1304.400269
v 3496.162598 -24.0 1304.119385
v 3496.162598 -84.0 1304.119385
v 3495.765137 -24.0 1303.818359
v 3495.765137 -84.0 1303.818359
v 3495.383057 -84.0 1303.497803
v 3495.383057 -24.0 1303.497803
v 3495.017578 -24.0 1303.158691
v 3495.017578 -84.0 1303.158691
v 3494.669434 -24.0 1302.801758
v 3494.669434 -84.0 1302.801758
v 3494.3396 -84.0 1302.427856
v 3494.3396 -24.0 1302.427856
v 3494.028564 -24.0 1302.038086
v 3494.028564 -84.0 1302.038086
v 3493.737549 -24.0 1301.633179
v 3493.737549 -84.0 1301.633179
v 3493.467041 -84.0 1301.214355
v 3493.467041 -24.0 1301.214355
v 3493.217773 -24.0 1300.782593
v 3493.217773 -84.0 1300.782593
v 3492.990234 -24.0 1300.338867
v 3492.990234 -84.0 1300.338867
v 3492.785156 -24.0 1299.884399
v 3492.785156 -84.0 1299.884399
v 3492.603027 -84.0 1299.420166
v 3492.603027 -24.0 1299.420166
v 3492.444336 -24.0 1298.94751
v 3492.444336 -84.0 1298.94751
v 3492.309326 -24.0 1298.467529
v 3492.309326 -84.0 1298.467529
v 3492.198242 -84.0 1297.981445
v 3492.198242 -24.0 1297.981445
v 3492.111572 -24.0 1297.490479
v 3492.111572 -84.0 1297.490479
v 3492.049805 -24.0 1296.995728
v 3492.049805 -84.0 1296.995728
v 3492.012451 -84.0 1296.498413
v 3492.012451 -24.0 1296.498413
v 3492.0 -24.0 1296.0
v 3492.0 -84.0 1296.0
v 3492.012451 -24.0 1295.501587
v 3492.012451 -84.0 1295.501587
v 3492.049805 -24.0 1295.004272
v 3492.049805 -84.0 1295.004272
v 3492.111572 -84.0 1294.509521
v 3492.111572 -24.0 1294.509521
v 3492.198242 -24.0 1294.018555
v 3492.198242 -84.0 1294.018555
v 3492.309326 -24.0 1293.532471
v 3492.309326 -84.0 1293.532471
v 3492.444336 -84.0 1293.05249
v 3492.444336 -24.0 1293.05249
v 3492.603027 -84.0 1292.579834
v 3492.603027 -24.0 1292.579834
v 3492.785156 -24.0 1292.115601
v 3492.785156 -84.0 1292.115601
v 3492.990234 -84.0 1291.661133
v 3492.990234 -24.0 1291.661133
v 3493.217773 -24.0 1291.217407
v 3493.217773 -84.0 1291.217407
v 3493.467041 -24.0 1290.785645
v 3493.467041 -84.0 1290.785645
v 3493.737549 -24.0 1290.366821
v 3493.737549 -84.0 1290.366821
v 3494.028564 -24.0 1289.961914
v 3494.028564 -84.0 1289.961914
v 3494.3396 -84.0 1289.572144
v 3494.3396 -24.0 1289.572144
v 3494.669434 -24.0 1289.198242
v 3494.669434 -84.0 1289.198242
v 3495.017578 -24.0 1288.841309
v 3495.017578 -84.0 1288.841309
v 3495.383057 -24.0 1288.502197
v 3495.383057 -84.0 1288.502197
v 3495.765137 -84.0 1288.181641
v 3495.765137 -24.0 1288.181641
v 3496.162598 -24.0 1287.880615
v 3496.162598 -84.0 1287.880615
v 3496.574463 -84.0 1287.599731
v 3496.574463 -24.0 1287.599731
v 3497.0 -24.0 1287.339722
v 3497.0 -84.0 1287.339722
v 3497.437988 -24.0 1287.101318
v 3497.437988 -84.0 1287.101318
v 3497.887207 -24.0 1286.884888
v 3497.887207 -84.0 1286.884888
v 3498.34668 -84.0 1286.691284
v 3498.34668 -24.0 1286.691284
v 3498.815186 -24.0 1286.520752
v 3498.815186 -84.0 1286.520752
v 3499.291504 -84.0 1286.373779
v 3499.291504 -24.0 1286.373779
v 3499.774902 -24.0 1286.250732
v 3499.774902 -84.0 1286.250732
v 3500.263428 -24.0 1286.151978
v 3500.263428 -84.0 1286.151978
v 3500.756592 -84.0 1286.077637
v 3500.756592 -24.0 1286.077637
v 3501.252686 -24.0 1286.027954
v 3501.252686 -84.0 1286.027954
v 3501.750732 -24.0 1286.003052
v 3501.750732 -84.0 1286.003052
v 3502.249268 -84.0 1286.003052
v 3502.249268 -24.0 1286.003052
v 3502.747314 -84.0 1286.027954
v 3502.747314 -24.0 1286.027954
v 3503.243408 -24.0 1286.077637
v 3503.243408 -84.0 1286.077637
v 3503.736572 -84.0 1286.151978
v 3503.736572 -24.0 1286.151978
v 3504.225098 -84.0 1286.250732
v 3504.225098 -24.0 1286.250732
v 3504.708496 -84.0 1286.373779
v 3504.708496 -24.0 1286.373779
v 3505.184814 -24.0 1286.520752
v 3505.184814 -84.0 1286.520752
v 3505.65332 -24.0 1286.691284
v 3505.65332 -84.0 1286.691284
v 3506.112793 -84.0 1286.884888
v 3506.112793 -24.0 1286.884888
v 3506.562012 -84.0 1287.101318
v 3506.562012 -24.0 1287.101318
v 3507.0 -24.0 1287.339722
v 3507.0 -84.0 1287.339722
v 3507.425537 -24.0 1287.599731
v 3507.425537 -84.0 1287.599731
v 3507.837402 -24.0 1287.880615
v 3507.837402 -84.0 1287.880615
v 3508.234863 -24.0 1288.181641
v 3508.234863 -84.0 1288.181641
v 3508.616943 -84.0 1288.502197
v 3508.616943 -24.0 1288.502197
v 3508.982422 -24.0 1288.841309
v 3508.982422 -84.0 1288.841309
v 3509.330566 -24.0 1289.198242
v 3509.330566 -84.0 1289.198242
v 3509.6604 -84.0 1289.572144
v 3509.6604 -24.0 1289.572144
v 3509.971436 -84.0 1289.961914
v 3509.971436 -24.0 1289.961914
v 3510.262451 -24.0 1290.366821
v 3510.262451 -84.0 1290.366821
v 3510.532959 -24.0 1290.785645
v 3510.532959 -84.0 1290.785645
v 3510.782227 -24.0 1291.217407
v 3510.782227 -84.0 1291.217407
v 3511.009766 -24.0 1291.661133
v 3511.009766 -84.0 1291.661133
v 3511.214844 -84.0 1292.115601
v 3511.214844 -24.0 1292.115601
v 3511.396973 -24.0 1292.579834
v 3511.396973 -84.0 1292.579834
v 3511.555664 -24.0 1293.05249
v 3511.555664 -84.0 1293.05249
v 3511.690674 -24.0 1293.532471
v 3511.690674 -84.0 1293.532471
v 3511.801758 -24.0 1294.018555
v 3511.801758 -84.0 1294.018555
v 3511.888428 -24.0 1294.509521
v 3511.888428 -84.0 1294.509521
v 3511.950195 -24.0 1295.004272
v 3511.950195 -84.0 1295.004272
v 3511.987549 -24.0 1295.501587
v 3511.987549 -84.0 1295.501587
v 3403.0 -84.0 1296.0
v 3403.0 -24.0 1296.0
v 3402.987549 -84.0 1296.498413
v 3402.987549 -24.0 1296.498413
v 3402.950195 -24.0 1296.995728
v 3402.950195 -84.0 1296.995728
v 3402.888428 -24.0 1297.490479
v 3402.888428 -84.0 1297.490479
v 3402.801758 -84.0 1297.981445
v 3402.801758 -24.0 1297.981445
v 3402.690674 -24.0 1298.467529
v 3402.690674 -84.0 1298.467529
v 3402.555664 -24.0 1298.94751
v 3402.555664 -84.0 1298.94751
v 3402.396973 -24.0 1299.420166
v 3402.396973 -84.0 1299.420166
v 3402.214844 -24.0 1299.884399
v 3402.214844 -84.0 1299.884399
v 3402.009766 -24.0 1300.338867
v 3402.009766 -84.0 1300.338867
v 3401.782227 -84.0 1300.782593
v 3401.782227 -24.0 1300.782593
v 3401.532959 -24.0 1301.214355
v 3401.532959 -84.0 1301.214355
v 3401.262451 -24.0 1301.633179
v 3401.262451 -84.0 1301.633179
v 3400.971436 -84.0 1302.038086
v 3400.971436 -24.0 1302.038086
v 3400.6604 -24.0 1302.427856
v 3400.6604 -84.0 1302.427856
v 3400.330566 -24.0 1302.801758
v 3400.330566 -84.0 1302.801758
v 3399.982422 -24.0 1303.158691
v 3399.982422 -84.0 1303.158691
v 3399.616943 -24.0 1303.497803
v 3399.616943 -84.0 1303.497803
v 3399.234863 -84.0 1303.818359
v 3399.234863 -24.0 1303.818359
v 3398.837402 -24.0 1304.119385
v 3398.837402 -84.0 1304.119385
v 3398.425537 -24.0 1304.400269
v 3398.425537 -84.0 1304.400269
v 3398.0 -24.0 1304.660278
v 3398.0 -84.0 1304.660278
v 3397.562012 -84.0 1304.898682
v 3397.562012 -24.0 1304.898682
v 3397.112793 -84.0 1305.115112
v 3397.112793 -24.0 1305.115112
v 3396.65332 -24.0 1305.308716
v 3396.65332 -84.0 1305.308716
v 3396.184814 -84.0 1305.479248
v 3396.184814 -24.0 1305.479248
v 3395.708496 -24.0 1305.626221
v 3395.708496 -84.0 1305.626221
v 3395.225098 -24.0 1305.749268
v 3395.225098 -84.0 1305.749268
v 3394.736572 -24.0 1305.848022
v 3394.736572 -84.0 1305.848022
v 3394.243408 -24.0 1305.922363
v 3394.243408 -84.0 1305.922363
v 3393.747314 -24.0 1305.972046
v 3393.747314 -84.0 1305.972046
v 3393.249268 -24.0 1305.996948
v 3393.249268 -84.0 1305.996948
v 3392.750732 -24.0 1305.996948
v 3392.750732 -84.0 1305.996948
v 3392.252686 -84.0 1305.972046
v 3392.252686 -24.0 1305.972046
v 3391.756592 -24.0 1305.922363
v 3391.756592 -84.0 1305.922363
v 3391.263428 -24.0 1305.848022
v 3391.263428 -84.0 1305.848022
v 3390.774902 -24.0 1305.749268
v 3390.774902 -84.0 1305.749268
v 3390.291504 -24.0 1305.626221
v 3390.291504 -84.0 1305.626221
v 3389.815186 -24.0 1305.479248
v 3389.815186 -84.0 1305.479248
v 3389.34668 -24.0 1305.308716
v 3389.34668 -84.0 1305.308716
v 3388.887207 -24.0 1305.115112
v 3388.887207 -84.0 1305.115112
v 3388.437988 -24.0 1304.898682
v 3388.437988 -84.0 1304.898682
v 3388.0 -24.0 1304.660278
v 3388.0 -84.0 1304.660278
v 3387.574463 -84.0 1304.400269
v 3387.574463 -24.0 1304.400269
v 3387.162598 -24.0 1304.119385
v 3387.162598 -84.0 1304.119385
v 3386.765137 -24.0 1303.818359
v 3386.765137 -84.0 1303.818359
v 3386.383057 -84.0 1303.497803
v 3386.383057 -24.0 1303.497803
v 3386.017578 -24.0 1303.158691
v 3386.017578 -84.0 1303.158691
v 3385.669434 -24.0 1302.801758
v 3385.669434 -84.0 1302.801758
v 3385.3396 -84.0 1302.427856
v 3385.3396 -24.0 1302.427856
v 3385.028564 -24.0 1302.038086
v 3385.028564 -84.0 1302.038086
v 3384.737549 -24.0 1301.633179
v 3384.737549 -84.0 1301.633179
v 3384.467041 -84.0 1301.214355
v 3384.467041 -24.0 1301.214355
v 3384.217773 -24.0 1300.782593
v 3384.217773 -84.0 1300.782593
v 3383.990234 -24.0 1300.338867
v 3383.990234 -84.0 1300.338867
v 3383.785156 -24.0 1299.884399
v 3383.785156 -84.0 1299.884399
v 3383.603027 -84.0 1299.420166
v 3383.603027 -24.0 1299.420166
v 3383.444336 -24.0 1298.94751
v 3383.444336 -84.0 1298.94751
v 3383.309326 -24.0 1298.467529
v 3383.309326 -84.0 1298.467529
v 3383.198242 -84.0 1297.981445
v 3383.198242 -24.0 1297.981445
v 3383.111572 -24.0 1297.490479
v 3383.111572 -84.0 1297.490479
v 3383.049805 -24.0 1296.995728
v 3383.049805 -84.0 1296.995728
v 3383.012451 -84.0 1296.498413
v 3383.012451 -24.0 1296.498413
v 3383.0 -24.0 1296.0
v 3383.0 -84.0 1296.0
v 3383.012451 -24.0 1295.501587
v 3383.012451 -84.0 1295.501587
v 3383.049805 -24.0 1295.004272
v 3383.049805 -84.0 1295.004272
v 3383.111572 -84.0 1294.509521
v 3383.111572 -24.0 1294.509521
v 3383.198242 -24.0 1294.018555
v 3383.198242 -84.0 1294.018555
v 3383.309326 -24.0 1293.532471
v 3383.309326 -84.0 1293.532471
v 3383.444336 -84.0 1293.05249
v 3383.444336 -24.0 1293.05249
v 3383.603027 -84.0 1292.579834
v 3383.603027 -24.0 1292.579834
v 3383.785156 -24.0 1292.115601
v 3383.785156 -84.0 1292.115601
v 3383.990234 -84.0 1291.661133
v 3383.990234 -24.0 1291.661133
v 3384.217773 -24.0 1291.217407
v 3384.217773 -84.0 1291.217407
v 3384.467041 -24.0 1290.785645
v 3384.467041 -84.0 1290.785645
v 3384.737549 -24.0 1290.366821
v 3384.737549 -84.0 1290.366821
v 3385.028564 -24.0 1289.961914
v 3385.028564 -84.0 1289.961914
v 3385.3396 -84.0 1289.572144
v 3385.3396 -24.0 1289.572144
v 3385.669434 -24.0 1289.198242
v 3385.669434 -84.0 1289.198242
v 3386.017578 -24.0 1288.841309
v 3386.017578 -84.0 1288.841309
v 3386.383057 -24.0 1288.502197
v 3386.383057 -84.0 1288.502197
v 3386.765137 -84.0 1288.181641
v 3386.765137 -24.0 1288.181641
v 3387.162598 -24.0 1287.880615
v 3387.162598 -84.0 1287.880615
v 3387.574463 -84.0 1287.599731
v 3387.574463 -24.0 1287.599731
v 3388.0 -24.0 1287.339722
v 3388.0 -84.0 1287.339722
v 3388.437988 -24.0 1287.101318
v 3388.437988 -84.0 1287.101318
v 3388.887207 -24.0 1286.884888
v 3388.887207 -84.0 1286.884888
v 3389.34668 -84.0 1286.691284
v 3389.34668 -24.0 1286.691284
v 3389.815186 -24.0 1286.520752
v 3389.815186 -84.0 1286.520752
v 3390.291504 -84.0 1286.373779
v 3390.291504 -24.0 1286.373779
v 3390.774902 -24.0 1286.250732
v 3390.774902 -84.0 1286.250732
v 3391.263428 -24.0 1286.151978
v 3391.263428 -84.0 1286.151978
v 3391.756592 -84.0 1286.077637
v 3391.756592 -24.0 1286.077637
v 3392.252686 -24.0 1286.027954
v 3392.252686 -84.0 1286.027954
v 3392.750732 -24.0 1286.003052
v 3392.750732 -84.0 1286.003052
v 3393.249268 -84.0 1286.003052
v 3393.249268 -24.0 1286.003052
v 3393.747314 -84.0 1286.027954
v 3393.747314 -24.0 1286.027954
v 3394.243408 -24.0 1286.077637
v 3394.243408 -84.0 1286.077637
v 3394.736572 -84.0 1286.151978
v 3394.736572 -24.0 1286.151978
v 3395.225098 -84.0 1286.250732
v 3395.225098 -24.0 1286.250732
v 3395.708496 -84.0 1286.373779
v 3395.708496 -24.0 1286.373779
v 3396.184814 -24.0 1286.520752
v 3396.184814 -84.0 1286.520752
v 3396.65332 -24.0 1286.691284
v 3396.65332 -84.0 1286.691284
v 3397.112793 -84.0 1286.884888
v 3397.112793 -24.0 1286.884888
v 3397.562012 -84.0 1287.101318
v 3397.562012 -24.0 1287.101318
v 3398.0 -24.0 1287.339722
v 3398.0 -84.0 1287.339722
v 3398.425537 -24.0 1287.599731
v 3398.425537 -84.0 1287.599731
v 3398.837402 -24.0 1287.880615
v 3398.837402 -84.0 1287.880615
v 3399.234863 -24.0 1288.181641
v 3399.234863 -84.0 1288.181641
v 3399.616943 -84.0 1288.502197
v 3399.616943 -24.0 1288.502197
v 3399.982422 -24.0 1288.841309
v 3399.982422 -84.0 1288.841309
v 3400.330566 -24.0 1289.198242
v 3400.330566 -84.0 1289.198242
v 3400.6604 -84.0 1289.572144
v 3400.6604 -24.0 1289.572144
v 3400.971436 -84.0 1289.961914
v 3400.971436 -24.0 1289.961914
v 3401.262451 -24.0 1290.366821
v 3401.262451 -84.0 1290.366821
v 3401.532959 -24.0 1290.785645
v 3401.532959 -84.0 1290.785645
v 3401.782227 -24.0 1291.217407
v 3401.782227 -84.0 1291.217407
v 3402.009766 -24.0 1291.661133
v 3402.009766 -84.0 1291.661133
v 3402.214844 -84.0 1292.115601
v 3402.214844 -24.0 1292.115601
v 3402.396973 -24.0 1292.579834
v 3402.396973 -84.0 1292.579834
v 3402.555664 -24.0 1293.05249
v 3402.555664 -84.0 1293.05249
v 3402.690674 -24.0 1293.532471
v 3402.690674 -84.0 1293.532471
v 3402.801758 -24.0 1294.018555
v 3402.801758 -84.0 1294.018555
v 3402.888428 -24.0 1294.509521
v 3402.888428 -84.0 1294.509521
v 3402.950195 -24.0 1295.004272
v 3402.950195 -84.0 1295.004272
v 3402.987549 -24.0 1295.501587
v 3402.987549 -84.0 1295.501587
vn 0.999688 -0.0 0.024974
vn 0.999688 0.0 0.024974
vn 0.997191 0.0 0.074899
vn 0.997191 0.0 0.074899
vn 0.992297 0.0 0.123884
vn 0.984774 -0.0 0.173841
vn 0.992297 0.0 0.123884
vn 0.984774 0.0 0.173841
vn 0.974868 0.0 0.222785
vn 0.974868 0.0 0.222785
vn 0.962643 0.0 0.270774
vn 0.962643 0.0 0.270774
vn 0.947995 0.0 0.318284
vn 0.947995 0.0 0.318284
vn 0.930921 0.0 0.365221
vn 0.930921 0.0 0.365221
vn 0.911495 0.0 0.411311
vn 0.889828 -0.0 0.456297
vn 0.911495 0.0 0.411311
vn 0.889828 0.0 0.456297
vn 0.866035 0.0 0.499984
vn 0.866035 0.0 0.499984
vn 0.840023 0.0 0.542551
vn 0.840023 0.0 0.542551
vn 0.812026 -0.0 0.583621
vn 0.812026 0.0 0.583621
vn 0.781632 0.0 0.623739
vn 0.781632 0.0 0.623739
vn 0.749916 0.0 0.661533
vn 0.749916 0.0 0.661533
vn 0.715866 0.0 0.698238
vn 0.715866 0.0 0.698238
vn 0.680169 0.0 0.733055
vn 0.642733 -0.0 0.76609
vn 0.680169 0.0 0.733055
vn 0.642733 0.0 0.76609
vn 0.603754 0.0 0.797171
vn 0.603754 0.0 0.797171
vn 0.563428 0.0 0.826165
vn 0.563428 0.0 0.826165
vn 0.521391 0.0 0.853318
vn 0.47808 -0.0 0.878316
vn 0.521391 0.0 0.853318
vn 0.434044 -0.0 0.900892
vn 0.47808 0.0 0.878316
vn 0.434044 0.0 0.900892
vn 0.388298 0.0 0.921534
vn 0.342038 -0.0 0.939686
vn 0.388298 0.0 0.921534
vn 0.342038 0.0 0.939686
vn 0.294843 0.0 0.955546
vn 0.294843 0.0 0.955546
vn 0.246679 0.0 0.969097
vn 0.246679 0.0 0.969097
vn 0.198141 0.0 0.980174
vn 0.198141 0.0 0.980174
vn 0.149059 0.0 0.988828
vn 0.149059 0.0 0.988828
vn 0.099649 0.0 0.995023
vn 0.099649 0.0 0.995023
vn 0.049938 0.0 0.998752
vn 0.049938 0.0 0.998752
vn 0.0 0.0 1.0
vn -0.049938 0.0 0.998752
vn 0.0 0.0 1.0
vn -0.049938 0.0 0.998752
vn -0.099649 0.0 0.995023
vn -0.099649 0.0 0.995023
vn -0.149059 0.0 0.988828
vn -0.149059 0.0 0.988828
vn -0.198141 0.0 0.980174
vn -0.198141 0.0 0.980174
vn -0.246679 0.0 0.969097
vn -0.246679 0.0 0.969097
vn -0.294843 0.0 0.955546
vn -0.294843 0.0 0.955546
vn -0.342038 0.0 0.939686
vn -0.342038 0.0 0.939686
vn -0.388298 0.0 0.921534
vn -0.388298 0.0 0.921534
vn -0.434044 0.0 0.900892
vn -0.434044 0.0 0.900892
vn -0.47808 0.0 0.878316
vn -0.47808 0.0 0.878316
vn -0.521391 0.0 0.853318
vn -0.521391 0.0 0.853318
vn -0.563428 0.0 0.826165
vn -0.563428 0.0 0.826165
vn -0.603754 0.0 0.797171
vn -0.603754 0.0 0.797171
vn -0.642733 0.0 0.76609
vn -0.642733 0.0 0.76609
vn -0.680169 0.0 0.733055
vn -0.680169 0.0 0.733055
vn -0.715866 0.0 0.698238
vn -0.715866 0.0 0.698238
vn -0.749916 0.0 0.661533
vn -0.749916 0.0 0.661533
vn -0.781632 0.0 0.623739
vn -0.781632 0.0 0.623739
vn -0.812026 0.0 0.583621
vn -0.840023 0.0 0.542551
vn -0.812026 0.0 0.583621
vn -0.840023 0.0 0.542551
vn -0.866035 0.0 0.499984
vn -0.866035 0.0 0.499984
vn -0.889828 0.0 0.456297
vn -0.889828 0.0 0.456297
vn -0.911495 0.0 0.411311
vn -0.930921 0.0 0.365221
vn -0.911495 0.0 0.411311
vn -0.930921 0.0 0.365221
vn -0.947995 0.0 0.318284
vn -0.947995 0.0 0.318284
vn -0.962643 0.0 0.270774
vn -0.974868 0.0 0.222785
vn -0.962643 0.0 0.270774
vn -0.974868 0.0 0.222785
vn -0.984774 0.0 0.173841
vn -0.984774 0.0 0.173841
vn -0.992297 0.0 0.123884
vn -0.997191 0.0 0.074899
vn -0.992297 0.0 0.123884
vn -0.997191 0.0 0.074899
vn -0.999688 0.0 0.024974
vn -0.999688 0.0 0.024974
vn -0.999688 -0.0 -0.024974
vn -0.999688 0.0 -0.024974
vn -0.997191 -0.0 -0.074899
vn -0.997191 0.0 -0.074899
vn -0.992297 0.0 -0.123884
vn -0.992297 0.0 -0.123884
vn -0.984774 -0.0 -0.173841
vn -0.984774 0.0 -0.173841
vn -0.974868 -0.0 -0.222785
vn -0.974868 0.0 -0.222785
vn -0.962643 0.0 -0.270774
vn -0.962643 0.0 -0.270774
vn -0.947995 0.0 -0.318284
vn -0.947995 0.0 -0.318284
vn -0.930921 -0.0 -0.365221
vn -0.930921 0.0 -0.365221
vn -0.911495 0.0 -0.411311
vn -0.911495 0.0 -0.411311
vn -0.889828 -0.0 -0.456297
vn -0.889828 0.0 -0.456297
vn -0.866035 -0.0 -0.499984
vn -0.866035 0.0 -0.499984
vn -0.840023 -0.0 -0.542551
vn -0.840023 0.0 -0.542551
vn -0.812026 -0.0 -0.583621
vn -0.812026 0.0 -0.583621
vn -0.781632 0.0 -0.623739
vn -0.781632 0.0 -0.623739
vn -0.749916 -0.0 -0.661533
vn -0.749916 0.0 -0.661533
vn -0.715866 -0.0 -0.698238
vn -0.715866 0.0 -0.698238
vn -0.680169 -0.0 -0.733055
vn -0.680169 0.0 -0.733055
vn -0.642733 0.0 -0.76609
vn -0.642733 0.0 -0.76609
vn -0.603754 -0.0 -0.797171
vn -0.603754 0.0 -0.797171
vn -0.563428 0.0 -0.826165
vn -0.563428 0.0 -0.826165
vn -0.521391 0.0 -0.853318
vn -0.521391 -0.0 -0.853318
vn -0.47808 0.0 -0.878316
vn -0.47808 -0.0 -0.878316
vn -0.434044 0.0 -0.900892
vn -0.388298 0.0 -0.921534
vn -0.434044 -0.0 -0.900892
vn -0.388298 0.0 -0.921534
vn -0.342038 -0.0 -0.939686
vn -0.342038 0.0 -0.939686
vn -0.294843 0.0 -0.955546
vn -0.294843 0.0 -0.955546
vn -0.246679 -0.0 -0.969097
vn -0.246679 0.0 -0.969097
vn -0.198141 -0.0 -0.980174
vn -0.198141 0.0 -0.980174
vn -0.149059 0.0 -0.988828
vn -0.149059 0.0 -0.988828
vn -0.099649 -0.0 -0.995023
vn -0.099649 0.0 -0.995023
vn -0.049938 -0.0 -0.998752
vn -0.049938 0.0 -0.998752
vn 0.0 0.0 -1.0
vn 0.0 0.0 -1.0
vn 0.049938 0.0 -0.998752
vn 0.049938 0.0 -0.998752
vn 0.099649 0.0 -0.995023
vn 0.099649 0.0 -0.995023
vn 0.149059 0.0 -0.988828
vn 0.149059 0.0 -0.988828
vn 0.246679 0.0 -0.969097
vn 0.198141 0.0 -0.980174
vn 0.198141 0.0 -0.980174
vn 0.246679 0.0 -0.969097
vn 0.294843 0.0 -0.955546
vn 0.294843 0.0 -0.955546
vn 0.342038 0.0 -0.939686
vn 0.388298 0.0 -0.921534
vn 0.342038 0.0 -0.939686
vn 0.434044 0.0 -0.900892
vn 0.388298 0.0 -0.921534
vn 0.434044 0.0 -0.900892
vn 0.47808 0.0 -0.878316
vn 0.47808 0.0 -0.878316
vn 0.521391 0.0 -0.853318
vn 0.521391 0.0 -0.853318
vn 0.563428 0.0 -0.826165
vn 0.563428 0.0 -0.826165
vn 0.603754 0.0 -0.797171
vn 0.642733 0.0 -0.76609
vn 0.603754 0.0 -0.797171
vn 0.642733 0.0 -0.76609
vn 0.680169 0.0 -0.733055
vn 0.680169 0.0 -0.733055
vn 0.715866 0.0 -0.698238
vn 0.749916 0.0 -0.661533
vn 0.715866 0.0 -0.698238
vn 0.781632 0.0 -0.623739
vn 0.749916 0.0 -0.661533
vn 0.781632 0.0 -0.623739
vn 0.812026 0.0 -0.583621
vn 0.812026 0.0 -0.583621
vn 0.840023 0.0 -0.542551
vn 0.840023 0.0 -0.542551
vn 0.866035 0.0 -0.499984
vn 0.866035 0.0 -0.499984
vn 0.889828 0.0 -0.456297
vn 0.889828 0.0 -0.456297
vn 0.911495 0.0 -0.411311
vn 0.911495 0.0 -0.411311
vn 0.930921 0.0 -0.365221
vn 0.930921 0.0 -0.365221
vn 0.947995 0.0 -0.318284
vn 0.947995 0.0 -0.318284
vn 0.962643 0.0 -0.270774
vn 0.962643 0.0 -0.270774
vn 0.974868 0.0 -0.222785
vn 0.974868 0.0 -0.222785
vn 0.984774 0.0 -0.173841
vn 0.984774 0.0 -0.173841
vn 0.992297 0.0 -0.123884
vn 0.992297 0.0 -0.123884
vn 0.997191 0.0 -0.074899
vn 0.997191 0.0 -0.074899
vn 0.999688 0.0 -0.024974
vn 0.999688 0.0 -0.024974
vn -0.0 1.0 -0.0
vn -0.0 1.0 -0.0
vn 0.0 1.0 0.0
vn -0.0 1.0 -0.0
vn -0.0 1.0 -0.0
vn -0.0 1.0 -0.0
vn -0.0 1.0 -0.0
vn 0.0 1.0 0.0
vn -0.0 1.0 -0.0
vn -0.0 1.0 -0.0
vn 0.0 1.0 0.0
vn 0.0 1.0 0.0
vn 0.0 1.0 0.0
vn -0.0 1.0 -0.0
vn -0.0 1.0 -0.0
vn -0.0 1.0 -0.0
vn -0.0 1.0 -0.0
vn -0.0 1.0 -0.0
vn 0.0 1.0 0.0
vn 0.0 1.0 0.0
vn -0.0 1.0 -0.0
vn 0.0 1.0 0.0
vn -0.0 1.0 -0.0
vn 0.0 1.0 0.0
vn 0.0 1.0 0.0
vn 0.0 1.0 0.0
vn -0.0 1.0 0.0
vn 0.0 1.0 0.0
vn -0.0 1.0 0.0
vn -0.0 1.0 0.0
vn 0.0 1.0 0.0
vn 0.0 1.0 0.0
vn 0.0 1.0 0.0
vn -0.0 1.0 0.0
vn -0.0 1.0 0.0
vn -0.0 1.0 0.0
vn -0.0 1.0 0.0
vn -0.0 1.0 0.0
vn 0.0 1.0 -0.0
vn -0.0 1.0 0.0
vn -0.0 1.0 0.0
vn -0.0 1.0 0.0
vn -0.0 1.0 0.0
vn -0.0 1.0 -0.0
vn 0.0 1.0 0.0
vn 0.0 1.0 0.0
vn -0.0 1.0 0.0
vn 0.0 1.0 0.0
vn 0.0 1.0 0.0
vn -0.0 1.0 0.0
vn -0.0 1.0 0.0
vn 0.0 1.0 0.0
vn 0.0 1.0 0.0
vn 0.0 1.0 0.0
vn 0.0 1.0 0.0
vn 0.0 1.0 0.0
vn -0.0 1.0 0.0
vn -0.0 1.0 0.0
vn -0.0 1.0 0.0
vn 0.0 1.0 0.0
vn -0.0 1.0 0.0
vn -0.0 1.0 0.0
vn 0.0 1.0 0.0
vn 0.0 1.0 0.0
vn -0.0 1.0 0.0
vn -0.0 1.0 0.0
vn 0.0 1.0 0.0
vn -0.0 1.0 0.0
vn 0.0 1.0 -0.0
vn -0.0 1.0 0.0
vn -0.0 1.0 0.0
vn 0.0 1.0 -0.0
vn -0.0 1.0 0.0
vn 0.0 1.0 0.0
vn 0.0 1.0 0.0
vn 0.0 1.0 0.0
vn 0.0 1.0 0.0
vn -0.0 1.0 0.0
vn -0.0 1.0 0.0
vn 0.0 1.0 0.0
vn 0.0 1.0 0.0
vn -0.0 1.0 0.0
vn -0.0 1.0 0.0
vn 0.0 1.0 0.0
vn 0.0 1.0 0.0
vn 0.0 1.0 0.0
vn -0.0 1.0 0.0
vn -0.0 1.0 0.0
vn -0.0 1.0 0.0
vn 0.0 1.0 0.0
vn 0.0 1.0 0.0
vn 0.0 1.0 0.0
vn 0.0 1.0 0.0
vn 0.0 1.0 0.0
vn 0.0 1.0 0.0
vn 0.0 1.0 0.0
vn 0.0 1.0 0.0
vn 0.0 1.0 0.0
vn 0.0 1.0 0.0
vn 0.0 1.0 0.0
vn 0.0 1.0 0.0
vn 0.0 1.0 0.0
vn 0.0 1.0 0.0
vn 0.0 1.0 0.0
vn 0.0 1.0 -0.0
vn 0.0 1.0 0.0
vn 0.0 1.0 0.0
vn 0.0 1.0 0.0
vn 0.0 1.0 0.0
vn 0.0 1.0 0.0
vn 0.0 1.0 0.0
vn 0.0 1.0 0.0
vn 0.0 1.0 0.0
vn 0.0 1.0 0.0
vn 0.0 1.0 0.0
vn 0.0 1.0 0.0
vn 0.0 1.0 0.0
vn 0.0 1.0 0.0
vn 0.0 1.0 0.0
vn 0.0 1.0 0.0
vn 0.0 1.0 0.0
vn 0.0 1.0 0.0
vn 0.0 1.0 0.0
vn 0.0 1.0 0.0
vn 0.0 -1.0 0.0
vn 0.0 -1.0 0.0
vn 0.0 -1.0 0.0
vn 0.0 -1.0 0.0
vn 0.0 -1.0 0.0
vn 0.0 -1.0 0.0
vn 0.0 -1.0 0.0
vn 0.0 -1.0 0.0
vn 0.0 -1.0 0.0
vn 0.0 -1.0 0.0
vn 0.0 -1.0 0.0
vn 0.0 -1.0 0.0
vn 0.0 -1.0 0.0
vn 0.0 -1.0 0.0
vn 0.0 -1.0 0.0
vn 0.0 -1.0 0.0
vn 0.0 -1.0 0.0
vn 0.0 -1.0 0.0
vn 0.0 -1.0 0.0
vn 0.0 -1.0 0.0
vn 0.0 -1.0 0.0
vn 0.0 -1.0 0.0
vn 0.0 -1.0 0.0
vn 0.0 -1.0 0.0
vn 0.0 -1.0 0.0
vn 0.0 -1.0 0.0
vn 0.0 -1.0 -0.0
vn 0.0 -1.0 0.0
vn 0.0 -1.0 0.0
vn 0.0 -1.0 0.0
vn 0.0 -1.0 0.0
vn 0.0 -1.0 0.0
vn 0.0 -1.0 0.0
vn 0.0 -1.0 0.0
vn 0.0 -1.0 0.0
vn 0.0 -1.0 0.0
vn 0.0 -1.0 0.0
vn 0.0 -1.0 0.0
vn 0.0 -1.0 0.0
vn 0.0 -1.0 0.0
vn 0.0 -1.0 0.0
vn 0.0 -1.0 -0.0
vn 0.0 -1.0 0.0
vn 0.0 -1.0 0.0
vn 0.0 -1.0 0.0
vn 0.0 -1.0 0.0
vn 0.0 -1.0 0.0
vn 0.0 -1.0 0.0
vn 0.0 -1.0 0.0
vn 0.0 -1.0 0.0
vn 0.0 -1.0 0.0
vn 0.0 -1.0 0.0
vn 0.0 -1.0 0.0
vn 0.0 -1.0 0.0
vn 0.0 -1.0 0.0
vn 0.0 -1.0 0.0
vn 0.0 -1.0 0.0
vn 0.0 -1.0 0.0
vn 0.0 -1.0 0.0
vn 0.0 -1.0 0.0
vn 0.0 -1.0 0.0
vn 0.0 -1.0 0.0
vn 0.0 -1.0 0.0
vn 0.0 -1.0 0.0
vn 0.0 -1.0 0.0
vn 0.0 -1.0 0.0
vn 0.0 -1.0 0.0
vn 0.0 -1.0 -0.0
vn 0.0 -1.0 0.0
vn 0.0 -1.0 0.0
vn 0.0 -1.0 0.0
vn 0.0 -1.0 0.0
vn 0.0 -1.0 0.0
vn 0.0 -1.0 0.0
vn 0.0 -1.0 0.0
vn 0.0 -1.0 0.0
vn 0.0 -1.0 0.0
vn 0.0 -1.0 0.0
vn 0.0 -1.0 0.0
vn 0.0 -1.0 0.0
vn 0.0 -1.0 0.0
vn 0.0 -1.0 -0.0
vn 0.0 -1.0 0.0
vn -0.0 -1.0 0.0
vn 0.0 -1.0 0.0
vn 0.0 -1.0 0.0
vn 0.0 -1.0 0.0
vn 0.0 -1.0 0.0
vn 0.0 -1.0 0.0
vn 0.0 -1.0 0.0
vn 0.0 -1.0 0.0
vn 0.0 -1.0 0.0
vn 0.0 -1.0 0.0
vn -0.0 -1.0 0.0
vn 0.0 -1.0 0.0
vn 0.0 -1.0 0.0
vn 0.0 -1.0 0.0
vn 0.0 -1.0 0.0
vn 0.0 -1.0 0.0
vn 0.0 -1.0 0.0
vn 0.0 -1.0 0.0
vn 0.0 -1.0 0.0
vn 0.0 -1.0 0.0
vn 0.0 -1.0 0.0
vn 0.0 -1.0 0.0
vn 0.0 -1.0 0.0
vn 0.0 -1.0 0.0
vn 0.0 -1.0 0.0
vn 0.0 -1.0 0.0
vn 0.0 -1.0 0.0
vn 0.0 -1.0 0.0
vn 0.0 -1.0 0.0
vn 0.0 -1.0 0.0
vn -0.0 -1.0 -0.0
vn 0.0 -1.0 0.0
vn 0.0 -1.0 0.0
vn 0.0 -1.0 0.0
vn 0.0 -1.0 0.0
vn 0.0 -1.0 0.0
vn 0.0 -1.0 0.0
vn 0.0 -1.0 0.0
vn -0.0 -1.0 -0.0
vn 0.0 -1.0 0.0
vn 0.0 -1.0 0.0
vn 0.999688 -0.0 0.024974
vn 0.999688 0.0 0.024974
vn 0.997191 0.0 0.074899
vn 0.997191 0.0 0.074899
vn 0.992297 0.0 0.123884
vn 0.984774 -0.0 0.173841
vn 0.992297 0.0 0.123884
vn 0.984774 0.0 0.173841
vn 0.974868 0.0 0.222785
vn 0.974868 0.0 0.222785
vn 0.962643 0.0 0.270774
vn 0.962643 0.0 0.270774
vn 0.947995 0.0 0.318284
vn 0.947995 0.0 0.318284
vn 0.930921 0.0 0.365221
vn 0.930921 0.0 0.365221
vn 0.911495 0.0 0.411311
vn 0.889828 -0.0 0.456297
vn 0.911495 0.0 0.411311
vn 0.889828 0.0 0.456297
vn 0.866035 0.0 0.499984
vn 0.866035 0.0 0.499984
vn 0.840023 0.0 0.542551
vn 0.840023 0.0 0.542551
vn 0.812026 -0.0 0.583621
vn 0.812026 0.0 0.583621
vn 0.781632 0.0 0.623739
vn 0.781632 0.0 0.623739
vn 0.749916 0.0 0.661533
vn 0.749916 0.0 0.661533
vn 0.715866 0.0 0.698238
vn 0.715866 0.0 0.698238
vn 0.680169 0.0 0.733055
vn 0.642733 -0.0 0.76609
vn 0.680169 0.0 0.733055
vn 0.642733 0.0 0.76609
vn 0.603754 0.0 0.797171
vn 0.603754 0.0 0.797171
vn 0.563428 0.0 0.826165
vn 0.563428 0.0 0.826165
vn 0.521391 0.0 0.853318
vn 0.47808 -0.0 0.878316
vn 0.521391 0.0 0.853318
vn 0.434044 -0.0 0.900892
vn 0.47808 0.0 0.878316
vn 0.434044 0.0 0.900892
vn 0.388298 0.0 0.921534
vn 0.342038 -0.0 0.939686
vn 0.388298 0.0 0.921534
vn 0.342038 0.0 0.939686
vn 0.294843 0.0 0.955546
vn 0.294843 0.0 0.955546
vn 0.246679 0.0 0.969097
vn 0.246679 0.0 0.969097
vn 0.198141 0.0 0.980174
vn 0.198141 0.0 0.980174
vn 0.149059 0.0 0.988828
vn 0.149059 0.0 0.988828
vn 0.099649 0.0 0.995023
vn 0.099649 0.0 0.995023
vn 0.049938 0.0 0.998752
vn 0.049938 0.0 0.998752
vn 0.0 0.0 1.0
vn -0.049938 0.0 0.998752
vn 0.0 0.0 1.0
vn -0.049938 0.0 0.998752
vn -0.099649 0.0 0.995023
vn -0.099649 0.0 0.995023
vn -0.149059 0.0 0.988828
vn -0.149059 0.0 0.988828
vn -0.198141 0.0 0.980174
vn -0.198141 0.0 0.980174
vn -0.246679 0.0 0.969097
vn -0.246679 0.0 0.969097
vn -0.294843 0.0 0.955546
vn -0.294843 0.0 0.955546
vn -0.342038 0.0 0.939686
vn -0.342038 0.0 0.939686
vn -0.388298 0.0 0.921534
vn -0.388298 0.0 0.921534
vn -0.434044 0.0 0.900892
vn -0.434044 0.0 0.900892
vn -0.47808 0.0 0.878316
vn -0.47808 0.0 0.878316
vn -0.521391 0.0 0.853318
vn -0.521391 0.0 0.853318
vn -0.563428 0.0 0.826165
vn -0.563428 0.0 0.826165
vn -0.603754 0.0 0.797171
vn -0.603754 0.0 0.797171
vn -0.642733 0.0 0.76609
vn -0.642733 0.0 0.76609
vn -0.680169 0.0 0.733055
vn -0.680169 0.0 0.733055
vn -0.715866 0.0 0.698238
vn -0.715866 0.0 0.698238
vn -0.749916 0.0 0.661533
vn -0.749916 0.0 0.661533
vn -0.781632 0.0 0.623739
vn -0.781632 0.0 0.623739
vn -0.812026 0.0 0.583621
vn -0.840023 0.0 0.542551
vn -0.812026 0.0 0.583621
vn -0.840023 0.0 0.542551
vn -0.866035 0.0 0.499984
vn -0.866035 0.0 0.499984
vn -0.889828 0.0 0.456297
vn -0.889828 0.0 0.456297
vn -0.911495 0.0 0.411311
vn -0.930921 0.0 0.365221
vn -0.911495 0.0 0.411311
vn -0.930921 0.0 0.365221
vn -0.947995 0.0 0.318284
vn -0.947995 0.0 0.318284
vn -0.962643 0.0 0.270774
vn -0.974868 0.0 0.222785
vn -0.962643 0.0 0.270774
vn -0.974868 0.0 0.222785
vn -0.984774 0.0 0.173841
vn -0.984774 0.0 0.173841
vn -0.992297 0.0 0.123884
vn -0.997191 0.0 0.074899
vn -0.992297 0.0 0.123884
vn -0.997191 0.0 0.074899
vn -0.999688 0.0 0.024974
vn -0.999688 0.0 0.024974
vn -0.999688 -0.0 -0.024974
vn -0.999688 0.0 -0.024974
vn -0.997191 -0.0 -0.074899
vn -0.997191 0.0 -0.074899
vn -0.992297 0.0 -0.123884
vn -0.992297 0.0 -0.123884
vn -0.984774 -0.0 -0.173841
vn -0.984774 0.0 -0.173841
vn -0.974868 -0.0 -0.222785
vn -0.974868 0.0 -0.222785
vn -0.962643 0.0 -0.270774
vn -0.962643 0.0 -0.270774
vn -0.947995 0.0 -0.318284
vn -0.947995 0.0 -0.318284
vn -0.930921 -0.0 -0.365221
vn -0.930921 0.0 -0.365221
vn -0.911495 0.0 -0.411311
vn -0.911495 0.0 -0.411311
vn -0.889828 -0.0 -0.456297
vn -0.889828 0.0 -0.456297
vn -0.866035 -0.0 -0.499984
vn -0.866035 0.0 -0.499984
vn -0.840023 -0.0 -0.542551
vn -0.840023 0.0 -0.542551
vn -0.812026 -0.0 -0.583621
vn -0.812026 0.0 -0.583621
vn -0.781632 0.0 -0.623739
vn -0.781632 0.0 -0.623739
vn -0.749916 -0.0 -0.661533
vn -0.749916 0.0 -0.661533
vn -0.715866 -0.0 -0.698238
vn -0.715866 0.0 -0.698238
vn -0.680169 -0.0 -0.733055
vn -0.680169 0.0 -0.733055
vn -0.642733 0.0 -0.76609
vn -0.642733 0.0 -0.76609
vn -0.603754 -0.0 -0.797171
vn -0.603754 0.0 -0.797171
vn -0.563428 0.0 -0.826165
vn -0.563428 0.0 -0.826165
vn -0.521391 0.0 -0.853318
vn -0.521391 -0.0 -0.853318
vn -0.47808 0.0 -0.878316
vn -0.47808 -0.0 -0.878316
vn -0.434044 0.0 -0.900892
vn -0.388298 0.0 -0.921534
vn -0.434044 -0.0 -0.900892
vn -0.388298 0.0 -0.921534
vn -0.342038 -0.0 -0.939686
vn -0.342038 0.0 -0.939686
vn -0.294843 0.0 -0.955546
vn -0.294843 0.0 -0.955546
vn -0.246679 -0.0 -0.969097
vn -0.246679 0.0 -0.969097
vn -0.198141 -0.0 -0.980174
vn -0.198141 0.0 -0.980174
vn -0.149059 0.0 -0.988828
vn -0.149059 0.0 -0.988828
vn -0.099649 -0.0 -0.995023
vn -0.099649 0.0 -0.995023
vn -0.049938 -0.0 -0.998752
vn -0.049938 0.0 -0.998752
vn 0.0 0.0 -1.0
vn 0.0 0.0 -1.0
vn 0.049938 0.0 -0.998752
vn 0.049938 0.0 -0.998752
vn 0.099649 0.0 -0.995023
vn 0.099649 0.0 -0.995023
vn 0.149059 0.0 -0.988828
vn 0.149059 0.0 -0.988828
vn 0.246679 0.0 -0.969097
vn 0.198141 0.0 -0.980174
vn 0.198141 0.0 -0.980174
vn 0.246679 0.0 -0.969097
vn 0.294843 0.0 -0.955546
vn 0.294843 0.0 -0.955546
vn 0.342038 0.0 -0.939686
vn 0.388298 0.0 -0.921534
vn 0.342038 0.0 -0.939686
vn 0.434044 0.0 -0.900892
vn 0.388298 0.0 -0.921534
vn 0.434044 0.0 -0.900892
vn 0.47808 0.0 -0.878316
vn 0.47808 0.0 -0.878316
vn 0.521391 0.0 -0.853318
vn 0.521391 0.0 -0.853318
vn 0.563428 0.0 -0.826165
vn 0.563428 0.0 -0.826165
vn 0.603754 0.0 -0.797171
vn 0.642733 0.0 -0.76609
vn 0.603754 0.0 -0.797171
vn 0.642733 0.0 -0.76609
vn 0.680169 0.0 -0.733055
vn 0.680169 0.0 -0.733055
vn 0.715866 0.0 -0.698238
vn 0.749916 0.0 -0.661533
vn 0.715866 0.0 -0.698238
vn 0.781632 0.0 -0.623739
vn 0.749916 0.0 -0.661533
vn 0.781632 0.0 -0.623739
vn 0.812026 0.0 -0.583621
vn 0.812026 0.0 -0.583621
vn 0.840023 0.0 -0.542551
vn 0.840023 0.0 -0.542551
vn 0.866035 0.0 -0.499984
vn 0.866035 0.0 -0.499984
vn 0.889828 0.0 -0.456297
vn 0.889828 0.0 -0.456297
vn 0.911495 0.0 -0.411311
vn 0.911495 0.0 -0.411311
vn 0.930921 0.0 -0.365221
vn 0.930921 0.0 -0.365221
vn 0.947995 0.0 -0.318284
vn 0.947995 0.0 -0.318284
vn 0.962643 0.0 -0.270774
vn 0.962643 0.0 -0.270774
vn 0.974868 0.0 -0.222785
vn 0.974868 0.0 -0.222785
vn 0.984774 0.0 -0.173841
vn 0.984774 0.0 -0.173841
vn 0.992297 0.0 -0.123884
vn 0.992297 0.0 -0.123884
vn 0.997191 0.0 -0.074899
vn 0.997191 0.0 -0.074899
vn 0.999688 0.0 -0.024974
vn 0.999688 0.0 -0.024974
vn -0.0 1.0 -0.0
vn -0.0 1.0 -0.0
vn 0.0 1.0 0.0
vn -0.0 1.0 -0.0
vn -0.0 1.0 -0.0
vn -0.0 1.0 -0.0
vn -0.0 1.0 -0.0
vn 0.0 1.0 0.0
vn -0.0 1.0 -0.0
vn -0.0 1.0 -0.0
vn 0.0 1.0 0.0
vn 0.0 1.0 0.0
vn 0.0 1.0 0.0
vn -0.0 1.0 -0.0
vn -0.0 1.0 -0.0
vn -0.0 1.0 -0.0
vn -0.0 1.0 -0.0
vn -0.0 1.0 -0.0
vn 0.0 1.0 0.0
vn 0.0 1.0 0.0
vn -0.0 1.0 -0.0
vn 0.0 1.0 0.0
vn -0.0 1.0 -0.0
vn 0.0 1.0 0.0
vn 0.0 1.0 0.0
vn 0.0 1.0 0.0
vn -0.0 1.0 0.0
vn 0.0 1.0 0.0
vn -0.0 1.0 0.0
vn -0.0 1.0 0.0
vn 0.0 1.0 0.0
vn 0.0 1.0 0.0
vn 0.0 1.0 0.0
vn -0.0 1.0 0.0
vn -0.0 1.0 0.0
vn -0.0 1.0 0.0
vn -0.0 1.0 0.0
vn -0.0 1.0 0.0
vn 0.0 1.0 -0.0
vn -0.0 1.0 0.0
vn -0.0 1.0 0.0
vn -0.0 1.0 0.0
vn -0.0 1.0 0.0
vn -0.0 1.0 -0.0
vn 0.0 1.0 0.0
vn 0.0 1.0 0.0
vn -0.0 1.0 0.0
vn 0.0 1.0 0.0
vn 0.0 1.0 0.0
vn -0.0 1.0 0.0
vn -0.0 1.0 0.0
vn 0.0 1.0 0.0
vn 0.0 1.0 0.0
vn 0.0 1.0 0.0
vn 0.0 1.0 0.0
vn 0.0 1.0 0.0
vn -0.0 1.0 0.0
vn -0.0 1.0 0.0
vn -0.0 1.0 0.0
vn 0.0 1.0 0.0
vn -0.0 1.0 0.0
vn -0.0 1.0 0.0
vn 0.0 1.0 0.0
vn 0.0 1.0 0.0
vn -0.0 1.0 0.0
vn -0.0 1.0 0.0
vn 0.0 1.0 0.0
vn -0.0 1.0 0.0
vn 0.0 1.0 -0.0
vn -0.0 1.0 0.0
vn -0.0 1.0 0.0
vn 0.0 1.0 -0.0
vn -0.0 1.0 0.0
vn 0.0 1.0 0.0
vn 0.0 1.0 0.0
vn 0.0 1.0 0.0
vn 0.0 1.0 0.0
vn -0.0 1.0 0.0
vn -0.0 1.0 0.0
vn 0.0 1.0 0.0
vn 0.0 1.0 0.0
vn -0.0 1.0 0.0
vn -0.0 1.0 0.0
vn 0.0 1.0 0.0
vn 0.0 1.0 0.0
vn 0.0 1.0 0.0
vn -0.0 1.0 0.0
vn -0.0 1.0 0.0
vn -0.0 1.0 0.0
vn 0.0 1.0 0.0
vn 0.0 1.0 0.0
vn 0.0 1.0 0.0
vn 0.0 1.0 0.0
vn 0.0 1.0 0.0
vn 0.0 1.0 0.0
vn 0.0 1.0 0.0
vn 0.0 1.0 0.0
vn 0.0 1.0 0.0
vn 0.0 1.0 0.0
vn 0.0 1.0 0.0
vn 0.0 1.0 0.0
vn 0.0 1.0 0.0
vn 0.0 1.0 0.0
vn 0.0 1.0 0.0
vn 0.0 1.0 -0.0
vn 0.0 1.0 0.0
vn 0.0 1.0 0.0
vn 0.0 1.0 0.0
vn 0.0 1.0 0.0
vn 0.0 1.0 0.0
vn 0.0 1.0 0.0
vn 0.0 1.0 0.0
vn 0.0 1.0 0.0
vn 0.0 1.0 0.0
vn 0.0 1.0 0.0
vn 0.0 1.0 0.0
vn 0.0 1.0 0.0
vn 0.0 1.0 0.0
vn 0.0 1.0 0.0
vn 0.0 1.0 0.0
vn 0.0 1.0 0.0
vn 0.0 1.0 0.0
vn 0.0 1.0 0.0
vn 0.0 1.0 0.0
vn 0.0 -1.0 0.0
vn 0.0 -1.0 0.0
vn 0.0 -1.0 0.0
vn 0.0 -1.0 0.0
vn 0.0 -1.0 0.0
vn 0.0 -1.0 0.0
vn 0.0 -1.0 0.0
vn 0.0 -1.0 0.0
vn 0.0 -1.0 0.0
vn 0.0 -1.0 0.0
vn 0.0 -1.0 0.0
vn 0.0 -1.0 0.0
vn 0.0 -1.0 0.0
vn 0.0 -1.0 0.0
vn 0.0 -1.0 0.0
vn 0.0 -1.0 0.0
vn 0.0 -1.0 0.0
vn 0.0 -1.0 0.0
vn 0.0 -1.0 0.0
vn 0.0 -1.0 0.0
vn 0.0 -1.0 0.0
vn 0.0 -1.0 0.0
vn 0.0 -1.0 0.0
vn 0.0 -1.0 0.0
vn 0.0 -1.0 0.0
vn 0.0 -1.0 0.0
vn 0.0 -1.0 -0.0
vn 0.0 -1.0 0.0
vn 0.0 -1.0 0.0
vn 0.0 -1.0 0.0
vn 0.0 -1.0 0.0
vn 0.0 -1.0 0.0
vn 0.0 -1.0 0.0
vn 0.0 -1.0 0.0
vn 0.0 -1.0 0.0
vn 0.0 -1.0 0.0
vn 0.0 -1.0 0.0
vn 0.0 -1.0 0.0
vn 0.0 -1.0 0.0
vn 0.0 -1.0 0.0
vn 0.0 -1.0 0.0
vn 0.0 -1.0 -0.0
vn 0.0 -1.0 0.0
vn 0.0 -1.0 0.0
vn 0.0 -1.0 0.0
vn 0.0 -1.0 0.0
vn 0.0 -1.0 0.0
vn 0.0 -1.0 0.0
vn 0.0 -1.0 0.0
vn 0.0 -1.0 0.0
vn 0.0 -1.0 0.0
vn 0.0 -1.0 0.0
vn 0.0 -1.0 0.0
vn 0.0 -1.0 0.0
vn 0.0 -1.0 0.0
vn 0.0 -1.0 0.0
vn 0.0 -1.0 0.0
vn 0.0 -1.0 0.0
vn 0.0 -1.0 0.0
vn 0.0 -1.0 0.0
vn 0.0 -1.0 0.0
vn 0.0 -1.0 0.0
vn 0.0 -1.0 0.0
vn 0.0 -1.0 0.0
vn 0.0 -1.0 0.0
vn 0.0 -1.0 0.0
vn 0.0 -1.0 0.0
vn 0.0 -1.0 -0.0
vn 0.0 -1.0 0.0
vn 0.0 -1.0 0.0
vn 0.0 -1.0 0.0
vn 0.0 -1.0 0.0
vn 0.0 -1.0 0.0
vn 0.0 -1.0 0.0
vn 0.0 -1.0 0.0
vn 0.0 -1.0 0.0
vn 0.0 -1.0 0.0
vn 0.0 -1.0 0.0
vn 0.0 -1.0 0.0
vn 0.0 -1.0 0.0
vn 0.0 -1.0 0.0
vn 0.0 -1.0 -0.0
vn 0.0 -1.0 0.0
vn -0.0 -1.0 0.0
vn 0.0 -1.0 0.0
vn 0.0 -1.0 0.0
vn 0.0 -1.0 0.0
vn 0.0 -1.0 0.0
vn 0.0 -1.0 0.0
vn 0.0 -1.0 0.0
vn 0.0 -1.0 0.0
vn 0.0 -1.0 0.0
vn 0.0 -1.0 0.0
vn -0.0 -1.0 0.0
vn 0.0 -1.0 0.0
vn 0.0 -1.0 0.0
vn 0.0 -1.0 0.0
vn 0.0 -1.0 0.0
vn 0.0 -1.0 0.0
vn 0.0 -1.0 0.0
vn 0.0 -1.0 0.0
vn 0.0 -1.0 0.0
vn 0.0 -1.0 0.0
vn 0.0 -1.0 0.0
vn 0.0 -1.0 0.0
vn 0.0 -1.0 0.0
vn 0.0 -1.0 0.0
vn 0.0 -1.0 0.0
vn 0.0 -1.0 0.0
vn 0.0 -1.0 0.0
vn 0.0 -1.0 0.0
vn 0.0 -1.0 0.0
vn 0.0 -1.0 0.0
vn -0.0 -1.0 -0.0
vn 0.0 -1.0 0.0
vn 0.0 -1.0 0.0
vn 0.0 -1.0 0.0
vn 0.0 -1.0 0.0
vn 0.0 -1.0 0.0
vn 0.0 -1.0 0.0
vn 0.0 -1.0 0.0
vn -0.0 -1.0 -0.0
vn 0.0 -1.0 0.0
vn 0.0 -1.0 0.0
vn 0.999688 -0.0 0.024974
vn 0.999688 0.0 0.024974
vn 0.997191 0.0 0.074899
vn 0.997191 0.0 0.074899
vn 0.992297 0.0 0.123884
vn 0.984774 -0.0 0.173841
vn 0.992297 0.0 0.123884
vn 0.984774 0.0 0.173841
vn 0.974868 0.0 0.222785
vn 0.974868 0.0 0.222785
vn 0.962643 0.0 0.270774
vn 0.962643 0.0 0.270774
vn 0.947995 0.0 0.318284
vn 0.947995 0.0 0.318284
vn 0.930921 0.0 0.365221
vn 0.930921 0.0 0.365221
vn 0.911495 0.0 0.411311
vn 0.889828 -0.0 0.456297
vn 0.911495 0.0 0.411311
vn 0.889828 0.0 0.456297
vn 0.866035 0.0 0.499984
vn 0.866035 0.0 0.499984
vn 0.840023 0.0 0.542551
vn 0.840023 0.0 0.542551
vn 0.812026 -0.0 0.583621
vn 0.812026 0.0 0.583621
vn 0.781632 0.0 0.623739
vn 0.781632 0.0 0.623739
vn 0.749916 0.0 0.661533
vn 0.749916 0.0 0.661533
vn 0.715866 0.0 0.698238
vn 0.715866 0.0 0.698238
vn 0.680169 0.0 0.733055
vn 0.642733 -0.0 0.76609
vn 0.680169 0.0 0.733055
vn 0.642733 0.0 0.76609
vn 0.603754 0.0 0.797171
vn 0.603754 0.0 0.797171
vn 0.563428 0.0 0.826165
vn 0.563428 0.0 0.826165
vn 0.521391 0.0 0.853318
vn 0.47808 -0.0 0.878316
vn 0.521391 0.0 0.853318
vn 0.434044 -0.0 0.900892
vn 0.47808 0.0 0.878316
vn 0.434044 0.0 0.900892
vn 0.388298 0.0 0.921534
vn 0.342038 -0.0 0.939686
vn 0.388298 0.0 0.921534
vn 0.342038 0.0 0.939686
vn 0.294843 0.0 0.955546
vn 0.294843 0.0 0.955546
vn 0.246679 0.0 0.969097
vn 0.246679 0.0 0.969097
vn 0.198141 0.0 0.980174
vn 0.198141 0.0 0.980174
vn 0.149059 0.0 0.988828
vn 0.149059 0.0 0.988828
vn 0.099649 0.0 0.995023
vn 0.099649 0.0 0.995023
vn 0.049938 0.0 0.998752
vn 0.049938 0.0 0.998752
vn 0.0 0.0 1.0
vn -0.049938 0.0 0.998752
vn 0.0 0.0 1.0
vn -0.049938 0.0 0.998752
vn -0.099649 0.0 0.995023
vn -0.099649 0.0 0.995023
vn -0.149059 0.0 0.988828
vn -0.149059 0.0 0.988828
vn -0.198141 0.0 0.980174
vn -0.198141 0.0 0.980174
vn -0.246679 0.0 0.969097
vn -0.246679 0.0 0.969097
vn -0.294843 0.0 0.955546
vn -0.294843 0.0 0.955546
vn -0.342038 0.0 0.939686
vn -0.342038 0.0 0.939686
vn -0.388298 0.0 0.921534
vn -0.388298 0.0 0.921534
vn -0.434044 0.0 0.900892
vn -0.434044 0.0 0.900892
vn -0.47808 0.0 0.878316
vn -0.47808 0.0 0.878316
vn -0.521391 0.0 0.853318
vn -0.521391 0.0 0.853318
vn -0.563428 0.0 0.826165
vn -0.563428 0.0 0.826165
vn -0.603754 0.0 0.797171
vn -0.603754 0.0 0.797171
vn -0.642733 0.0 0.76609
vn -0.642733 0.0 0.76609
vn -0.680169 0.0 0.733055
vn -0.680169 0.0 0.733055
vn -0.715866 0.0 0.698238
vn -0.715866 0.0 0.698238
vn -0.749916 0.0 0.661533
vn -0.749916 0.0 0.661533
vn -0.781632 0.0 0.623739
vn -0.781632 0.0 0.623739
vn -0.812026 0.0 0.583621
vn -0.840023 0.0 0.542551
vn -0.812026 0.0 0.583621
vn -0.840023 0.0 0.542551
vn -0.866035 0.0 0.499984
vn -0.866035 0.0 0.499984
vn -0.889828 0.0 0.456297
vn -0.889828 0.0 0.456297
vn -0.911495 0.0 0.411311
vn -0.930921 0.0 0.365221
vn -0.911495 0.0 0.411311
vn -0.930921 0.0 0.365221
vn -0.947995 0.0 0.318284
vn -0.947995 0.0 0.318284
vn -0.962643 0.0 0.270774
vn -0.974868 0.0 0.222785
vn -0.962643 0.0 0.270774
vn -0.974868 0.0 0.222785
vn -0.984774 0.0 0.173841
vn -0.984774 0.0 0.173841
vn -0.992297 0.0 0.123884
vn -0.997191 0.0 0.074899
vn -0.992297 0.0 0.123884
vn -0.997191 0.0 0.074899
vn -0.999688 0.0 0.024974
vn -0.999688 0.0 0.024974
vn -0.999688 -0.0 -0.024974
vn -0.999688 0.0 -0.024974
vn -0.997191 -0.0 -0.074899
vn -0.997191 0.0 -0.074899
vn -0.992297 0.0 -0.123884
vn -0.992297 0.0 -0.123884
vn -0.984774 -0.0 -0.173841
vn -0.984774 0.0 -0.173841
vn -0.974868 -0.0 -0.222785
vn -0.974868 0.0 -0.222785
vn -0.962643 0.0 -0.270774
vn -0.962643 0.0 -0.270774
vn -0.947995 0.0 -0.318284
vn -0.947995 0.0 -0.318284
vn -0.930921 -0.0 -0.365221
vn -0.930921 0.0 -0.365221
vn -0.911495 0.0 -0.411311
vn -0.911495 0.0 -0.411311
vn -0.889828 -0.0 -0.456297
vn -0.889828 0.0 -0.456297
vn -0.866035 -0.0 -0.499984
vn -0.866035 0.0 -0.499984
vn -0.840023 -0.0 -0.542551
vn -0.840023 0.0 -0.542551
vn -0.812026 -0.0 -0.583621
vn -0.812026 0.0 -0.583621
vn -0.781632 0.0 -0.623739
vn -0.781632 0.0 -0.623739
vn -0.749916 -0.0 -0.661533
vn -0.749916 0.0 -0.661533
vn -0.715866 -0.0 -0.698238
vn -0.715866 0.0 -0.698238
vn -0.680169 -0.0 -0.733055
vn -0.680169 0.0 -0.733055
vn -0.642733 0.0 -0.76609
vn -0.642733 0.0 -0.76609
vn -0.603754 -0.0 -0.797171
vn -0.603754 0.0 -0.797171
vn -0.563428 0.0 -0.826165
vn -0.563428 0.0 -0.826165
vn -0.521391 0.0 -0.853318
vn -0.521391 -0.0 -0.853318
vn -0.47808 0.0 -0.878316
vn -0.47808 -0.0 -0.878316
vn -0.434044 0.0 -0.900892
vn -0.388298 0.0 -0.921534
vn -0.434044 -0.0 -0.900892
vn -0.388298 0.0 -0.921534
vn -0.342038 -0.0 -0.939686
vn -0.342038 0.0 -0.939686
vn -0.294843 0.0 -0.955546
vn -0.294843 0.0 -0.955546
vn -0.246679 -0.0 -0.969097
vn -0.246679 0.0 -0.969097
vn -0.198141 -0.0 -0.980174
vn -0.198141 0.0 -0.980174
vn -0.149059 0.0 -0.988828
vn -0.149059 0.0 -0.988828
vn -0.099649 -0.0 -0.995023
vn -0.099649 0.0 -0.995023
vn -0.049938 -0.0 -0.998752
vn -0.049938 0.0 -0.998752
vn 0.0 0.0 -1.0
vn 0.0 0.0 -1.0
vn 0.049938 0.0 -0.998752
vn 0.049938 0.0 -0.998752
vn 0.099649 0.0 -0.995023
vn 0.099649 0.0 -0.995023
vn 0.149059 0.0 -0.988828
vn 0.149059 0.0 -0.988828
vn 0.246679 0.0 -0.969097
vn 0.198141 0.0 -0.980174
vn 0.198141 0.0 -0.980174
vn 0.246679 0.0 -0.969097
vn 0.294843 0.0 -0.955546
vn 0.294843 0.0 -0.955546
vn 0.342038 0.0 -0.939686
vn 0.388298 0.0 -0.921534
vn 0.342038 0.0 -0.939686
vn 0.434044 0.0 -0.900892
vn 0.388298 0.0 -0.921534
vn 0.434044 0.0 -0.900892
vn 0.47808 0.0 -0.878316
vn 0.47808 0.0 -0.878316
vn 0.521391 0.0 -0.853318
vn 0.521391 0.0 -0.853318
vn 0.563428 0.0 -0.826165
vn 0.563428 0.0 -0.826165
vn 0.603754 0.0 -0.797171
vn 0.642733 0.0 -0.76609
vn 0.603754 0.0 -0.797171
vn 0.642733 0.0 -0.76609
vn 0.680169 0.0 -0.733055
vn 0.680169 0.0 -0.733055
vn 0.715866 0.0 -0.698238
vn 0.749916 0.0 -0.661533
vn 0.715866 0.0 -0.698238
vn 0.781632 0.0 -0.623739
vn 0.749916 0.0 -0.661533
vn 0.781632 0.0 -0.623739
vn 0.812026 0.0 -0.583621
vn 0.812026 0.0 -0.583621
vn 0.840023 0.0 -0.542551
vn 0.840023 0.0 -0.542551
vn 0.866035 0.0 -0.499984
vn 0.866035 0.0 -0.499984
vn 0.889828 0.0 -0.456297
vn 0.889828 0.0 -0.456297
vn 0.911495 0.0 -0.411311
vn 0.911495 0.0 -0.411311
vn 0.930921 0.0 -0.365221
vn 0.930921 0.0 -0.365221
vn 0.947995 0.0 -0.318284
vn 0.947995 0.0 -0.318284
vn 0.962643 0.0 -0.270774
vn 0.962643 0.0 -0.270774
vn 0.974868 0.0 -0.222785
vn 0.974868 0.0 -0.222785
vn 0.984774 0.0 -0.173841
vn 0.984774 0.0 -0.173841
vn 0.992297 0.0 -0.123884
vn 0.992297 0.0 -0.123884
vn 0.997191 0.0 -0.074899
vn 0.997191 0.0 -0.074899
vn 0.999688 0.0 -0.024974
vn 0.999688 0.0 -0.024974
vn -0.0 1.0 -0.0
vn -0.0 1.0 -0.0
vn 0.0 1.0 0.0
vn -0.0 1.0 -0.0
vn -0.0 1.0 -0.0
vn -0.0 1.0 -0.0
vn -0.0 1.0 -0.0
vn 0.0 1.0 0.0
vn -0.0 1.0 -0.0
vn -0.0 1.0 -0.0
vn 0.0 1.0 0.0
vn 0.0 1.0 0.0
vn 0.0 1.0 0.0
vn -0.0 1.0 -0.0
vn -0.0 1.0 -0.0
vn -0.0 1.0 -0.0
vn -0.0 1.0 -0.0
vn -0.0 1.0 -0.0
vn 0.0 1.0 0.0
vn 0.0 1.0 0.0
vn -0.0 1.0 -0.0
vn 0.0 1.0 0.0
vn -0.0 1.0 -0.0
vn 0.0 1.0 0.0
vn 0.0 1.0 0.0
vn 0.0 1.0 0.0
vn -0.0 1.0 0.0
vn 0.0 1.0 0.0
vn -0.0 1.0 0.0
vn -0.0 1.0 0.0
vn 0.0 1.0 0.0
vn 0.0 1.0 0.0
vn 0.0 1.0 0.0
vn -0.0 1.0 0.0
vn -0.0 1.0 0.0
vn -0.0 1.0 0.0
vn -0.0 1.0 0.0
vn -0.0 1.0 0.0
vn 0.0 1.0 -0.0
vn -0.0 1.0 0.0
vn -0.0 1.0 0.0
vn -0.0 1.0 0.0
vn -0.0 1.0 0.0
vn -0.0 1.0 -0.0
vn 0.0 1.0 0.0
vn 0.0 1.0 0.0
vn -0.0 1.0 0.0
vn 0.0 1.0 0.0
vn 0.0 1.0 0.0
vn -0.0 1.0 0.0
vn -0.0 1.0 0.0
vn 0.0 1.0 0.0
vn 0.0 1.0 0.0
vn 0.0 1.0 0.0
vn 0.0 1.0 0.0
vn 0.0 1.0 0.0
vn -0.0 1.0 0.0
vn -0.0 1.0 0.0
vn -0.0 1.0 0.0
vn 0.0 1.0 0.0
vn -0.0 1.0 0.0
vn -0.0 1.0 0.0
vn 0.0 1.0 0.0
vn 0.0 1.0 0.0
vn -0.0 1.0 0.0
vn -0.0 1.0 0.0
vn 0.0 1.0 0.0
vn -0.0 1.0 0.0
vn 0.0 1.0 -0.0
vn -0.0 1.0 0.0
vn -0.0 1.0 0.0
vn 0.0 1.0 -0.0
vn -0.0 1.0 0.0
vn 0.0 1.0 0.0
vn 0.0 1.0 0.0
vn 0.0 1.0 0.0
vn 0.0 1.0 0.0
vn -0.0 1.0 0.0
vn -0.0 1.0 0.0
vn 0.0 1.0 0.0
vn 0.0 1.0 0.0
vn -0.0 1.0 0.0
vn -0.0 1.0 0.0
vn 0.0 1.0 0.0
vn 0.0 1.0 0.0
vn 0.0 1.0 0.0
vn -0.0 1.0 0.0
vn -0.0 1.0 0.0
vn -0.0 1.0 0.0
vn 0.0 1.0 0.0
vn 0.0 1.0 0.0
vn 0.0 1.0 0.0
vn 0.0 1.0 0.0
vn 0.0 1.0 0.0
vn 0.0 1.0 0.0
vn 0.0 1.0 0.0
vn 0.0 1.0 0.0
vn 0.0 1.0 0.0
vn 0.0 1.0 0.0
vn 0.0 1.0 0.0
vn 0.0 1.0 0.0
vn 0.0 1.0 0.0
vn 0.0 1.0 0.0
vn 0.0 1.0 0.0
vn 0.0 1.0 -0.0
vn 0.0 1.0 0.0
vn 0.0 1.0 0.0
vn 0.0 1.0 0.0
vn 0.0 1.0 0.0
vn 0.0 1.0 0.0
vn 0.0 1.0 0.0
vn 0.0 1.0 0.0
vn 0.0 1.0 0.0
vn 0.0 1.0 0.0
vn 0.0 1.0 0.0
vn 0.0 1.0 0.0
vn 0.0 1.0 0.0
vn 0.0 1.0 0.0
vn 0.0 1.0 0.0
vn 0.0 1.0 0.0
vn 0.0 1.0 0.0
vn 0.0 1.0 0.0
vn 0.0 1.0 0.0
vn 0.0 1.0 0.0
vn 0.0 -1.0 0.0
vn 0.0 -1.0 0.0
vn 0.0 -1.0 0.0
vn 0.0 -1.0 0.0
vn 0.0 -1.0 0.0
vn 0.0 -1.0 0.0
vn 0.0 -1.0 0.0
vn 0.0 -1.0 0.0
vn 0.0 -1.0 0.0
vn 0.0 -1.0 0.0
vn 0.0 -1.0 0.0
vn 0.0 -1.0 0.0
vn 0.0 -1.0 0.0
vn 0.0 -1.0 0.0
vn 0.0 -1.0 0.0
vn 0.0 -1.0 0.0
vn 0.0 -1.0 0.0
vn 0.0 -1.0 0.0
vn 0.0 -1.0 0.0
vn 0.0 -1.0 0.0
vn 0.0 -1.0 0.0
vn 0.0 -1.0 0.0
vn 0.0 -1.0 0.0
vn 0.0 -1.0 0.0
vn 0.0 -1.0 0.0
vn 0.0 -1.0 0.0
vn 0.0 -1.0 -0.0
vn 0.0 -1.0 0.0
vn 0.0 -1.0 0.0
vn 0.0 -1.0 0.0
vn 0.0 -1.0 0.0
vn 0.0 -1.0 0.0
vn 0.0 -1.0 0.0
vn 0.0 -1.0 0.0
vn 0.0 -1.0 0.0
vn 0.0 -1.0 0.0
vn 0.0 -1.0 0.0
vn 0.0 -1.0 0.0
vn 0.0 -1.0 0.0
vn 0.0 -1.0 0.0
vn 0.0 -1.0 0.0
vn 0.0 -1.0 -0.0
vn 0.0 -1.0 0.0
vn 0.0 -1.0 0.0
vn 0.0 -1.0 0.0
vn 0.0 -1.0 0.0
vn 0.0 -1.0 0.0
vn 0.0 -1.0 0.0
vn 0.0 -1.0 0.0
vn 0.0 -1.0 0.0
vn 0.0 -1.0 0.0
vn 0.0 -1.0 0.0
vn 0.0 -1.0 0.0
vn 0.0 -1.0 0.0
vn 0.0 -1.0 0.0
vn 0.0 -1.0 0.0
vn 0.0 -1.0 0.0
vn 0.0 -1.0 0.0
vn 0.0 -1.0 0.0
vn 0.0 -1.0 0.0
vn 0.0 -1.0 0.0
vn 0.0 -1.0 0.0
vn 0.0 -1.0 0.0
vn 0.0 -1.0 0.0
vn 0.0 -1.0 0.0
vn 0.0 -1.0 0.0
vn 0.0 -1.0 0.0
vn 0.0 -1.0 -0.0
vn 0.0 -1.0 0.0
vn 0.0 -1.0 0.0
vn 0.0 -1.0 0.0
vn 0.0 -1.0 0.0
vn 0.0 -1.0 0.0
vn 0.0 -1.0 0.0
vn 0.0 -1.0 0.0
vn 0.0 -1.0 0.0
vn 0.0 -1.0 0.0
vn 0.0 -1.0 0.0
vn 0.0 -1.0 0.0
vn 0.0 -1.0 0.0
vn 0.0 -1.0 0.0
vn 0.0 -1.0 -0.0
vn 0.0 -1.0 0.0
vn -0.0 -1.0 0.0
vn 0.0 -1.0 0.0
vn 0.0 -1.0 0.0
vn 0.0 -1.0 0.0
vn 0.0 -1.0 0.0
vn 0.0 -1.0 0.0
vn 0.0 -1.0 0.0
vn 0.0 -1.0 0.0
vn 0.0 -1.0 0.0
vn 0.0 -1.0 0.0
vn -0.0 -1.0 0.0
vn 0.0 -1.0 0.0
vn 0.0 -1.0 0.0
vn 0.0 -1.0 0.0
vn 0.0 -1.0 0.0
vn 0.0 -1.0 0.0
vn 0.0 -1.0 0.0
vn 0.0 -1.0 0.0
vn 0.0 -1.0 0.0
vn 0.0 -1.0 0.0
vn 0.0 -1.0 0.0
vn 0.0 -1.0 0.0
vn 0.0 -1.0 0.0
vn 0.0 -1.0 0.0
vn 0.0 -1.0 0.0
vn 0.0 -1.0 0.0
vn 0.0 -1.0 0.0
vn 0.0 -1.0 0.0
vn 0.0 -1.0 0.0
vn 0.0 -1.0 0.0
vn -0.0 -1.0 -0.0
vn 0.0 -1.0 0.0
vn 0.0 -1.0 0.0
vn 0.0 -1.0 0.0
vn 0.0 -1.0 0.0
vn 0.0 -1.0 0.0
vn 0.0 -1.0 0.0
vn 0.0 -1.0 0.0
vn -0.0 -1.0 -0.0
vn 0.0 -1.0 0.0
vn 0.0 -1.0 0.0
vn 0.999688 -0.0 0.024974
vn 0.999688 0.0 0.024974
vn 0.997191 0.0 0.074899
vn 0.997191 0.0 0.074899
vn 0.992297 0.0 0.123884
vn 0.984774 -0.0 0.173841
vn 0.992297 0.0 0.123884
vn 0.984774 0.0 0.173841
vn 0.974868 0.0 0.222785
vn 0.974868 0.0 0.222785
vn 0.962643 0.0 0.270774
vn 0.962643 0.0 0.270774
vn 0.947995 0.0 0.318284
vn 0.947995 0.0 0.318284
vn 0.930921 0.0 0.365221
vn 0.930921 0.0 0.365221
vn 0.911495 0.0 0.411311
vn 0.889828 -0.0 0.456297
vn 0.911495 0.0 0.411311
vn 0.889828 0.0 0.456297
vn 0.866035 0.0 0.499984
vn 0.866035 0.0 0.499984
vn 0.840023 0.0 0.542551
vn 0.840023 0.0 0.542551
vn 0.812026 -0.0 0.583621
vn 0.812026 0.0 0.583621
vn 0.781632 0.0 0.623739
vn 0.781632 0.0 0.623739
vn 0.749916 0.0 0.661533
vn 0.749916 0.0 0.661533
vn 0.715866 0.0 0.698238
vn 0.715866 0.0 0.698238
vn 0.680169 0.0 0.733055
vn 0.642733 -0.0 0.76609
vn 0.680169 0.0 0.733055
vn 0.642733 0.0 0.76609
vn 0.603754 0.0 0.797171
vn 0.603754 0.0 0.797171
vn 0.563428 0.0 0.826165
vn 0.563428 0.0 0.826165
vn 0.521391 0.0 0.853318
vn 0.47808 -0.0 0.878316
vn 0.521391 0.0 0.853318
vn 0.434044 -0.0 0.900892
vn 0.47808 0.0 0.878316
vn 0.434044 0.0 0.900892
vn 0.388298 0.0 0.921534
vn 0.342038 -0.0 0.939686
vn 0.388298 0.0 0.921534
vn 0.342038 0.0 0.939686
vn 0.294843 0.0 0.955546
vn 0.294843 0.0 0.955546
vn 0.246679 0.0 0.969097
vn 0.246679 0.0 0.969097
vn 0.198141 0.0 0.980174
vn 0.198141 0.0 0.980174
vn 0.149059 0.0 0.988828
vn 0.149059 0.0 0.988828
vn 0.099649 0.0 0.995023
vn 0.099649 0.0 0.995023
vn 0.049938 0.0 0.998752
vn 0.049938 0.0 0.998752
vn 0.0 0.0 1.0
vn -0.049938 0.0 0.998752
vn 0.0 0.0 1.0
vn -0.049938 0.0 0.998752
vn -0.099649 0.0 0.995023
vn -0.099649 0.0 0.995023
vn -0.149059 0.0 0.988828
vn -0.149059 0.0 0.988828
vn -0.198141 0.0 0.980174
vn -0.198141 0.0 0.980174
vn -0.246679 0.0 0.969097
vn -0.246679 0.0 0.969097
vn -0.294843 0.0 0.955546
vn -0.294843 0.0 0.955546
vn -0.342038 0.0 0.939686
vn -0.342038 0.0 0.939686
vn -0.388298 0.0 0.921534
vn -0.388298 0.0 0.921534
vn -0.434044 0.0 0.900892
vn -0.434044 0.0 0.900892
vn -0.47808 0.0 0.878316
vn -0.47808 0.0 0.878316
vn -0.521391 0.0 0.853318
vn -0.521391 0.0 0.853318
vn -0.563428 0.0 0.826165
vn -0.563428 0.0 0.826165
vn -0.603754 0.0 0.797171
vn -0.603754 0.0 0.797171
vn -0.642733 0.0 0.76609
vn -0.642733 0.0 0.76609
vn -0.680169 0.0 0.733055
vn -0.680169 0.0 0.733055
vn -0.715866 0.0 0.698238
vn -0.715866 0.0 0.698238
vn -0.749916 0.0 0.661533
vn -0.749916 0.0 0.661533
vn -0.781632 0.0 0.623739
vn -0.781632 0.0 0.623739
vn -0.812026 0.0 0.583621
vn -0.840023 0.0 0.542551
vn -0.812026 0.0 0.583621
vn -0.840023 0.0 0.542551
vn -0.866035 0.0 0.499984
vn -0.866035 0.0 0.499984
vn -0.889828 0.0 0.456297
vn -0.889828 0.0 0.456297
vn -0.911495 0.0 0.411311
vn -0.930921 0.0 0.365221
vn -0.911495 0.0 0.411311
vn -0.930921 0.0 0.365221
vn -0.947995 0.0 0.318284
vn -0.947995 0.0 0.318284
vn -0.962643 0.0 0.270774
vn -0.974868 0.0 0.222785
vn -0.962643 0.0 0.270774
vn -0.974868 0.0 0.222785
vn -0.984774 0.0 0.173841
vn -0.984774 0.0 0.173841
vn -0.992297 0.0 0.123884
vn -0.997191 0.0 0.074899
vn -0.992297 0.0 0.123884
vn -0.997191 0.0 0.074899
vn -0.999688 0.0 0.024974
vn -0.999688 0.0 0.024974
vn -0.999688 -0.0 -0.024974
vn -0.999688 0.0 -0.024974
vn -0.997191 -0.0 -0.074899
vn -0.997191 0.0 -0.074899
vn -0.992297 0.0 -0.123884
vn -0.992297 0.0 -0.123884
vn -0.984774 -0.0 -0.173841
vn -0.984774 0.0 -0.173841
vn -0.974868 -0.0 -0.222785
vn -0.974868 0.0 -0.222785
vn -0.962643 0.0 -0.270774
vn -0.962643 0.0 -0.270774
vn -0.947995 0.0 -0.318284
vn -0.947995 0.0 -0.318284
vn -0.930921 -0.0 -0.365221
vn -0.930921 0.0 -0.365221
vn -0.911495 0.0 -0.411311
vn -0.911495 0.0 -0.411311
vn -0.889828 -0.0 -0.456297
vn -0.889828 0.0 -0.456297
vn -0.866035 -0.0 -0.499984
vn -0.866035 0.0 -0.499984
vn -0.840023 -0.0 -0.542551
vn -0.840023 0.0 -0.542551
vn -0.812026 -0.0 -0.583621
vn -0.812026 0.0 -0.583621
vn -0.781632 0.0 -0.623739
vn -0.781632 0.0 -0.623739
vn -0.749916 -0.0 -0.661533
vn -0.749916 0.0 -0.661533
vn -0.715866 -0.0 -0.698238
vn -0.715866 0.0 -0.698238
vn -0.680169 -0.0 -0.733055
vn -0.680169 0.0 -0.733055
vn -0.642733 0.0 -0.76609
vn -0.642733 0.0 -0.76609
vn -0.603754 -0.0 -0.797171
vn -0.603754 0.0 -0.797171
vn -0.563428 0.0 -0.826165
vn -0.563428 0.0 -0.826165
vn -0.521391 0.0 -0.853318
vn -0.521391 -0.0 -0.853318
vn -0.47808 0.0 -0.878316
vn -0.47808 -0.0 -0.878316
vn -0.434044 0.0 -0.900892
vn -0.388298 0.0 -0.921534
vn -0.434044 -0.0 -0.900892
vn -0.388298 0.0 -0.921534
vn -0.342038 -0.0 -0.939686
vn -0.342038 0.0 -0.939686
vn -0.294843 0.0 -0.955546
vn -0.294843 0.0 -0.955546
vn -0.246679 -0.0 -0.969097
vn -0.246679 0.0 -0.969097
vn -0.198141 -0.0 -0.980174
vn -0.198141 0.0 -0.980174
vn -0.149059 0.0 -0.988828
vn -0.149059 0.0 -0.988828
vn -0.099649 -0.0 -0.995023
vn -0.099649 0.0 -0.995023
vn -0.049938 -0.0 -0.998752
vn -0.049938 0.0 -0.998752
vn 0.0 0.0 -1.0
vn 0.0 0.0 -1.0
vn 0.049938 0.0 -0.998752
vn 0.049938 0.0 -0.998752
vn 0.099649 0.0 -0.995023
vn 0.099649 0.0 -0.995023
vn 0.149059 0.0 -0.988828
vn 0.149059 0.0 -0.988828
vn 0.246679 0.0 -0.969097
vn 0.198141 0.0 -0.980174
vn 0.198141 0.0 -0.980174
vn 0.246679 0.0 -0.969097
vn 0.294843 0.0 -0.955546
vn 0.294843 0.0 -0.955546
vn 0.342038 0.0 -0.939686
vn 0.388298 0.0 -0.921534
vn 0.342038 0.0 -0.939686
vn 0.434044 0.0 -0.900892
vn 0.388298 0.0 -0.921534
vn 0.434044 0.0 -0.900892
vn 0.47808 0.0 -0.878316
vn 0.47808 0.0 -0.878316
vn 0.521391 0.0 -0.853318
vn 0.521391 0.0 -0.853318
vn 0.563428 0.0 -0.826165
vn 0.563428 0.0 -0.826165
vn 0.603754 0.0 -0.797171
vn 0.642733 0.0 -0.76609
vn 0.603754 0.0 -0.797171
vn 0.642733 0.0 -0.76609
vn 0.680169 0.0 -0.733055
vn 0.680169 0.0 -0.733055
vn 0.715866 0.0 -0.698238
vn 0.749916 0.0 -0.661533
vn 0.715866 0.0 -0.698238
vn 0.781632 0.0 -0.623739
vn 0.749916 0.0 -0.661533
vn 0.781632 0.0 -0.623739
vn 0.812026 0.0 -0.583621
vn 0.812026 0.0 -0.583621
vn 0.840023 0.0 -0.542551
vn 0.840023 0.0 -0.542551
vn 0.866035 0.0 -0.499984
vn 0.866035 0.0 -0.499984
vn 0.889828 0.0 -0.456297
vn 0.889828 0.0 -0.456297
vn 0.911495 0.0 -0.411311
vn 0.911495 0.0 -0.411311
vn 0.930921 0.0 -0.365221
vn 0.930921 0.0 -0.365221
vn 0.947995 0.0 -0.318284
vn 0.947995 0.0 -0.318284
vn 0.962643 0.0 -0.270774
vn 0.962643 0.0 -0.270774
vn 0.974868 0.0 -0.222785
vn 0.974868 0.0 -0.222785
vn 0.984774 0.0 -0.173841
vn 0.984774 0.0 -0.173841
vn 0.992297 0.0 -0.123884
vn 0.992297 0.0 -0.123884
vn 0.997191 0.0 -0.074899
vn 0.997191 0.0 -0.074899
vn 0.999688 0.0 -0.024974
vn 0.999688 0.0 -0.024974
vn -0.0 1.0 -0.0
vn -0.0 1.0 -0.0
vn 0.0 1.0 0.0
vn -0.0 1.0 -0.0
vn -0.0 1.0 -0.0
vn -0.0 1.0 -0.0
vn -0.0 1.0 -0.0
vn 0.0 1.0 0.0
vn -0.0 1.0 -0.0
vn -0.0 1.0 -0.0
vn 0.0 1.0 0.0
vn 0.0 1.0 0.0
vn 0.0 1.0 0.0
vn -0.0 1.0 -0.0
vn -0.0 1.0 -0.0
vn -0.0 1.0 -0.0
vn -0.0 1.0 -0.0
vn -0.0 1.0 -0.0
vn 0.0 1.0 0.0
vn 0.0 1.0 0.0
vn -0.0 1.0 -0.0
vn 0.0 1.0 0.0
vn -0.0 1.0 -0.0
vn 0.0 1.0 0.0
vn 0.0 1.0 0.0
vn 0.0 1.0 0.0
vn -0.0 1.0 0.0
vn 0.0 1.0 0.0
vn -0.0 1.0 0.0
vn -0.0 1.0 0.0
vn 0.0 1.0 0.0
vn 0.0 1.0 0.0
vn 0.0 1.0 0.0
vn -0.0 1.0 0.0
vn -0.0 1.0 0.0
vn -0.0 1.0 0.0
vn -0.0 1.0 0.0
vn -0.0 1.0 0.0
vn 0.0 1.0 -0.0
vn -0.0 1.0 0.0
vn -0.0 1.0 0.0
vn -0.0 1.0 0.0
vn -0.0 1.0 0.0
vn -0.0 1.0 -0.0
vn 0.0 1.0 0.0
vn 0.0 1.0 0.0
vn -0.0 1.0 0.0
vn 0.0 1.0 0.0
vn 0.0 1.0 0.0
vn -0.0 1.0 0.0
vn -0.0 1.0 0.0
vn 0.0 1.0 0.0
vn 0.0 1.0 0.0
vn 0.0 1.0 0.0
vn 0.0 1.0 0.0
vn 0.0 1.0 0.0
vn -0.0 1.0 0.0
vn -0.0 1.0 0.0
vn -0.0 1.0 0.0
vn 0.0 1.0 0.0
vn -0.0 1.0 0.0
vn -0.0 1.0 0.0
vn 0.0 1.0 0.0
vn 0.0 1.0 0.0
vn -0.0 1.0 0.0
vn -0.0 1.0 0.0
vn 0.0 1.0 0.0
vn -0.0 1.0 0.0
vn 0.0 1.0 -0.0
vn -0.0 1.0 0.0
vn -0.0 1.0 0.0
vn 0.0 1.0 -0.0
vn -0.0 1.0 0.0
vn 0.0 1.0 0.0
vn 0.0 1.0 0.0
vn 0.0 1.0 0.0
vn 0.0 1.0 0.0
vn -0.0 1.0 0.0
vn -0.0 1.0 0.0
vn 0.0 1.0 0.0
vn 0.0 1.0 0.0
vn -0.0 1.0 0.0
vn -0.0 1.0 0.0
vn 0.0 1.0 0.0
vn 0.0 1.0 0.0
vn 0.0 1.0 0.0
vn -0.0 1.0 0.0
vn -0.0 1.0 0.0
vn -0.0 1.0 0.0
vn 0.0 1.0 0.0
vn 0.0 1.0 0.0
vn 0.0 1.0 0.0
vn 0.0 1.0 0.0
vn 0.0 1.0 0.0
vn 0.0 1.0 0.0
vn 0.0 1.0 0.0
vn 0.0 1.0 0.0
vn 0.0 1.0 0.0
vn 0.0 1.0 0.0
vn 0.0 1.0 0.0
vn 0.0 1.0 0.0
vn 0.0 1.0 0.0
vn 0.0 1.0 0.0
vn 0.0 1.0 0.0
vn 0.0 1.0 -0.0
vn 0.0 1.0 0.0
vn 0.0 1.0 0.0
vn 0.0 1.0 0.0
vn 0.0 1.0 0.0
vn 0.0 1.0 0.0
vn 0.0 1.0 0.0
vn 0.0 1.0 0.0
vn 0.0 1.0 0.0
vn 0.0 1.0 0.0
vn 0.0 1.0 0.0
vn 0.0 1.0 0.0
vn 0.0 1.0 0.0
vn 0.0 1.0 0.0
vn 0.0 1.0 0.0
vn 0.0 1.0 0.0
vn 0.0 1.0 0.0
vn 0.0 1.0 0.0
vn 0.0 1.0 0.0
vn 0.0 1.0 0.0
vn 0.0 -1.0 0.0
vn 0.0 -1.0 0.0
vn 0.0 -1.0 0.0
vn 0.0 -1.0 0.0
vn 0.0 -1.0 0.0
vn 0.0 -1.0 0.0
vn 0.0 -1.0 0.0
vn 0.0 -1.0 0.0
vn 0.0 -1.0 0.0
vn 0.0 -1.0 0.0
vn 0.0 -1.0 0.0
vn 0.0 -1.0 0.0
vn 0.0 -1.0 0.0
vn 0.0 -1.0 0.0
vn 0.0 -1.0 0.0
vn 0.0 -1.0 0.0
vn 0.0 -1.0 0.0
vn 0.0 -1.0 0.0
vn 0.0 -1.0 0.0
vn 0.0 -1.0 0.0
vn 0.0 -1.0 0.0
vn 0.0 -1.0 0.0
vn 0.0 -1.0 0.0
vn 0.0 -1.0 0.0
vn 0.0 -1.0 0.0
vn 0.0 -1.0 0.0
vn 0.0 -1.0 -0.0
vn 0.0 -1.0 0.0
vn 0.0 -1.0 0.0
vn 0.0 -1.0 0.0
vn 0.0 -1.0 0.0
vn 0.0 -1.0 0.0
vn 0.0 -1.0 0.0
vn 0.0 -1.0 0.0
vn 0.0 -1.0 0.0
vn 0.0 -1.0 0.0
vn 0.0 -1.0 0.0
vn 0.0 -1.0 0.0
vn 0.0 -1.0 0.0
vn 0.0 -1.0 0.0
vn 0.0 -1.0 0.0
vn 0.0 -1.0 -0.0
vn 0.0 -1.0 0.0
vn 0.0 -1.0 0.0
vn 0.0 -1.0 0.0
vn 0.0 -1.0 0.0
vn 0.0 -1.0 0.0
vn 0.0 -1.0 0.0
vn 0.0 -1.0 0.0
vn 0.0 -1.0 0.0
vn 0.0 -1.0 0.0
vn 0.0 -1.0 0.0
vn 0.0 -1.0 0.0
vn 0.0 -1.0 0.0
vn 0.0 -1.0 0.0
vn 0.0 -1.0 0.0
vn 0.0 -1.0 0.0
vn 0.0 -1.0 0.0
vn 0.0 -1.0 0.0
vn 0.0 -1.0 0.0
vn 0.0 -1.0 0.0
vn 0.0 -1.0 0.0
vn 0.0 -1.0 0.0
vn 0.0 -1.0 0.0
vn 0.0 -1.0 0.0
vn 0.0 -1.0 0.0
vn 0.0 -1.0 0.0
vn 0.0 -1.0 -0.0
vn 0.0 -1.0 0.0
vn 0.0 -1.0 0.0
vn 0.0 -1.0 0.0
vn 0.0 -1.0 0.0
vn 0.0 -1.0 0.0
vn 0.0 -1.0 0.0
vn 0.0 -1.0 0.0
vn 0.0 -1.0 0.0
vn 0.0 -1.0 0.0
vn 0.0 -1.0 0.0
vn 0.0 -1.0 0.0
vn 0.0 -1.0 0.0
vn 0.0 -1.0 0.0
vn 0.0 -1.0 -0.0
vn 0.0 -1.0 0.0
vn -0.0 -1.0 0.0
vn 0.0 -1.0 0.0
vn 0.0 -1.0 0.0
vn 0.0 -1.0 0.0
vn 0.0 -1.0 0.0
vn 0.0 -1.0 0.0
vn 0.0 -1.0 0.0
vn 0.0 -1.0 0.0
vn 0.0 -1.0 0.0
vn 0.0 -1.0 0.0
vn -0.0 -1.0 0.0
vn 0.0 -1.0 0.0
vn 0.0 -1.0 0.0
vn 0.0 -1.0 0.0
vn 0.0 -1.0 0.0
vn 0.0 -1.0 0.0
vn 0.0 -1.0 0.0
vn 0.0 -1.0 0.0
vn 0.0 -1.0 0.0
vn 0.0 -1.0 0.0
vn 0.0 -1.0 0.0
vn 0.0 -1.0 0.0
vn 0.0 -1.0 0.0
vn 0.0 -1.0 0.0
vn 0.0 -1.0 0.0
vn 0.0 -1.0 0.0
vn 0.0 -1.0 0.0
vn 0.0 -1.0 0.0
vn 0.0 -1.0 0.0
vn 0.0 -1.0 0.0
vn -0.0 -1.0 -0.0
vn 0.0 -1.0 0.0
vn 0.0 -1.0 0.0
vn 0.0 -1.0 0.0
vn 0.0 -1.0 0.0
vn 0.0 -1.0 0.0
vn 0.0 -1.0 0.0
vn 0.0 -1.0 0.0
vn -0.0 -1.0 -0.0
vn 0.0 -1.0 0.0
vn 0.0 -1.0 0.0
f 3025//6001 3026//6001 3027//6001 
f 3026//6002 3028//6002 3027//6002 
f 3027//6003 3029//6003 3030//6003 
f 3028//6004 3029//6004 3027//6004 
f 3030//6005 3031//6005 3032//6005 
f 3032//6006 3031//6006 3033//6006 
f 3029//6007 3031//6007 3030//6007 
f 3031//6008 3034//6008 3033//6008 
f 3033//6009 3035//6009 3036//6009 
f 3034//6010 3035//6010 3033//6010 
f 3036//6011 3037//6011 3038//6011 
f 3035//6012 3037//6012 3036//6012 
f 3038//6013 3039//6013 3040//6013 
f 3037//6014 3039//6014 3038//6014 
f 3040//6015 3041//6015 3042//6015 
f 3039//6016 3041//6016 3040//6016 
f 3042//6017 3043//6017 3044//6017 
f 3044//6018 3043//6018 3045//6018 
f 3041//6019 3043//6019 3042//6019 
f 3043//6020 3046//6020 3045//6020 
f 3046//6021 3047//6021 3045//6021 
f 3045//6022 3047//6022 3048//6022 
f 3047//6023 3049//6023 3048//6023 
f 3048//6024 3049//6024 3050//6024 
f 3050//6025 3049//6025 3051//6025 
f 3049//6026 3052//6026 3051//6026 
f 3052//6027 3053//6027 3051//6027 
f 3051//6028 3053//6028 3054//6028 
f 3054//6029 3055//6029 3056//6029 
f 3053//6030 3055//6030 3054//6030 
f 3056//6031 3057//6031 3058//6031 
f 3055//6032 3057//6032 3056//6032 
f 3058//6033 3059//6033 3060//6033 
f 3060//6034 3059//6034 3061//6034 
f 3057//6035 3059//6035 3058//6035 
f 3059//6036 3062//6036 3061//6036 
f 3062//6037 3063//6037 3061//6037 
f 3061//6038 3063//6038 3064//6038 
f 3064//6039 3065//6039 3066//6039 
f 3063//6040 3065//6040 3064//6040 
f 3066//6041 3067//6041 3068//6041 
f 3068//6042 3067//6042 3069//6042 
f 3065//6043 3067//6043 3066//6043 
f 3069//6044 3070//6044 3071//6044 
f 3067//6045 3070//6045 3069//6045 
f 3070//6046 3072//6046 3071//6046 
f 3071//6047 3073//6047 3074//6047 
f 3074//6048 3073//6048 3075//6048 
f 3072//6049 3073//6049 3071//6049 
f 3073//6050 3076//6050 3075//6050 
f 3075//6051 3077//6051 3078//6051 
f 3076//6052 3077//6052 3075//6052 
f 3078//6053 3079//6053 3080//6053 
f 3077//6054 3079//6054 3078//6054 
f 3080//6055 3081//6055 3082//6055 
f 3079//6056 3081//6056 3080//6056 
f 3082//6057 3083//6057 3084//6057 
f 3081//6058 3083//6058 3082//6058 
f 3084//6059 3085//6059 3086//6059 
f 3083//6060 3085//6060 3084//6060 
f 3086//6061 3087//6061 3088//6061 
f 3085//6062 3087//6062 3086//6062 
f 3088//6063 3089//6063 3090//6063 
f 3090//6064 3089//6064 3091//6064 
f 3087//6065 3089//6065 3088//6065 
f 3089//6066 3092//6066 3091//6066 
f 3091//6067 3093//6067 3094//6067 
f 3092//6068 3093//6068 3091//6068 
f 3094//6069 3095//6069 3096//6069 
f 3093//6070 3095//6070 3094//6070 
f 3096//6071 3097//6071 3098//6071 
f 3095//6072 3097//6072 3096//6072 
f 3098//6073 3099//6073 3100//6073 
f 3097//6074 3099//6074 3098//6074 
f 3099//6075 3101//6075 3100//6075 
f 3100//6076 3101//6076 3102//6076 
f 3101//6077 3103//6077 3102//6077 
f 3102//6078 3103//6078 3104//6078 
f 3103//6079 3105//6079 3104//6079 
f 3104//6080 3105//6080 3106//6080 
f 3105//6081 3107//6081 3106//6081 
f 3106//6082 3107//6082 3108//6082 
f 3107//6083 3109//6083 3108//6083 
f 3108//6084 3109//6084 3110//6084 
f 3110//6085 3109//6085 3111//6085 
f 3109//6086 3112//6086 3111//6086 
f 3112//6087 3113//6087 3111//6087 
f 3111//6088 3113//6088 3114//6088 
f 3113//6089 3115//6089 3114//6089 
f 3114//6090 3115//6090 3116//6090 
f 3116//6091 3115//6091 3117//6091 
f 3115//6092 3118//6092 3117//6092 
f 3118//6093 3119//6093 3117//6093 
f 3117//6094 3119//6094 3120//6094 
f 3120//6095 3121//6095 3122//6095 
f 3119//6096 3121//6096 3120//6096 
f 3122//6097 3121//6097 3123//6097 
f 3121//6098 3124//6098 3123//6098 
f 3124//6099 3125//6099 3123//6099 
f 3123//6100 3125//6100 3126//6100 
f 3126//6101 3127//6101 3128//6101 
f 3128//6102 3127//6102 3129//6102 
f 3125//6103 3127//6103 3126//6103 
f 3127//6104 3130//6104 3129//6104 
f 3129//6105 3131//6105 3132//6105 
f 3130//6106 3131//6106 3129//6106 
f 3132//6107 3133//6107 3134//6107 
f 3131//6108 3133//6108 3132//6108 
f 3134//6109 3135//6109 3136//6109 
f 3136//6110 3135//6110 3137//6110 
f 3133//6111 3135//6111 3134//6111 
f 3135//6112 3138//6112 3137//6112 
f 3137//6113 3139//6113 3140//6113 
f 3138//6114 3139//6114 3137//6114 
f 3140//6115 3141//6115 3142//6115 
f 3142//6116 3141//6116 3143//6116 
f 3139//6117 3141//6117 3140//6117 
f 3141//6118 3144//6118 3143//6118 
f 3143//6119 3145//6119 3146//6119 
f 3144//6120 3145//6120 3143//6120 
f 3146//6121 3147//6121 3148//6121 
f 3148//6122 3147//6122 3149//6122 
f 3145//6123 3147//6123 3146//6123 
f 3147//6124 3150//6124 3149//6124 
f 3150//6125 3151//6125 3149//6125 
f 3149//6126 3151//6126 3152//6126 
f 3151//6127 3153//6127 3152//6127 
f 3152//6128 3153//6128 3154//6128 
f 3153//6129 3155//6129 3154//6129 
f 3154//6130 3155//6130 3156//6130 
f 3156//6131 3155//6131 3157//6131 
f 3155//6132 3158//6132 3157//6132 
f 3158//6133 3159//6133 3157//6133 
f 3157//6134 3159//6134 3160//6134 
f 3159//6135 3161//6135 3160//6135 
f 3160//6136 3161//6136 3162//6136 
f 3162//6137 3161//6137 3163//6137 
f 3161//6138 3164//6138 3163//6138 
f 3163//6139 3164//6139 3165//6139 
f 3164//6140 3166//6140 3165//6140 
f 3166//6141 3167//6141 3165//6141 
f 3165//6142 3167//6142 3168//6142 
f 3168//6143 3167//6143 3169//6143 
f 3167//6144 3170//6144 3169//6144 
f 3170//6145 3171//6145 3169//6145 
f 3169//6146 3171//6146 3172//6146 
f 3171//6147 3173//6147 3172//6147 
f 3172//6148 3173//6148 3174//6148 
f 3173//6149 3175//6149 3174//6149 
f 3174//6150 3175//6150 3176//6150 
f 3175//6151 3177//6151 3176//6151 
f 3176//6152 3177//6152 3178//6152 
f 3178//6153 3177//6153 3179//6153 
f 3177//6154 3180//6154 3179//6154 
f 3180//6155 3181//6155 3179//6155 
f 3179//6156 3181//6156 3182//6156 
f 3181//6157 3183//6157 3182//6157 
f 3182//6158 3183//6158 3184//6158 
f 3183//6159 3185//6159 3184//6159 
f 3184//6160 3185//6160 3186//6160 
f 3186//6161 3185//6161 3187//6161 
f 3185//6162 3188//6162 3187//6162 
f 3188//6163 3189//6163 3187//6163 
f 3187//6164 3189//6164 3190//6164 
f 3190//6165 3189//6165 3191//6165 
f 3189//6166 3192//6166 3191//6166 
f 3191//6167 3193//6167 3194//6167 
f 3192//6168 3193//6168 3191//6168 
f 3194//6169 3195//6169 3196//6169 
f 3193//6170 3195//6170 3194//6170 
f 3196//6171 3197//6171 3198//6171 
f 3198//6172 3197//6172 3199//6172 
f 3195//6173 3197//6173 3196//6173 
f 3197//6174 3200//6174 3199//6174 
f 3200//6175 3201//6175 3199//6175 
f 3199//6176 3201//6176 3202//6176 
f 3202//6177 3201//6177 3203//6177 
f 3201//6178 3204//6178 3203//6178 
f 3204//6179 3205//6179 3203//6179 
f 3203//6180 3205//6180 3206//6180 
f 3205//6181 3207//6181 3206//6181 
f 3206//6182 3207//6182 3208//6182 
f 3208//6183 3207//6183 3209//6183 
f 3207//6184 3210//6184 3209//6184 
f 3210//6185 3211//6185 3209//6185 
f 3209//6186 3211//6186 3212//6186 
f 3211//6187 3213//6187 3212//6187 
f 3212//6188 3213//6188 3214//6188 
f 3214//6189 3213//6189 3215//6189 
f 3213//6190 3216//6190 3215//6190 
f 3215//6191 3216//6191 3217//6191 
f 3216//6192 3218//6192 3217//6192 
f 3218//6193 3219//6193 3217//6193 
f 3217//6194 3219//6194 3220//6194 
f 3220//6195 3219//6195 3221//6195 
f 3219//6196 3222//6196 3221//6196 
f 3223//6197 3224//6197 3225//6197 
f 3222//6198 3224//6198 3221//6198 
f 3221//6199 3224//6199 3223//6199 
f 3224//6200 3226//6200 3225//6200 
f 3225//6201 3227//6201 3228//6201 
f 3226//6202 3227//6202 3225//6202 
f 3228//6203 3229//6203 3230//6203 
f 3230//6204 3229//6204 3231//6204 
f 3227//6205 3229//6205 3228//6205 
f 3231//6206 3232//6206 3233//6206 
f 3229//6207 3232//6207 3231//6207 
f 3232//6208 3234//6208 3233//6208 
f 3233//6209 3235//6209 3236//6209 
f 3234//6210 3235//6210 3233//6210 
f 3236//6211 3237//6211 3238//6211 
f 3235//6212 3237//6212 3236//6212 
f 3238//6213 3239//6213 3240//6213 
f 3237//6214 3239//6214 3238//6214 
f 3240//6215 3241//6215 3242//6215 
f 3242//6216 3241//6216 3243//6216 
f 3239//6217 3241//6217 3240//6217 
f 3241//6218 3244//6218 3243//6218 
f 3243//6219 3245//6219 3246//6219 
f 3244//6220 3245//6220 3243//6220 
f 3246//6221 3247//6221 3248//6221 
f 3248//6222 3247//6222 3249//6222 
f 3245//6223 3247//6223 3246//6223 
f 3249//6224 3250//6224 3251//6224 
f 3247//6225 3250//6225 3249//6225 
f 3250//6226 3252//6226 3251//6226 
f 3252//6227 3253//6227 3251//6227 
f 3251//6228 3253//6228 3254//6228 
f 3253//6229 3255//6229 3254//6229 
f 3254//6230 3255//6230 3256//6230 
f 3255//6231 3257//6231 3256//6231 
f 3256//6232 3257//6232 3258//6232 
f 3258//6233 3259//6233 3260//6233 
f 3257//6234 3259//6234 3258//6234 
f 3260//6235 3259//6235 3261//6235 
f 3259//6236 3262//6236 3261//6236 
f 3261//6237 3263//6237 3264//6237 
f 3262//6238 3263//6238 3261//6238 
f 3264//6239 3265//6239 3266//6239 
f 3263//6240 3265//6240 3264//6240 
f 3266//6241 3267//6241 3268//6241 
f 3265//6242 3267//6242 3266//6242 
f 3268//6243 3269//6243 3270//6243 
f 3267//6244 3269//6244 3268//6244 
f 3270//6245 3271//6245 3272//6245 
f 3269//6246 3271//6246 3270//6246 
f 3272//6247 3273//6247 3274//6247 
f 3271//6248 3273//6248 3272//6248 
f 3274//6249 3275//6249 3276//6249 
f 3273//6250 3275//6250 3274//6250 
f 3275//6251 3026//6251 3276//6251 
f 3276//6252 3026//6252 3025//6252 
f 3180//6253 3177//6253 3181//6253 
f 3181//6254 3177//6254 3183//6254 
f 3188//6255 3192//6255 3189//6255 
f 3177//6256 3173//6256 3183//6256 
f 3175//6257 3173//6257 3177//6257 
f 3183//6258 3173//6258 3185//6258 
f 3185//6259 3173//6259 3188//6259 
f 3192//6260 3195//6260 3193//6260 
f 3171//6261 3170//6261 3173//6261 
f 3170//6262 3167//6262 3173//6262 
f 3192//6263 3200//6263 3195//6263 
f 3195//6264 3200//6264 3197//6264 
f 3200//6265 3204//6265 3201//6265 
f 3188//6266 3161//6266 3192//6266 
f 3173//6267 3161//6267 3188//6267 
f 3167//6268 3161//6268 3173//6268 
f 3164//6269 3161//6269 3166//6269 
f 3166//6270 3161//6270 3167//6270 
f 3200//6271 3205//6271 3204//6271 
f 3200//6272 3207//6272 3205//6272 
f 3159//6273 3158//6273 3161//6273 
f 3207//6274 3211//6274 3210//6274 
f 3155//6275 3153//6275 3158//6275 
f 3192//6276 3213//6276 3200//6276 
f 3200//6277 3213//6277 3207//6277 
f 3207//6278 3213//6278 3211//6278 
f 3151//6279 3150//6279 3153//6279 
f 3213//6280 3218//6280 3216//6280 
f 3147//6281 3145//6281 3150//6281 
f 3150//6282 3145//6282 3153//6282 
f 3218//6283 3222//6283 3219//6283 
f 3213//6284 3222//6284 3218//6284 
f 3213//6285 3224//6285 3222//6285 
f 3141//6286 3139//6286 3144//6286 
f 3145//6287 3138//6287 3153//6287 
f 3139//6288 3138//6288 3144//6288 
f 3144//6289 3138//6289 3145//6289 
f 3153//6290 3138//6290 3158//6290 
f 3213//6291 3133//6291 3224//6291 
f 3138//6292 3133//6292 3158//6292 
f 3135//6293 3133//6293 3138//6293 
f 3161//6294 3133//6294 3192//6294 
f 3158//6295 3133//6295 3161//6295 
f 3192//6296 3133//6296 3213//6296 
f 3232//6297 3235//6297 3234//6297 
f 3232//6298 3237//6298 3235//6298 
f 3130//6299 3127//6299 3131//6299 
f 3229//6300 3239//6300 3232//6300 
f 3232//6301 3239//6301 3237//6301 
f 3127//6302 3124//6302 3131//6302 
f 3125//6303 3124//6303 3127//6303 
f 3226//6304 3244//6304 3227//6304 
f 3227//6305 3244//6305 3229//6305 
f 3239//6306 3244//6306 3241//6306 
f 3229//6307 3244//6307 3239//6307 
f 3224//6308 3244//6308 3226//6308 
f 3124//6309 3119//6309 3131//6309 
f 3121//6310 3119//6310 3124//6310 
f 3131//6311 3119//6311 3133//6311 
f 3244//6312 3247//6312 3245//6312 
f 3119//6313 3115//6313 3133//6313 
f 3118//6314 3115//6314 3119//6314 
f 3247//6315 3253//6315 3250//6315 
f 3250//6316 3253//6316 3252//6316 
f 3112//6317 3109//6317 3113//6317 
f 3113//6318 3109//6318 3115//6318 
f 3255//6319 3259//6319 3257//6319 
f 3133//6320 3105//6320 3224//6320 
f 3244//6321 3105//6321 3247//6321 
f 3107//6322 3105//6322 3109//6322 
f 3115//6323 3105//6323 3133//6323 
f 3224//6324 3105//6324 3244//6324 
f 3109//6325 3105//6325 3115//6325 
f 3253//6326 3262//6326 3255//6326 
f 3255//6327 3262//6327 3259//6327 
f 3247//6328 3263//6328 3253//6328 
f 3253//6329 3263//6329 3262//6329 
f 3103//6330 3101//6330 3105//6330 
f 3101//6331 3099//6331 3105//6331 
f 3263//6332 3267//6332 3265//6332 
f 3247//6333 3267//6333 3263//6333 
f 3105//6334 3097//6334 3247//6334 
f 3099//6335 3097//6335 3105//6335 
f 3097//6336 3269//6336 3247//6336 
f 3247//6337 3269//6337 3267//6337 
f 3271//6338 3275//6338 3273//6338 
f 3092//6339 3089//6339 3093//6339 
f 3093//6340 3089//6340 3095//6340 
f 3095//6341 3089//6341 3097//6341 
f 3271//6342 3026//6342 3275//6342 
f 3269//6343 3026//6343 3271//6343 
f 3026//6344 3031//6344 3028//6344 
f 3028//6345 3031//6345 3029//6345 
f 3089//6346 3081//6346 3097//6346 
f 3083//6347 3081//6347 3085//6347 
f 3085//6348 3081//6348 3087//6348 
f 3087//6349 3081//6349 3089//6349 
f 3026//6350 3034//6350 3031//6350 
f 3269//6351 3034//6351 3026//6351 
f 3079//6352 3077//6352 3081//6352 
f 3081//6353 3076//6353 3097//6353 
f 3077//6354 3076//6354 3081//6354 
f 3034//6355 3039//6355 3035//6355 
f 3035//6356 3039//6356 3037//6356 
f 3269//6357 3039//6357 3034//6357 
f 3073//6358 3072//6358 3076//6358 
f 3072//6359 3070//6359 3076//6359 
f 3041//6360 3046//6360 3043//6360 
f 3070//6361 3067//6361 3076//6361 
f 3039//6362 3047//6362 3041//6362 
f 3041//6363 3047//6363 3046//6363 
f 3269//6364 3049//6364 3039//6364 
f 3039//6365 3049//6365 3047//6365 
f 3097//6366 3063//6366 3269//6366 
f 3065//6367 3063//6367 3067//6367 
f 3076//6368 3063//6368 3097//6368 
f 3067//6369 3063//6369 3076//6369 
f 3062//6370 3059//6370 3063//6370 
f 3049//6371 3055//6371 3052//6371 
f 3052//6372 3055//6372 3053//6372 
f 3269//6373 3055//6373 3049//6373 
f 3063//6374 3057//6374 3269//6374 
f 3059//6375 3057//6375 3063//6375 
f 3269//6376 3057//6376 3055//6376 
f 3178//6377 3179//6377 3182//6377 
f 3178//6378 3182//6378 3184//6378 
f 3191//6379 3187//6379 3190//6379 
f 3174//6380 3178//6380 3184//6380 
f 3174//6381 3176//6381 3178//6381 
f 3174//6382 3184//6382 3186//6382 
f 3174//6383 3186//6383 3187//6383 
f 3196//6384 3191//6384 3194//6384 
f 3169//6385 3172//6385 3174//6385 
f 3168//6386 3169//6386 3174//6386 
f 3199//6387 3191//6387 3196//6387 
f 3199//6388 3196//6388 3198//6388 
f 3203//6389 3199//6389 3202//6389 
f 3162//6390 3187//6390 3191//6390 
f 3162//6391 3174//6391 3187//6391 
f 3162//6392 3168//6392 3174//6392 
f 3162//6393 3163//6393 3165//6393 
f 3162//6394 3165//6394 3168//6394 
f 3206//6395 3199//6395 3203//6395 
f 3208//6396 3199//6396 3206//6396 
f 3157//6397 3160//6397 3162//6397 
f 3212//6398 3208//6398 3209//6398 
f 3154//6399 3156//6399 3157//6399 
f 3214//6400 3191//6400 3199//6400 
f 3214//6401 3199//6401 3208//6401 
f 3214//6402 3208//6402 3212//6402 
f 3149//6403 3152//6403 3154//6403 
f 3217//6404 3214//6404 3215//6404 
f 3146//6405 3148//6405 3149//6405 
f 3146//6406 3149//6406 3154//6406 
f 3221//6407 3217//6407 3220//6407 
f 3221//6408 3214//6408 3217//6408 
f 3223//6409 3214//6409 3221//6409 
f 3140//6410 3142//6410 3143//6410 
f 3137//6411 3146//6411 3154//6411 
f 3137//6412 3140//6412 3143//6412 
f 3137//6413 3143//6413 3146//6413 
f 3137//6414 3154//6414 3157//6414 
f 3134//6415 3214//6415 3223//6415 
f 3134//6416 3137//6416 3157//6416 
f 3134//6417 3136//6417 3137//6417 
f 3134//6418 3162//6418 3191//6418 
f 3134//6419 3157//6419 3162//6419 
f 3134//6420 3191//6420 3214//6420 
f 3236//6421 3231//6421 3233//6421 
f 3238//6422 3231//6422 3236//6422 
f 3128//6423 3129//6423 3132//6423 
f 3240//6424 3230//6424 3231//6424 
f 3240//6425 3231//6425 3238//6425 
f 3123//6426 3128//6426 3132//6426 
f 3123//6427 3126//6427 3128//6427 
f 3243//6428 3225//6428 3228//6428 
f 3243//6429 3228//6429 3230//6429 
f 3243//6430 3240//6430 3242//6430 
f 3243//6431 3230//6431 3240//6431 
f 3243//6432 3223//6432 3225//6432 
f 3120//6433 3123//6433 3132//6433 
f 3120//6434 3122//6434 3123//6434 
f 3120//6435 3132//6435 3134//6435 
f 3248//6436 3243//6436 3246//6436 
f 3116//6437 3120//6437 3134//6437 
f 3116//6438 3117//6438 3120//6438 
f 3254//6439 3248//6439 3249//6439 
f 3254//6440 3249//6440 3251//6440 
f 3110//6441 3111//6441 3114//6441 
f 3110//6442 3114//6442 3116//6442 
f 3260//6443 3256//6443 3258//6443 
f 3106//6444 3134//6444 3223//6444 
f 3106//6445 3243//6445 3248//6445 
f 3106//6446 3108//6446 3110//6446 
f 3106//6447 3116//6447 3134//6447 
f 3106//6448 3223//6448 3243//6448 
f 3106//6449 3110//6449 3116//6449 
f 3261//6450 3254//6450 3256//6450 
f 3261//6451 3256//6451 3260//6451 
f 3264//6452 3248//6452 3254//6452 
f 3264//6453 3254//6453 3261//6453 
f 3102//6454 3104//6454 3106//6454 
f 3100//6455 3102//6455 3106//6455 
f 3268//6456 3264//6456 3266//6456 
f 3268//6457 3248//6457 3264//6457 
f 3098//6458 3106//6458 3248//6458 
f 3098//6459 3100//6459 3106//6459 
f 3270//6460 3098//6460 3248//6460 
f 3270//6461 3248//6461 3268//6461 
f 3276//6462 3272//6462 3274//6462 
f 3090//6463 3091//6463 3094//6463 
f 3090//6464 3094//6464 3096//6464 
f 3090//6465 3096//6465 3098//6465 
f 3025//6466 3272//6466 3276//6466 
f 3025//6467 3270//6467 3272//6467 
f 3032//6468 3025//6468 3027//6468 
f 3032//6469 3027//6469 3030//6469 
f 3082//6470 3090//6470 3098//6470 
f 3082//6471 3084//6471 3086//6471 
f 3082//6472 3086//6472 3088//6472 
f 3082//6473 3088//6473 3090//6473 
f 3033//6474 3025//6474 3032//6474 
f 3033//6475 3270//6475 3025//6475 
f 3078//6476 3080//6476 3082//6476 
f 3075//6477 3082//6477 3098//6477 
f 3075//6478 3078//6478 3082//6478 
f 3040//6479 3033//6479 3036//6479 
f 3040//6480 3036//6480 3038//6480 
f 3040//6481 3270//6481 3033//6481 
f 3071//6482 3074//6482 3075//6482 
f 3069//6483 3071//6483 3075//6483 
f 3045//6484 3042//6484 3044//6484 
f 3068//6485 3069//6485 3075//6485 
f 3048//6486 3040//6486 3042//6486 
f 3048//6487 3042//6487 3045//6487 
f 3050//6488 3270//6488 3040//6488 
f 3050//6489 3040//6489 3048//6489 
f 3064//6490 3098//6490 3270//6490 
f 3064//6491 3066//6491 3068//6491 
f 3064//6492 3075//6492 3098//6492 
f 3064//6493 3068//6493 3075//6493 
f 3060//6494 3061//6494 3064//6494 
f 3056//6495 3050//6495 3051//6495 
f 3056//6496 3051//6496 3054//6496 
f 3056//6497 3270//6497 3050//6497 
f 3058//6498 3064//6498 3270//6498 
f 3058//6499 3060//6499 3064//6499 
f 3058//6500 3270//6500 3056//6500 
f 3277//6501 3278//6501 3279//6501 
f 3278//6502 3280//6502 3279//6502 
f 3279//6503 3281//6503 3282//6503 
f 3280//6504 3281//6504 3279//6504 
f 3282//6505 3283//6505 3284//6505 
f 3284//6506 3283//6506 3285//6506 
f 3281//6507 3283//6507 3282//6507 
f 3283//6508 3286//6508 3285//6508 
f 3285//6509 3287//6509 3288//6509 
f 3286//6510 3287//6510 3285//6510 
f 3288//6511 3289//6511 3290//6511 
f 3287//6512 3289//6512 3288//6512 
f 3290//6513 3291//6513 3292//6513 
f 3289//6514 3291//6514 3290//6514 
f 3292//6515 3293//6515 3294//6515 
f 3291//6516 3293//6516 3292//6516 
f 3294//6517 3295//6517 3296//6517 
f 3296//6518 3295//6518 3297//6518 
f 3293//6519 3295//6519 3294//6519 
f 3295//6520 3298//6520 3297//6520 
f 3298//6521 3299//6521 3297//6521 
f 3297//6522 3299//6522 3300//6522 
f 3299//6523 3301//6523 3300//6523 
f 3300//6524 3301//6524 3302//6524 
f 3302//6525 3301//6525 3303//6525 
f 3301//6526 3304//6526 3303//6526 
f 3304//6527 3305//6527 3303//6527 
f 3303//6528 3305//6528 3306//6528 
f 3306//6529 3307//6529 3308//6529 
f 3305//6530 3307//6530 3306//6530 
f 3308//6531 3309//6531 3310//6531 
f 3307//6532 3309//6532 3308//6532 
f 3310//6533 3311//6533 3312//6533 
f 3312//6534 3311//6534 3313//6534 
f 3309//6535 3311//6535 3310//6535 
f 3311//6536 3314//6536 3313//6536 
f 3314//6537 3315//6537 3313//6537 
f 3313//6538 3315//6538 3316//6538 
f 3316//6539 3317//6539 3318//6539 
f 3315//6540 3317//6540 3316//6540 
f 3318//6541 3319//6541 3320//6541 
f 3320//6542 3319//6542 3321//6542 
f 3317//6543 3319//6543 3318//6543 
f 3321//6544 3322//6544 3323//6544 
f 3319//6545 3322//6545 3321//6545 
f 3322//6546 3324//6546 3323//6546 
f 3323//6547 3325//6547 3326//6547 
f 3326//6548 3325//6548 3327//6548 
f 3324//6549 3325//6549 3323//6549 
f 3325//6550 3328//6550 3327//6550 
f 3327//6551 3329//6551 3330//6551 
f 3328//6552 3329//6552 3327//6552 
f 3330//6553 3331//6553 3332//6553 
f 3329//6554 3331//6554 3330//6554 
f 3332//6555 3333//6555 3334//6555 
f 3331//6556 3333//6556 3332//6556 
f 3334//6557 3335//6557 3336//6557 
f 3333//6558 3335//6558 3334//6558 
f 3336//6559 3337//6559 3338//6559 
f 3335//6560 3337//6560 3336//6560 
f 3338//6561 3339//6561 3340//6561 
f 3337//6562 3339//6562 3338//6562 
f 3340//6563 3341//6563 3342//6563 
f 3342//6564 3341//6564 3343//6564 
f 3339//6565 3341//6565 3340//6565 
f 3341//6566 3344//6566 3343//6566 
f 3343//6567 3345//6567 3346//6567 
f 3344//6568 3345//6568 3343//6568 
f 3346//6569 3347//6569 3348//6569 
f 3345//6570 3347//6570 3346//6570 
f 3348//6571 3349//6571 3350//6571 
f 3347//6572 3349//6572 3348//6572 
f 3350//6573 3351//6573 3352//6573 
f 3349//6574 3351//6574 3350//6574 
f 3351//6575 3353//6575 3352//6575 
f 3352//6576 3353//6576 3354//6576 
f 3353//6577 3355//6577 3354//6577 
f 3354//6578 3355//6578 3356//6578 
f 3355//6579 3357//6579 3356//6579 
f 3356//6580 3357//6580 3358//6580 
f 3357//6581 3359//6581 3358//6581 
f 3358//6582 3359//6582 3360//6582 
f 3359//6583 3361//6583 3360//6583 
f 3360//6584 3361//6584 3362//6584 
f 3362//6585 3361//6585 3363//6585 
f 3361//6586 3364//6586 3363//6586 
f 3364//6587 3365//6587 3363//6587 
f 3363//6588 3365//6588 3366//6588 
f 3365//6589 3367//6589 3366//6589 
f 3366//6590 3367//6590 3368//6590 
f 3368//6591 3367//6591 3369//6591 
f 3367//6592 3370//6592 3369//6592 
f 3370//6593 3371//6593 3369//6593 
f 3369//6594 3371//6594 3372//6594 
f 3372//6595 3373//6595 3374//6595 
f 3371//6596 3373//6596 3372//6596 
f 3374//6597 3373//6597 3375//6597 
f 3373//6598 3376//6598 3375//6598 
f 3376//6599 3377//6599 3375//6599 
f 3375//6600 3377//6600 3378//6600 
f 3378//6601 3379//6601 3380//6601 
f 3380//6602 3379//6602 3381//6602 
f 3377//6603 3379//6603 3378//6603 
f 3379//6604 3382//6604 3381//6604 
f 3381//6605 3383//6605 3384//6605 
f 3382//6606 3383//6606 3381//6606 
f 3384//6607 3385//6607 3386//6607 
f 3383//6608 3385//6608 3384//6608 
f 3386//6609 3387//6609 3388//6609 
f 3388//6610 3387//6610 3389//6610 
f 3385//6611 3387//6611 3386//6611 
f 3387//6612 3390//6612 3389//6612 
f 3389//6613 3391//6613 3392//6613 
f 3390//6614 3391//6614 3389//6614 
f 3392//6615 3393//6615 3394//6615 
f 3394//6616 3393//6616 3395//6616 
f 3391//6617 3393//6617 3392//6617 
f 3393//6618 3396//6618 3395//6618 
f 3395//6619 3397//6619 3398//6619 
f 3396//6620 3397//6620 3395//6620 
f 3398//6621 3399//6621 3400//6621 
f 3400//6622 3399//6622 3401//6622 
f 3397//6623 3399//6623 3398//6623 
f 3399//6624 3402//6624 3401//6624 
f 3402//6625 3403//6625 3401//6625 
f 3401//6626 3403//6626 3404//6626 
f 3403//6627 3405//6627 3404//6627 
f 3404//6628 3405//6628 3406//6628 
f 3405//6629 3407//6629 3406//6629 
f 3406//6630 3407//6630 3408//6630 
f 3408//6631 3407//6631 3409//6631 
f 3407//6632 3410//6632 3409//6632 
f 3410//6633 3411//6633 3409//6633 
f 3409//6634 3411//6634 3412//6634 
f 3411//6635 3413//6635 3412//6635 
f 3412//6636 3413//6636 3414//6636 
f 3414//6637 3413//6637 3415//6637 
f 3413//6638 3416//6638 3415//6638 
f 3415//6639 3416//6639 3417//6639 
f 3416//6640 3418//6640 3417//6640 
f 3418//6641 3419//6641 3417//6641 
f 3417//6642 3419//6642 3420//6642 
f 3420//6643 3419//6643 3421//6643 
f 3419//6644 3422//6644 3421//6644 
f 3422//6645 3423//6645 3421//6645 
f 3421//6646 3423//6646 3424//6646 
f 3423//6647 3425//6647 3424//6647 
f 3424//6648 3425//6648 3426//6648 
f 3425//6649 3427//6649 3426//6649 
f 3426//6650 3427//6650 3428//6650 
f 3427//6651 3429//6651 3428//6651 
f 3428//6652 3429//6652 3430//6652 
f 3430//6653 3429//6653 3431//6653 
f 3429//6654 3432//6654 3431//6654 
f 3432//6655 3433//6655 3431//6655 
f 3431//6656 3433//6656 3434//6656 
f 3433//6657 3435//6657 3434//6657 
f 3434//6658 3435//6658 3436//6658 
f 3435//6659 3437//6659 3436//6659 
f 3436//6660 3437//6660 3438//6660 
f 3438//6661 3437//6661 3439//6661 
f 3437//6662 3440//6662 3439//6662 
f 3440//6663 3441//6663 3439//6663 
f 3439//6664 3441//6664 3442//6664 
f 3442//6665 3441//6665 3443//6665 
f 3441//6666 3444//6666 3443//6666 
f 3443//6667 3445//6667 3446//6667 
f 3444//6668 3445//6668 3443//6668 
f 3446//6669 3447//6669 3448//6669 
f 3445//6670 3447//6670 3446//6670 
f 3448//6671 3449//6671 3450//6671 
f 3450//6672 3449//6672 3451//6672 
f 3447//6673 3449//6673 3448//6673 
f 3449//6674 3452//6674 3451//6674 
f 3452//6675 3453//6675 3451//6675 
f 3451//6676 3453//6676 3454//6676 
f 3454//6677 3453//6677 3455//6677 
f 3453//6678 3456//6678 3455//6678 
f 3456//6679 3457//6679 3455//6679 
f 3455//6680 3457//6680 3458//6680 
f 3457//6681 3459//6681 3458//6681 
f 3458//6682 3459//6682 3460//6682 
f 3460//6683 3459//6683 3461//6683 
f 3459//6684 3462//6684 3461//6684 
f 3462//6685 3463//6685 3461//6685 
f 3461//6686 3463//6686 3464//6686 
f 3463//6687 3465//6687 3464//6687 
f 3464//6688 3465//6688 3466//6688 
f 3466//6689 3465//6689 3467//6689 
f 3465//6690 3468//6690 3467//6690 
f 3467//6691 3468//6691 3469//6691 
f 3468//6692 3470//6692 3469//6692 
f 3470//6693 3471//6693 3469//6693 
f 3469//6694 3471//6694 3472//6694 
f 3472//6695 3471//6695 3473//6695 
f 3471//6696 3474//6696 3473//6696 
f 3475//6697 3476//6697 3477//6697 
f 3474//6698 3476//6698 3473//6698 
f 3473//6699 3476//6699 3475//6699 
f 3476//6700 3478//6700 3477//6700 
f 3477//6701 3479//6701 3480//6701 
f 3478//6702 3479//6702 3477//6702 
f 3480//6703 3481//6703 3482//6703 
f 3482//6704 3481//6704 3483//6704 
f 3479//6705 3481//6705 3480//6705 
f 3483//6706 3484//6706 3485//6706 
f 3481//6707 3484//6707 3483//6707 
f 3484//6708 3486//6708 3485//6708 
f 3485//6709 3487//6709 3488//6709 
f 3486//6710 3487//6710 3485//6710 
f 3488//6711 3489//6711 3490//6711 
f 3487//6712 3489//6712 3488//6712 
f 3490//6713 3491//6713 3492//6713 
f 3489//6714 3491//6714 3490//6714 
f 3492//6715 3493//6715 3494//6715 
f 3494//6716 3493//6716 3495//6716 
f 3491//6717 3493//6717 3492//6717 
f 3493//6718 3496//6718 3495//6718 
f 3495//6719 3497//6719 3498//6719 
f 3496//6720 3497//6720 3495//6720 
f 3498//6721 3499//6721 3500//6721 
f 3500//6722 3499//6722 3501//6722 
f 3497//6723 3499//6723 3498//6723 
f 3501//6724 3502//6724 3503//6724 
f 3499//6725 3502//6725 3501//6725 
f 3502//6726 3504//6726 3503//6726 
f 3504//6727 3505//6727 3503//6727 
f 3503//6728 3505//6728 3506//6728 
f 3505//6729 3507//6729 3506//6729 
f 3506//6730 3507//6730 3508//6730 
f 3507//6731 3509//6731 3508//6731 
f 3508//6732 3509//6732 3510//6732 
f 3510//6733 3511//6733 3512//6733 
f 3509//6734 3511//6734 3510//6734 
f 3512//6735 3511//6735 3513//6735 
f 3511//6736 3514//6736 3513//6736 
f 3513//6737 3515//6737 3516//6737 
f 3514//6738 3515//6738 3513//6738 
f 3516//6739 3517//6739 3518//6739 
f 3515//6740 3517//6740 3516//6740 
f 3518//6741 3519//6741 3520//6741 
f 3517//6742 3519//6742 3518//6742 
f 3520//6743 3521//6743 3522//6743 
f 3519//6744 3521//6744 3520//6744 
f 3522//6745 3523//6745 3524//6745 
f 3521//6746 3523//6746 3522//6746 
f 3524//6747 3525//6747 3526//6747 
f 3523//6748 3525//6748 3524//6748 
f 3526//6749 3527//6749 3528//6749 
f 3525//6750 3527//6750 3526//6750 
f 3527//6751 3278//6751 3528//6751 
f 3528//6752 3278//6752 3277//6752 
f 3432//6753 3429//6753 3433//6753 
f 3433//6754 3429//6754 3435//6754 
f 3440//6755 3444//6755 3441//6755 
f 3429//6756 3425//6756 3435//6756 
f 3427//6757 3425//6757 3429//6757 
f 3435//6758 3425//6758 3437//6758 
f 3437//6759 3425//6759 3440//6759 
f 3444//6760 3447//6760 3445//6760 
f 3423//6761 3422//6761 3425//6761 
f 3422//6762 3419//6762 3425//6762 
f 3444//6763 3452//6763 3447//6763 
f 3447//6764 3452//6764 3449//6764 
f 3452//6765 3456//6765 3453//6765 
f 3440//6766 3413//6766 3444//6766 
f 3425//6767 3413//6767 3440//6767 
f 3419//6768 3413//6768 3425//6768 
f 3416//6769 3413//6769 3418//6769 
f 3418//6770 3413//6770 3419//6770 
f 3452//6771 3457//6771 3456//6771 
f 3452//6772 3459//6772 3457//6772 
f 3411//6773 3410//6773 3413//6773 
f 3459//6774 3463//6774 3462//6774 
f 3407//6775 3405//6775 3410//6775 
f 3444//6776 3465//6776 3452//6776 
f 3452//6777 3465//6777 3459//6777 
f 3459//6778 3465//6778 3463//6778 
f 3403//6779 3402//6779 3405//6779 
f 3465//6780 3470//6780 3468//6780 
f 3399//6781 3397//6781 3402//6781 
f 3402//6782 3397//6782 3405//6782 
f 3470//6783 3474//6783 3471//6783 
f 3465//6784 3474//6784 3470//6784 
f 3465//6785 3476//6785 3474//6785 
f 3393//6786 3391//6786 3396//6786 
f 3397//6787 3390//6787 3405//6787 
f 3391//6788 3390//6788 3396//6788 
f 3396//6789 3390//6789 3397//6789 
f 3405//6790 3390//6790 3410//6790 
f 3465//6791 3385//6791 3476//6791 
f 3390//6792 3385//6792 3410//6792 
f 3387//6793 3385//6793 3390//6793 
f 3413//6794 3385//6794 3444//6794 
f 3410//6795 3385//6795 3413//6795 
f 3444//6796 3385//6796 3465//6796 
f 3484//6797 3487//6797 3486//6797 
f 3484//6798 3489//6798 3487//6798 
f 3382//6799 3379//6799 3383//6799 
f 3481//6800 3491//6800 3484//6800 
f 3484//6801 3491//6801 3489//6801 
f 3379//6802 3376//6802 3383//6802 
f 3377//6803 3376//6803 3379//6803 
f 3478//6804 3496//6804 3479//6804 
f 3479//6805 3496//6805 3481//6805 
f 3491//6806 3496//6806 3493//6806 
f 3481//6807 3496//6807 3491//6807 
f 3476//6808 3496//6808 3478//6808 
f 3376//6809 3371//6809 3383//6809 
f 3373//6810 3371//6810 3376//6810 
f 3383//6811 3371//6811 3385//6811 
f 3496//6812 3499//6812 3497//6812 
f 3371//6813 3367//6813 3385//6813 
f 3370//6814 3367//6814 3371//6814 
f 3499//6815 3505//6815 3502//6815 
f 3502//6816 3505//6816 3504//6816 
f 3364//6817 3361//6817 3365//6817 
f 3365//6818 3361//6818 3367//6818 
f 3507//6819 3511//6819 3509//6819 
f 3385//6820 3357//6820 3476//6820 
f 3496//6821 3357//6821 3499//6821 
f 3359//6822 3357//6822 3361//6822 
f 3367//6823 3357//6823 3385//6823 
f 3476//6824 3357//6824 3496//6824 
f 3361//6825 3357//6825 3367//6825 
f 3505//6826 3514//6826 3507//6826 
f 3507//6827 3514//6827 3511//6827 
f 3499//6828 3515//6828 3505//6828 
f 3505//6829 3515//6829 3514//6829 
f 3355//6830 3353//6830 3357//6830 
f 3353//6831 3351//6831 3357//6831 
f 3515//6832 3519//6832 3517//6832 
f 3499//6833 3519//6833 3515//6833 
f 3357//6834 3349//6834 3499//6834 
f 3351//6835 3349//6835 3357//6835 
f 3349//6836 3521//6836 3499//6836 
f 3499//6837 3521//6837 3519//6837 
f 3523//6838 3527//6838 3525//6838 
f 3344//6839 3341//6839 3345//6839 
f 3345//6840 3341//6840 3347//6840 
f 3347//6841 3341//6841 3349//6841 
f 3523//6842 3278//6842 3527//6842 
f 3521//6843 3278//6843 3523//6843 
f 3278//6844 3283//6844 3280//6844 
f 3280//6845 3283//6845 3281//6845 
f 3341//6846 3333//6846 3349//6846 
f 3335//6847 3333//6847 3337//6847 
f 3337//6848 3333//6848 3339//6848 
f 3339//6849 3333//6849 3341//6849 
f 3278//6850 3286//6850 3283//6850 
f 3521//6851 3286//6851 3278//6851 
f 3331//6852 3329//6852 3333//6852 
f 3333//6853 3328//6853 3349//6853 
f 3329//6854 3328//6854 3333//6854 
f 3286//6855 3291//6855 3287//6855 
f 3287//6856 3291//6856 3289//6856 
f 3521//6857 3291//6857 3286//6857 
f 3325//6858 3324//6858 3328//6858 
f 3324//6859 3322//6859 3328//6859 
f 3293//6860 3298//6860 3295//6860 
f 3322//6861 3319//6861 3328//6861 
f 3291//6862 3299//6862 3293//6862 
f 3293//6863 3299//6863 3298//6863 
f 3521//6864 3301//6864 3291//6864 
f 3291//6865 3301//6865 3299//6865 
f 3349//6866 3315//6866 3521//6866 
f 3317//6867 3315//6867 3319//6867 
f 3328//6868 3315//6868 3349//6868 
f 3319//6869 3315//6869 3328//6869 
f 3314//6870 3311//6870 3315//6870 
f 3301//6871 3307//6871 3304//6871 
f 3304//6872 3307//6872 3305//6872 
f 3521//6873 3307//6873 3301//6873 
f 3315//6874 3309//6874 3521//6874 
f 3311//6875 3309//6875 3315//6875 
f 3521//6876 3309//6876 3307//6876 
f 3430//6877 3431//6877 3434//6877 
f 3430//6878 3434//6878 3436//6878 
f 3443//6879 3439//6879 3442//6879 
f 3426//6880 3430//6880 3436//6880 
f 3426//6881 3428//6881 3430//6881 
f 3426//6882 3436//6882 3438//6882 
f 3426//6883 3438//6883 3439//6883 
f 3448//6884 3443//6884 3446//6884 
f 3421//6885 3424//6885 3426//6885 
f 3420//6886 3421//6886 3426//6886 
f 3451//6887 3443//6887 3448//6887 
f 3451//6888 3448//6888 3450//6888 
f 3455//6889 3451//6889 3454//6889 
f 3414//6890 3439//6890 3443//6890 
f 3414//6891 3426//6891 3439//6891 
f 3414//6892 3420//6892 3426//6892 
f 3414//6893 3415//6893 3417//6893 
f 3414//6894 3417//6894 3420//6894 
f 3458//6895 3451//6895 3455//6895 
f 3460//6896 3451//6896 3458//6896 
f 3409//6897 3412//6897 3414//6897 
f 3464//6898 3460//6898 3461//6898 
f 3406//6899 3408//6899 3409//6899 
f 3466//6900 3443//6900 3451//6900 
f 3466//6901 3451//6901 3460//6901 
f 3466//6902 3460//6902 3464//6902 
f 3401//6903 3404//6903 3406//6903 
f 3469//6904 3466//6904 3467//6904 
f 3398//6905 3400//6905 3401//6905 
f 3398//6906 3401//6906 3406//6906 
f 3473//6907 3469//6907 3472//6907 
f 3473//6908 3466//6908 3469//6908 
f 3475//6909 3466//6909 3473//6909 
f 3392//6910 3394//6910 3395//6910 
f 3389//6911 3398//6911 3406//6911 
f 3389//6912 3392//6912 3395//6912 
f 3389//6913 3395//6913 3398//6913 
f 3389//6914 3406//6914 3409//6914 
f 3386//6915 3466//6915 3475//6915 
f 3386//6916 3389//6916 3409//6916 
f 3386//6917 3388//6917 3389//6917 
f 3386//6918 3414//6918 3443//6918 
f 3386//6919 3409//6919 3414//6919 
f 3386//6920 3443//6920 3466//6920 
f 3488//6921 3483//6921 3485//6921 
f 3490//6922 3483//6922 3488//6922 
f 3380//6923 3381//6923 3384//6923 
f 3492//6924 3482//6924 3483//6924 
f 3492//6925 3483//6925 3490//6925 
f 3375//6926 3380//6926 3384//6926 
f 3375//6927 3378//6927 3380//6927 
f 3495//6928 3477//6928 3480//6928 
f 3495//6929 3480//6929 3482//6929 
f 3495//6930 3492//6930 3494//6930 
f 3495//6931 3482//6931 3492//6931 
f 3495//6932 3475//6932 3477//6932 
f 3372//6933 3375//6933 3384//6933 
f 3372//6934 3374//6934 3375//6934 
f 3372//6935 3384//6935 3386//6935 
f 3500//6936 3495//6936 3498//6936 
f 3368//6937 3372//6937 3386//6937 
f 3368//6938 3369//6938 3372//6938 
f 3506//6939 3500//6939 3501//6939 
f 3506//6940 3501//6940 3503//6940 
f 3362//6941 3363//6941 3366//6941 
f 3362//6942 3366//6942 3368//6942 
f 3512//6943 3508//6943 3510//6943 
f 3358//6944 3386//6944 3475//6944 
f 3358//6945 3495//6945 3500//6945 
f 3358//6946 3360//6946 3362//6946 
f 3358//6947 3368//6947 3386//6947 
f 3358//6948 3475//6948 3495//6948 
f 3358//6949 3362//6949 3368//6949 
f 3513//6950 3506//6950 3508//6950 
f 3513//6951 3508//6951 3512//6951 
f 3516//6952 3500//6952 3506//6952 
f 3516//6953 3506//6953 3513//6953 
f 3354//6954 3356//6954 3358//6954 
f 3352//6955 3354//6955 3358//6955 
f 3520//6956 3516//6956 3518//6956 
f 3520//6957 3500//6957 3516//6957 
f 3350//6958 3358//6958 3500//6958 
f 3350//6959 3352//6959 3358//6959 
f 3522//6960 3350//6960 3500//6960 
f 3522//6961 3500//6961 3520//6961 
f 3528//6962 3524//6962 3526//6962 
f 3342//6963 3343//6963 3346//6963 
f 3342//6964 3346//6964 3348//6964 
f 3342//6965 3348//6965 3350//6965 
f 3277//6966 3524//6966 3528//6966 
f 3277//6967 3522//6967 3524//6967 
f 3284//6968 3277//6968 3279//6968 
f 3284//6969 3279//6969 3282//6969 
f 3334//6970 3342//6970 3350//6970 
f 3334//6971 3336//6971 3338//6971 
f 3334//6972 3338//6972 3340//6972 
f 3334//6973 3340//6973 3342//6973 
f 3285//6974 3277//6974 3284//6974 
f 3285//6975 3522//6975 3277//6975 
f 3330//6976 3332//6976 3334//6976 
f 3327//6977 3334//6977 3350//6977 
f 3327//6978 3330//6978 3334//6978 
f 3292//6979 3285//6979 3288//6979 
f 3292//6980 3288//6980 3290//6980 
f 3292//6981 3522//6981 3285//6981 
f 3323//6982 3326//6982 3327//6982 
f 3321//6983 3323//6983 3327//6983 
f 3297//6984 3294//6984 3296//6984 
f 3320//6985 3321//6985 3327//6985 
f 3300//6986 3292//6986 3294//6986 
f 3300//6987 3294//6987 3297//6987 
f 3302//6988 3522//6988 3292//6988 
f 3302//6989 3292//6989 3300//6989 
f 3316//6990 3350//6990 3522//6990 
f 3316//6991 3318//6991 3320//6991 
f 3316//6992 3327//6992 3350//6992 
f 3316//6993 3320//6993 3327//6993 
f 3312//6994 3313//6994 3316//6994 
f 3308//6995 3302//6995 3303//6995 
f 3308//6996 3303//6996 3306//6996 
f 3308//6997 3522//6997 3302//6997 
f 3310//6998 3316//6998 3522//6998 
f 3310//6999 3312//6999 3316//6999 
f 3310//7000 3522//7000 3308//7000 
f 3529//7001 3530//7001 3531//7001 
f 3530//7002 3532//7002 3531//7002 
f 3531//7003 3533//7003 3534//7003 
f 3532//7004 3533//7004 3531//7004 
f 3534//7005 3535//7005 3536//7005 
f 3536//7006 3535//7006 3537//7006 
f 3533//7007 3535//7007 3534//7007 
f 3535//7008 3538//7008 3537//7008 
f 3537//7009 3539//7009 3540//7009 
f 3538//7010 3539//7010 3537//7010 
f 3540//7011 3541//7011 3542//7011 
f 3539//7012 3541//7012 3540//7012 
f 3542//7013 3543//7013 3544//7013 
f 3541//7014 3543//7014 3542//7014 
f 3544//7015 3545//7015 3546//7015 
f 3543//7016 3545//7016 3544//7016 
f 3546//7017 3547//7017 3548//7017 
f 3548//7018 3547//7018 3549//7018 
f 3545//7019 3547//7019 3546//7019 
f 3547//7020 3550//7020 3549//7020 
f 3550//7021 3551//7021 3549//7021 
f 3549//7022 3551//7022 3552//7022 
f 3551//7023 3553//7023 3552//7023 
f 3552//7024 3553//7024 3554//7024 
f 3554//7025 3553//7025 3555//7025 
f 3553//7026 3556//7026 3555//7026 
f 3556//7027 3557//7027 3555//7027 
f 3555//7028 3557//7028 3558//7028 
f 3558//7029 3559//7029 3560//7029 
f 3557//7030 3559//7030 3558//7030 
f 3560//7031 3561//7031 3562//7031 
f 3559//7032 3561//7032 3560//7032 
f 3562//7033 3563//7033 3564//7033 
f 3564//7034 3563//7034 3565//7034 
f 3561//7035 3563//7035 3562//7035 
f 3563//7036 3566//7036 3565//7036 
f 3566//7037 3567//7037 3565//7037 
f 3565//7038 3567//7038 3568//7038 
f 3568//7039 3569//7039 3570//7039 
f 3567//7040 3569//7040 3568//7040 
f 3570//7041 3571//7041 3572//7041 
f 3572//7042 3571//7042 3573//7042 
f 3569//7043 3571//7043 3570//7043 
f 3573//7044 3574//7044 3575//7044 
f 3571//7045 3574//7045 3573//7045 
f 3574//7046 3576//7046 3575//7046 
f 3575//7047 3577//7047 3578//7047 
f 3578//7048 3577//7048 3579//7048 
f 3576//7049 3577//7049 3575//7049 
f 3577//7050 3580//7050 3579//7050 
f 3579//7051 3581//7051 3582//7051 
f 3580//7052 3581//7052 3579//7052 
f 3582//7053 3583//7053 3584//7053 
f 3581//7054 3583//7054 3582//7054 
f 3584//7055 3585//7055 3586//7055 
f 3583//7056 3585//7056 3584//7056 
f 3586//7057 3587//7057 3588//7057 
f 3585//7058 3587//7058 3586//7058 
f 3588//7059 3589//7059 3590//7059 
f 3587//7060 3589//7060 3588//7060 
f 3590//7061 3591//7061 3592//7061 
f 3589//7062 3591//7062 3590//7062 
f 3592//7063 3593//7063 3594//7063 
f 3594//7064 3593//7064 3595//7064 
f 3591//7065 3593//7065 3592//7065 
f 3593//7066 3596//7066 3595//7066 
f 3595//7067 3597//7067 3598//7067 
f 3596//7068 3597//7068 3595//7068 
f 3598//7069 3599//7069 3600//7069 
f 3597//7070 3599//7070 3598//7070 
f 3600//7071 3601//7071 3602//7071 
f 3599//7072 3601//7072 3600//7072 
f 3602//7073 3603//7073 3604//7073 
f 3601//7074 3603//7074 3602//7074 
f 3603//7075 3605//7075 3604//7075 
f 3604//7076 3605//7076 3606//7076 
f 3605//7077 3607//7077 3606//7077 
f 3606//7078 3607//7078 3608//7078 
f 3607//7079 3609//7079 3608//7079 
f 3608//7080 3609//7080 3610//7080 
f 3609//7081 3611//7081 3610//7081 
f 3610//7082 3611//7082 3612//7082 
f 3611//7083 3613//7083 3612//7083 
f 3612//7084 3613//7084 3614//7084 
f 3614//7085 3613//7085 3615//7085 
f 3613//7086 3616//7086 3615//7086 
f 3616//7087 3617//7087 3615//7087 
f 3615//7088 3617//7088 3618//7088 
f 3617//7089 3619//7089 3618//7089 
f 3618//7090 3619//7090 3620//7090 
f 3620//7091 3619//7091 3621//7091 
f 3619//7092 3622//7092 3621//7092 
f 3622//7093 3623//7093 3621//7093 
f 3621//7094 3623//7094 3624//7094 
f 3624//7095 3625//7095 3626//7095 
f 3623//7096 3625//7096 3624//7096 
f 3626//7097 3625//7097 3627//7097 
f 3625//7098 3628//7098 3627//7098 
f 3628//7099 3629//7099 3627//7099 
f 3627//7100 3629//7100 3630//7100 
f 3630//7101 3631//7101 3632//7101 
f 3632//7102 3631//7102 3633//7102 
f 3629//7103 3631//7103 3630//7103 
f 3631//7104 3634//7104 3633//7104 
f 3633//7105 3635//7105 3636//7105 
f 3634//7106 3635//7106 3633//7106 
f 3636//7107 3637//7107 3638//7107 
f 3635//7108 3637//7108 3636//7108 
f 3638//7109 3639//7109 3640//7109 
f 3640//7110 3639//7110 3641//7110 
f 3637//7111 3639//7111 3638//7111 
f 3639//7112 3642//7112 3641//7112 
f 3641//7113 3643//7113 3644//7113 
f 3642//7114 3643//7114 3641//7114 
f 3644//7115 3645//7115 3646//7115 
f 3646//7116 3645//7116 3647//7116 
f 3643//7117 3645//7117 3644//7117 
f 3645//7118 3648//7118 3647//7118 
f 3647//7119 3649//7119 3650//7119 
f 3648//7120 3649//7120 3647//7120 
f 3650//7121 3651//7121 3652//7121 
f 3652//7122 3651//7122 3653//7122 
f 3649//7123 3651//7123 3650//7123 
f 3651//7124 3654//7124 3653//7124 
f 3654//7125 3655//7125 3653//7125 
f 3653//7126 3655//7126 3656//7126 
f 3655//7127 3657//7127 3656//7127 
f 3656//7128 3657//7128 3658//7128 
f 3657//7129 3659//7129 3658//7129 
f 3658//7130 3659//7130 3660//7130 
f 3660//7131 3659//7131 3661//7131 
f 3659//7132 3662//7132 3661//7132 
f 3662//7133 3663//7133 3661//7133 
f 3661//7134 3663//7134 3664//7134 
f 3663//7135 3665//7135 3664//7135 
f 3664//7136 3665//7136 3666//7136 
f 3666//7137 3665//7137 3667//7137 
f 3665//7138 3668//7138 3667//7138 
f 3667//7139 3668//7139 3669//7139 
f 3668//7140 3670//7140 3669//7140 
f 3670//7141 3671//7141 3669//7141 
f 3669//7142 3671//7142 3672//7142 
f 3672//7143 3671//7143 3673//7143 
f 3671//7144 3674//7144 3673//7144 
f 3674//7145 3675//7145 3673//7145 
f 3673//7146 3675//7146 3676//7146 
f 3675//7147 3677//7147 3676//7147 
f 3676//7148 3677//7148 3678//7148 
f 3677//7149 3679//7149 3678//7149 
f 3678//7150 3679//7150 3680//7150 
f 3679//7151 3681//7151 3680//7151 
f 3680//7152 3681//7152 3682//7152 
f 3682//7153 3681//7153 3683//7153 
f 3681//7154 3684//7154 3683//7154 
f 3684//7155 3685//7155 3683//7155 
f 3683//7156 3685//7156 3686//7156 
f 3685//7157 3687//7157 3686//7157 
f 3686//7158 3687//7158 3688//7158 
f 3687//7159 3689//7159 3688//7159 
f 3688//7160 3689//7160 3690//7160 
f 3690//7161 3689//7161 3691//7161 
f 3689//7162 3692//7162 3691//7162 
f 3692//7163 3693//7163 3691//7163 
f 3691//7164 3693//7164 3694//7164 
f 3694//7165 3693//7165 3695//7165 
f 3693//7166 3696//7166 3695//7166 
f 3695//7167 3697//7167 3698//7167 
f 3696//7168 3697//7168 3695//7168 
f 3698//7169 3699//7169 3700//7169 
f 3697//7170 3699//7170 3698//7170 
f 3700//7171 3701//7171 3702//7171 
f 3702//7172 3701//7172 3703//7172 
f 3699//7173 3701//7173 3700//7173 
f 3701//7174 3704//7174 3703//7174 
f 3704//7175 3705//7175 3703//7175 
f 3703//7176 3705//7176 3706//7176 
f 3706//7177 3705//7177 3707//7177 
f 3705//7178 3708//7178 3707//7178 
f 3708//7179 3709//7179 3707//7179 
f 3707//7180 3709//7180 3710//7180 
f 3709//7181 3711//7181 3710//7181 
f 3710//7182 3711//7182 3712//7182 
f 3712//7183 3711//7183 3713//7183 
f 3711//7184 3714//7184 3713//7184 
f 3714//7185 3715//7185 3713//7185 
f 3713//7186 3715//7186 3716//7186 
f 3715//7187 3717//7187 3716//7187 
f 3716//7188 3717//7188 3718//7188 
f 3718//7189 3717//7189 3719//7189 
f 3717//7190 3720//7190 3719//7190 
f 3719//7191 3720//7191 3721//7191 
f 3720//7192 3722//7192 3721//7192 
f 3722//7193 3723//7193 3721//7193 
f 3721//7194 3723//7194 3724//7194 
f 3724//7195 3723//7195 3725//7195 
f 3723//7196 3726//7196 3725//7196 
f 3727//7197 3728//7197 3729//7197 
f 3726//7198 3728//7198 3725//7198 
f 3725//7199 3728//7199 3727//7199 
f 3728//7200 3730//7200 3729//7200 
f 3729//7201 3731//7201 3732//7201 
f 3730//7202 3731//7202 3729//7202 
f 3732//7203 3733//7203 3734//7203 
f 3734//7204 3733//7204 3735//7204 
f 3731//7205 3733//7205 3732//7205 
f 3735//7206 3736//7206 3737//7206 
f 3733//7207 3736//7207 3735//7207 
f 3736//7208 3738//7208 3737//7208 
f 3737//7209 3739//7209 3740//7209 
f 3738//7210 3739//7210 3737//7210 
f 3740//7211 3741//7211 3742//7211 
f 3739//7212 3741//7212 3740//7212 
f 3742//7213 3743//7213 3744//7213 
f 3741//7214 3743//7214 3742//7214 
f 3744//7215 3745//7215 3746//7215 
f 3746//7216 3745//7216 3747//7216 
f 3743//7217 3745//7217 3744//7217 
f 3745//7218 3748//7218 3747//7218 
f 3747//7219 3749//7219 3750//7219 
f 3748//7220 3749//7220 3747//7220 
f 3750//7221 3751//7221 3752//7221 
f 3752//7222 3751//7222 3753//7222 
f 3749//7223 3751//7223 3750//7223 
f 3753//7224 3754//7224 3755//7224 
f 3751//7225 3754//7225 3753//7225 
f 3754//7226 3756//7226 3755//7226 
f 3756//7227 3757//7227 3755//7227 
f 3755//7228 3757//7228 3758//7228 
f 3757//7229 3759//7229 3758//7229 
f 3758//7230 3759//7230 3760//7230 
f 3759//7231 3761//7231 3760//7231 
f 3760//7232 3761//7232 3762//7232 
f 3762//7233 3763//7233 3764//7233 
f 3761//7234 3763//7234 3762//7234 
f 3764//7235 3763//7235 3765//7235 
f 3763//7236 3766//7236 3765//7236 
f 3765//7237 3767//7237 3768//7237 
f 3766//7238 3767//7238 3765//7238 
f 3768//7239 3769//7239 3770//7239 
f 3767//7240 3769//7240 3768//7240 
f 3770//7241 3771//7241 3772//7241 
f 3769//7242 3771//7242 3770//7242 
f 3772//7243 3773//7243 3774//7243 
f 3771//7244 3773//7244 3772//7244 
f 3774//7245 3775//7245 3776//7245 
f 3773//7246 3775//7246 3774//7246 
f 3776//7247 3777//7247 3778//7247 
f 3775//7248 3777//7248 3776//7248 
f 3778//7249 3779//7249 3780//7249 
f 3777//7250 3779//7250 3778//7250 
f 3779//7251 3530//7251 3780//7251 
f 3780//7252 3530//7252 3529//7252 
f 3684//7253 3681//7253 3685//7253 
f 3685//7254 3681//7254 3687//7254 
f 3692//7255 3696//7255 3693//7255 
f 3681//7256 3677//7256 3687//7256 
f 3679//7257 3677//7257 3681//7257 
f 3687//7258 3677//7258 3689//7258 
f 3689//7259 3677//7259 3692//7259 
f 3696//7260 3699//7260 3697//7260 
f 3675//7261 3674//7261 3677//7261 
f 3674//7262 3671//7262 3677//7262 
f 3696//7263 3704//7263 3699//7263 
f 3699//7264 3704//7264 3701//7264 
f 3704//7265 3708//7265 3705//7265 
f 3692//7266 3665//7266 3696//7266 
f 3677//7267 3665//7267 3692//7267 
f 3671//7268 3665//7268 3677//7268 
f 3668//7269 3665//7269 3670//7269 
f 3670//7270 3665//7270 3671//7270 
f 3704//7271 3709//7271 3708//7271 
f 3704//7272 3711//7272 3709//7272 
f 3663//7273 3662//7273 3665//7273 
f 3711//7274 3715//7274 3714//7274 
f 3659//7275 3657//7275 3662//7275 
f 3696//7276 3717//7276 3704//7276 
f 3704//7277 3717//7277 3711//7277 
f 3711//7278 3717//7278 3715//7278 
f 3655//7279 3654//7279 3657//7279 
f 3717//7280 3722//7280 3720//7280 
f 3651//7281 3649//7281 3654//7281 
f 3654//7282 3649//7282 3657//7282 
f 3722//7283 3726//7283 3723//7283 
f 3717//7284 3726//7284 3722//7284 
f 3717//7285 3728//7285 3726//7285 
f 3645//7286 3643//7286 3648//7286 
f 3649//7287 3642//7287 3657//7287 
f 3643//7288 3642//7288 3648//7288 
f 3648//7289 3642//7289 3649//7289 
f 3657//7290 3642//7290 3662//7290 
f 3717//7291 3637//7291 3728//7291 
f 3642//7292 3637//7292 3662//7292 
f 3639//7293 3637//7293 3642//7293 
f 3665//7294 3637//7294 3696//7294 
f 3662//7295 3637//7295 3665//7295 
f 3696//7296 3637//7296 3717//7296 
f 3736//7297 3739//7297 3738//7297 
f 3736//7298 3741//7298 3739//7298 
f 3634//7299 3631//7299 3635//7299 
f 3733//7300 3743//7300 3736//7300 
f 3736//7301 3743//7301 3741//7301 
f 3631//7302 3628//7302 3635//7302 
f 3629//7303 3628//7303 3631//7303 
f 3730//7304 3748//7304 3731//7304 
f 3731//7305 3748//7305 3733//7305 
f 3743//7306 3748//7306 3745//7306 
f 3733//7307 3748//7307 3743//7307 
f 3728//7308 3748//7308 3730//7308 
f 3628//7309 3623//7309 3635//7309 
f 3625//7310 3623//7310 3628//7310 
f 3635//7311 3623//7311 3637//7311 
f 3748//7312 3751//7312 3749//7312 
f 3623//7313 3619//7313 3637//7313 
f 3622//7314 3619//7314 3623//7314 
f 3751//7315 3757//7315 3754//7315 
f 3754//7316 3757//7316 3756//7316 
f 3616//7317 3613//7317 3617//7317 
f 3617//7318 3613//7318 3619//7318 
f 3759//7319 3763//7319 3761//7319 
f 3637//7320 3609//7320 3728//7320 
f 3748//7321 3609//7321 3751//7321 
f 3611//7322 3609//7322 3613//7322 
f 3619//7323 3609//7323 3637//7323 
f 3728//7324 3609//7324 3748//7324 
f 3613//7325 3609//7325 3619//7325 
f 3757//7326 3766//7326 3759//7326 
f 3759//7327 3766//7327 3763//7327 
f 3751//7328 3767//7328 3757//7328 
f 3757//7329 3767//7329 3766//7329 
f 3607//7330 3605//7330 3609//7330 
f 3605//7331 3603//7331 3609//7331 
f 3767//7332 3771//7332 3769//7332 
f 3751//7333 3771//7333 3767//7333 
f 3609//7334 3601//7334 3751//7334 
f 3603//7335 3601//7335 3609//7335 
f 3601//7336 3773//7336 3751//7336 
f 3751//7337 3773//7337 3771//7337 
f 3775//7338 3779//7338 3777//7338 
f 3596//7339 3593//7339 3597//7339 
f 3597//7340 3593//7340 3599//7340 
f 3599//7341 3593//7341 3601//7341 
f 3775//7342 3530//7342 3779//7342 
f 3773//7343 3530//7343 3775//7343 
f 3530//7344 3535//7344 3532//7344 
f 3532//7345 3535//7345 3533//7345 
f 3593//7346 3585//7346 3601//7346 
f 3587//7347 3585//7347 3589//7347 
f 3589//7348 3585//7348 3591//7348 
f 3591//7349 3585//7349 3593//7349 
f 3530//7350 3538//7350 3535//7350 
f 3773//7351 3538//7351 3530//7351 
f 3583//7352 3581//7352 3585//7352 
f 3585//7353 3580//7353 3601//7353 
f 3581//7354 3580//7354 3585//7354 
f 3538//7355 3543//7355 3539//7355 
f 3539//7356 3543//7356 3541//7356 
f 3773//7357 3543//7357 3538//7357 
f 3577//7358 3576//7358 3580//7358 
f 3576//7359 3574//7359 3580//7359 
f 3545//7360 3550//7360 3547//7360 
f 3574//7361 3571//7361 3580//7361 
f 3543//7362 3551//7362 3545//7362 
f 3545//7363 3551//7363 3550//7363 
f 3773//7364 3553//7364 3543//7364 
f 3543//7365 3553//7365 3551//7365 
f 3601//7366 3567//7366 3773//7366 
f 3569//7367 3567//7367 3571//7367 
f 3580//7368 3567//7368 3601//7368 
f 3571//7369 3567//7369 3580//7369 
f 3566//7370 3563//7370 3567//7370 
f 3553//7371 3559//7371 3556//7371 
f 3556//7372 3559//7372 3557//7372 
f 3773//7373 3559//7373 3553//7373 
f 3567//7374 3561//7374 3773//7374 
f 3563//7375 3561//7375 3567//7375 
f 3773//7376 3561//7376 3559//7376 
f 3682//7377 3683//7377 3686//7377 
f 3682//7378 3686//7378 3688//7378 
f 3695//7379 3691//7379 3694//7379 
f 3678//7380 3682//7380 3688//7380 
f 3678//7381 3680//7381 3682//7381 
f 3678//7382 3688//7382 3690//7382 
f 3678//7383 3690//7383 3691//7383 
f 3700//7384 3695//7384 3698//7384 
f 3673//7385 3676//7385 3678//7385 
f 3672//7386 3673//7386 3678//7386 
f 3703//7387 3695//7387 3700//7387 
f 3703//7388 3700//7388 3702//7388 
f 3707//7389 3703//7389 3706//7389 
f 3666//7390 3691//7390 3695//7390 
f 3666//7391 3678//7391 3691//7391 
f 3666//7392 3672//7392 3678//7392 
f 3666//7393 3667//7393 3669//7393 
f 3666//7394 3669//7394 3672//7394 
f 3710//7395 3703//7395 3707//7395 
f 3712//7396 3703//7396 3710//7396 
f 3661//7397 3664//7397 3666//7397 
f 3716//7398 3712//7398 3713//7398 
f 3658//7399 3660//7399 3661//7399 
f 3718//7400 3695//7400 3703//7400 
f 3718//7401 3703//7401 3712//7401 
f 3718//7402 3712//7402 3716//7402 
f 3653//7403 3656//7403 3658//7403 
f 3721//7404 3718//7404 3719//7404 
f 3650//7405 3652//7405 3653//7405 
f 3650//7406 3653//7406 3658//7406 
f 3725//7407 3721//7407 3724//7407 
f 3725//7408 3718//7408 3721//7408 
f 3727//7409 3718//7409 3725//7409 
f 3644//7410 3646//7410 3647//7410 
f 3641//7411 3650//7411 3658//7411 
f 3641//7412 3644//7412 3647//7412 
f 3641//7413 3647//7413 3650//7413 
f 3641//7414 3658//7414 3661//7414 
f 3638//7415 3718//7415 3727//7415 
f 3638//7416 3641//7416 3661//7416 
f 3638//7417 3640//7417 3641//7417 
f 3638//7418 3666//7418 3695//7418 
f 3638//7419 3661//7419 3666//7419 
f 3638//7420 3695//7420 3718//7420 
f 3740//7421 3735//7421 3737//7421 
f 3742//7422 3735//7422 3740//7422 
f 3632//7423 3633//7423 3636//7423 
f 3744//7424 3734//7424 3735//7424 
f 3744//7425 3735//7425 3742//7425 
f 3627//7426 3632//7426 3636//7426 
f 3627//7427 3630//7427 3632//7427 
f 3747//7428 3729//7428 3732//7428 
f 3747//7429 3732//7429 3734//7429 
f 3747//7430 3744//7430 3746//7430 
f 3747//7431 3734//7431 3744//7431 
f 3747//7432 3727//7432 3729//7432 
f 3624//7433 3627//7433 3636//7433 
f 3624//7434 3626//7434 3627//7434 
f 3624//7435 3636//7435 3638//7435 
f 3752//7436 3747//7436 3750//7436 
f 3620//7437 3624//7437 3638//7437 
f 3620//7438 3621//7438 3624//7438 
f 3758//7439 3752//7439 3753//7439 
f 3758//7440 3753//7440 3755//7440 
f 3614//7441 3615//7441 3618//7441 
f 3614//7442 3618//7442 3620//7442 
f 3764//7443 3760//7443 3762//7443 
f 3610//7444 3638//7444 3727//7444 
f 3610//7445 3747//7445 3752//7445 
f 3610//7446 3612//7446 3614//7446 
f 3610//7447 3620//7447 3638//7447 
f 3610//7448 3727//7448 3747//7448 
f 3610//7449 3614//7449 3620//7449 
f 3765//7450 3758//7450 3760//7450 
f 3765//7451 3760//7451 3764//7451 
f 3768//7452 3752//7452 3758//7452 
f 3768//7453 3758//7453 3765//7453 
f 3606//7454 3608//7454 3610//7454 
f 3604//7455 3606//7455 3610//7455 
f 3772//7456 3768//7456 3770//7456 
f 3772//7457 3752//7457 3768//7457 
f 3602//7458 3610//7458 3752//7458 
f 3602//7459 3604//7459 3610//7459 
f 3774//7460 3602//7460 3752//7460 
f 3774//7461 3752//7461 3772//7461 
f 3780//7462 3776//7462 3778//7462 
f 3594//7463 3595//7463 3598//7463 
f 3594//7464 3598//7464 3600//7464 
f 3594//7465 3600//7465 3602//7465 
f 3529//7466 3776//7466 3780//7466 
f 3529//7467 3774//7467 3776//7467 
f 3536//7468 3529//7468 3531//7468 
f 3536//7469 3531//7469 3534//7469 
f 3586//7470 3594//7470 3602//7470 
f 3586//7471 3588//7471 3590//7471 
f 3586//7472 3590//7472 3592//7472 
f 3586//7473 3592//7473 3594//7473 
f 3537//7474 3529//7474 3536//7474 
f 3537//7475 3774//7475 3529//7475 
f 3582//7476 3584//7476 3586//7476 
f 3579//7477 3586//7477 3602//7477 
f 3579//7478 3582//7478 3586//7478 
f 3544//7479 3537//7479 3540//7479 
f 3544//7480 3540//7480 3542//7480 
f 3544//7481 3774//7481 3537//7481 
f 3575//7482 3578//7482 3579//7482 
f 3573//7483 3575//7483 3579//7483 
f 3549//7484 3546//7484 3548//7484 
f 3572//7485 3573//7485 3579//7485 
f 3552//7486 3544//7486 3546//7486 
f 3552//7487 3546//7487 3549//7487 
f 3554//7488 3774//7488 3544//7488 
f 3554//7489 3544//7489 3552//7489 
f 3568//7490 3602//7490 3774//7490 
f 3568//7491 3570//7491 3572//7491 
f 3568//7492 3579//7492 3602//7492 
f 3568//7493 3572//7493 3579//7493 
f 3564//7494 3565//7494 3568//7494 
f 3560//7495 3554//7495 3555//7495 
f 3560//7496 3555//7496 3558//7496 
f 3560//7497 3774//7497 3554//7497 
f 3562//7498 3568//7498 3774//7498 
f 3562//7499 3564//7499 3568//7499 
f 3562//7500 3774//7500 3560//7500 
f 3781//7501 3782//7501 3783//7501 
f 3782//7502 3784//7502 3783//7502 
f 3783//7503 3785//7503 3786//7503 
f 3784//7504 3785//7504 3783//7504 
f 3786//7505 3787//7505 3788//7505 
f 3788//7506 3787//7506 3789//7506 
f 3785//7507 3787//7507 3786//7507 
f 3787//7508 3790//7508 3789//7508 
f 3789//7509 3791//7509 3792//7509 
f 3790//7510 3791//7510 3789//7510 
f 3792//7511 3793//7511 3794//7511 
f 3791//7512 3793//7512 3792//7512 
f 3794//7513 3795//7513 3796//7513 
f 3793//7514 3795//7514 3794//7514 
f 3796//7515 3797//7515 3798//7515 
f 3795//7516 3797//7516 3796//7516 
f 3798//7517 3799//7517 3800//7517 
f 3800//7518 3799//7518 3801//7518 
f 3797//7519 3799//7519 3798//7519 
f 3799//7520 3802//7520 3801//7520 
f 3802//7521 3803//7521 3801//7521 
f 3801//7522 3803//7522 3804//7522 
f 3803//7523 3805//7523 3804//7523 
f 3804//7524 3805//7524 3806//7524 
f 3806//7525 3805//7525 3807//7525 
f 3805//7526 3808//7526 3807//7526 
f 3808//7527 3809//7527 3807//7527 
f 3807//7528 3809//7528 3810//7528 
f 3810//7529 3811//7529 3812//7529 
f 3809//7530 3811//7530 3810//7530 
f 3812//7531 3813//7531 3814//7531 
f 3811//7532 3813//7532 3812//7532 
f 3814//7533 3815//7533 3816//7533 
f 3816//7534 3815//7534 3817//7534 
f 3813//7535 3815//7535 3814//7535 
f 3815//7536 3818//7536 3817//7536 
f 3818//7537 3819//7537 3817//7537 
f 3817//7538 3819//7538 3820//7538 
f 3820//7539 3821//7539 3822//7539 
f 3819//7540 3821//7540 3820//7540 
f 3822//7541 3823//7541 3824//7541 
f 3824//7542 3823//7542 3825//7542 
f 3821//7543 3823//7543 3822//7543 
f 3825//7544 3826//7544 3827//7544 
f 3823//7545 3826//7545 3825//7545 
f 3826//7546 3828//7546 3827//7546 
f 3827//7547 3829//7547 3830//7547 
f 3830//7548 3829//7548 3831//7548 
f 3828//7549 3829//7549 3827//7549 
f 3829//7550 3832//7550 3831//7550 
f 3831//7551 3833//7551 3834//7551 
f 3832//7552 3833//7552 3831//7552 
f 3834//7553 3835//7553 3836//7553 
f 3833//7554 3835//7554 3834//7554 
f 3836//7555 3837//7555 3838//7555 
f 3835//7556 3837//7556 3836//7556 
f 3838//7557 3839//7557 3840//7557 
f 3837//7558 3839//7558 3838//7558 
f 3840//7559 3841//7559 3842//7559 
f 3839//7560 3841//7560 3840//7560 
f 3842//7561 3843//7561 3844//7561 
f 3841//7562 3843//7562 3842//7562 
f 3844//7563 3845//7563 3846//7563 
f 3846//7564 3845//7564 3847//7564 
f 3843//7565 3845//7565 3844//7565 
f 3845//7566 3848//7566 3847//7566 
f 3847//7567 3849//7567 3850//7567 
f 3848//7568 3849//7568 3847//7568 
f 3850//7569 3851//7569 3852//7569 
f 3849//7570 3851//7570 3850//7570 
f 3852//7571 3853//7571 3854//7571 
f 3851//7572 3853//7572 3852//7572 
f 3854//7573 3855//7573 3856//7573 
f 3853//7574 3855//7574 3854//7574 
f 3855//7575 3857//7575 3856//7575 
f 3856//7576 3857//7576 3858//7576 
f 3857//7577 3859//7577 3858//7577 
f 3858//7578 3859//7578 3860//7578 
f 3859//7579 3861//7579 3860//7579 
f 3860//7580 3861//7580 3862//7580 
f 3861//7581 3863//7581 3862//7581 
f 3862//7582 3863//7582 3864//7582 
f 3863//7583 3865//7583 3864//7583 
f 3864//7584 3865//7584 3866//7584 
f 3866//7585 3865//7585 3867//7585 
f 3865//7586 3868//7586 3867//7586 
f 3868//7587 3869//7587 3867//7587 
f 3867//7588 3869//7588 3870//7588 
f 3869//7589 3871//7589 3870//7589 
f 3870//7590 3871//7590 3872//7590 
f 3872//7591 3871//7591 3873//7591 
f 3871//7592 3874//7592 3873//7592 
f 3874//7593 3875//7593 3873//7593 
f 3873//7594 3875//7594 3876//7594 
f 3876//7595 3877//7595 3878//7595 
f 3875//7596 3877//7596 3876//7596 
f 3878//7597 3877//7597 3879//7597 
f 3877//7598 3880//7598 3879//7598 
f 3880//7599 3881//7599 3879//7599 
f 3879//7600 3881//7600 3882//7600 
f 3882//7601 3883//7601 3884//7601 
f 3884//7602 3883//7602 3885//7602 
f 3881//7603 3883//7603 3882//7603 
f 3883//7604 3886//7604 3885//7604 
f 3885//7605 3887//7605 3888//7605 
f 3886//7606 3887//7606 3885//7606 
f 3888//7607 3889//7607 3890//7607 
f 3887//7608 3889//7608 3888//7608 
f 3890//7609 3891//7609 3892//7609 
f 3892//7610 3891//7610 3893//7610 
f 3889//7611 3891//7611 3890//7611 
f 3891//7612 3894//7612 3893//7612 
f 3893//7613 3895//7613 3896//7613 
f 3894//7614 3895//7614 3893//7614 
f 3896//7615 3897//7615 3898//7615 
f 3898//7616 3897//7616 3899//7616 
f 3895//7617 3897//7617 3896//7617 
f 3897//7618 3900//7618 3899//7618 
f 3899//7619 3901//7619 3902//7619 
f 3900//7620 3901//7620 3899//7620 
f 3902//7621 3903//7621 3904//7621 
f 3904//7622 3903//7622 3905//7622 
f 3901//7623 3903//7623 3902//7623 
f 3903//7624 3906//7624 3905//7624 
f 3906//7625 3907//7625 3905//7625 
f 3905//7626 3907//7626 3908//7626 
f 3907//7627 3909//7627 3908//7627 
f 3908//7628 3909//7628 3910//7628 
f 3909//7629 3911//7629 3910//7629 
f 3910//7630 3911//7630 3912//7630 
f 3912//7631 3911//7631 3913//7631 
f 3911//7632 3914//7632 3913//7632 
f 3914//7633 3915//7633 3913//7633 
f 3913//7634 3915//7634 3916//7634 
f 3915//7635 3917//7635 3916//7635 
f 3916//7636 3917//7636 3918//7636 
f 3918//7637 3917//7637 3919//7637 
f 3917//7638 3920//7638 3919//7638 
f 3919//7639 3920//7639 3921//7639 
f 3920//7640 3922//7640 3921//7640 
f 3922//7641 3923//7641 3921//7641 
f 3921//7642 3923//7642 3924//7642 
f 3924//7643 3923//7643 3925//7643 
f 3923//7644 3926//7644 3925//7644 
f 3926//7645 3927//7645 3925//7645 
f 3925//7646 3927//7646 3928//7646 
f 3927//7647 3929//7647 3928//7647 
f 3928//7648 3929//7648 3930//7648 
f 3929//7649 3931//7649 3930//7649 
f 3930//7650 3931//7650 3932//7650 
f 3931//7651 3933//7651 3932//7651 
f 3932//7652 3933//7652 3934//7652 
f 3934//7653 3933//7653 3935//7653 
f 3933//7654 3936//7654 3935//7654 
f 3936//7655 3937//7655 3935//7655 
f 3935//7656 3937//7656 3938//7656 
f 3937//7657 3939//7657 3938//7657 
f 3938//7658 3939//7658 3940//7658 
f 3939//7659 3941//7659 3940//7659 
f 3940//7660 3941//7660 3942//7660 
f 3942//7661 3941//7661 3943//7661 
f 3941//7662 3944//7662 3943//7662 
f 3944//7663 3945//7663 3943//7663 
f 3943//7664 3945//7664 3946//7664 
f 3946//7665 3945//7665 3947//7665 
f 3945//7666 3948//7666 3947//7666 
f 3947//7667 3949//7667 3950//7667 
f 3948//7668 3949//7668 3947//7668 
f 3950//7669 3951//7669 3952//7669 
f 3949//7670 3951//7670 3950//7670 
f 3952//7671 3953//7671 3954//7671 
f 3954//7672 3953//7672 3955//7672 
f 3951//7673 3953//7673 3952//7673 
f 3953//7674 3956//7674 3955//7674 
f 3956//7675 3957//7675 3955//7675 
f 3955//7676 3957//7676 3958//7676 
f 3958//7677 3957//7677 3959//7677 
f 3957//7678 3960//7678 3959//7678 
f 3960//7679 3961//7679 3959//7679 
f 3959//7680 3961//7680 3962//7680 
f 3961//7681 3963//7681 3962//7681 
f 3962//7682 3963//7682 3964//7682 
f 3964//7683 3963//7683 3965//7683 
f 3963//7684 3966//7684 3965//7684 
f 3966//7685 3967//7685 3965//7685 
f 3965//7686 3967//7686 3968//7686 
f 3967//7687 3969//7687 3968//7687 
f 3968//7688 3969//7688 3970//7688 
f 3970//7689 3969//7689 3971//7689 
f 3969//7690 3972//7690 3971//7690 
f 3971//7691 3972//7691 3973//7691 
f 3972//7692 3974//7692 3973//7692 
f 3974//7693 3975//7693 3973//7693 
f 3973//7694 3975//7694 3976//7694 
f 3976//7695 3975//7695 3977//7695 
f 3975//7696 3978//7696 3977//7696 
f 3979//7697 3980//7697 3981//7697 
f 3978//7698 3980//7698 3977//7698 
f 3977//7699 3980//7699 3979//7699 
f 3980//7700 3982//7700 3981//7700 
f 3981//7701 3983//7701 3984//7701 
f 3982//7702 3983//7702 3981//7702 
f 3984//7703 3985//7703 3986//7703 
f 3986//7704 3985//7704 3987//7704 
f 3983//7705 3985//7705 3984//7705 
f 3987//7706 3988//7706 3989//7706 
f 3985//7707 3988//7707 3987//7707 
f 3988//7708 3990//7708 3989//7708 
f 3989//7709 3991//7709 3992//7709 
f 3990//7710 3991//7710 3989//7710 
f 3992//7711 3993//7711 3994//7711 
f 3991//7712 3993//7712 3992//7712 
f 3994//7713 3995//7713 3996//7713 
f 3993//7714 3995//7714 3994//7714 
f 3996//7715 3997//7715 3998//7715 
f 3998//7716 3997//7716 3999//7716 
f 3995//7717 3997//7717 3996//7717 
f 3997//7718 4000//7718 3999//7718 
f 3999//7719 4001//7719 4002//7719 
f 4000//7720 4001//7720 3999//7720 
f 4002//7721 4003//7721 4004//7721 
f 4004//7722 4003//7722 4005//7722 
f 4001//7723 4003//7723 4002//7723 
f 4005//7724 4006//7724 4007//7724 
f 4003//7725 4006//7725 4005//7725 
f 4006//7726 4008//7726 4007//7726 
f 4008//7727 4009//7727 4007//7727 
f 4007//7728 4009//7728 4010//7728 
f 4009//7729 4011//7729 4010//7729 
f 4010//7730 4011//7730 4012//7730 
f 4011//7731 4013//7731 4012//7731 
f 4012//7732 4013//7732 4014//7732 
f 4014//7733 4015//7733 4016//7733 
f 4013//7734 4015//7734 4014//7734 
f 4016//7735 4015//7735 4017//7735 
f 4015//7736 4018//7736 4017//7736 
f 4017//7737 4019//7737 4020//7737 
f 4018//7738 4019//7738 4017//7738 
f 4020//7739 4021//7739 4022//7739 
f 4019//7740 4021//7740 4020//7740 
f 4022//7741 4023//7741 4024//7741 
f 4021//7742 4023//7742 4022//7742 
f 4024//7743 4025//7743 4026//7743 
f 4023//7744 4025//7744 4024//7744 
f 4026//7745 4027//7745 4028//7745 
f 4025//7746 4027//7746 4026//7746 
f 4028//7747 4029//7747 4030//7747 
f 4027//7748 4029//7748 4028//7748 
f 4030//7749 4031//7749 4032//7749 
f 4029//7750 4031//7750 4030//7750 
f 4031//7751 3782//7751 4032//7751 
f 4032//7752 3782//7752 3781//7752 
f 3936//7753 3933//7753 3937//7753 
f 3937//7754 3933//7754 3939//7754 
f 3944//7755 3948//7755 3945//7755 
f 3933//7756 3929//7756 3939//7756 
f 3931//7757 3929//7757 3933//7757 
f 3939//7758 3929//7758 3941//7758 
f 3941//7759 3929//7759 3944//7759 
f 3948//7760 3951//7760 3949//7760 
f 3927//7761 3926//7761 3929//7761 
f 3926//7762 3923//7762 3929//7762 
f 3948//7763 3956//7763 3951//7763 
f 3951//7764 3956//7764 3953//7764 
f 3956//7765 3960//7765 3957//7765 
f 3944//7766 3917//7766 3948//7766 
f 3929//7767 3917//7767 3944//7767 
f 3923//7768 3917//7768 3929//7768 
f 3920//7769 3917//7769 3922//7769 
f 3922//7770 3917//7770 3923//7770 
f 3956//7771 3961//7771 3960//7771 
f 3956//7772 3963//7772 3961//7772 
f 3915//7773 3914//7773 3917//7773 
f 3963//7774 3967//7774 3966//7774 
f 3911//7775 3909//7775 3914//7775 
f 3948//7776 3969//7776 3956//7776 
f 3956//7777 3969//7777 3963//7777 
f 3963//7778 3969//7778 3967//7778 
f 3907//7779 3906//7779 3909//7779 
f 3969//7780 3974//7780 3972//7780 
f 3903//7781 3901//7781 3906//7781 
f 3906//7782 3901//7782 3909//7782 
f 3974//7783 3978//7783 3975//7783 
f 3969//7784 3978//7784 3974//7784 
f 3969//7785 3980//7785 3978//7785 
f 3897//7786 3895//7786 3900//7786 
f 3901//7787 3894//7787 3909//7787 
f 3895//7788 3894//7788 3900//7788 
f 3900//7789 3894//7789 3901//7789 
f 3909//7790 3894//7790 3914//7790 
f 3969//7791 3889//7791 3980//7791 
f 3894//7792 3889//7792 3914//7792 
f 3891//7793 3889//7793 3894//7793 
f 3917//7794 3889//7794 3948//7794 
f 3914//7795 3889//7795 3917//7795 
f 3948//7796 3889//7796 3969//7796 
f 3988//7797 3991//7797 3990//7797 
f 3988//7798 3993//7798 3991//7798 
f 3886//7799 3883//7799 3887//7799 
f 3985//7800 3995//7800 3988//7800 
f 3988//7801 3995//7801 3993//7801 
f 3883//7802 3880//7802 3887//7802 
f 3881//7803 3880//7803 3883//7803 
f 3982//7804 4000//7804 3983//7804 
f 3983//7805 4000//7805 3985//7805 
f 3995//7806 4000//7806 3997//7806 
f 3985//7807 4000//7807 3995//7807 
f 3980//7808 4000//7808 3982//7808 
f 3880//7809 3875//7809 3887//7809 
f 3877//7810 3875//7810 3880//7810 
f 3887//7811 3875//7811 3889//7811 
f 4000//7812 4003//7812 4001//7812 
f 3875//7813 3871//7813 3889//7813 
f 3874//7814 3871//7814 3875//7814 
f 4003//7815 4009//7815 4006//7815 
f 4006//7816 4009//7816 4008//7816 
f 3868//7817 3865//7817 3869//7817 
f 3869//7818 3865//7818 3871//7818 
f 4011//7819 4015//7819 4013//7819 
f 3889//7820 3861//7820 3980//7820 
f 4000//7821 3861//7821 4003//7821 
f 3863//7822 3861//7822 3865//7822 
f 3871//7823 3861//7823 3889//7823 
f 3980//7824 3861//7824 4000//7824 
f 3865//7825 3861//7825 3871//7825 
f 4009//7826 4018//7826 4011//7826 
f 4011//7827 4018//7827 4015//7827 
f 4003//7828 4019//7828 4009//7828 
f 4009//7829 4019//7829 4018//7829 
f 3859//7830 3857//7830 3861//7830 
f 3857//7831 3855//7831 3861//7831 
f 4019//7832 4023//7832 4021//7832 
f 4003//7833 4023//7833 4019//7833 
f 3861//7834 3853//7834 4003//7834 
f 3855//7835 3853//7835 3861//7835 
f 3853//7836 4025//7836 4003//7836 
f 4003//7837 4025//7837 4023//7837 
f 4027//7838 4031//7838 4029//7838 
f 3848//7839 3845//7839 3849//7839 
f 3849//7840 3845//7840 3851//7840 
f 3851//7841 3845//7841 3853//7841 
f 4027//7842 3782//7842 4031//7842 
f 4025//7843 3782//7843 4027//7843 
f 3782//7844 3787//7844 3784//7844 
f 3784//7845 3787//7845 3785//7845 
f 3845//7846 3837//7846 3853//7846 
f 3839//7847 3837//7847 3841//7847 
f 3841//7848 3837//7848 3843//7848 
f 3843//7849 3837//7849 3845//7849 
f 3782//7850 3790//7850 3787//7850 
f 4025//7851 3790//7851 3782//7851 
f 3835//7852 3833//7852 3837//7852 
f 3837//7853 3832//7853 3853//7853 
f 3833//7854 3832//7854 3837//7854 
f 3790//7855 3795//7855 3791//7855 
f 3791//7856 3795//7856 3793//7856 
f 4025//7857 3795//7857 3790//7857 
f 3829//7858 3828//7858 3832//7858 
f 3828//7859 3826//7859 3832//7859 
f 3797//7860 3802//7860 3799//7860 
f 3826//7861 3823//7861 3832//7861 
f 3795//7862 3803//7862 3797//7862 
f 3797//7863 3803//7863 3802//7863 
f 4025//7864 3805//7864 3795//7864 
f 3795//7865 3805//7865 3803//7865 
f 3853//7866 3819//7866 4025//7866 
f 3821//7867 3819//7867 3823//7867 
f 3832//7868 3819//7868 3853//7868 
f 3823//7869 3819//7869 3832//7869 
f 3818//7870 3815//7870 3819//7870 
f 3805//7871 3811//7871 3808//7871 
f 3808//7872 3811//7872 3809//7872 
f 4025//7873 3811//7873 3805//7873 
f 3819//7874 3813//7874 4025//7874 
f 3815//7875 3813//7875 3819//7875 
f 4025//7876 3813//7876 3811//7876 
f 3934//7877 3935//7877 3938//7877 
f 3934//7878 3938//7878 3940//7878 
f 3947//7879 3943//7879 3946//7879 
f 3930//7880 3934//7880 3940//7880 
f 3930//7881 3932//7881 3934//7881 
f 3930//7882 3940//7882 3942//7882 
f 3930//7883 3942//7883 3943//7883 
f 3952//7884 3947//7884 3950//7884 
f 3925//7885 3928//7885 3930//7885 
f 3924//7886 3925//7886 3930//7886 
f 3955//7887 3947//7887 3952//7887 
f 3955//7888 3952//7888 3954//7888 
f 3959//7889 3955//7889 3958//7889 
f 3918//7890 3943//7890 3947//7890 
f 3918//7891 3930//7891 3943//7891 
f 3918//7892 3924//7892 3930//7892 
f 3918//7893 3919//7893 3921//7893 
f 3918//7894 3921//7894 3924//7894 
f 3962//7895 3955//7895 3959//7895 
f 3964//7896 3955//7896 3962//7896 
f 3913//7897 3916//7897 3918//7897 
f 3968//7898 3964//7898 3965//7898 
f 3910//7899 3912//7899 3913//7899 
f 3970//7900 3947//7900 3955//7900 
f 3970//7901 3955//7901 3964//7901 
f 3970//7902 3964//7902 3968//7902 
f 3905//7903 3908//7903 3910//7903 
f 3973//7904 3970//7904 3971//7904 
f 3902//7905 3904//7905 3905//7905 
f 3902//7906 3905//7906 3910//7906 
f 3977//7907 3973//7907 3976//7907 
f 3977//7908 3970//7908 3973//7908 
f 3979//7909 3970//7909 3977//7909 
f 3896//7910 3898//7910 3899//7910 
f 3893//7911 3902//7911 3910//7911 
f 3893//7912 3896//7912 3899//7912 
f 3893//7913 3899//7913 3902//7913 
f 3893//7914 3910//7914 3913//7914 
f 3890//7915 3970//7915 3979//7915 
f 3890//7916 3893//7916 3913//7916 
f 3890//7917 3892//7917 3893//7917 
f 3890//7918 3918//7918 3947//7918 
f 3890//7919 3913//7919 3918//7919 
f 3890//7920 3947//7920 3970//7920 
f 3992//7921 3987//7921 3989//7921 
f 3994//7922 3987//7922 3992//7922 
f 3884//7923 3885//7923 3888//7923 
f 3996//7924 3986//7924 3987//7924 
f 3996//7925 3987//7925 3994//7925 
f 3879//7926 3884//7926 3888//7926 
f 3879//7927 3882//7927 3884//7927 
f 3999//7928 3981//7928 3984//7928 
f 3999//7929 3984//7929 3986//7929 
f 3999//7930 3996//7930 3998//7930 
f 3999//7931 3986//7931 3996//7931 
f 3999//7932 3979//7932 3981//7932 
f 3876//7933 3879//7933 3888//7933 
f 3876//7934 3878//7934 3879//7934 
f 3876//7935 3888//7935 3890//7935 
f 4004//7936 3999//7936 4002//7936 
f 3872//7937 3876//7937 3890//7937 
f 3872//7938 3873//7938 3876//7938 
f 4010//7939 4004//7939 4005//7939 
f 4010//7940 4005//7940 4007//7940 
f 3866//7941 3867//7941 3870//7941 
f 3866//7942 3870//7942 3872//7942 
f 4016//7943 4012//7943 4014//7943 
f 3862//7944 3890//7944 3979//7944 
f 3862//7945 3999//7945 4004//7945 
f 3862//7946 3864//7946 3866//7946 
f 3862//7947 3872//7947 3890//7947 
f 3862//7948 3979//7948 3999//7948 
f 3862//7949 3866//7949 3872//7949 
f 4017//7950 4010//7950 4012//7950 
f 4017//7951 4012//7951 4016//7951 
f 4020//7952 4004//7952 4010//7952 
f 4020//7953 4010//7953 4017//7953 
f 3858//7954 3860//7954 3862//7954 
f 3856//7955 3858//7955 3862//7955 
f 4024//7956 4020//7956 4022//7956 
f 4024//7957 4004//7957 4020//7957 
f 3854//7958 3862//7958 4004//7958 
f 3854//7959 3856//7959 3862//7959 
f 4026//7960 3854//7960 4004//7960 
f 4026//7961 4004//7961 4024//7961 
f 4032//7962 4028//7962 4030//7962 
f 3846//7963 3847//7963 3850//7963 
f 3846//7964 3850//7964 3852//7964 
f 3846//7965 3852//7965 3854//7965 
f 3781//7966 4028//7966 4032//7966 
f 3781//7967 4026//7967 4028//7967 
f 3788//7968 3781//7968 3783//7968 
f 3788//7969 3783//7969 3786//7969 
f 3838//7970 3846//7970 3854//7970 
f 3838//7971 3840//7971 3842//7971 
f 3838//7972 3842//7972 3844//7972 
f 3838//7973 3844//7973 3846//7973 
f 3789//7974 3781//7974 3788//7974 
f 3789//7975 4026//7975 3781//7975 
f 3834//7976 3836//7976 3838//7976 
f 3831//7977 3838//7977 3854//7977 
f 3831//7978 3834//7978 3838//7978 
f 3796//7979 3789//7979 3792//7979 
f 3796//7980 3792//7980 3794//7980 
f 3796//7981 4026//7981 3789//7981 
f 3827//7982 3830//7982 3831//7982 
f 3825//7983 3827//7983 3831//7983 
f 3801//7984 3798//7984 3800//7984 
f 3824//7985 3825//7985 3831//7985 
f 3804//7986 3796//7986 3798//7986 
f 3804//7987 3798//7987 3801//7987 
f 3806//7988 4026//7988 3796//7988 
f 3806//7989 3796//7989 3804//7989 
f 3820//7990 3854//7990 4026//7990 
f 3820//7991 3822//7991 3824//7991 
f 3820//7992 3831//7992 3854//7992 
f 3820//7993 3824//7993 3831//7993 
f 3816//7994 3817//7994 3820//7994 
f 3812//7995 3806//7995 3807//7995 
f 3812//7996 3807//7996 3810//7996 
f 3812//7997 4026//7997 3806//7997 
f 3814//7998 3820//7998 4026//7998 
f 3814//7999 3816//7999 3820//7999 
f 3814//8000 4026//8000 3812//8000 
